epoch,phase,cycle_slip
53491,30172123.608092673,0
53492,30170925.19741667,0
53493,30169726.6260711,0
53494,30168527.896858722,0
53495,30167329.006382145,0
53496,30166129.955768805,0
53497,30164930.744310264,0
53498,30163731.372683194,0
53499,30162531.842100132,0
53500,30161332.15145235,0
53501,30160132.305756085,0
53502,30158932.296508405,0
53503,30157732.128220197,0
53504,30156531.799862728,0
53505,30155331.314698774,0
53506,30154130.669228345,0
53507,30152929.868671097,0
53508,30151728.905320913,0
53509,30150527.782153174,0
53510,30149326.505283248,0
53511,30148125.06462746,0
53512,30146923.469009973,0
53513,30145721.714030266,0
53514,30144519.800406855,0
53515,30143317.72892113,0
53516,30142115.499980308,0
53517,30140913.112484314,0
53518,30139710.56802448,0
53519,30138507.86536564,0
53520,30137305.004241705,0
53521,30136101.988041107,0
53522,30134898.81085885,0
53523,30133695.479521487,0
53524,30132491.98900389,0
53525,30131288.341560088,0
53526,30130084.538208563,0
53527,30128880.576950382,0
53528,30127676.460560765,0
53529,30126472.185361106,0
53530,30125267.755738553,0
53531,30124063.16578893,0
53532,30122858.420469012,0
53533,30121653.522637963,0
53534,30120448.467292197,0
53535,30119243.253230993,0
53536,30118037.88291593,0
53537,30116832.357992347,0
53538,30115626.680336013,0
53539,30114420.84146095,0
53540,30113214.848688055,0
53541,30112008.703185763,0
53542,30110802.398667425,0
53543,30109595.93823083,0
53544,30108389.328506023,0
53545,30107182.55799117,0
53546,30105975.63179466,0
53547,30104768.555614848,0
53548,30103561.31919434,0
53549,30102353.93036488,0
53550,30101146.38711681,0
53551,30099938.69188578,0
53552,30098730.839428756,0
53553,30097522.829869047,0
53554,30096314.670850072,0
53555,30095106.351375967,0
53556,30093897.88498383,0
53557,30092689.261826254,0
53558,30091480.4844436,0
53559,30090271.551669132,0
53560,30089062.467090588,0
53561,30087853.227114126,0
53562,30086643.835634813,0
53563,30085434.28979281,0
53564,30084224.590748787,0
53565,30083014.73988202,0
53566,30081804.73359979,0
53567,30080594.576673333,0
53568,30079384.26387855,0
53569,30078173.801624574,0
53570,30076963.1837127,0
53571,30075752.412797675,0
53572,30074541.490902036,0
53573,30073330.415271647,0
53574,30072119.189294454,0
53575,30070907.80891001,0
53576,30069696.27981406,0
53577,30068484.594661407,0
53578,30067272.759909276,0
53579,30066060.76994555,0
53580,30064848.632854693,0
53581,30063636.341964196,0
53582,30062423.900887016,0
53583,30061211.30663228,0
53584,30059998.561882477,0
53585,30058785.66476909,0
53586,30057572.617824435,0
53587,30056359.41818274,0
53588,30055146.066556692,0
53589,30053932.56710869,0
53590,30052718.91562032,0
53591,30051505.11014523,0
53592,30050291.159533616,0
53593,30049077.059217274,0
53594,30047862.803109244,0
53595,30046648.399166804,0
53596,30045433.842759438,0
53597,30044219.139130678,0
53598,30043004.286474124,0
53599,30041789.281105865,0
53600,30040574.126208674,0
53601,30039358.82462527,0
53602,30038143.36899764,0
53603,30036927.765226517,0
53604,30035712.0139516,0
53605,30034496.111132063,0
53606,30033280.059916053,0
53607,30032063.86030308,0
53608,30030847.510296375,0
53609,30029631.010889795,0
53610,30028414.36587028,0
53611,30027197.57016808,0
53612,30025980.624374654,0
53613,30024763.531998385,0
53614,30023546.28928932,0
53615,30022328.897652537,0
53616,30021111.36208463,0
53617,30019893.674533434,0
53618,30018675.84014387,0
53619,30017457.857259847,0
53620,30016239.726668168,0
53621,30015021.448682826,0
53622,30013803.022697702,0
53623,30012584.45019756,0
53624,30011365.72826877,0
53625,30010146.86049999,0
53626,30008927.845016792,0
53627,30007708.67887528,0
53628,30006489.371628076,0
53629,30005269.913854253,0
53630,30004050.30962153,0
53631,30002830.55923408,0
53632,30001610.660367664,0
53633,30000390.61699679,0
53634,29999170.424569145,0
53635,29997950.087015755,0
53636,29996729.605425704,0
53637,29995508.9750533,0
53638,29994288.19920831,0
53639,29993067.276458934,0
53640,29991846.209747218,0
53641,29990624.99518041,0
53642,29989403.63605934,0
53643,29988182.130464002,0
53644,29986960.479436245,0
53645,29985738.683858868,0
53646,29984516.743716214,0
53647,29983294.655256767,0
53648,29982072.423633724,0
53649,29980850.04645458,0
53650,29979627.524067774,0
53651,29978404.85904236,0
53652,29977182.04477992,0
53653,29975959.089702092,0
53654,29974735.988004375,0
53655,29973512.74398727,0
53656,29972289.353735015,0
53657,29971065.82067053,0
53658,29969842.141913205,0
53659,29968618.31885104,0
53660,29967394.353102166,0
53661,29966170.242876686,0
53662,29964945.987003475,0
53663,29963721.590853214,0
53664,29962497.048927672,0
53665,29961272.364153586,0
53666,29960047.534870844,0
53667,29958822.562716063,0
53668,29957597.447603066,0
53669,29956372.18716791,0
53670,29955146.788774937,0
53671,29953921.247897975,0
53672,29952695.559419066,0
53673,29951469.72931371,0
53674,29950243.75771268,0
53675,29949017.64170296,0
53676,29947791.384334564,0
53677,29946564.98484897,0
53678,29945338.44256232,0
53679,29944111.758647315,0
53680,29942884.933228616,0
53681,29941657.965290137,0
53682,29940430.856668115,0
53683,29939203.604714926,0
53684,29937976.20888238,0
53685,29936748.675177574,0
53686,29935520.99799404,0
53687,29934293.17873969,0
53688,29933065.222401444,0
53689,29931837.122672603,0
53690,29930608.880859997,0
53691,29929380.498928104,0
53692,29928151.974965394,0
53693,29926923.310284823,0
53694,29925694.506258674,0
53695,29924465.562705334,0
53696,29923236.475916952,0
53697,29922007.24781943,0
53698,29920777.882957254,0
53699,29919548.37737426,0
53700,29918318.73001855,0
53701,29917088.943681277,0
53702,29915859.014120895,0
53703,29914628.949124947,0
53704,29913398.74231253,0
53705,29912168.39728644,0
53706,29910937.910339188,0
53707,29909707.285381857,0
53708,29908476.52196584,0
53709,29907245.617525138,0
53710,29906014.576038934,0
53711,29904783.3920247,0
53712,29903552.07457278,0
53713,29902320.611090958,0
53714,29901089.016503066,0
53715,29899857.278079793,0
53716,29898625.401710827,0
53717,29897393.389364373,0
53718,29896161.237745505,0
53719,29894928.947412495,0
53720,29893696.518599596,0
53721,29892463.949757967,0
53722,29891231.245983735,0
53723,29889998.40128033,0
53724,29888765.42263124,0
53725,29887532.304694824,0
53726,29886299.048194617,0
53727,29885065.653452486,0
53728,29883832.12401521,0
53729,29882598.45853684,0
53730,29881364.651837647,0
53731,29880130.708672788,0
53732,29878896.62969995,0
53733,29877662.4140333,0
53734,29876428.059074063,0
53735,29875193.569382694,0
53736,29873958.943779558,0
53737,29872724.181116503,0
53738,29871489.284107175,0
53739,29870254.24673965,0
53740,29869019.074275352,0
53741,29867783.76683659,0
53742,29866548.320704684,0
53743,29865312.74183361,0
53744,29864077.02615314,0
53745,29862841.174297854,0
53746,29861605.189319566,0
53747,29860369.065958846,0
53748,29859132.805845942,0
53749,29857896.41218847,0
53750,29856659.883332897,0
53751,29855423.220377833,0
53752,29854186.421669263,0
53753,29852949.48781917,0
53754,29851712.417448945,0
53755,29850475.214568794,0
53756,29849237.876295637,0
53757,29848000.404570363,0
53758,29846762.796684194,0
53759,29845525.05262296,0
53760,29844287.17603145,0
53761,29843049.167466976,0
53762,29841811.022506367,0
53763,29840572.74374812,0
53764,29839334.331615087,0
53765,29838095.786807418,0
53766,29836857.104871593,0
53767,29835618.294759024,0
53768,29834379.345213678,0
53769,29833140.266166374,0
53770,29831901.051146608,0
53771,29830661.703355365,0
53772,29829422.22465889,0
53773,29828182.6104523,0
53774,29826942.865822192,0
53775,29825702.986782964,0
53776,29824462.97450796,0
53777,29823222.831106793,0
53778,29821982.55520235,0
53779,29820742.144814163,0
53780,29819501.602605563,0
53781,29818260.929890525,0
53782,29817020.123932082,0
53783,29815779.185146045,0
53784,29814538.116782337,0
53785,29813296.91322175,0
53786,29812055.58135319,0
53787,29810814.113883,0
53788,29809572.518486157,0
53789,29808330.78903656,0
53790,29807088.92976504,0
53791,29805846.936426997,0
53792,29804604.818392176,0
53793,29803362.563221198,0
53794,29802120.179609403,0
53795,29800877.662007887,0
53796,29799635.017551642,0
53797,29798392.240493685,0
53798,29797149.33230407,0
53799,29795906.29682807,0
53800,29794663.12745968,0
53801,29793419.828716394,0
53802,29792176.400635943,0
53803,29790932.840277616,0
53804,29789689.15239215,0
53805,29788445.333494056,0
53806,29787201.384882472,0
53807,29785957.30738849,0
53808,29784713.09791493,0
53809,29783468.760250002,0
53810,29782224.293165512,0
53811,29780979.696780317,0
53812,29779734.97294788,0
53813,29778490.117034547,0
53814,29777245.134334937,0
53815,29776000.020834245,0
53816,29774754.778081305,0
53817,29773509.407078747,0
53818,29772263.908099025,0
53819,29771018.281057555,0
53820,29769772.526894443,0
53821,29768526.642727755,0
53822,29767280.62879502,0
53823,29766034.488723896,0
53824,29764788.218253728,0
53825,29763541.8212063,0
53826,29762295.297741003,0
53827,29761048.644480195,0
53828,29759801.86469567,0
53829,29758554.95606317,0
53830,29757307.92018475,0
53831,29756060.75748794,0
53832,29754813.46784667,0
53833,29753566.05040451,0
53834,29752318.504744,0
53835,29751070.834048577,0
53836,29749823.034224115,0
53837,29748575.110146936,0
53838,29747327.05760053,0
53839,29746078.876871455,0
53840,29744830.576991107,0
53841,29743582.14243724,0
53842,29742333.584358208,0
53843,29741084.902770877,0
53844,29739836.08967978,0
53845,29738587.153056562,0
53846,29737338.09200792,0
53847,29736088.903569836,0
53848,29734839.58951997,0
53849,29733590.149676464,0
53850,29732340.585276484,0
53851,29731090.896506585,0
53852,29729841.07729511,0
53853,29728591.138509545,0
53854,29727341.07279025,0
53855,29726090.879139327,0
53856,29724840.563669078,0
53857,29723590.121812977,0
53858,29722339.55406992,0
53859,29721088.866171334,0
53860,29719838.04955648,0
53861,29718587.109071806,0
53862,29717336.043742176,0
53863,29716084.85715223,0
53864,29714833.543944206,0
53865,29713582.107448786,0
53866,29712330.546436183,0
53867,29711078.860189542,0
53868,29709827.048885442,0
53869,29708575.119775627,0
53870,29707323.0636631,0
53871,29706070.88443018,0
53872,29704818.58277855,0
53873,29703566.154871333,0
53874,29702313.606033966,0
53875,29701060.932998594,0
53876,29699808.135472436,0
53877,29698555.21685532,0
53878,29697302.177736674,0
53879,29696049.011387408,0
53880,29694795.725662857,0
53881,29693542.314736452,0
53882,29692288.784510273,0
53883,29691035.129648235,0
53884,29689781.352470342,0
53885,29688527.454629365,0
53886,29687273.433341168,0
53887,29686019.289498758,0
53888,29684765.025490273,0
53889,29683510.63961927,0
53890,29682256.13184107,0
53891,29681001.500796076,0
53892,29679746.751407683,0
53893,29678491.876174975,0
53894,29677236.881359566,0
53895,29675981.76629774,0
53896,29674726.53138352,0
53897,29673471.174079254,0
53898,29672215.695952494,0
53899,29670960.09610119,0
53900,29669704.379216854,0
53901,29668448.53810024,0
53902,29667192.574516308,0
53903,29665936.494199853,0
53904,29664680.29265898,0
53905,29663423.97136673,0
53906,29662167.52708857,0
53907,29660910.9647874,0
53908,29659654.28322524,0
53909,29658397.484041557,0
53910,29657140.56022343,0
53911,29655883.520371575,0
53912,29654626.359277777,0
53913,29653369.078172952,0
53914,29652111.67947828,0
53915,29650854.158452846,0
53916,29649596.521066528,0
53917,29648338.76210371,0
53918,29647080.88822219,0
53919,29645822.892254632,0
53920,29644564.78137447,0
53921,29643306.5466927,0
53922,29642048.196311526,0
53923,29640789.726508513,0
53924,29639531.13774377,0
53925,29638272.432478115,0
53926,29637013.60697937,0
53927,29635754.66477458,0
53928,29634495.605998803,0
53929,29633236.42526077,0
53930,29631977.12815107,0
53931,29630717.713860758,0
53932,29629458.18275129,0
53933,29628198.533690166,0
53934,29626938.76694031,0
53935,29625678.881273624,0
53936,29624418.879329573,0
53937,29623158.762221612,0
53938,29621898.527802706,0
53939,29620638.175414026,0
53940,29619377.7065621,0
53941,29618117.120473906,0
53942,29616856.41695801,0
53943,29615595.597223528,0
53944,29614334.66308866,0
53945,29613073.610750552,0
53946,29611812.44111819,0
53947,29610551.158349972,0
53948,29609289.75811956,0
53949,29608028.24140957,0
53950,29606766.60915905,0
53951,29605504.859232053,0
53952,29604242.99693286,0
53953,29602981.01642859,0
53954,29601718.92364031,0
53955,29600456.712099005,0
53956,29599194.385940686,0
53957,29597931.94632767,0
53958,29596669.388095625,0
53959,29595406.71813016,0
53960,29594143.93387632,0
53961,29592881.031695575,0
53962,29591618.015552532,0
53963,29590354.885023694,0
53964,29589091.639688008,0
53965,29587828.28129653,0
53966,29586564.807360742,0
53967,29585301.220303196,0
53968,29584037.518634018,0
53969,29582773.703897398,0
53970,29581509.772714734,0
53971,29580245.72888835,0
53972,29578981.572977416,0
53973,29577717.30173225,0
53974,29576452.916174322,0
53975,29575188.418934345,0
53976,29573923.806617197,0
53977,29572659.081938524,0
53978,29571394.2458014,0
53979,29570129.293125503,0
53980,29568864.228889894,0
53981,29567599.052459203,0
53982,29566333.760831386,0
53983,29565068.360290628,0
53984,29563802.845778197,0
53985,29562537.220069405,0
53986,29561271.478341192,0
53987,29560005.626540378,0
53988,29558739.66209201,0
53989,29557473.587543372,0
53990,29556207.397789277,0
53991,29554941.09492665,0
53992,29553674.685373697,0
53993,29552408.159238927,0
53994,29551141.52393856,0
53995,29549874.776166365,0
53996,29548607.9207245,0
53997,29547340.950183336,0
53998,29546073.86907781,0
53999,29544806.676585052,0
54000,29543539.372890398,0
54001,29542271.957575463,0
54002,29541004.432938315,0
54003,29539736.796291202,0
54004,29538469.049366172,0
54005,29537201.192418255,0
54006,29535933.22778197,0
54007,29534665.14703892,0
54008,29533396.960136354,0
54009,29532128.66274455,0
54010,29530860.2528939,0
54011,29529591.732781544,0
54012,29528323.10439642,0
54013,29527054.367018957,0
54014,29525785.52122411,0
54015,29524516.562854785,0
54016,29523247.494925033,0
54017,29521978.317731064,0
54018,29520709.032547787,0
54019,29519439.637373485,0
54020,29518170.13326234,0
54021,29516900.519075025,0
54022,29515630.796999544,0
54023,29514360.967334684,0
54024,29513091.02622369,0
54025,29511820.978497554,0
54026,29510550.822349932,0
54027,29509280.557403557,0
54028,29508010.18459231,0
54029,29506739.70037513,0
54030,29505469.11037411,0
54031,29504198.414867133,0
54032,29502927.60921131,0
54033,29501656.692598503,0
54034,29500385.671135366,0
54035,29499114.543190848,0
54036,29497843.305781916,0
54037,29496571.96139725,0
54038,29495300.508783776,0
54039,29494028.951220386,0
54040,29492757.28400884,0
54041,29491485.51062676,0
54042,29490213.629418347,0
54043,29488941.644092143,0
54044,29487669.54888551,0
54045,29486397.348439123,0
54046,29485125.04229921,0
54047,29483852.626171906,0
54048,29482580.106822085,0
54049,29481307.47871768,0
54050,29480034.74689276,0
54051,29478761.90971513,0
54052,29477488.961862426,0
54053,29476215.91267919,0
54054,29474942.75724595,0
54055,29473669.493645705,0
54056,29472396.124319743,0
54057,29471122.650046896,0
54058,29469849.07002894,0
54059,29468575.388962105,0
54060,29467301.597157806,0
54061,29466027.70078972,0
54062,29464753.70151403,0
54063,29463479.596427478,0
54064,29462205.387104128,0
54065,29460931.075300913,0
54066,29459656.654464904,0
54067,29458382.130068097,0
54068,29457107.502331924,0
54069,29455832.770124175,0
54070,29454557.9316759,0
54071,29453282.991244353,0
54072,29452007.94371211,0
54073,29450732.794030536,0
54074,29449457.54048911,0
54075,29448182.18462556,0
54076,29446906.720792368,0
54077,29445631.16021371,0
54078,29444355.49033459,0
54079,29443079.720162634,0
54080,29441803.843117785,0
54081,29440527.867555603,0
54082,29439251.786619827,0
54083,29437975.60108671,0
54084,29436699.31430895,0
54085,29435422.922699142,0
54086,29434146.43095833,0
54087,29432869.83641198,0
54088,29431593.137099445,0
54089,29430316.33842373,0
54090,29429039.432237536,0
54091,29427762.428540245,0
54092,29426485.319616962,0
54093,29425208.11244098,0
54094,29423930.80051217,0
54095,29422653.38725968,0
54096,29421375.873092227,0
54097,29420098.25528776,0
54098,29418820.539996378,0
54099,29417542.718111545,0
54100,29416264.796037875,0
54101,29414986.772725668,0
54102,29413708.648666263,0
54103,29412430.425070897,0
54104,29411152.098140795,0
54105,29409873.67276452,0
54106,29408595.143966798,0
54107,29407316.515510965,0
54108,29406037.78660696,0
54109,29404758.956700623,0
54110,29403480.02704427,0
54111,29402200.998401534,0
54112,29400921.866184384,0
54113,29399642.63522134,0
54114,29398363.304678563,0
54115,29397083.872912005,0
54116,29395804.341317404,0
54117,29394524.70875037,0
54118,29393244.979531083,0
54119,29391965.152562644,0
54120,29390685.222932797,0
54121,29389405.193778038,0
54122,29388125.068359315,0
54123,29386844.83883891,0
54124,29385564.51028898,0
54125,29384284.088176366,0
54126,29383003.564455748,0
54127,29381722.941073798,0
54128,29380442.219874565,0
54129,29379161.396665446,0
54130,29377880.479727082,0
54131,29376599.461583197,0
54132,29375318.347388096,0
54133,29374037.134604245,0
54134,29372755.820798013,0
54135,29371474.411859445,0
54136,29370192.90242873,0
54137,29368911.297536854,0
54138,29367629.593537327,0
54139,29366347.794693835,0
54140,29365065.893094625,0
54141,29363783.898080762,0
54142,29362501.80581255,0
54143,29361219.611677717,0
54144,29359937.326058276,0
54145,29358654.940663546,0
54146,29357372.45781385,0
54147,29356089.880767055,0
54148,29354807.205532283,0
54149,29353524.43204526,0
54150,29352241.562063172,0
54151,29350958.595383514,0
54152,29349675.53507487,0
54153,29348392.376495734,0
54154,29347109.122097127,0
54155,29345825.771116182,0
54156,29344542.32442961,0
54157,29343258.78251934,0
54158,29341975.142905448,0
54159,29340691.411086272,0
54160,29339407.579562485,0
54161,29338123.655172613,0
54162,29336839.63402603,0
54163,29335555.518941287,0
54164,29334271.30757442,0
54165,29332987.001017082,0
54166,29331702.59781147,0
54167,29330418.10229357,0
54168,29329133.512725323,0
54169,29327848.82464571,0
54170,29326564.045224886,0
54171,29325279.16877304,0
54172,29323994.198596604,0
54173,29322709.134827808,0
54174,29321423.975251615,0
54175,29320138.72423001,0
54176,29318853.375622313,0
54177,29317567.936171826,0
54178,29316282.40193058,0
54179,29314996.772699337,0
54180,29313711.049410157,0
54181,29312425.234250344,0
54182,29311139.323891856,0
54183,29309853.321548108,0
54184,29308567.225037474,0
54185,29307281.035364803,0
54186,29305994.75418188,0
54187,29304708.3789165,0
54188,29303421.910419017,0
54189,29302135.348189004,0
54190,29300848.69524113,0
54191,29299561.94626011,0
54192,29298275.108823095,0
54193,29296988.17658032,0
54194,29295701.151471276,0
54195,29294414.03513902,0
54196,29293126.827256583,0
54197,29291839.52610222,0
54198,29290552.132933643,0
54199,29289264.647561397,0
54200,29287977.070630472,0
54201,29286689.40350578,0
54202,29285401.642491344,0
54203,29284113.793097615,0
54204,29282825.847908203,0
54205,29281537.815989967,0
54206,29280249.69018589,0
54207,29278961.473678242,0
54208,29277673.166467182,0
54209,29276384.765554585,0
54210,29275096.278851032,0
54211,29273807.69854021,0
54212,29272519.02802264,0
54213,29271230.270919085,0
54214,29269941.414876264,0
54215,29268652.47477087,0
54216,29267363.441427086,0
54217,29266074.31899269,0
54218,29264785.10617052,0
54219,29263495.806284085,0
54220,29262206.414120603,0
54221,29260916.930274136,0
54222,29259627.360098436,0
54223,29258337.696851946,0
54224,29257047.946693566,0
54225,29255758.107581794,0
54226,29254468.176406935,0
54227,29253178.157967184,0
54228,29251888.05091816,0
54229,29250597.85410282,0
54230,29249307.567239627,0
54231,29248017.195979703,0
54232,29246726.72960393,0
54233,29245436.179469597,0
54234,29244145.538645633,0
54235,29242854.808337055,0
54236,29241563.99235388,0
54237,29240273.085549556,0
54238,29238982.09280768,0
54239,29237691.011850536,0
54240,29236399.840796683,0
54241,29235108.584229413,0
54242,29233817.23793531,0
54243,29232525.805706512,0
54244,29231234.285078533,0
54245,29229942.676565044,0
54246,29228650.979673162,0
54247,29227359.19956749,0
54248,29226067.33086429,0
54249,29224775.372001503,0
54250,29223483.32723357,0
54251,29222191.197131798,0
54252,29220898.980334993,0
54253,29219606.67601769,0
54254,29218314.284578696,0
54255,29217021.806516446,0
54256,29215729.242721982,0
54257,29214436.5918073,0
54258,29213143.854137965,0
54259,29211851.031978793,0
54260,29210558.123251885,0
54261,29209265.129134625,0
54262,29207972.046490923,0
54263,29206678.882420093,0
54264,29205385.62788719,0
54265,29204092.29273529,0
54266,29202798.870446008,0
54267,29201505.36174734,0
54268,29200211.766252927,0
54269,29198918.08888386,0
54270,29197624.32498744,0
54271,29196330.477018572,0
54272,29195036.54181081,0
54273,29193742.52380174,0
54274,29192448.41896293,0
54275,29191154.230562024,0
54276,29189859.95977766,0
54277,29188565.602871787,0
54278,29187271.16011497,0
54279,29185976.634067655,0
54280,29184682.025799677,0
54281,29183387.332080703,0
54282,29182092.554690465,0
54283,29180797.69391692,0
54284,29179502.748884913,0
54285,29178207.719034966,0
54286,29176912.60564459,0
54287,29175617.410064317,0
54288,29174322.130976405,0
54289,29173026.76896459,0
54290,29171731.32290606,0
54291,29170435.794431526,0
54292,29169140.183021158,0
54293,29167844.487686355,0
54294,29166548.711240124,0
54295,29165252.852636658,0
54296,29163956.90793094,0
54297,29162660.882198017,0
54298,29161364.775557347,0
54299,29160068.5845111,0
54300,29158772.31299448,0
54301,29157475.95817459,0
54302,29156179.52146567,0
54303,29154883.003406234,0
54304,29153586.403535616,0
54305,29152289.721324228,0
54306,29150992.96016771,0
54307,29149696.114292208,0
54308,29148399.188319128,0
54309,29147102.178175494,0
54310,29145805.09013201,0
54311,29144507.920568354,0
54312,29143210.67045178,0
54313,29141913.33571839,0
54314,29140615.921974495,0
54315,29139318.429454327,0
54316,29138020.85390154,0
54317,29136723.200996898,0
54318,29135425.464048553,0
54319,29134127.647031527,0
54320,29132829.750535756,0
54321,29131531.77397944,0
54322,29130233.715450503,0
54323,29128935.580463424,0
54324,29127637.36315332,0
54325,29126339.067659985,0
54326,29125040.689780053,0
54327,29123742.235369645,0
54328,29122443.69969397,0
54329,29121145.084324498,0
54330,29119846.391077608,0
54331,29118547.61433908,0
54332,29117248.76390385,0
54333,29115949.831583027,0
54334,29114650.820748597,0
54335,29113351.730158318,0
54336,29112052.561255846,0
54337,29110753.316416558,0
54338,29109453.99056987,0
54339,29108154.587342106,0
54340,29106855.10486768,0
54341,29105555.54041296,0
54342,29104255.90265319,0
54343,29102956.185791004,0
54344,29101656.391215988,0
54345,29100356.51847101,0
54346,29099056.56497725,0
54347,29097756.536694832,0
54348,29096456.43219886,0
54349,29095156.245205168,0
54350,29093855.984405387,0
54351,29092555.647172105,0
54352,29091255.232785217,0
54353,29089954.73588992,0
54354,29088654.167397413,0
54355,29087353.5206933,0
54356,29086052.797535293,0
54357,29084751.995659605,0
54358,29083451.115834802,0
54359,29082150.16226561,0
54360,29080849.134305436,0
54361,29079548.02635768,0
54362,29078246.841473073,0
54363,29076945.583566606,0
54364,29075644.24774253,0
54365,29074342.833286528,0
54366,29073041.34610582,0
54367,29071739.785114236,0
54368,29070438.147706293,0
54369,29069136.431166533,0
54370,29067834.638145037,0
54371,29066532.773228806,0
54372,29065230.834364045,0
54373,29063928.818115678,0
54374,29062626.72567015,0
54375,29061324.55880006,0
54376,29060022.318528727,0
54377,29058720.002417214,0
54378,29057417.61080562,0
54379,29056115.14327412,0
54380,29054812.60465599,0
54381,29053509.988439936,0
54382,29052207.29883033,0
54383,29050904.53512817,0
54384,29049601.697920028,0
54385,29048298.786487762,0
54386,29046995.79789891,0
54387,29045692.739269692,0
54388,29044389.60579445,0
54389,29043086.399815783,0
54390,29041783.116801165,0
54391,29040479.762684904,0
54392,29039176.335728265,0
54393,29037872.833510898,0
54394,29036569.260302167,0
54395,29035265.61075685,0
54396,29033961.89186337,0
54397,29032658.098147042,0
54398,29031354.229772057,0
54399,29030050.29018282,0
54400,29028746.278090097,0
54401,29027442.19352533,0
54402,29026138.03551641,0
54403,29024833.80684678,0
54404,29023529.504160296,0
54405,29022225.130819526,0
54406,29020920.68164094,0
54407,29019616.164952133,0
54408,29018311.575470455,0
54409,29017006.91120469,0
54410,29015702.17893517,0
54411,29014397.373633895,0
54412,29013092.497731168,0
54413,29011787.54719418,0
54414,29010482.52792285,0
54415,29009177.436076477,0
54416,29007872.27424971,0
54417,29006567.04270092,0
54418,29005261.73677101,0
54419,29003956.360932563,0
54420,29002650.915518563,0
54421,29001345.398554783,0
54422,29000039.811412726,0
54423,28998734.153598636,0
54424,28997428.42551904,0
54425,28996122.626406755,0
54426,28994816.759025406,0
54427,28993510.819223322,0
54428,28992204.812567234,0
54429,28990898.732410885,0
54430,28989592.584596634,0
54431,28988286.366327032,0
54432,28986980.07616644,0
54433,28985673.72027595,0
54434,28984367.29534858,0
54435,28983060.79658508,0
54436,28981754.23410131,0
54437,28980447.597676054,0
54438,28979140.89387865,0
54439,28977834.12085396,0
54440,28976527.2800315,0
54441,28975220.369670585,0
54442,28973913.389442105,0
54443,28972606.34132469,0
54444,28971299.224122226,0
54445,28969992.04174546,0
54446,28968684.78806964,0
54447,28967377.466014914,0
54448,28966070.07701042,0
54449,28964762.62022698,0
54450,28963455.094085634,0
54451,28962147.50204955,0
54452,28960839.839571796,0
54453,28959532.112202343,0
54454,28958224.315562584,0
54455,28956916.45345621,0
54456,28955608.52144604,0
54457,28954300.523764353,0
54458,28952992.461308986,0
54459,28951684.327561233,0
54460,28950376.127960008,0
54461,28949067.862430993,0
54462,28947759.528625708,0
54463,28946451.126989387,0
54464,28945142.66075313,0
54465,28943834.126526017,0
54466,28942525.53018921,0
54467,28941216.86335847,0
54468,28939908.132054348,0
54469,28938599.334380668,0
54470,28937290.47013223,0
54471,28935981.54080565,0
54472,28934672.544810615,0
54473,28933363.483213283,0
54474,28932054.35489381,0
54475,28930745.163967874,0
54476,28929435.907719556,0
54477,28928126.582265504,0
54478,28926817.195426535,0
54479,28925507.738574978,0
54480,28924198.219788607,0
54481,28922888.635926653,0
54482,28921578.986783642,0
54483,28920269.274321876,0
54484,28918959.492460884,0
54485,28917649.651077833,0
54486,28916339.74555751,0
54487,28915029.771334585,0
54488,28913719.73636713,0
54489,28912409.635414913,0
54490,28911099.469970133,0
54491,28909789.241545595,0
54492,28908478.948378883,0
54493,28907168.589717183,0
54494,28905858.171921086,0
54495,28904547.68679577,0
54496,28903237.13841369,0
54497,28901926.529078614,0
54498,28900615.854530923,0
54499,28899305.117421545,0
54500,28897994.315215684,0
54501,28896683.452273563,0
54502,28895372.5243698,0
54503,28894061.534718122,0
54504,28892750.482010026,0
54505,28891439.364740852,0
54506,28890128.188312184,0
54507,28888816.94737168,0
54508,28887505.643892948,0
54509,28886194.278833076,0
54510,28884882.853575878,0
54511,28883571.3592619,0
54512,28882259.80914696,0
54513,28880948.19622425,0
54514,28879636.51843154,0
54515,28878324.78253977,0
54516,28877012.983282637,0
54517,28875701.12061796,0
54518,28874389.19935897,0
54519,28873077.218067225,0
54520,28871765.169732403,0
54521,28870453.064716764,0
54522,28869140.89771104,0
54523,28867828.669583388,0
54524,28866516.379946034,0
54525,28865204.030392762,0
54526,28863891.619492352,0
54527,28862579.148816224,0
54528,28861266.61698367,0
54529,28859954.024161417,0
54530,28858641.371185478,0
54531,28857328.656350784,0
54532,28856015.884828735,0
54533,28854703.052553244,0
54534,28853390.15657686,0
54535,28852077.2037355,0
54536,28850764.193620745,0
54537,28849451.118012633,0
54538,28848137.987189498,0
54539,28846824.795016825,0
54540,28845511.54586538,0
54541,28844198.234285213,0
54542,28842884.86510003,0
54543,28841571.435563292,0
54544,28840257.949668378,0
54545,28838944.400155965,0
54546,28837630.79562586,0
54547,28836317.132171787,0
54548,28835003.409375418,0
54549,28833689.62603937,0
54550,28832375.784231324,0
54551,28831061.88744903,0
54552,28829747.93287556,0
54553,28828433.915483974,0
54554,28827119.843564615,0
54555,28825805.711997703,0
54556,28824491.523363587,0
54557,28823177.278073,0
54558,28821862.972628713,0
54559,28820548.612412285,0
54560,28819234.19181981,0
54561,28817919.71401937,0
54562,28816605.179504357,0
54563,28815290.588400777,0
54564,28813975.93816077,0
54565,28812661.232609995,0
54566,28811346.47174146,0
54567,28810031.652358223,0
54568,28808716.77380165,0
54569,28807401.842996135,0
54570,28806086.852393236,0
54571,28804771.805684675,0
54572,28803456.703757223,0
54573,28802141.54621919,0
54574,28800826.330996294,0
54575,28799511.059633184,0
54576,28798195.732648764,0
54577,28796880.348144077,0
54578,28795564.9110211,0
54579,28794249.41547511,0
54580,28792933.86777475,0
54581,28791618.259651948,0
54582,28790302.601088174,0
54583,28788986.88217659,0
54584,28787671.110458676,0
54585,28786355.283309292,0
54586,28785039.40032397,0
54587,28783723.46590955,0
54588,28782407.472798277,0
54589,28781091.426657304,0
54590,28779775.326279607,0
54591,28778459.16856711,0
54592,28777142.958132856,0
54593,28775826.693485674,0
54594,28774510.372855026,0
54595,28773193.99888236,0
54596,28771877.571651075,0
54597,28770561.09280407,0
54598,28769244.555703502,0
54599,28767927.967433263,0
54600,28766611.323256664,0
54601,28765294.62514487,0
54602,28763977.877231088,0
54603,28762661.071647815,0
54604,28761344.215911858,0
54605,28760027.305768173,0
54606,28758710.34112466,0
54607,28757393.324873067,0
54608,28756076.253205728,0
54609,28754759.134877604,0
54610,28753441.956904434,0
54611,28752124.72903933,0
54612,28750807.44836229,0
54613,28749490.113929033,0
54614,28748172.72835036,0
54615,28746855.291220315,0
54616,28745537.799382765,0
54617,28744220.257603183,0
54618,28742902.663081843,0
54619,28741585.015316065,0
54620,28740267.318059415,0
54621,28738949.565708894,0
54622,28737631.766425364,0
54623,28736313.913592,0
54624,28734996.0079472,0
54625,28733678.052156672,0
54626,28732360.0422077,0
54627,28731041.983841993,0
54628,28729723.874170024,0
54629,28728405.713125575,0
54630,28727087.500580147,0
54631,28725769.23728745,0
54632,28724450.926367167,0
54633,28723132.55959711,0
54634,28721814.147320896,0
54635,28720495.680932216,0
54636,28719177.165044986,0
54637,28717858.599515952,0
54638,28716539.984447483,0
54639,28715221.314164676,0
54640,28713902.60102131,0
54641,28712583.834786035,0
54642,28711265.01899356,0
54643,28709946.154208355,0
54644,28708627.237501234,0
54645,28707308.272281937,0
54646,28705989.25794106,0
54647,28704670.194975626,0
54648,28703351.08388713,0
54649,28702031.921874188,0
54650,28700712.711369082,0
54651,28699393.450182978,0
54652,28698074.14151893,0
54653,28696754.786107857,0
54654,28695435.3793159,0
54655,28694115.924306255,0
54656,28692796.41849709,0
54657,28691476.87065093,0
54658,28690157.268670153,0
54659,28688837.62079508,0
54660,28687517.92481488,0
54661,28686198.180255815,0
54662,28684878.387715936,0
54663,28683558.547995966,0
54664,28682238.660710648,0
54665,28680918.72550017,0
54666,28679598.742896076,0
54667,28678278.7101452,0
54668,28676958.63289853,0
54669,28675638.5092281,0
54670,28674318.334558364,0
54671,28672998.1169601,0
54672,28671677.849692687,0
54673,28670357.53781391,0
54674,28669037.176399402,0
54675,28667716.770158034,0
54676,28666396.316885397,0
54677,28665075.817559164,0
54678,28663755.27198064,0
54679,28662434.679429922,0
54680,28661114.03973846,0
54681,28659793.35341291,0
54682,28658472.62603846,0
54683,28657151.846350826,0
54684,28655831.02382144,0
54685,28654510.155129902,0
54686,28653189.24090321,0
54687,28651868.279779572,0
54688,28650547.275651578,0
54689,28649226.22622367,0
54690,28647905.12627851,0
54691,28646583.98699555,0
54692,28645262.79940084,0
54693,28643941.570047706,0
54694,28642620.293807205,0
54695,28641298.97131008,0
54696,28639977.605528317,0
54697,28638656.193967775,0
54698,28637334.737317465,0
54699,28636013.23977028,0
54700,28634691.69582434,0
54701,28633370.10780454,0
54702,28632048.47202587,0
54703,28630726.79703496,0
54704,28629405.076739654,0
54705,28628083.31386833,0
54706,28626761.506126598,0
54707,28625439.652421996,0
54708,28624117.757732574,0
54709,28622795.818327572,0
54710,28621473.838404175,0
54711,28620151.81011423,0
54712,28618829.740953527,0
54713,28617507.628294237,0
54714,28616185.47188056,0
54715,28614863.276134428,0
54716,28613541.034056544,0
54717,28612218.749991637,0
54718,28610896.42393493,0
54719,28609574.052956246,0
54720,28608251.64458856,0
54721,28606929.18687714,0
54722,28605606.694043126,0
54723,28604284.153603584,0
54724,28602961.572460085,0
54725,28601638.95071495,0
54726,28600316.284957796,0
54727,28598993.57965271,0
54728,28597670.83069531,0
54729,28596348.041109808,0
54730,28595025.20988333,0
54731,28593702.335645013,0
54732,28592379.422383282,0
54733,28591056.466252655,0
54734,28589733.47019476,0
54735,28588410.43052297,0
54736,28587087.35328207,0
54737,28585764.231259502,0
54738,28584441.06932519,0
54739,28583117.868543755,0
54740,28581794.627523113,0
54741,28580471.345527314,0
54742,28579148.022247195,0
54743,28577824.65963443,0
54744,28576501.254006878,0
54745,28575177.813128274,0
54746,28573854.32887536,0
54747,28572530.804614607,0
54748,28571207.24121041,0
54749,28569883.634868026,0
54750,28568559.99389815,0
54751,28567236.311114304,0
54752,28565912.589005496,0
54753,28564588.827131856,0
54754,28563265.025652327,0
54755,28561941.18530429,0
54756,28560617.30664658,0
54757,28559293.38634094,0
54758,28557969.429890074,0
54759,28556645.43267113,0
54760,28555321.398008224,0
54761,28553997.32175264,0
54762,28552673.21124067,0
54763,28551349.060875986,0
54764,28550024.87169823,0
54765,28548700.64429813,0
54766,28547376.377751157,0
54767,28546052.074795756,0
54768,28544727.73438625,0
54769,28543403.35324869,0
54770,28542078.93725881,0
54771,28540754.481866486,0
54772,28539429.987073466,0
54773,28538105.457702726,0
54774,28536780.88783254,0
54775,28535456.28273641,0
54776,28534131.641272392,0
54777,28532806.961858246,0
54778,28531482.246063862,0
54779,28530157.490393303,0
54780,28528832.699935388,0
54781,28527507.872252274,0
54782,28526183.009626716,0
54783,28524858.10823134,0
54784,28523533.169799715,0
54785,28522208.196298145,0
54786,28520883.185599446,0
54787,28519558.1398193,0
54788,28518233.056943424,0
54789,28516907.937051997,0
54790,28515582.782754246,0
54791,28514257.592238743,0
54792,28512932.365865193,0
54793,28511607.103149317,0
54794,28510281.80633811,0
54795,28508956.47232954,0
54796,28507631.103677034,0
54797,28506305.700246416,0
54798,28504980.261509683,0
54799,28503654.788206156,0
54800,28502329.278388884,0
54801,28501003.734538343,0
54802,28499678.156094227,0
54803,28498352.53986646,0
54804,28497026.89262312,0
54805,28495701.209545907,0
54806,28494375.49144906,0
54807,28493049.74009295,0
54808,28491723.95299613,0
54809,28490398.133082137,0
54810,28489072.276384883,0
54811,28487746.389173526,0
54812,28486420.46732277,0
54813,28485094.511251673,0
54814,28483768.51922997,0
54815,28482442.49622803,0
54816,28481116.437910054,0
54817,28479790.347786035,0
54818,28478464.22432047,0
54819,28477138.067593552,0
54820,28475811.87683103,0
54821,28474485.652427714,0
54822,28473159.394833036,0
54823,28471833.105717674,0
54824,28470506.78595416,0
54825,28469180.42685802,0
54826,28467854.03926092,0
54827,28466527.620321102,0
54828,28465201.168088038,0
54829,28463874.683130793,0
54830,28462548.165184896,0
54831,28461221.613842994,0
54832,28459895.033537626,0
54833,28458568.41840788,0
54834,28457241.775099445,0
54835,28455915.097898312,0
54836,28454588.388354097,0
54837,28453261.64672786,0
54838,28451934.87500762,0
54839,28450608.070697047,0
54840,28449281.23743315,0
54841,28447954.374580488,0
54842,28446627.47409381,0
54843,28445300.545508094,0
54844,28443973.58691878,0
54845,28442646.59545905,0
54846,28441319.57462787,0
54847,28439992.52357837,0
54848,28438665.442947723,0
54849,28437338.329766225,0
54850,28436011.186240386,0
54851,28434684.013805438,0
54852,28433356.811204374,0
54853,28432029.576546103,0
54854,28430702.311073713,0
54855,28429375.016550146,0
54856,28428047.69318369,0
54857,28426720.342536956,0
54858,28425392.957987867,0
54859,28424065.54707218,0
54860,28422738.103830133,0
54861,28421410.633319583,0
54862,28420083.13298728,0
54863,28418755.60165866,0
54864,28417428.044312637,0
54865,28416100.454864137,0
54866,28414772.837934017,0
54867,28413445.193739954,0
54868,28412117.519096892,0
54869,28410789.81582639,0
54870,28409462.08261333,0
54871,28408134.323222347,0
54872,28406806.535818867,0
54873,28405478.72066249,0
54874,28404150.875256862,0
54875,28402822.999955155,0
54876,28401495.098744277,0
54877,28400167.172208935,0
54878,28398839.214343064,0
54879,28397511.22881811,0
54880,28396183.217328776,0
54881,28394855.176333923,0
54882,28393527.111530885,0
54883,28392199.017510146,0
54884,28390870.895981006,0
54885,28389542.746731978,0
54886,28388214.569377944,0
54887,28386886.36770399,0
54888,28385558.138493802,0
54889,28384229.881405428,0
54890,28382901.59803728,0
54891,28381573.28748767,0
54892,28380244.949984074,0
54893,28378916.58991216,0
54894,28377588.19885283,0
54895,28376259.784694374,0
54896,28374931.344399218,0
54897,28373602.87521334,0
54898,28372274.381898455,0
54899,28370945.860333823,0
54900,28369617.315307423,0
54901,28368288.74637699,0
54902,28366960.148043677,0
54903,28365631.52522947,0
54904,28364302.877476174,0
54905,28362974.20616725,0
54906,28361645.508174606,0
54907,28360316.786287054,0
54908,28358988.036142863,0
54909,28357659.265401956,0
54910,28356330.46484635,0
54911,28355001.642141607,0
54912,28353672.796060987,0
54913,28352343.92398915,0
54914,28351015.028039865,0
54915,28349686.10541163,0
54916,28348357.161762506,0
54917,28347028.19034065,0
54918,28345699.196312375,0
54919,28344370.182795852,0
54920,28343041.140538312,0
54921,28341712.074167788,0
54922,28340382.98307661,0
54923,28339053.871908844,0
54924,28337724.73651555,0
54925,28336395.575830754,0
54926,28335066.394692753,0
54927,28333737.18730972,0
54928,28332407.956106868,0
54929,28331078.702676367,0
54930,28329749.429373693,0
54931,28328420.130643714,0
54932,28327090.809031192,0
54933,28325761.465693787,0
54934,28324432.097552344,0
54935,28323102.70771967,0
54936,28321773.296458457,0
54937,28320443.862625927,0
54938,28319114.405496728,0
54939,28317784.92607193,0
54940,28316455.42614498,0
54941,28315125.902406067,0
54942,28313796.35704422,0
54943,28312466.791056838,0
54944,28311137.202292424,0
54945,28309807.592566747,0
54946,28308477.96030446,0
54947,28307148.309196353,0
54948,28305818.634098746,0
54949,28304488.939015705,0
54950,28303159.22203237,0
54951,28301829.48280939,0
54952,28300499.7262047,0
54953,28299169.94492666,0
54954,28297840.14425332,0
54955,28296510.323575743,0
54956,28295180.48171815,0
54957,28293850.62167561,0
54958,28292520.73682206,0
54959,28291190.832542323,0
54960,28289860.911471788,0
54961,28288530.96432483,0
54962,28287201.00178148,0
54963,28285871.01803537,0
54964,28284541.01502522,0
54965,28283210.992016885,0
54966,28281880.949042097,0
54967,28280550.886345685,0
54968,28279220.80435864,0
54969,28277890.702038687,0
54970,28276560.582420383,0
54971,28275230.439304266,0
54972,28273900.278994564,0
54973,28272570.103855338,0
54974,28271239.905379906,0
54975,28269909.691145543,0
54976,28268579.455400214,0
54977,28267249.20117976,0
54978,28265918.927733354,0
54979,28264588.638012584,0
54980,28263258.32763615,0
54981,28261928.00045891,0
54982,28260597.65420229,0
54983,28259267.29077134,0
54984,28257936.90819088,0
54985,28256606.50940968,0
54986,28255276.090958226,0
54987,28253945.654313873,0
54988,28252615.201005828,0
54989,28251284.729217667,0
54990,28249954.24006578,0
54991,28248623.737068787,0
54992,28247293.212576974,0
54993,28245962.67128373,0
54994,28244632.11537587,0
54995,28243301.539594345,0
54996,28241970.948676478,0
54997,28240640.339020796,0
54998,28239309.715758048,0
54999,28237979.07331337,0
55000,28236648.415253334,0
55001,28235317.7393577,0
55002,28233987.048659336,0
55003,28232656.339270245,0
55004,28231325.619091652,0
55005,28229994.877193093,0
55006,28228664.122408215,0
55007,28227333.348409686,0
55008,28226002.5597452,0
55009,28224671.7566585,0
55010,28223340.937788416,0
55011,28222010.102816533,0
55012,28220679.25440571,0
55013,28219348.38590109,0
55014,28218017.505057815,0
55015,28216686.610065937,0
55016,28215355.696332607,0
55017,28214024.771412548,0
55018,28212693.83018743,0
55019,28211362.874222025,0
55020,28210031.903122272,0
55021,28208700.91907897,0
55022,28207369.915948845,0
55023,28206038.901447587,0
55024,28204707.873567052,0
55025,28203376.82974835,0
55026,28202045.772227652,0
55027,28200714.69870717,0
55028,28199383.616502125,0
55029,28198052.515045475,0
55030,28196721.399440248,0
55031,28195390.27430888,0
55032,28194059.131607637,0
55033,28192727.97908306,0
55034,28191396.80880206,0
55035,28190065.629699543,0
55036,28188734.43275199,0
55037,28187403.225072425,0
55038,28186072.005144417,0
55039,28184740.770332325,0
55040,28183409.523395352,0
55041,28182078.262585547,0
55042,28180746.991202287,0
55043,28179415.70717484,0
55044,28178084.410361875,0
55045,28176753.099028338,0
55046,28175421.77621885,0
55047,28174090.43888606,0
55048,28172759.09338473,0
55049,28171427.733490415,0
55050,28170096.36134069,0
55051,28168764.978360668,0
55052,28167433.585245326,0
55053,28166102.177218907,0
55054,28164770.75784564,0
55055,28163439.328665506,0
55056,28162107.888100173,0
55057,28160776.434264354,0
55058,28159444.9695665,0
55059,28158113.494495586,0
55060,28156782.00983181,0
55061,28155450.509384498,0
55062,28154119.00278386,0
55063,28152787.483691934,0
55064,28151455.953063134,0
55065,28150124.4122206,0
55066,28148792.862960797,0
55067,28147461.301285934,0
55068,28146129.728360824,0
55069,28144798.145373758,0
55070,28143466.553494465,0
55071,28142134.951145068,0
55072,28140803.337972816,0
55073,28139471.715936214,0
55074,28138140.082738586,0
55075,28136808.437786423,0
55076,28135476.788939014,0
55077,28134145.12845225,0
55078,28132813.456964,0
55079,28131481.777065147,0
55080,28130150.086951345,0
55081,28128818.388334952,0
55082,28127486.68089902,0
55083,28126154.965857908,0
55084,28124823.239019647,0
55085,28123491.504318144,0
55086,28122159.76050248,0
55087,28120828.007005095,0
55088,28119496.249042083,0
55089,28118164.479734737,0
55090,28116832.70182674,0
55091,28115500.915763482,0
55092,28114169.122503806,0
55093,28112837.31977225,0
55094,28111505.510762494,0
55095,28110173.69130449,0
55096,28108841.864507634,0
55097,28107510.03175007,0
55098,28106178.191974938,0
55099,28104846.34285477,0
55100,28103514.486862108,0
55101,28102182.622188617,0
55102,28100850.752973814,0
55103,28099518.87362557,0
55104,28098186.99004292,0
55105,28096855.096000437,0
55106,28095523.197520718,0
55107,28094191.291496705,0
55108,28092859.38041101,0
55109,28091527.460090343,0
55110,28090195.535130292,0
55111,28088863.60352851,0
55112,28087531.665470418,0
55113,28086199.718934394,0
55114,28084867.76641539,0
55115,28083535.811474554,0
55116,28082203.848423276,0
55117,28080871.87761393,0
55118,28079539.903918248,0
55119,28078207.922113325,0
55120,28076875.93364652,0
55121,28075543.94263626,0
55122,28074211.945250202,0
55123,28072879.94249695,0
55124,28071547.93374022,0
55125,28070215.92032042,0
55126,28068883.904131472,0
55127,28067551.877528902,0
55128,28066219.85009176,0
55129,28064887.818147797,0
55130,28063555.77893155,0
55131,28062223.737193566,0
55132,28060891.6891285,0
55133,28059559.638226964,0
55134,28058227.580624755,0
55135,28056895.519381437,0
55136,28055563.45621075,0
55137,28054231.386080623,0
55138,28052899.31503452,0
55139,28051567.237263393,0
55140,28050235.15673072,0
55141,28048903.075029887,0
55142,28047570.98587157,0
55143,28046238.89252967,0
55144,28044906.799004123,0
55145,28043574.70050499,0
55146,28042242.596874367,0
55147,28040910.49437521,0
55148,28039578.38694538,0
55149,28038246.274505395,0
55150,28036914.160632964,0
55151,28035582.0435161,0
55152,28034249.92484893,0
55153,28032917.801936455,0
55154,28031585.67712143,0
55155,28030253.5491798,0
55156,28028921.42229211,0
55157,28027589.28794646,0
55158,28026257.154646076,0
55159,28024925.017824825,0
55160,28023592.876578346,0
55161,28022260.738401003,0
55162,28020928.595397864,0
55163,28019596.45354244,0
55164,28018264.305640206,0
55165,28016932.160158582,0
55166,28015600.01192403,0
55167,28014267.86106858,0
55168,28012935.70933973,0
55169,28011603.556265224,0
55170,28010271.402730435,0
55171,28008939.246664535,0
55172,28007607.09238132,0
55173,28006274.936592095,0
55174,28004942.777233925,0
55175,28003610.620009176,0
55176,28002278.461180802,0
55177,28000946.302389544,0
55178,27999614.14192245,0
55179,27998281.981011838,0
55180,27996949.821231347,0
55181,27995617.65972427,0
55182,27994285.502459787,0
55183,27992953.341762595,0
55184,27991621.181161925,0
55185,27990289.020511325,0
55186,27988956.861388806,0
55187,27987624.702265482,0
55188,27986292.543006588,0
55189,27984960.384859376,0
55190,27983628.22913772,0
55191,27982296.069824073,0
55192,27980963.916165505,0
55193,27979631.758596387,0
55194,27978299.607889395,0
55195,27976967.45108335,0
55196,27975635.30234095,0
55197,27974303.15092079,0
55198,27972971.002507713,0
55199,27971638.855116144,0
55200,27970306.710004896,0
55201,27968974.563247,0
55202,27967642.4227384,0
55203,27966310.282356355,0
55204,27964978.142843053,0
55205,27963646.006747756,0
55206,27962313.871660344,0
55207,27960981.74054605,0
55208,27959649.610313125,0
55209,27958317.482505064,0
55210,27956985.357760303,0
55211,27955653.23571578,0
55212,27954321.113498535,0
55213,27952988.99947428,0
55214,27951656.883237883,0
55215,27950324.77085666,0
55216,27948992.66518073,0
55217,27947660.557089575,0
55218,27946328.454107024,0
55219,27944996.355901625,0
55220,27943664.260316644,0
55221,27942332.169881985,0
55222,27941000.08015616,0
55223,27939667.99548007,0
55224,27938335.91428359,0
55225,27937003.838044897,0
55226,27935671.763123512,0
55227,27934339.693806686,0
55228,27933007.62797675,0
55229,27931675.5670763,0
55230,27930343.511121377,0
55231,27929011.45878141,0
55232,27927679.411656227,0
55233,27926347.366292793,0
55234,27925015.32720009,0
55235,27923683.293644294,0
55236,27922351.263367474,0
55237,27921019.23868049,0
55238,27919687.220115025,0
55239,27918355.204944853,0
55240,27917023.195757065,0
55241,27915691.192616563,0
55242,27914359.193629265,0
55243,27913027.202061597,0
55244,27911695.21324811,0
55245,27910363.22943707,0
55246,27909031.253385305,0
55247,27907699.281785026,0
55248,27906367.31743943,0
55249,27905035.360900514,0
55250,27903703.406647343,0
55251,27902371.45897628,0
55252,27901039.518092565,0
55253,27899707.584575094,0
55254,27898375.657670435,0
55255,27897043.73741158,0
55256,27895711.822544474,0
55257,27894379.91586045,0
55258,27893048.013224375,0
55259,27891716.121251713,0
55260,27890384.23271026,0
55261,27889052.353172053,0
55262,27887720.479196016,0
55263,27886388.61496033,0
55264,27885056.75415758,0
55265,27883724.90319597,0
55266,27882393.05989864,0
55267,27881061.226064887,0
55268,27879729.396344658,0
55269,27878397.575087573,0
55270,27877065.763144605,0
55271,27875733.958758343,0
55272,27874402.16078424,0
55273,27873070.373414822,0
55274,27871738.59272154,0
55275,27870406.82025197,0
55276,27869075.055778798,0
55277,27867743.302697502,0
55278,27866411.55466982,0
55279,27865079.814188756,0
55280,27863748.088208843,0
55281,27862416.36779693,0
55282,27861084.65683525,0
55283,27859752.953814324,0
55284,27858421.260140046,0
55285,27857089.57530628,0
55286,27855757.900380995,0
55287,27854426.235982247,0
55288,27853094.579049822,0
55289,27851762.93121764,0
55290,27850431.295396365,0
55291,27849099.66849848,0
55292,27847768.049190037,0
55293,27846436.44446043,0
55294,27845104.846241448,0
55295,27843773.25748856,0
55296,27842441.68133706,0
55297,27841110.114577137,0
55298,27839778.559021216,0
55299,27838447.012828402,0
55300,27837115.47735456,0
55301,27835783.951635987,0
55302,27834452.43629783,0
55303,27833120.93253193,0
55304,27831789.44011209,0
55305,27830457.95909549,0
55306,27829126.48854878,0
55307,27827795.030168585,0
55308,27826463.58069312,0
55309,27825132.14206285,0
55310,27823800.7174534,0
55311,27822469.303739123,0
55312,27821137.901405487,0
55313,27819806.508931234,0
55314,27818475.13443772,0
55315,27817143.763682526,0
55316,27815812.410242725,0
55317,27814481.068469808,0
55318,27813149.737528574,0
55319,27811818.41681827,0
55320,27810487.113154277,0
55321,27809155.819067698,0
55322,27807824.536372725,0
55323,27806493.267706335,0
55324,27805162.010556657,0
55325,27803830.768269405,0
55326,27802499.53763397,0
55327,27801168.319245033,0
55328,27799837.115723293,0
55329,27798505.92386622,0
55330,27797174.748404805,0
55331,27795843.579235345,0
55332,27794512.429793015,0
55333,27793181.289397374,0
55334,27791850.16612203,0
55335,27790519.051984206,0
55336,27789187.956793334,0
55337,27787856.874321636,0
55338,27786525.804544043,0
55339,27785194.746752996,0
55340,27783863.706888516,0
55341,27782532.681496464,0
55342,27781201.668033887,0
55343,27779870.669305213,0
55344,27778539.686480146,0
55345,27777208.712698396,0
55346,27775877.758985117,0
55347,27774546.819056503,0
55348,27773215.892738502,0
55349,27771884.98292591,0
55350,27770554.08840917,0
55351,27769223.206590198,0
55352,27767892.338800777,0
55353,27766561.49144842,0
55354,27765230.655853864,0
55355,27763899.83420616,0
55356,27762569.03179444,0
55357,27761238.24229528,0
55358,27759907.471049383,0
55359,27758576.71391333,0
55360,27757245.971834633,0
55361,27755915.2485044,0
55362,27754584.538103923,0
55363,27753253.847572174,0
55364,27751923.169694703,0
55365,27750592.508849524,0
55366,27749261.866342235,0
55367,27747931.2378088,0
55368,27746600.626926687,0
55369,27745270.032206256,0
55370,27743939.454396967,0
55371,27742608.89439094,0
55372,27741278.351712108,0
55373,27739947.819983575,0
55374,27738617.315588806,0
55375,27737286.820220526,0
55376,27735956.34620828,0
55377,27734625.8864538,0
55378,27733295.449273385,0
55379,27731965.023554888,0
55380,27730634.62084873,0
55381,27729304.231995452,0
55382,27727973.86239404,0
55383,27726643.50951601,0
55384,27725313.17819955,0
55385,27723982.861113213,0
55386,27722652.56442216,0
55387,27721322.28233393,0
55388,27719992.022544928,0
55389,27718661.781151477,0
55390,27717331.555304464,0
55391,27716001.351830486,0
55392,27714671.164087933,0
55393,27713340.99603464,0
55394,27712010.848257903,0
55395,27710680.717807367,0
55396,27709350.60545094,0
55397,27708020.515771624,0
55398,27706690.44245096,0
55399,27705360.38653974,0
55400,27704030.354259804,0
55401,27702700.340433247,0
55402,27701370.345022343,0
55403,27700040.366548296,0
55404,27698710.414426453,0
55405,27697380.47945288,0
55406,27696050.56287565,0
55407,27694720.667291887,0
55408,27693390.792641398,0
55409,27692060.934616294,0
55410,27690731.101798106,0
55411,27689401.286632705,0
55412,27688071.49035929,0
55413,27686741.718917087,0
55414,27685411.96689668,0
55415,27684082.233018238,0
55416,27682752.521643747,0
55417,27681422.829327807,0
55418,27680093.160065647,0
55419,27678763.51103263,0
55420,27677433.884975933,0
55421,27676104.277843088,0
55422,27674774.692901734,0
55423,27673445.130733036,0
55424,27672115.58976239,0
55425,27670786.067671925,0
55426,27669456.567543145,0
55427,27668127.092296317,0
55428,27666797.63745339,0
55429,27665468.205054473,0
55430,27664138.792904347,0
55431,27662809.405245226,0
55432,27661480.038447734,0
55433,27660150.693085324,0
55434,27658821.372262456,0
55435,27657492.072914414,0
55436,27656162.79400647,0
55437,27654833.541830517,0
55438,27653504.30926986,0
55439,27652175.100497045,0
55440,27650845.91491414,0
55441,27649516.753551666,0
55442,27648187.61393593,0
55443,27646858.49674734,0
55444,27645529.4033885,0
55445,27644200.333224744,0
55446,27642871.289687697,0
55447,27641542.263502505,0
55448,27640213.264563877,0
55449,27638884.28985075,0
55450,27637555.336980216,0
55451,27636226.411163308,0
55452,27634897.50484772,0
55453,27633568.625874378,0
55454,27632239.77060807,0
55455,27630910.93866687,0
55456,27629582.133702118,0
55457,27628253.348751396,0
55458,27626924.591011785,0
55459,27625595.85779774,0
55460,27624267.15049604,0
55461,27622938.46705038,0
55462,27621609.806919314,0
55463,27620281.17082407,0
55464,27618952.56228792,0
55465,27617623.980367664,0
55466,27616295.41991671,0
55467,27614966.884826735,0
55468,27613638.380231336,0
55469,27612309.894699942,0
55470,27610981.43798591,0
55471,27609653.00580331,0
55472,27608324.599693574,0
55473,27606996.221924286,0
55474,27605667.866709277,0
55475,27604339.538706347,0
55476,27603011.235070217,0
55477,27601682.96017748,0
55478,27600354.710237548,0
55479,27599026.486760106,0
55480,27597698.291210108,0
55481,27596370.12008034,0
55482,27595041.977392107,0
55483,27593713.860394824,0
55484,27592385.768994518,0
55485,27591057.706507217,0
55486,27589729.669170562,0
55487,27588401.659467533,0
55488,27587073.676948495,0
55489,27585745.723066133,0
55490,27584417.794515047,0
55491,27583089.89630497,0
55492,27581762.023702867,0
55493,27580434.17726956,0
55494,27579106.359410968,0
55495,27577778.56930132,0
55496,27576450.809601523,0
55497,27575123.07505245,0
55498,27573795.36675216,0
55499,27572467.68871641,0
55500,27571140.039379943,0
55501,27569812.416277587,0
55502,27568484.82241524,0
55503,27567157.25807619,0
55504,27565829.72283983,0
55505,27564502.214539573,0
55506,27563174.737985287,0
55507,27561847.284897227,0
55508,27560519.863744467,0
55509,27559192.470923595,0
55510,27557865.10884267,0
55511,27556537.77495868,0
55512,27555210.470372763,0
55513,27553883.19482635,0
55514,27552555.94804884,0
55515,27551228.730915535,0
55516,27549901.545259215,0
55517,27548574.386475228,0
55518,27547247.26044001,0
55519,27545920.160296798,0
55520,27544593.09307503,0
55521,27543266.057920136,0
55522,27541939.050209086,0
55523,27540612.069006912,0
55524,27539285.124184977,0
55525,27537958.207559716,0
55526,27536631.32042416,0
55527,27535304.46324233,0
55528,27533977.635947622,0
55529,27532650.84323804,0
55530,27531324.07963499,0
55531,27529997.34641349,0
55532,27528670.644572005,0
55533,27527343.972258378,0
55534,27526017.33270451,0
55535,27524690.722141486,0
55536,27523364.148089457,0
55537,27522037.600368563,0
55538,27520711.086574443,0
55539,27519384.604211252,0
55540,27518058.15219627,0
55541,27516731.73223419,0
55542,27515405.345950454,0
55543,27514078.98822398,0
55544,27512752.66709899,0
55545,27511426.375416,0
55546,27510100.114814848,0
55547,27508773.887752015,0
55548,27507447.692499105,0
55549,27506121.53079169,0
55550,27504795.401193064,0
55551,27503469.303915296,0
55552,27502143.241228957,0
55553,27500817.206371248,0
55554,27499491.20843257,0
55555,27498165.244259346,0
55556,27496839.312824026,0
55557,27495513.410286907,0
55558,27494187.545772243,0
55559,27492861.71053329,0
55560,27491535.91161824,0
55561,27490210.145829506,0
55562,27488884.41251492,0
55563,27487558.7138333,0
55564,27486233.04768378,0
55565,27484907.41835092,0
55566,27483581.819328934,0
55567,27482256.256121278,0
55568,27480930.726655725,0
55569,27479605.23154254,0
55570,27478279.771517206,0
55571,27476954.34489116,0
55572,27475628.955243725,0
55573,27474303.59490434,0
55574,27472978.272087477,0
55575,27471652.98526417,0
55576,27470327.730678715,0
55577,27469002.51175569,0
55578,27467677.328081936,0
55579,27466352.179817606,0
55580,27465027.06714015,0
55581,27463701.9892726,0
55582,27462376.946027298,0
55583,27461051.937924314,0
55584,27459726.96560955,0
55585,27458402.03094447,0
55586,27457077.127591982,0
55587,27455752.263663966,0
55588,27454427.43486478,0
55589,27453102.641371764,0
55590,27451777.882200424,0
55591,27450453.164498195,0
55592,27449128.4782452,0
55593,27447803.828783978,0
55594,27446479.214211043,0
55595,27445154.640121255,0
55596,27443830.097271,0
55597,27442505.59639444,0
55598,27441181.13046723,0
55599,27439856.700421244,0
55600,27438532.30982601,0
55601,27437207.952667397,0
55602,27435883.632958356,0
55603,27434559.35314999,0
55604,27433235.108480163,0
55605,27431910.899307337,0
55606,27430586.73275751,0
55607,27429262.599346343,0
55608,27427938.50560851,0
55609,27426614.44805098,0
55610,27425290.428046018,0
55611,27423966.44736102,0
55612,27422642.503287584,0
55613,27421318.598114617,0
55614,27419994.730930634,0
55615,27418670.90113814,0
55616,27417347.11036068,0
55617,27416023.356756452,0
55618,27414699.64220487,0
55619,27413375.967699874,0
55620,27412052.33111106,0
55621,27410728.730552435,0
55622,27409405.171553507,0
55623,27408081.648843136,0
55624,27406758.170002364,0
55625,27405434.726306763,0
55626,27404111.320643757,0
55627,27402787.956131283,0
55628,27401464.632225942,0
55629,27400141.345087025,0
55630,27398818.09888626,0
55631,27397494.890143614,0
55632,27396171.724203087,0
55633,27394848.59567996,0
55634,27393525.5081218,0
55635,27392202.459297817,0
55636,27390879.45132073,0
55637,27389556.483521912,0
55638,27388233.554855153,0
55639,27386910.669952694,0
55640,27385587.819181502,0
55641,27384265.013681766,0
55642,27382942.246909916,0
55643,27381619.52135893,0
55644,27380296.83273975,0
55645,27378974.188932966,0
55646,27377651.58627428,0
55647,27376329.024854887,0
55648,27375006.501777466,0
55649,27373684.02092433,0
55650,27372361.581599172,0
55651,27371039.18234909,0
55652,27369716.826605126,0
55653,27368394.51069609,0
55654,27367072.236885402,0
55655,27365750.005373735,0
55656,27364427.812783357,0
55657,27363105.664046865,0
55658,27361783.555727363,0
55659,27360461.49017492,0
55660,27359139.468159385,0
55661,27357817.487119086,0
55662,27356495.548750784,0
55663,27355173.65196351,0
55664,27353851.79733653,0
55665,27352529.98691403,0
55666,27351208.215602633,0
55667,27349886.48903492,0
55668,27348564.805527557,0
55669,27347243.162875712,0
55670,27345921.566444073,0
55671,27344600.010490905,0
55672,27343278.498225413,0
55673,27341957.029531755,0
55674,27340635.603442263,0
55675,27339314.220863946,0
55676,27337992.88084454,0
55677,27336671.58706533,0
55678,27335350.331861213,0
55679,27334029.124116696,0
55680,27332707.95946562,0
55681,27331386.838335715,0
55682,27330065.760256026,0
55683,27328744.730586372,0
55684,27327423.74060344,0
55685,27326102.794512615,0
55686,27324781.895274047,0
55687,27323461.038184576,0
55688,27322140.226243142,0
55689,27320819.458269265,0
55690,27319498.73653343,0
55691,27318178.057847783,0
55692,27316857.42423424,0
55693,27315536.8377362,0
55694,27314216.29246574,0
55695,27312895.796218537,0
55696,27311575.340729292,0
55697,27310254.931760244,0
55698,27308934.570882145,0
55699,27307614.25236418,0
55700,27306293.979129296,0
55701,27304973.754394606,0
55702,27303653.571879644,0
55703,27302333.435943205,0
55704,27301013.34914273,0
55705,27299693.30635973,0
55706,27298373.306838073,0
55707,27297053.35684867,0
55708,27295733.450970817,0
55709,27294413.59158043,0
55710,27293093.777785823,0
55711,27291774.010784835,0
55712,27290454.291618846,0
55713,27289134.618369963,0
55714,27287814.98954722,0
55715,27286495.41029329,0
55716,27285175.877046943,0
55717,27283856.3904669,0
55718,27282536.950566027,0
55719,27281217.557464942,0
55720,27279898.213199202,0
55721,27278578.915166218,0
55722,27277259.66423129,0
55723,27275940.46201826,0
55724,27274621.304154992,0
55725,27273302.19753354,0
55726,27271983.134848863,0
55727,27270664.12371074,0
55728,27269345.15648575,0
55729,27268026.240730844,0
55730,27266707.372478087,0
55731,27265388.550039332,0
55732,27264069.777180098,0
55733,27262751.05496974,0
55734,27261432.376121376,0
55735,27260113.749752074,0
55736,27258795.172010683,0
55737,27257476.639935542,0
55738,27256158.157760166,0
55739,27254839.72372031,0
55740,27253521.339275807,0
55741,27252203.004304584,0
55742,27250884.71598144,0
55743,27249566.4816004,0
55744,27248248.292593878,0
55745,27246930.1517109,0
55746,27245612.064915746,0
55747,27244294.02444339,0
55748,27242976.033605903,0
55749,27241658.0944188,0
55750,27240340.200992435,0
55751,27239022.360922433,0
55752,27237704.567781348,0
55753,27236386.826523963,0
55754,27235069.133870788,0
55755,27233751.491013054,0
55756,27232433.89975239,0
55757,27231116.3604662,0
55758,27229798.869660832,0
55759,27228481.428526077,0
55760,27227164.039781973,0
55761,27225846.701492205,0
55762,27224529.41403043,0
55763,27223212.17454395,0
55764,27221894.9890094,0
55765,27220577.85470453,0
55766,27219260.769117154,0
55767,27217943.734137204,0
55768,27216626.75276984,0
55769,27215309.821921833,0
55770,27213992.942834552,0
55771,27212676.11417216,0
55772,27211359.338113297,0
55773,27210042.61379102,0
55774,27208725.93859079,0
55775,27207409.317007422,0
55776,27206092.749520924,0
55777,27204776.231326066,0
55778,27203459.76697735,0
55779,27202143.353988934,0
55780,27200826.99007449,0
55781,27199510.682432547,0
55782,27198194.42689465,0
55783,27196878.222236235,0
55784,27195562.07160151,0
55785,27194245.972269103,0
55786,27192929.927325714,0
55787,27191613.93384237,0
55788,27190297.995109107,0
55789,27188982.10861931,0
55790,27187666.274158757,0
55791,27186350.495545957,0
55792,27185034.76633465,0
55793,27183719.092078447,0
55794,27182403.47029434,0
55795,27181087.902771316,0
55796,27179772.39063964,0
55797,27178456.92907279,0
55798,27177141.52307524,0
55799,27175826.170422133,0
55800,27174510.87261198,0
55801,27173195.62844923,0
55802,27171880.438199908,0
55803,27170565.300586138,0
55804,27169250.219086993,0
55805,27167935.19159597,0
55806,27166620.219517596,0
55807,27165305.29756923,0
55808,27163990.435266167,0
55809,27162675.625192538,0
55810,27161360.87064961,0
55811,27160046.17052798,0
55812,27158731.527047835,0
55813,27157416.93420627,0
55814,27156102.401768956,0
55815,27154787.920522496,0
55816,27153473.497358464,0
55817,27152159.12889852,0
55818,27150844.81520636,0
55819,27149530.558315333,0
55820,27148216.356512558,0
55821,27146902.21054027,0
55822,27145588.11766839,0
55823,27144274.08378931,0
55824,27142960.104987033,0
55825,27141646.17996819,0
55826,27140332.31470941,0
55827,27139018.50052695,0
55828,27137704.748505034,0
55829,27136391.05167982,0
55830,27135077.408486955,0
55831,27133763.82304072,0
55832,27132450.294493206,0
55833,27131136.82431257,0
55834,27129823.40618976,0
55835,27128510.04919349,0
55836,27127196.749179445,0
55837,27125883.504441064,0
55838,27124570.31821335,0
55839,27123257.187813155,0
55840,27121944.114048332,0
55841,27120631.099859674,0
55842,27119318.14016914,0
55843,27118005.239218332,0
55844,27116692.397990845,0
55845,27115379.613752924,0
55846,27114066.885719623,0
55847,27112754.217435163,0
55848,27111441.606003866,0
55849,27110129.05080853,0
55850,27108816.556974713,0
55851,27107504.121507317,0
55852,27106191.7423945,0
55853,27104879.420926753,0
55854,27103567.160414472,0
55855,27102254.95826391,0
55856,27100942.811421916,0
55857,27099630.72663348,0
55858,27098318.699313026,0
55859,27097006.729964707,0
55860,27095694.81998085,0
55861,27094382.972478334,0
55862,27093071.180756364,0
55863,27091759.447439373,0
55864,27090447.776273765,0
55865,27089136.16233459,0
55866,27087824.60916566,0
55867,27086513.111890398,0
55868,27085201.67862531,0
55869,27083890.305668462,0
55870,27082578.991602615,0
55871,27081267.733294178,0
55872,27079956.537971232,0
55873,27078645.40380053,0
55874,27077334.328328814,0
55875,27076023.313596375,0
55876,27074712.356274225,0
55877,27073401.463949453,0
55878,27072090.63120689,0
55879,27070779.85480559,0
55880,27069469.14292938,0
55881,27068158.490871508,0
55882,27066847.902189896,0
55883,27065537.370381754,0
55884,27064226.900844414,0
55885,27062916.49387949,0
55886,27061606.145491447,0
55887,27060295.861302853,0
55888,27058985.638679404,0
55889,27057675.472689256,0
55890,27056365.369368907,0
55891,27055055.330657773,0
55892,27053745.353027374,0
55893,27052435.43606539,0
55894,27051125.581446216,0
55895,27049815.786824014,0
55896,27048506.055908628,0
55897,27047196.384551592,0
55898,27045886.78055964,0
55899,27044577.2337878,0
55900,27043267.75274388,0
55901,27041958.331495058,0
55902,27040648.97456163,0
55903,27039339.680432003,0
55904,27038030.446487404,0
55905,27036721.276344977,0
55906,27035412.17003938,0
55907,27034103.12522168,0
55908,27032794.143707935,0
55909,27031485.228343222,0
55910,27030176.369572982,0
55911,27028867.58024022,0
55912,27027558.850899663,0
55913,27026250.185031652,0
55914,27024941.58448348,0
55915,27023633.04598834,0
55916,27022324.572714653,0
55917,27021016.159405008,0
55918,27019707.81295694,0
55919,27018399.531289354,0
55920,27017091.310831483,0
55921,27015783.156378835,0
55922,27014475.065962337,0
55923,27013167.038427904,0
55924,27011859.074658327,0
55925,27010551.176690698,0
55926,27009243.34448849,0
55927,27007935.574178066,0
55928,27006627.86919376,0
55929,27005320.229855515,0
55930,27004012.65304469,0
55931,27002705.14381456,0
55932,27001397.698643353,0
55933,27000090.318328522,0
55934,26998783.002844363,0
55935,26997475.75294149,0
55936,26996168.56842718,0
55937,26994861.450654186,0
55938,26993554.393088218,0
55939,26992247.40761504,0
55940,26990940.484064046,0
55941,26989633.627016466,0
55942,26988326.83537492,0
55943,26987020.110843793,0
55944,26985713.451793715,0
55945,26984406.855472174,0
55946,26983100.332093086,0
55947,26981793.868962593,0
55948,26980487.47401863,0
55949,26979181.14395893,0
55950,26977874.882662658,0
55951,26976568.688992113,0
55952,26975262.558702532,0
55953,26973956.496734403,0
55954,26972650.500308733,0
55955,26971344.574041,0
55956,26970038.710148804,0
55957,26968732.916678455,0
55958,26967427.187739044,0
55959,26966121.527759198,0
55960,26964815.93454668,0
55961,26963510.409245744,0
55962,26962204.950612985,0
55963,26960899.558461938,0
55964,26959594.23674802,0
55965,26958288.978925407,0
55966,26956983.79081454,0
55967,26955678.671627548,0
55968,26954373.62015399,0
55969,26953068.63458303,0
55970,26951763.7194576,0
55971,26950458.870248567,0
55972,26949154.09171175,0
55973,26947849.38163353,0
55974,26946544.736913174,0
55975,26945240.16212719,0
55976,26943935.657898825,0
55977,26942631.219565492,0
55978,26941326.85435259,0
55979,26940022.552524425,0
55980,26938718.322667997,0
55981,26937414.15863013,0
55982,26936110.067776263,0
55983,26934806.04284182,0
55984,26933502.089434855,0
55985,26932198.203946978,0
55986,26930894.390225638,0
55987,26929590.643477328,0
55988,26928286.96680952,0
55989,26926983.3612369,0
55990,26925679.82280538,0
55991,26924376.356545575,0
55992,26923072.95993559,0
55993,26921769.630871173,0
55994,26920466.37364483,0
55995,26919163.18713445,0
55996,26917860.070633613,0
55997,26916557.022646453,0
55998,26915254.045588586,0
55999,26913951.14126882,0
56000,26912648.305700578,0
56001,26911345.54134491,0
56002,26910042.847260166,0
56003,26908740.22363799,0
56004,26907437.671443928,0
56005,26906135.19058993,0
56006,26904832.77818869,0
56007,26903530.441842508,0
56008,26902228.173043404,0
56009,26900925.975115772,0
56010,26899623.850885257,0
56011,26898321.798208628,0
56012,26897019.81490368,0
56013,26895717.903220046,0
56014,26894416.063713472,0
56015,26893114.30026774,0
56016,26891812.600739583,0
56017,26890510.979433686,0
56018,26889209.4271529,0
56019,26887907.949530672,0
56020,26886606.54020868,0
56021,26885305.20823976,0
56022,26884003.944064155,0
56023,26882702.75396005,0
56024,26881401.636372767,0
56025,26880100.59119584,0
56026,26878799.619200382,0
56027,26877498.720828038,0
56028,26876197.891770177,0
56029,26874897.139048394,0
56030,26873596.460602887,0
56031,26872295.85141424,0
56032,26870995.316497326,0
56033,26869694.854609855,0
56034,26868394.466860645,0
56035,26867094.15457228,0
56036,26865793.911821187,0
56037,26864493.746078182,0
56038,26863193.650580615,0
56039,26861893.631462052,0
56040,26860593.685366098,0
56041,26859293.81243115,0
56042,26857994.014995124,0
56043,26856694.28860084,0
56044,26855394.640573505,0
56045,26854095.06528063,0
56046,26852795.562483612,0
56047,26851496.13640573,0
56048,26850196.78369286,0
56049,26848897.505633604,0
56050,26847598.300631072,0
56051,26846299.173323732,0
56052,26845000.11755706,0
56053,26843701.13958015,0
56054,26842402.23609685,0
56055,26841103.40724238,0
56056,26839804.651881587,0
56057,26838505.974068437,0
56058,26837207.371695038,0
56059,26835908.841836166,0
56060,26834610.388026364,0
56061,26833312.013603743,0
56062,26832013.710637454,0
56063,26830715.485138614,0
56064,26829417.335880175,0
56065,26828119.261653725,0
56066,26826821.264361158,0
56067,26825523.340878386,0
56068,26824225.495067786,0
56069,26822927.723365676,0
56070,26821630.0320069,0
56071,26820332.41334957,0
56072,26819034.8763576,0
56073,26817737.408502948,0
56074,26816440.021316536,0
56075,26815142.710372113,0
56076,26813845.475235768,0
56077,26812548.3181801,0
56078,26811251.239327632,0
56079,26809954.232638262,0
56080,26808657.30454063,0
56081,26807360.45602598,0
56082,26806063.68610523,0
56083,26804766.98972312,0
56084,26803470.37502443,0
56085,26802173.833387077,0
56086,26800877.369532507,0
56087,26799580.98457164,0
56088,26798284.677788537,0
56089,26796988.44685592,0
56090,26795692.29776563,0
56091,26794396.224711716,0
56092,26793100.227624882,0
56093,26791804.309739254,0
56094,26790508.471284386,0
56095,26789212.71238264,0
56096,26787917.029746346,0
56097,26786621.42516421,0
56098,26785325.901125394,0
56099,26784030.450938806,0
56100,26782735.08425443,0
56101,26781439.79562925,0
56102,26780144.58531714,0
56103,26778849.453722335,0
56104,26777554.40104736,0
56105,26776259.42814222,0
56106,26774964.53325829,0
56107,26773669.71627295,0
56108,26772374.981239337,0
56109,26771080.323683023,0
56110,26769785.74955662,0
56111,26768491.25251557,0
56112,26767196.832520608,0
56113,26765902.49552092,0
56114,26764608.23612599,0
56115,26763314.05964213,0
56116,26762019.96079972,0
56117,26760725.942384996,0
56118,26759432.005597,0
56119,26758138.14979626,0
56120,26756844.371306337,0
56121,26755550.673241027,0
56122,26754257.05689101,0
56123,26752963.522810537,0
56124,26751670.066809796,0
56125,26750376.69056626,0
56126,26749083.3974912,0
56127,26747790.18297234,0
56128,26746497.051924855,0
56129,26745204.001622207,0
56130,26743911.03194542,0
56131,26742618.14154161,0
56132,26741325.33571024,0
56133,26740032.60873407,0
56134,26738739.96360508,0
56135,26737447.402622096,0
56136,26736154.918763287,0
56137,26734862.518098418,0
56138,26733570.20036898,0
56139,26732277.965434756,0
56140,26730985.809303023,0
56141,26729693.73869302,0
56142,26728401.746657632,0
56143,26727109.839237373,0
56144,26725818.015558034,0
56145,26724526.268815234,0
56146,26723234.606422134,0
56147,26721943.031029038,0
56148,26720651.53203569,0
56149,26719360.11903336,0
56150,26718068.78969978,0
56151,26716777.541580696,0
56152,26715486.373314906,0
56153,26714195.293098684,0
56154,26712904.295083065,0
56155,26711613.3801648,0
56156,26710322.543999333,0
56157,26709031.796684753,0
56158,26707741.128689736,0
56159,26706450.54756526,0
56160,26705160.046172023,0
56161,26703869.631267976,0
56162,26702579.29984802,0
56163,26701289.05213447,0
56164,26699998.887307163,0
56165,26698708.80578129,0
56166,26697418.809178974,0
56167,26696128.89900799,0
56168,26694839.06921099,0
56169,26693549.32440008,0
56170,26692259.665672313,0
56171,26690970.090412676,0
56172,26689680.597568825,0
56173,26688391.193097636,0
56174,26687101.86943071,0
56175,26685812.633334547,0
56176,26684523.48083181,0
56177,26683234.414403874,0
56178,26681945.43176703,0
56179,26680656.534711037,0
56180,26679367.720839206,0
56181,26678078.99567639,0
56182,26676790.352945115,0
56183,26675501.799979024,0
56184,26674213.32637998,0
56185,26672924.94112069,0
56186,26671636.642266944,0
56187,26670348.428762056,0
56188,26669060.29788362,0
56189,26667772.257089645,0
56190,26666484.300851673,0
56191,26665196.429431986,0
56192,26663908.644846655,0
56193,26662620.945757255,0
56194,26661333.333766334,0
56195,26660045.808111798,0
56196,26658758.368316114,0
56197,26657471.01662359,0
56198,26656183.748407774,0
56199,26654896.57030942,0
56200,26653609.477665875,0
56201,26652322.47038139,0
56202,26651035.54876449,0
56203,26649748.718657058,0
56204,26648461.971920036,0
56205,26647175.313662503,0
56206,26645888.743365556,0
56207,26644602.260188956,0
56208,26643315.86084815,0
56209,26642029.553418547,0
56210,26640743.333709083,0
56211,26639457.196559094,0
56212,26638171.15106222,0
56213,26636885.19199443,0
56214,26635599.322484143,0
56215,26634313.537602775,0
56216,26633027.842336614,0
56217,26631742.237853754,0
56218,26630456.718515128,0
56219,26629171.286564507,0
56220,26627885.945455283,0
56221,26626600.6903931,0
56222,26625315.527205825,0
56223,26624030.44970715,0
56224,26622745.460475557,0
56225,26621460.561066687,0
56226,26620175.75041882,0
56227,26618891.027887948,0
56228,26617606.397320874,0
56229,26616321.853174206,0
56230,26615037.396731433,0
56231,26613753.031110417,0
56232,26612468.753844045,0
56233,26611184.56767737,0
56234,26609900.470606394,0
56235,26608616.463064775,0
56236,26607332.542320278,0
56237,26606048.712510023,0
56238,26604764.973890606,0
56239,26603481.32596067,0
56240,26602197.76575045,0
56241,26600914.297137696,0
56242,26599630.916579194,0
56243,26598347.62866555,0
56244,26597064.426175453,0
56245,26595781.316259973,0
56246,26594498.301449854,0
56247,26593215.371083107,0
56248,26591932.534313735,0
56249,26590649.787201736,0
56250,26589367.130958263,0
56251,26588084.56447366,0
56252,26586802.08914222,0
56253,26585519.70511863,0
56254,26584237.413799156,0
56255,26582955.21207945,0
56256,26581673.100316685,0
56257,26580391.08045403,0
56258,26579109.15340761,0
56259,26577827.314528346,0
56260,26576545.572592422,0
56261,26575263.917268414,0
56262,26573982.354449246,0
56263,26572700.88492943,0
56264,26571419.505997904,0
56265,26570138.218725707,0
56266,26568857.021658234,0
56267,26567575.92103044,0
56268,26566294.911238253,0
56269,26565013.99056066,0
56270,26563733.16565733,0
56271,26562452.43145851,0
56272,26561171.78922099,0
56273,26559891.23989986,0
56274,26558610.783656288,0
56275,26557330.41952163,0
56276,26556050.149727255,0
56277,26554769.970333576,0
56278,26553489.884482797,0
56279,26552209.892198768,0
56280,26550929.99225086,0
56281,26549650.182977892,0
56282,26548370.471650284,0
56283,26547090.85112704,0
56284,26545811.32540389,0
56285,26544531.891276803,0
56286,26543252.552688967,0
56287,26541973.30552631,0
56288,26540694.155158386,0
56289,26539415.096366234,0
56290,26538136.128345475,0
56291,26536857.259090174,0
56292,26535578.48125797,0
56293,26534299.798980292,0
56294,26533021.210457634,0
56295,26531742.713947482,0
56296,26530464.31389892,0
56297,26529186.00803901,0
56298,26527907.796800107,0
56299,26526629.67981864,0
56300,26525351.65873136,0
56301,26524073.730433434,0
56302,26522795.896377083,0
56303,26521518.15880508,0
56304,26520240.513548996,0
56305,26518962.969728064,0
56306,26517685.514590073,0
56307,26516408.157580417,0
56308,26515130.89462721,0
56309,26513853.72635278,0
56310,26512576.651948545,0
56311,26511299.677179094,0
56312,26510022.79704032,0
56313,26508746.011318147,0
56314,26507469.322568364,0
56315,26506192.727573913,0
56316,26504916.231321435,0
56317,26503639.826256953,0
56318,26502363.521683317,0
56319,26501087.31007563,0
56320,26499811.198125515,0
56321,26498535.17881118,0
56322,26497259.256484564,0
56323,26495983.43183373,0
56324,26494707.70440694,0
56325,26493432.074554596,0
56326,26492156.53849034,0
56327,26490881.099662792,0
56328,26489605.757409737,0
56329,26488330.511477284,0
56330,26487055.363747362,0
56331,26485780.313230705,0
56332,26484505.35934601,0
56333,26483230.50271902,0
56334,26481955.74307119,0
56335,26480681.082012746,0
56336,26479406.516654547,0
56337,26478132.05142954,0
56338,26476857.681882337,0
56339,26475583.409473177,0
56340,26474309.23519553,0
56341,26473035.156799678,0
56342,26471761.18216658,0
56343,26470487.299077712,0
56344,26469213.517673995,0
56345,26467939.833349396,0
56346,26466666.24530424,0
56347,26465392.75781722,0
56348,26464119.36929088,0
56349,26462846.076220747,0
56350,26461572.885054957,0
56351,26460299.788708024,0
56352,26459026.795730975,0
56353,26457753.900450315,0
56354,26456481.101241168,0
56355,26455208.40084054,0
56356,26453935.801780522,0
56357,26452663.30202505,0
56358,26451390.89977775,0
56359,26450118.597465992,0
56360,26448846.393524498,0
56361,26447574.28897081,0
56362,26446302.285336424,0
56363,26445030.38026551,0
56364,26443758.57580091,0
56365,26442486.868547134,0
56366,26441215.263053544,0
56367,26439943.756669365,0
56368,26438672.352797765,0
56369,26437401.04345686,0
56370,26436129.837565523,0
56371,26434858.730864648,0
56372,26433587.72720687,0
56373,26432316.82164831,0
56374,26431046.014784556,0
56375,26429775.311359186,0
56376,26428504.70619226,0
56377,26427234.20285246,0
56378,26425963.79811491,0
56379,26424693.496980753,0
56380,26423423.29722896,0
56381,26422153.19627609,0
56382,26420883.19602808,0
56383,26419613.29765733,0
56384,26418343.501759302,0
56385,26417073.803945858,0
56386,26415804.20762316,0
56387,26414534.71599075,0
56388,26413265.322641637,0
56389,26411996.032665398,0
56390,26410726.843355387,0
56391,26409457.755265128,0
56392,26408188.770773303,0
56393,26406919.887753516,0
56394,26405651.105755277,0
56395,26404382.425711468,0
56396,26403113.84730811,0
56397,26401845.370266233,0
56398,26400576.998510536,0
56399,26399308.728038248,0
56400,26398040.556621492,0
56401,26396772.49245698,0
56402,26395504.528697107,0
56403,26394236.666746475,0
56404,26392968.909969024,0
56405,26391701.25445543,0
56406,26390433.702460088,0
56407,26389166.25066151,0
56408,26387898.905010898,0
56409,26386631.658992603,0
56410,26385364.518672865,0
56411,26384097.482172277,0
56412,26382830.546578933,0
56413,26381563.7161852,0
56414,26380296.989746448,0
56415,26379030.364984214,0
56416,26377763.843754698,0
56417,26376497.427446317,0
56418,26375231.11487827,0
56419,26373964.906686008,0
56420,26372698.80062808,0
56421,26371432.79734301,0
56422,26370166.903478537,0
56423,26368901.110375855,0
56424,26367635.419917606,0
56425,26366369.835393872,0
56426,26365104.357790228,0
56427,26363838.980555106,0
56428,26362573.710427087,0
56429,26361308.5424552,0
56430,26360043.481954586,0
56431,26358778.523277674,0
56432,26357513.672351677,0
56433,26356248.924919385,0
56434,26354984.280111793,0
56435,26353719.744971607,0
56436,26352455.311934117,0
56437,26351190.98676124,0
56438,26349926.76420581,0
56439,26348662.647389073,0
56440,26347398.638260853,0
56441,26346134.72946077,0
56442,26344870.933506023,0
56443,26343607.23933815,0
56444,26342343.648702625,0
56445,26341080.167432383,0
56446,26339816.790379487,0
56447,26338553.516733892,0
56448,26337290.35448375,0
56449,26336027.294833977,0
56450,26334764.342450492,0
56451,26333501.49750816,0
56452,26332238.75788733,0
56453,26330976.126132287,0
56454,26329713.5974505,0
56455,26328451.177680135,0
56456,26327188.865975954,0
56457,26325926.65769653,0
56458,26324664.557452895,0
56459,26323402.565799125,0
56460,26322140.67941577,0
56461,26320878.899970733,0
56462,26319617.22889953,0
56463,26318355.66202767,0
56464,26317094.205264658,0
56465,26315832.857763544,0
56466,26314571.61007303,0
56467,26313310.477276668,0
56468,26312049.449183896,0
56469,26310788.530508086,0
56470,26309527.71883975,0
56471,26308267.014943555,0
56472,26307006.416908115,0
56473,26305745.92783375,0
56474,26304485.546775457,0
56475,26303225.275853,0
56476,26301965.113694895,0
56477,26300705.05500257,0
56478,26299445.107877262,0
56479,26298185.268856082,0
56480,26296925.537555892,0
56481,26295665.917224787,0
56482,26294406.403473493,0
56483,26293146.99826082,0
56484,26291887.7023731,0
56485,26290628.513564862,0
56486,26289369.434883095,0
56487,26288110.466153756,0
56488,26286851.60700667,0
56489,26285592.855467692,0
56490,26284334.214674067,0
56491,26283075.681848336,0
56492,26281817.25743418,0
56493,26280558.946521677,0
56494,26279300.74082673,0
56495,26278042.64780701,0
56496,26276784.661556955,0
56497,26275526.786684304,0
56498,26274269.02164976,0
56499,26273011.366088647,0
56500,26271753.82105833,0
56501,26270496.38787215,0
56502,26269239.061744615,0
56503,26267981.848429568,0
56504,26266724.74390345,0
56505,26265467.75078189,0
56506,26264210.865441214,0
56507,26262954.094611686,0
56508,26261697.430344988,0
56509,26260440.876892798,0
56510,26259184.43896977,0
56511,26257928.10788408,0
56512,26256671.891149767,0
56513,26255415.781828087,0
56514,26254159.78438097,0
56515,26252903.898744162,0
56516,26251648.123334512,0
56517,26250392.462093737,0
56518,26249136.907802593,0
56519,26247881.468194388,0
56520,26246626.13780699,0
56521,26245370.921112377,0
56522,26244115.81402374,0
56523,26242860.821380015,0
56524,26241605.938922822,0
56525,26240351.16900474,0
56526,26239096.510488525,0
56527,26237841.9636559,0
56528,26236587.531389866,0
56529,26235333.207248125,0
56530,26234078.99748935,0
56531,26232824.8998917,0
56532,26231570.915124476,0
56533,26230317.042074166,0
56534,26229063.281998966,0
56535,26227809.635770105,0
56536,26226556.100339454,0
56537,26225302.67960581,0
56538,26224049.367691204,0
56539,26222796.175085615,0
56540,26221543.091455344,0
56541,26220290.12060063,0
56542,26219037.26383627,0
56543,26217784.52106108,0
56544,26216531.88922056,0
56545,26215279.373506833,0
56546,26214026.970315095,0
56547,26212774.678352483,0
56548,26211522.50460105,0
56549,26210270.440452516,0
56550,26209018.49420944,0
56551,26207766.659631245,0
56552,26206514.938890416,0
56553,26205263.33013904,0
56554,26204011.83727648,0
56555,26202760.456932835,0
56556,26201509.195105165,0
56557,26200258.042726725,0
56558,26199007.006966103,0
56559,26197756.086735625,0
56560,26196505.279076874,0
56561,26195254.58695809,0
56562,26194004.010372944,0
56563,26192753.548356906,0
56564,26191503.199982926,0
56565,26190252.966494016,0
56566,26189002.849280555,0
56567,26187752.84513302,0
56568,26186502.956467893,0
56569,26185253.183405787,0
56570,26184003.527176343,0
56571,26182753.983312644,0
56572,26181504.5579684,0
56573,26180255.245888006,0
56574,26179006.049740728,0
56575,26177756.969625972,0
56576,26176508.007063895,0
56577,26175259.156647723,0
56578,26174010.424496822,0
56579,26172761.807516728,0
56580,26171513.308267087,0
56581,26170264.924056493,0
56582,26169016.654899556,0
56583,26167768.501324385,0
56584,26166520.466062944,0
56585,26165272.54521743,0
56586,26164024.743204292,0
56587,26162777.054638308,0
56588,26161529.486641437,0
56589,26160282.033045407,0
56590,26159034.696993884,0
56591,26157787.476825878,0
56592,26156540.374865245,0
56593,26155293.387440015,0
56594,26154046.520189,0
56595,26152799.7682639,0
56596,26151553.134444546,0
56597,26150306.61735396,0
56598,26149060.215440616,0
56599,26147813.934532188,0
56600,26146567.76797374,0
56601,26145321.722999297,0
56602,26144075.791336924,0
56603,26142829.979884885,0
56604,26141584.286355972,0
56605,26140338.71062334,0
56606,26139093.251949705,0
56607,26137847.912058905,0
56608,26136602.689116087,0
56609,26135357.585327696,0
56610,26134112.597540576,0
56611,26132867.732875228,0
56612,26131622.982491765,0
56613,26130378.35175247,0
56614,26129133.84205996,0
56615,26127889.443968922,0
56616,26126645.172016088,0
56617,26125401.013686422,0
56618,26124156.97910781,0
56619,26122913.059821744,0
56620,26121669.2583237,0
56621,26120425.58214277,0
56622,26119182.018692072,0
56623,26117938.57906528,0
56624,26116695.254557043,0
56625,26115452.051837016,0
56626,26114208.966215592,0
56627,26112966.004623972,0
56628,26111723.158901684,0
56629,26110480.434035376,0
56630,26109237.828957137,0
56631,26107995.341852125,0
56632,26106752.978510812,0
56633,26105510.731521223,0
56634,26104268.608664192,0
56635,26103026.6002667,0
56636,26101784.714900855,0
56637,26100542.948718593,0
56638,26099301.303560674,0
56639,26098059.781539213,0
56640,26096818.377671737,0
56641,26095577.092529815,0
56642,26094335.930310432,0
56643,26093094.88920781,0
56644,26091853.96678887,0
56645,26090613.16634797,0
56646,26089372.486218084,0
56647,26088131.926723547,0
56648,26086891.49005793,0
56649,26085651.174958423,0
56650,26084410.97719283,0
56651,26083170.904472232,0
56652,26081930.951023173,0
56653,26080691.11890811,0
56654,26079451.410541847,0
56655,26078211.822140343,0
56656,26076972.355296154,0
56657,26075733.01153188,0
56658,26074493.78847289,0
56659,26073254.685405444,0
56660,26072015.70589297,0
56661,26070776.847226273,0
56662,26069538.11492172,0
56663,26068299.500204124,0
56664,26067061.008784086,0
56665,26065822.639875803,0
56666,26064584.393658854,0
56667,26063346.272595525,0
56668,26062108.270493038,0
56669,26060870.389458627,0
56670,26059632.63351811,0
56671,26058395.00184705,0
56672,26057157.49028202,0
56673,26055920.103506748,0
56674,26054682.84073241,0
56675,26053445.698702894,0
56676,26052208.677482925,0
56677,26050971.78292394,0
56678,26049735.012174647,0
56679,26048498.36437892,0
56680,26047261.837146953,0
56681,26046025.43652964,0
56682,26044789.157444242,0
56683,26043553.00500816,0
56684,26042316.972927403,0
56685,26041081.06492572,0
56686,26039845.280276455,0
56687,26038609.621273022,0
56688,26037374.084356904,0
56689,26036138.675759308,0
56690,26034903.38888836,0
56691,26033668.225877378,0
56692,26032433.185761865,0
56693,26031198.273220167,0
56694,26029963.483510155,0
56695,26028728.815742955,0
56696,26027494.276639704,0
56697,26026259.859289028,0
56698,26025025.56702734,0
56699,26023791.401977114,0
56700,26022557.357590973,0
56701,26021323.440296765,0
56702,26020089.649375156,0
56703,26018855.982610803,0
56704,26017622.43941513,0
56705,26016389.024992127,0
56706,26015155.732460722,0
56707,26013922.566041153,0
56708,26012689.527551707,0
56709,26011456.61153919,0
56710,26010223.82368047,0
56711,26008991.15939692,0
56712,26007758.620787695,0
56713,26006526.209937457,0
56714,26005293.92299224,0
56715,26004061.76223576,0
56716,26002829.72847467,0
56717,26001597.820311178,0
56718,26000366.03664563,0
56719,25999134.38431302,0
56720,25997902.85255161,0
56721,25996671.449487634,0
56722,25995440.171018362,0
56723,25994209.022811517,0
56724,25992977.99936682,0
56725,25991747.101234302,0
56726,25990516.331283186,0
56727,25989285.68818417,0
56728,25988055.172443636,0
56729,25986824.783574264,0
56730,25985594.52079967,0
56731,25984364.38609898,0
56732,25983134.378429364,0
56733,25981904.49751154,0
56734,25980674.743876405,0
56735,25979445.117743097,0
56736,25978215.619165547,0
56737,25976986.247694716,0
56738,25975757.003765285,0
56739,25974527.8886064,0
56740,25973298.901390295,0
56741,25972070.04125763,0
56742,25970841.308898695,0
56743,25969612.70367627,0
56744,25968384.22774784,0
56745,25967155.879688922,0
56746,25965927.65942842,0
56747,25964699.569332186,0
56748,25963471.603341445,0
56749,25962243.77236105,0
56750,25961016.06605531,0
56751,25959788.486231312,0
56752,25958561.037416026,0
56753,25957333.717391275,0
56754,25956106.524089325,0
56755,25954879.46256595,0
56756,25953652.52938651,0
56757,25952425.72132392,0
56758,25951199.045807254,0
56759,25949972.501253583,0
56760,25948746.08269491,0
56761,25947519.794318125,0
56762,25946293.635467477,0
56763,25945067.605179697,0
56764,25943841.70590257,0
56765,25942615.93456451,0
56766,25941390.296403643,0
56767,25940164.784148064,0
56768,25938939.402823,0
56769,25937714.151938356,0
56770,25936489.03254271,0
56771,25935264.037178133,0
56772,25934039.174935725,0
56773,25932814.445435606,0
56774,25931589.842540722,0
56775,25930365.373214595,0
56776,25929141.03396995,0
56777,25927916.824593823,0
56778,25926692.741970368,0
56779,25925468.793634824,0
56780,25924244.9766269,0
56781,25923021.28941785,0
56782,25921797.732661933,0
56783,25920574.307371937,0
56784,25919351.011601236,0
56785,25918127.846730378,0
56786,25916904.814963277,0
56787,25915681.91216716,0
56788,25914459.141784795,0
56789,25913236.501716796,0
56790,25912013.99442853,0
56791,25910791.61613429,0
56792,25909569.373793714,0
56793,25908347.258319363,0
56794,25907125.276655927,0
56795,25905903.425150417,0
56796,25904681.708376396,0
56797,25903460.121822856,0
56798,25902238.66851284,0
56799,25901017.344518647,0
56800,25899796.15496154,0
56801,25898575.096464112,0
56802,25897354.169340268,0
56803,25896133.377583697,0
56804,25894912.715731893,0
56805,25893692.1870283,0
56806,25892471.79135887,0
56807,25891251.52665089,0
56808,25890031.395070776,0
56809,25888811.397803754,0
56810,25887591.530821107,0
56811,25886371.79776741,0
56812,25885152.19899756,0
56813,25883932.730606046,0
56814,25882713.39868462,0
56815,25881494.196953576,0
56816,25880275.130853646,0
56817,25879056.19500308,0
56818,25877837.395147607,0
56819,25876618.72512572,0
56820,25875400.194112796,0
56821,25874181.793157265,0
56822,25872963.525102332,0
56823,25871745.39360618,0
56824,25870527.39225222,0
56825,25869309.527656004,0
56826,25868091.795863003,0
56827,25866874.20019271,0
56828,25865656.737148542,0
56829,25864439.406218633,0
56830,25863222.210374407,0
56831,25862005.149929054,0
56832,25860788.224610914,0
56833,25859571.43258477,0
56834,25858354.774746712,0
56835,25857138.251354028,0
56836,25855921.86554561,0
56837,25854705.609737996,0
56838,25853489.490744226,0
56839,25852273.508792598,0
56840,25851057.658350937,0
56841,25849841.945124272,0
56842,25848626.364777725,0
56843,25847410.9223319,0
56844,25846195.6139371,0
56845,25844980.43873566,0
56846,25843765.401312638,0
56847,25842550.49835205,0
56848,25841335.731625184,0
56849,25840121.10220752,0
56850,25838906.604944102,0
56851,25837692.24641425,0
56852,25836478.02149692,0
56853,25835263.932532523,0
56854,25834049.980153684,0
56855,25832836.16313771,0
56856,25831622.483012203,0
56857,25830408.937304247,0
56858,25829195.529090393,0
56859,25827982.256969634,0
56860,25826769.12011356,0
56861,25825556.122044742,0
56862,25824343.259576634,0
56863,25823130.53138392,0
56864,25821917.941408325,0
56865,25820705.488681976,0
56866,25819493.17431381,0
56867,25818280.993271124,0
56868,25817068.949852794,0
56869,25815857.044335,0
56870,25814645.27592466,0
56871,25813433.644679278,0
56872,25812222.149735928,0
56873,25811010.794732645,0
56874,25809799.57424963,0
56875,25808588.492675435,0
56876,25807377.54500598,0
56877,25806166.741068933,0
56878,25804956.07020848,0
56879,25803745.53875591,0
56880,25802535.145484015,0
56881,25801324.887849025,0
56882,25800114.770993207,0
56883,25798904.78635444,0
56884,25797694.945291482,0
56885,25796485.23927297,0
56886,25795275.675020874,0
56887,25794066.24664581,0
56888,25792856.955642883,0
56889,25791647.807447378,0
56890,25790438.79189637,0
56891,25789229.915544786,0
56892,25788021.182509586,0
56893,25786812.58525688,0
56894,25785604.125536893,0
56895,25784395.807053342,0
56896,25783187.62442675,0
56897,25781979.583005253,0
56898,25780771.680864915,0
56899,25779563.917517703,0
56900,25778356.291634627,0
56901,25777148.80585512,0
56902,25775941.46005817,0
56903,25774734.251167916,0
56904,25773527.18547262,0
56905,25772320.25580231,0
56906,25771113.468534634,0
56907,25769906.819179755,0
56908,25768700.312058672,0
56909,25767493.9414999,0
56910,25766287.714011133,0
56911,25765081.621380135,0
56912,25763875.67341956,0
56913,25762669.864234563,0
56914,25761464.195248045,0
56915,25760258.667710263,0
56916,25759053.27464911,0
56917,25757848.027247537,0
56918,25756642.921791226,0
56919,25755437.951131757,0
56920,25754233.12529233,0
56921,25753028.437317323,0
56922,25751823.890947983,0
56923,25750619.486359295,0
56924,25749415.224802922,0
56925,25748211.09819636,0
56926,25747007.11655902,0
56927,25745803.275123175,0
56928,25744599.575910494,0
56929,25743396.016904693,0
56930,25742192.597900007,0
56931,25740989.317923248,0
56932,25739786.184918206,0
56933,25738583.190747075,0
56934,25737380.34075408,0
56935,25736177.62790669,0
56936,25734975.06139506,0
56937,25733772.63272443,0
56938,25732570.347845953,0
56939,25731368.205221437,0
56940,25730166.200205296,0
56941,25728964.33971091,0
56942,25727762.623767175,0
56943,25726561.048920482,0
56944,25725359.613893922,0
56945,25724158.323463045,0
56946,25722957.175856262,0
56947,25721756.1693838,0
56948,25720555.303793684,0
56949,25719354.58330887,0
56950,25718154.003385488,0
56951,25716953.566845678,0
56952,25715753.276388235,0
56953,25714553.12246025,0
56954,25713353.117246114,0
56955,25712153.25211383,0
56956,25710953.531498328,0
56957,25709753.951835554,0
56958,25708554.51840774,0
56959,25707355.22503314,0
56960,25706156.07800877,0
56961,25704957.071459897,0
56962,25703758.208325665,0
56963,25702559.49157225,0
56964,25701360.916690215,0
56965,25700162.48506625,0
56966,25698964.19705221,0
56967,25697766.05508409,0
56968,25696568.053545643,0
56969,25695370.19787168,0
56970,25694172.48748233,0
56971,25692974.919038378,0
56972,25691777.493718844,0
56973,25690580.215365015,0
56974,25689383.081653792,0
56975,25688186.0902458,0
56976,25686989.2440974,0
56977,25685792.54262762,0
56978,25684595.985541865,0
56979,25683399.572543345,0
56980,25682203.301131297,0
56981,25681007.181195248,0
56982,25679811.202353153,0
56983,25678615.369415686,0
56984,25677419.681933526,0
56985,25676224.13630801,0
56986,25675028.73906791,0
56987,25673833.486263007,0
56988,25672638.37750455,0
56989,25671443.413841475,0
56990,25670248.596660107,0
56991,25669053.925988432,0
56992,25667859.399075698,0
56993,25666665.017023962,0
56994,25665470.783060536,0
56995,25664276.693184637,0
56996,25663082.751648325,0
56997,25661888.951687038,0
56998,25660695.3027882,0
56999,25659501.797717568,0
57000,25658308.435069323,0
57001,25657115.221578605,0
57002,25655922.15571744,0
57003,25654729.234706193,0
57004,25653536.458313856,0
57005,25652343.829954576,0
57006,25651151.348023046,0
57007,25649959.012203902,0
57008,25648766.825176943,0
57009,25647574.782307956,0
57010,25646382.886059787,0
57011,25645191.138296098,0
57012,25643999.53618155,0
57013,25642808.084342,0
57014,25641616.773886815,0
57015,25640425.61425961,0
57016,25639234.60049278,0
57017,25638043.733669136,0
57018,25636853.015312955,0
57019,25635662.443495445,0
57020,25634472.02161146,0
57021,25633281.742362905,0
57022,25632091.610752195,0
57023,25630901.634078786,0
57024,25629711.797610715,0
57025,25628522.11220529,0
57026,25627332.57340944,0
57027,25626143.183092635,0
57028,25624953.940283176,0
57029,25623764.845149558,0
57030,25622575.900292657,0
57031,25621387.103558384,0
57032,25620198.451675497,0
57033,25619009.95241678,0
57034,25617821.60120036,0
57035,25616633.39458412,0
57036,25615445.336839993,0
57037,25614257.431147423,0
57038,25613069.672869086,0
57039,25611882.063101273,0
57040,25610694.600657094,0
57041,25609507.288600788,0
57042,25608320.12529591,0
57043,25607133.110487483,0
57044,25605946.244700994,0
57045,25604759.527366906,0
57046,25603572.961776678,0
57047,25602386.54236403,0
57048,25601200.27690874,0
57049,25600014.15446933,0
57050,25598828.186178766,0
57051,25597642.363897514,0
57052,25596456.69409655,0
57053,25595271.173049375,0
57054,25594085.80107129,0
57055,25592900.58046637,0
57056,25591715.50987318,0
57057,25590530.58767479,0
57058,25589345.81752947,0
57059,25588161.193891827,0
57060,25586976.724147275,0
57061,25585792.401691515,0
57062,25584608.23252233,0
57063,25583424.211627975,0
57064,25582240.3417189,0
57065,25581056.620883092,0
57066,25579873.05325707,0
57067,25578689.63176308,0
57068,25577506.366044145,0
57069,25576323.248657756,0
57070,25575140.283089377,0
57071,25573957.466797054,0
57072,25572774.801455017,0
57073,25571592.287929676,0
57074,25570409.926675625,0
57075,25569227.715243984,0
57076,25568045.656395696,0
57077,25566863.747812524,0
57078,25565681.989578933,0
57079,25564500.38364889,0
57080,25563318.93026684,0
57081,25562137.62609039,0
57082,25560956.474885546,0
57083,25559775.474209722,0
57084,25558594.62860933,0
57085,25557413.93166194,0
57086,25556233.388799362,0
57087,25555052.994323123,0
57088,25553872.754930284,0
57089,25552692.668350328,0
57090,25551512.731871046,0
57091,25550332.94672743,0
57092,25549153.317490894,0
57093,25547973.836280387,0
57094,25546794.51185607,0
57095,25545615.33598441,0
57096,25544436.316671472,0
57097,25543257.446695752,0
57098,25542078.730743617,0
57099,25540900.166895945,0
57100,25539721.756469745,0
57101,25538543.498764597,0
57102,25537365.394648224,0
57103,25536187.44216872,0
57104,25535009.645078164,0
57105,25533831.997425716,0
57106,25532654.50679714,0
57107,25531477.16757068,0
57108,25530299.982672118,0
57109,25529122.949420784,0
57110,25527946.07098606,0
57111,25526769.345893893,0
57112,25525592.772908088,0
57113,25524416.35676181,0
57114,25523240.0956443,0
57115,25522063.983819026,0
57116,25520888.025161162,0
57117,25519712.22183405,0
57118,25518536.575409226,0
57119,25517361.082258377,0
57120,25516185.741116513,0
57121,25515010.557253134,0
57122,25513835.52308768,0
57123,25512660.646958657,0
57124,25511485.923919033,0
57125,25510311.35654781,0
57126,25509136.942966282,0
57127,25507962.68433268,0
57128,25506788.578691933,0
57129,25505614.630506042,0
57130,25504440.834852625,0
57131,25503267.19602014,0
57132,25502093.711272664,0
57133,25500920.37993005,0
57134,25499747.2044691,0
57135,25498574.18573678,0
57136,25497401.32213903,0
57137,25496228.6105501,0
57138,25495056.05782486,0
57139,25493883.660690885,0
57140,25492711.41459931,0
57141,25491539.328888517,0
57142,25490367.397667926,0
57143,25489195.622244727,0
57144,25488024.001808863,0
57145,25486852.537451643,0
57146,25485681.227934845,0
57147,25484510.078500807,0
57148,25483339.079608105,0
57149,25482168.237883855,0
57150,25480997.556645084,0
57151,25479827.026675835,0
57152,25478656.654464137,0
57153,25477486.440929826,0
57154,25476316.38072487,0
57155,25475146.478886448,0
57156,25473976.732106987,0
57157,25472807.142914526,0
57158,25471637.709702134,0
57159,25470468.433544207,0
57160,25469299.319105502,0
57161,25468130.35255987,0
57162,25466961.54662298,0
57163,25465792.90092419,0
57164,25464624.40884402,0
57165,25463456.074520398,0
57166,25462287.897148114,0
57167,25461119.87763596,0
57168,25459952.01549075,0
57169,25458784.312075343,0
57170,25457616.76331193,0
57171,25456449.374862332,0
57172,25455282.14142509,0
57173,25454115.066702083,0
57174,25452948.149048176,0
57175,25451781.393176004,0
57176,25450614.789873242,0
57177,25449448.34661488,0
57178,25448282.063229356,0
57179,25447115.934603553,0
57180,25445949.96565864,0
57181,25444784.154328942,0
57182,25443618.500891924,0
57183,25442453.008604173,0
57184,25441287.670082644,0
57185,25440122.493089546,0
57186,25438957.474377763,0
57187,25437792.61508137,0
57188,25436627.91314183,0
57189,25435463.368340284,0
57190,25434298.988348912,0
57191,25433134.761468563,0
57192,25431970.693809066,0
57193,25430806.78730424,0
57194,25429643.0389337,0
57195,25428479.448882706,0
57196,25427316.019508544,0
57197,25426152.748663206,0
57198,25424989.637798324,0
57199,25423826.68459702,0
57200,25422663.8921077,0
57201,25421501.258337624,0
57202,25420338.78444112,0
57203,25419176.47006599,0
57204,25418014.315690525,0
57205,25416852.321452156,0
57206,25415690.48693214,0
57207,25414528.81331867,0
57208,25413367.297037244,0
57209,25412205.942211784,0
57210,25411044.74746916,0
57211,25409883.713085193,0
57212,25408722.84042237,0
57213,25407562.124220777,0
57214,25406401.57138647,0
57215,25405241.177815296,0
57216,25404080.94464776,0
57217,25402920.87129257,0
57218,25401760.961049248,0
57219,25400601.207549755,0
57220,25399441.618144568,0
57221,25398282.18911815,0
57222,25397122.920799684,0
57223,25395963.81340756,0
57224,25394804.86801368,0
57225,25393646.081616234,0
57226,25392487.45664808,0
57227,25391328.992830835,0
57228,25390170.690788187,0
57229,25389012.549250003,0
57230,25387854.568936914,0
57231,25386696.751882765,0
57232,25385539.0979611,0
57233,25384381.601294093,0
57234,25383224.26834478,0
57235,25382067.098467097,0
57236,25380910.08515827,0
57237,25379753.23941066,0
57238,25378596.55300225,0
57239,25377440.03046897,0
57240,25376283.66884388,0
57241,25375127.469072785,0
57242,25373971.43238616,0
57243,25372815.55604056,0
57244,25371659.842639036,0
57245,25370504.294086523,0
57246,25369348.901212297,0
57247,25368193.679716688,0
57248,25367038.615986846,0
57249,25365883.713443097,0
57250,25364728.97491334,0
57251,25363574.399737637,0
57252,25362419.987694137,0
57253,25361265.739641424,0
57254,25360111.649380784,0
57255,25358957.73026431,0
57256,25357803.967729606,0
57257,25356650.371516634,0
57258,25355496.934917275,0
57259,25354343.665939618,0
57260,25353190.55799826,0
57261,25352037.61396186,0
57262,25350884.831947457,0
57263,25349732.215017427,0
57264,25348579.7605095,0
57265,25347427.47250107,0
57266,25346275.34678417,0
57267,25345123.383204993,0
57268,25343971.581565034,0
57269,25342819.950827688,0
57270,25341668.47878573,0
57271,25340517.169241067,0
57272,25339366.02751843,0
57273,25338215.049655784,0
57274,25337064.23642244,0
57275,25335913.585404504,0
57276,25334763.09989305,0
57277,25333612.780471835,0
57278,25332462.624002177,0
57279,25331312.631567203,0
57280,25330162.801394682,0
57281,25329013.141060703,0
57282,25327863.641463883,0
57283,25326714.310532443,0
57284,25325565.14032329,0
57285,25324416.13770245,0
57286,25323267.298459124,0
57287,25322118.624810524,0
57288,25320970.115606,0
57289,25319821.77396351,0
57290,25318673.59571844,0
57291,25317525.58180104,0
57292,25316377.73441354,0
57293,25315230.052304167,0
57294,25314082.537501607,0
57295,25312935.186156366,0
57296,25311788.00107592,0
57297,25310640.98099206,0
57298,25309494.12913441,0
57299,25308347.43833526,0
57300,25307200.91864103,0
57301,25306054.562826436,0
57302,25304908.37152727,0
57303,25303762.346473206,0
57304,25302616.490525797,0
57305,25301470.79976546,0
57306,25300325.27503572,0
57307,25299179.914948277,0
57308,25298034.721101094,0
57309,25296889.696291592,0
57310,25295744.836505596,0
57311,25294600.14332059,0
57312,25293455.615758102,0
57313,25292311.25759908,0
57314,25291167.06460573,0
57315,25290023.040539514,0
57316,25288879.179079607,0
57317,25287735.488535374,0
57318,25286591.963110305,0
57319,25285448.60374239,0
57320,25284305.41406096,0
57321,25283162.388392907,0
57322,25282019.532621205,0
57323,25280876.843262553,0
57324,25279734.322036974,0
57325,25278591.966060888,0
57326,25277449.783272993,0
57327,25276307.76217858,0
57328,25275165.911943823,0
57329,25274024.227803487,0
57330,25272882.711478565,0
57331,25271741.362519007,0
57332,25270600.182845183,0
57333,25269459.171466943,0
57334,25268318.327214785,0
57335,25267177.650809016,0
57336,25266037.143358756,0
57337,25264896.80500286,0
57338,25263756.634210307,0
57339,25262616.629317604,0
57340,25261476.795176633,0
57341,25260337.13032943,0
57342,25259197.632556677,0
57343,25258058.303570658,0
57344,25256919.144750133,0
57345,25255780.15264037,0
57346,25254641.328260183,0
57347,25253502.67537454,0
57348,25252364.189729456,0
57349,25251225.875416584,0
57350,25250087.7275245,0
57351,25248949.749462858,0
57352,25247811.940717384,0
57353,25246674.305545907,0
57354,25245536.832288,0
57355,25244399.532795377,0
57356,25243262.402056806,0
57357,25242125.44049404,0
57358,25240988.64892767,0
57359,25239852.025804434,0
57360,25238715.572630115,0
57361,25237579.290274028,0
57362,25236443.177039295,0
57363,25235307.233523816,0
57364,25234171.46068758,0
57365,25233035.85598753,0
57366,25231900.42303464,0
57367,25230765.15865,0
57368,25229630.066652074,0
57369,25228495.143423453,0
57370,25227360.39258747,0
57371,25226225.80790866,0
57372,25225091.397165924,0
57373,25223957.15588054,0
57374,25222823.086395103,0
57375,25221689.184386015,0
57376,25220555.45628516,0
57377,25219421.897722546,0
57378,25218288.51073589,0
57379,25217155.291993875,0
57380,25216022.24550856,0
57381,25214889.372251254,0
57382,25213756.666397013,0
57383,25212624.13440245,0
57384,25211491.773,0
57385,25210359.583410192,0
57386,25209227.56211319,0
57387,25208095.715586305,0
57388,25206964.03956514,0
57389,25205832.533826225,0
57390,25204701.201031514,0
57391,25203570.04059597,0
57392,25202439.049195778,0
57393,25201308.23107511,0
57394,25200177.585863356,0
57395,25199047.110162944,0
57396,25197916.80904946,0
57397,25196786.675391644,0
57398,25195656.718126547,0
57399,25194526.93265915,0
57400,25193397.316821575,0
57401,25192267.87520177,0
57402,25191138.60689388,0
57403,25190009.507411525,0
57404,25188880.58364767,0
57405,25187751.83137579,0
57406,25186623.250717003,0
57407,25185494.843300734,0
57408,25184366.60752722,0
57409,25183238.547307547,0
57410,25182110.656141452,0
57411,25180982.941463035,0
57412,25179855.397148054,0
57413,25178728.026846845,0
57414,25177600.829657763,0
57415,25176473.80608012,0
57416,25175346.95603008,0
57417,25174220.276694715,0
57418,25173093.771268085,0
57419,25171967.439304553,0
57420,25170841.284073003,0
57421,25169715.2987321,0
57422,25168589.487505168,0
57423,25167463.85057346,0
57424,25166338.38771951,0
57425,25165213.0967021,0
57426,25164087.980388526,0
57427,25162963.037531655,0
57428,25161838.269455686,0
57429,25160713.67585132,0
57430,25159589.256961357,0
57431,25158465.00915978,0
57432,25157340.937862966,0
57433,25156217.04087504,0
57434,25155093.316555966,0
57435,25153969.768908627,0
57436,25152846.39216191,0
57437,25151723.191556346,0
57438,25150600.16547222,0
57439,25149477.31656962,0
57440,25148354.639164347,0
57441,25147232.13455875,0
57442,25146109.8109684,0
57443,25144987.657024816,0
57444,25143865.67921406,0
57445,25142743.877112474,0
57446,25141622.24815689,0
57447,25140500.79690762,0
57448,25139379.519131932,0
57449,25138258.417006303,0
57450,25137137.491508882,0
57451,25136016.738787476,0
57452,25134896.16303328,0
57453,25133775.762584038,0
57454,25132655.538024712,0
57455,25131535.4887372,0
57456,25130415.613496494,0
57457,25129295.91480143,0
57458,25128176.39452819,0
57459,25127057.04329651,0
57460,25125937.875865456,0
57461,25124818.87990511,0
57462,25123700.06166166,0
57463,25122581.41822591,0
57464,25121462.952673405,0
57465,25120344.66119181,0
57466,25119226.544967372,0
57467,25118108.60683384,0
57468,25116990.846353024,0
57469,25115873.261861656,0
57470,25114755.85372579,0
57471,25113638.61945323,0
57472,25112521.562215667,0
57473,25111404.685823753,0
57474,25110287.98312272,0
57475,25109171.45769413,0
57476,25108055.107763924,0
57477,25106938.938276622,0
57478,25105822.94145145,0
57479,25104707.124785725,0
57480,25103591.484050017,0
57481,25102476.020768296,0
57482,25101360.733126044,0
57483,25100245.62386837,0
57484,25099130.693895373,0
57485,25098015.9392357,0
57486,25096901.36210969,0
57487,25095786.963503353,0
57488,25094672.74089428,0
57489,25093558.695990127,0
57490,25092444.83037893,0
57491,25091331.141565915,0
57492,25090217.630659766,0
57493,25089104.296244703,0
57494,25087991.141027544,0
57495,25086878.165761396,0
57496,25085765.365663696,0
57497,25084652.74291646,0
57498,25083540.30071298,0
57499,25082428.036228064,0
57500,25081315.95237411,0
57501,25080204.04337695,0
57502,25079092.313997913,0
57503,25077980.76262559,0
57504,25076869.38947578,0
57505,25075758.197449744,0
57506,25074647.182157688,0
57507,25073536.34433656,0
57508,25072425.688759405,0
57509,25071315.209259365,0
57510,25070204.90771874,0
57511,25069094.787304655,0
57512,25067984.845264893,0
57513,25066875.083067756,0
57514,25065765.49759108,0
57515,25064656.093780976,0
57516,25063546.870008815,0
57517,25062437.821678188,0
57518,25061328.956500247,0
57519,25060220.268347055,0
57520,25059111.762864333,0
57521,25058003.43423476,0
57522,25056895.283986613,0
57523,25055787.315657325,0
57524,25054679.52770163,0
57525,25053571.916171227,0
57526,25052464.488031145,0
57527,25051357.23888279,0
57528,25050250.171549458,0
57529,25049143.280288123,0
57530,25048036.572226528,0
57531,25046930.04195866,0
57532,25045823.69426251,0
57533,25044717.52333392,0
57534,25043611.53587264,0
57535,25042505.728597812,0
57536,25041400.1014574,0
57537,25040294.654696785,0
57538,25039189.388239913,0
57539,25038084.302867882,0
57540,25036979.397365283,0
57541,25035874.673325844,0
57542,25034770.128733154,0
57543,25033665.76560216,0
57544,25032561.584515255,0
57545,25031457.583357602,0
57546,25030353.765738793,0
57547,25029250.12804107,0
57548,25028146.66891919,0
57549,25027043.39487768,0
57550,25025940.299619682,0
57551,25024837.385268997,0
57552,25023734.653543867,0
57553,25022632.104554422,0
57554,25021529.732195567,0
57555,25020427.548305206,0
57556,25019325.542417902,0
57557,25018223.71697378,0
57558,25017122.07528374,0
57559,25016020.616648823,0
57560,25014919.33524888,0
57561,25013818.239864074,0
57562,25012717.326190684,0
57563,25011616.593319815,0
57564,25010516.042857476,0
57565,25009415.676505458,0
57566,25008315.487711024,0
57567,25007215.484192878,0
57568,25006115.661545992,0
57569,25005016.02420817,0
57570,25003916.56833378,0
57571,25002817.295574192,0
57572,25001718.205072172,0
57573,25000619.294668358,0
57574,24999520.569730405,0
57575,24998422.028289903,0
57576,24997323.66656655,0
57577,24996225.490031127,0
57578,24995127.496349044,0
57579,24994029.683030494,0
57580,24992932.054634754,0
57581,24991834.612331342,0
57582,24990737.349425316,0
57583,24989640.268907458,0
57584,24988543.373877637,0
57585,24987446.662804294,0
57586,24986350.135898113,0
57587,24985253.790474378,0
57588,24984157.62909518,0
57589,24983061.64973336,0
57590,24981965.85596887,0
57591,24980870.244708836,0
57592,24979774.818404976,0
57593,24978679.574852888,0
57594,24977584.516159277,0
57595,24976489.64131973,0
57596,24975394.950933475,0
57597,24974300.444608707,0
57598,24973206.123099264,0
57599,24972111.98250666,0
57600,24971018.029152207,0
57601,24969924.258388806,0
57602,24968830.67390496,0
57603,24967737.270489816,0
57604,24966644.054500178,0
57605,24965551.02353546,0
57606,24964458.175895892,0
57607,24963365.51301942,0
57608,24962273.03565587,0
57609,24961180.739120625,0
57610,24960088.631046697,0
57611,24958996.709206853,0
57612,24957904.97075957,0
57613,24956813.416916434,0
57614,24955722.050358303,0
57615,24954630.86325356,0
57616,24953539.86624845,0
57617,24952449.05276655,0
57618,24951358.425723836,0
57619,24950267.983108465,0
57620,24949177.725268796,0
57621,24948087.654709853,0
57622,24946997.768481422,0
57623,24945908.068200618,0
57624,24944818.55453753,0
57625,24943729.226930905,0
57626,24942640.079356324,0
57627,24941551.125210494,0
57628,24940462.353105552,0
57629,24939373.766210936,0
57630,24938285.36708589,0
57631,24937197.154890843,0
57632,24936109.12674229,0
57633,24935021.285506517,0
57634,24933933.629971556,0
57635,24932846.161298826,0
57636,24931758.878847066,0
57637,24930671.783470903,0
57638,24929584.87449162,0
57639,24928498.15214322,0
57640,24927411.61472168,0
57641,24926325.266701553,0
57642,24925239.102142747,0
57643,24924153.127685532,0
57644,24923067.336735833,0
57645,24921981.737181358,0
57646,24920896.32031014,0
57647,24919811.091993462,0
57648,24918726.049521945,0
57649,24917641.19595138,0
57650,24916556.52690908,0
57651,24915472.04722665,0
57652,24914387.755219128,0
57653,24913303.65170825,0
57654,24912219.733258694,0
57655,24911135.999533024,0
57656,24910052.457814366,0
57657,24908969.103315648,0
57658,24907885.936889652,0
57659,24906802.955794964,0
57660,24905720.160675094,0
57661,24904637.55750343,0
57662,24903555.142719336,0
57663,24902472.91344372,0
57664,24901390.872589726,0
57665,24900309.020814374,0
57666,24899227.3546938,0
57667,24898145.87922387,0
57668,24897064.591857113,0
57669,24895983.490392532,0
57670,24894902.577546656,0
57671,24893821.8546651,0
57672,24892741.319274046,0
57673,24891660.971514475,0
57674,24890580.815093167,0
57675,24889500.84725487,0
57676,24888421.06602921,0
57677,24887341.47550137,0
57678,24886262.07118868,0
57679,24885182.8576676,0
57680,24884103.829657808,0
57681,24883024.99456395,0
57682,24881946.34732763,0
57683,24880867.888431337,0
57684,24879789.621566188,0
57685,24878711.538074885,0
57686,24877633.649093248,0
57687,24876555.948837116,0
57688,24875478.436317816,0
57689,24874401.112434052,0
57690,24873323.978639938,0
57691,24872247.036880914,0
57692,24871170.281099774,0
57693,24870093.716259405,0
57694,24869017.343254246,0
57695,24867941.157478068,0
57696,24866865.16154454,0
57697,24865789.356814023,0
57698,24864713.741449606,0
57699,24863638.31544679,0
57700,24862563.08018776,0
57701,24861488.032499243,0
57702,24860413.179335527,0
57703,24859338.513789017,0
57704,24858264.038882006,0
57705,24857189.754571483,0
57706,24856115.66071334,0
57707,24855041.75730253,0
57708,24853968.044648163,0
57709,24852894.521180533,0
57710,24851821.19047052,0
57711,24850748.04938984,0
57712,24849675.0988011,0
57713,24848602.339208864,0
57714,24847529.768737096,0
57715,24846457.3909567,0
57716,24845385.204342864,0
57717,24844313.20754382,0
57718,24843241.40174306,0
57719,24842169.788448982,0
57720,24841098.367809433,0
57721,24840027.133885216,0
57722,24838956.093575127,0
57723,24837885.2449059,0
57724,24836814.5884937,0
57725,24835744.12222535,0
57726,24834673.84803724,0
57727,24833603.76688687,0
57728,24832533.873824876,0
57729,24831464.174235452,0
57730,24830394.66826685,0
57731,24829325.349763565,0
57732,24828256.224600956,0
57733,24827187.292317227,0
57734,24826118.553268965,0
57735,24825050.00257367,0
57736,24823981.64556975,0
57737,24822913.482520096,0
57738,24821845.512176096,0
57739,24820777.732210614,0
57740,24819710.144022427,0
57741,24818642.7501753,0
57742,24817575.547053542,0
57743,24816508.536599994,0
57744,24815441.718577433,0
57745,24814375.09441384,0
57746,24813308.6618359,0
57747,24812242.421067085,0
57748,24811176.37516575,0
57749,24810110.5195196,0
57750,24809044.85909407,0
57751,24807979.390866473,0
57752,24806914.11471502,0
57753,24805849.0328013,0
57754,24804784.14398158,0
57755,24803719.44614274,0
57756,24802654.94446205,0
57757,24801590.636802968,0
57758,24800526.51738531,0
57759,24799462.596234284,0
57760,24798398.865526497,0
57761,24797335.330704086,0
57762,24796271.98623363,0
57763,24795208.837992016,0
57764,24794145.88487452,0
57765,24793083.12087278,0
57766,24792020.55382225,0
57767,24790958.179742567,0
57768,24789895.996950828,0
57769,24788834.01318486,0
57770,24787772.219244078,0
57771,24786710.62289695,0
57772,24785649.218259398,0
57773,24784588.007055126,0
57774,24783526.991215024,0
57775,24782466.170830246,0
57776,24781405.54619955,0
57777,24780345.112531003,0
57778,24779284.87288566,0
57779,24778224.82914476,0
57780,24777164.97987487,0
57781,24776105.323978703,0
57782,24775045.863712076,0
57783,24773986.59985448,0
57784,24772927.52776316,0
57785,24771868.65398507,0
57786,24770809.970244635,0
57787,24769751.484678928,0
57788,24768693.195963405,0
57789,24767635.098268263,0
57790,24766577.19753537,0
57791,24765519.492557228,0
57792,24764461.98253069,0
57793,24763404.666703526,0
57794,24762347.546419885,0
57795,24761290.622344557,0
57796,24760233.89279199,0
57797,24759177.359789934,0
57798,24758121.023421977,0
57799,24757064.87852424,0
57800,24756008.930261683,0
57801,24754953.180966932,0
57802,24753897.624347854,0
57803,24752842.265211605,0
57804,24751787.10149112,0
57805,24750732.1327176,0
57806,24749677.361083128,0
57807,24748622.783335336,0
57808,24747568.40582219,0
57809,24746514.222909622,0
57810,24745460.23498898,0
57811,24744406.44339521,0
57812,24743352.849423677,0
57813,24742299.449660834,0
57814,24741246.2475226,0
57815,24740193.243559066,0
57816,24739140.434597183,0
57817,24738087.822095748,0
57818,24737035.40549287,0
57819,24735983.187790878,0
57820,24734931.16322753,0
57821,24733879.338513244,0
57822,24732827.71087688,0
57823,24731776.279222146,0
57824,24730725.042793177,0
57825,24729674.007935494,0
57826,24728623.164968815,0
57827,24727572.521627463,0
57828,24726522.076146733,0
57829,24725471.827592902,0
57830,24724421.774272952,0
57831,24723371.920907952,0
57832,24722322.262209274,0
57833,24721272.804726783,0
57834,24720223.541006673,0
57835,24719174.476763695,0
57836,24718125.60920972,0
57837,24717076.940560378,0
57838,24716028.468137167,0
57839,24714980.19511802,0
57840,24713932.119354878,0
57841,24712884.240337994,0
57842,24711836.56083228,0
57843,24710789.077321157,0
57844,24709741.794259984,0
57845,24708694.709683165,0
57846,24707647.823024552,0
57847,24706601.132301547,0
57848,24705554.641501542,0
57849,24704508.34990183,0
57850,24703462.2551702,0
57851,24702416.359195746,0
57852,24701370.661033757,0
57853,24700325.161513783,0
57854,24699279.862095155,0
57855,24698234.761337794,0
57856,24697189.858933266,0
57857,24696145.15537126,0
57858,24695100.649157576,0
57859,24694056.34121151,0
57860,24693012.23243687,0
57861,24691968.325698473,0
57862,24690924.616690133,0
57863,24689881.102631297,0
57864,24688837.792444695,0
57865,24687794.68140838,0
57866,24686751.76829404,0
57867,24685709.053962007,0
57868,24684666.541823655,0
57869,24683624.227975816,0
57870,24682582.111309715,0
57871,24681540.194127996,0
57872,24680498.47986478,0
57873,24679456.962053366,0
57874,24678415.645347912,0
57875,24677374.53025175,0
57876,24676333.613223907,0
57877,24675292.89431615,0
57878,24674252.37782226,0
57879,24673212.05846041,0
57880,24672171.942518935,0
57881,24671132.024126608,0
57882,24670092.30582483,0
57883,24669052.78905622,0
57884,24668013.4734132,0
57885,24666974.35484289,0
57886,24665935.43969646,0
57887,24664896.72508919,0
57888,24663858.20801232,0
57889,24662819.891943626,0
57890,24661781.778736684,0
57891,24660743.865822807,0
57892,24659706.150635265,0
57893,24658668.6406177,0
57894,24657631.328455172,0
57895,24656594.217120226,0
57896,24655557.307296347,0
57897,24654520.597719237,0
57898,24653484.089777105,0
57899,24652447.78239621,0
57900,24651411.67717425,0
57901,24650375.77268892,0
57902,24649340.06687149,0
57903,24648304.564531773,0
57904,24647269.263682023,0
57905,24646234.163656015,0
57906,24645199.266995274,0
57907,24644164.56741705,0
57908,24643130.07402645,0
57909,24642095.78100273,0
57910,24641061.686788063,0
57911,24640027.798261438,0
57912,24638994.109094325,0
57913,24637960.620513678,0
57914,24636927.33643915,0
57915,24635894.251435965,0
57916,24634861.369741008,0
57917,24633828.69095024,0
57918,24632796.215379916,0
57919,24631763.938284315,0
57920,24630731.865647864,0
57921,24629699.993669048,0
57922,24628668.326864067,0
57923,24627636.860462684,0
57924,24626605.59492362,0
57925,24625574.531723473,0
57926,24624543.67456036,0
57927,24623513.018768094,0
57928,24622482.56429079,0
57929,24621452.312990747,0
57930,24620422.264546923,0
57931,24619392.417707317,0
57932,24618362.77377051,0
57933,24617333.335411955,0
57934,24616304.096327618,0
57935,24615275.061495766,0
57936,24614246.231680438,0
57937,24613217.601608526,0
57938,24612189.17653389,0
57939,24611160.956726924,0
57940,24610132.93773852,0
57941,24609105.121606883,0
57942,24608077.508755445,0
57943,24607050.100100476,0
57944,24606022.895274878,0
57945,24604995.89224751,0
57946,24603969.0927713,0
57947,24602942.49833781,0
57948,24601916.10557559,0
57949,24600889.918445963,0
57950,24599863.93448555,0
57951,24598838.153940387,0
57952,24597812.577388473,0
57953,24596787.20650972,0
57954,24595762.035733618,0
57955,24594737.07229779,0
57956,24593712.310375296,0
57957,24592687.753275163,0
57958,24591663.404252406,0
57959,24590639.25632596,0
57960,24589615.310798477,0
57961,24588591.571891632,0
57962,24587568.03647452,0
57963,24586544.705816418,0
57964,24585521.57942788,0
57965,24584498.658709954,0
57966,24583475.940777697,0
57967,24582453.429110136,0
57968,24581431.122578666,0
57969,24580409.018248167,0
57970,24579387.119715117,0
57971,24578365.42558679,0
57972,24577343.93760029,0
57973,24576322.65234125,0
57974,24575301.57694122,0
57975,24574280.700878255,0
57976,24573260.031449504,0
57977,24572239.569944527,0
57978,24571219.312285505,0
57979,24570199.26039134,0
57980,24569179.411752515,0
57981,24568159.770231515,0
57982,24567140.333443563,0
57983,24566121.102014843,0
57984,24565102.07423174,0
57985,24564083.255624183,0
57986,24563064.639093377,0
57987,24562046.23350719,0
57988,24561028.028965972,0
57989,24560010.030172065,0
57990,24558992.23952614,0
57991,24557974.652369905,0
57992,24556957.27198453,0
57993,24555940.100555144,0
57994,24554923.130868856,0
57995,24553906.369924013,0
57996,24552889.814701643,0
57997,24551873.46489223,0
57998,24550857.32086439,0
57999,24549841.38506181,0
58000,24548825.654600434,0
58001,24547810.131169327,0
58002,24546794.815034438,0
58003,24545779.699402343,0
58004,24544764.795918472,0
58005,24543750.09887907,0
58006,24542735.608258404,0
58007,24541721.32288942,0
58008,24540707.24571704,0
58009,24539693.37197221,0
58010,24538679.70885089,0
58011,24537666.253256716,0
58012,24536653.00052293,0
58013,24535639.955085173,0
58014,24534627.12083287,0
58015,24533614.49286821,0
58016,24532602.070308555,0
58017,24531589.854261585,0
58018,24530577.847261995,0
58019,24529566.046411347,0
58020,24528554.453659967,0
58021,24527543.068549015,0
58022,24526531.891563766,0
58023,24525520.91862709,0
58024,24524510.15951548,0
58025,24523499.602809902,0
58026,24522489.254250683,0
58027,24521479.11455921,0
58028,24520469.182856068,0
58029,24519459.459288925,0
58030,24518449.94311085,0
58031,24517440.634378623,0
58032,24516431.53341721,0
58033,24515422.64180014,0
58034,24514413.955464978,0
58035,24513405.48019191,0
58036,24512397.21279087,0
58037,24511389.152427163,0
58038,24510381.30214652,0
58039,24509373.657967515,0
58040,24508366.22635443,0
58041,24507358.996966027,0
58042,24506351.982214496,0
58043,24505345.16952589,0
58044,24504338.572963282,0
58045,24503332.17961928,0
58046,24502325.996604886,0
58047,24501320.01997774,0
58048,24500314.25535271,0
58049,24499308.698603664,0
58050,24498303.35085022,0
58051,24497298.21326844,0
58052,24496293.282737657,0
58053,24495288.56098757,0
58054,24494284.050366472,0
58055,24493279.747922447,0
58056,24492275.6527518,0
58057,24491271.76856212,0
58058,24490268.096470494,0
58059,24489264.628578834,0
58060,24488261.372096643,0
58061,24487258.32596769,0
58062,24486255.490091447,0
58063,24485252.862192918,0
58064,24484250.4434198,0
58065,24483248.23589163,0
58066,24482246.23697929,0
58067,24481244.447800554,0
58068,24480242.86867174,0
58069,24479241.500014517,0
58070,24478240.34026115,0
58071,24477239.391525295,0
58072,24476238.652199384,0
58073,24475238.121659853,0
58074,24474237.803560365,0
58075,24473237.694978394,0
58076,24472237.79846195,0
58077,24471238.10807625,0
58078,24470238.63046241,0
58079,24469239.364662506,0
58080,24468240.303673342,0
58081,24467241.456929155,0
58082,24466242.821416017,0
58083,24465244.39616204,0
58084,24464246.18118394,0
58085,24463248.176496424,0
58086,24462250.38208532,0
58087,24461252.80137523,0
58088,24460255.427850146,0
58089,24459258.26826215,0
58090,24458261.31575523,0
58091,24457264.579397257,0
58092,24456268.04745796,0
58093,24455271.73186629,0
58094,24454275.624760307,0
58095,24453279.730842985,0
58096,24452284.046097428,0
58097,24451288.572471835,0
58098,24450293.312697362,0
58099,24449298.265305582,0
58100,24448303.424361262,0
58101,24447308.798991825,0
58102,24446314.383131288,0
58103,24445320.17888306,0
58104,24444326.18921296,0
58105,24443332.40635651,0
58106,24442338.838061202,0
58107,24441345.480967198,0
58108,24440352.33726509,0
58109,24439359.40086856,0
58110,24438366.683206584,0
58111,24437374.173044987,0
58112,24436381.874503877,0
58113,24435389.789372228,0
58114,24434397.915290654,0
58115,24433406.25459985,0
58116,24432414.806016807,0
58117,24431423.568100806,0
58118,24430432.54625656,0
58119,24429441.73305364,0
58120,24428451.133477654,0
58121,24427460.745439544,0
58122,24426470.572959296,0
58123,24425480.60978951,0
58124,24424490.859968223,0
58125,24423501.322726768,0
58126,24422511.99968151,0
58127,24421522.88746384,0
58128,24420533.990579482,0
58129,24419545.30546711,0
58130,24418556.831667066,0
58131,24417568.572621174,0
58132,24416580.526937068,0
58133,24415592.691932153,0
58134,24414605.071493056,0
58135,24413617.66425215,0
58136,24412630.469658103,0
58137,24411643.488852184,0
58138,24410656.72084252,0
58139,24409670.16779965,0
58140,24408683.82645809,0
58141,24407697.699737694,0
58142,24406711.78626868,0
58143,24405726.08385223,0
58144,24404740.59731914,0
58145,24403755.32574683,0
58146,24402770.265394736,0
58147,24401785.420068096,0
58148,24400800.788202345,0
58149,24399816.36914427,0
58150,24398832.166462913,0
58151,24397848.176010374,0
58152,24396864.398546524,0
58153,24395880.83722121,0
58154,24394897.489195514,0
58155,24393914.356105845,0
58156,24392931.436769646,0
58157,24391948.730059717,0
58158,24390966.23714107,0
58159,24389983.962632474,0
58160,24389001.901568756,0
58161,24388020.05198138,0
58162,24387038.41736066,0
58163,24386056.99893048,0
58164,24385075.794800293,0
58165,24384094.804206997,0
58166,24383114.03017489,0
58167,24382133.467214245,0
58168,24381153.12219848,0
58169,24380172.99213547,0
58170,24379193.076315027,0
58171,24378213.373925027,0
58172,24377233.887838565,0
58173,24376254.61645599,0
58174,24375275.560269985,0
58175,24374296.72053485,0
58176,24373318.094137307,0
58177,24372339.684837222,0
58178,24371361.487066112,0
58179,24370383.5079254,0
58180,24369405.744092755,0
58181,24368428.194375407,0
58182,24367450.859055378,0
58183,24366473.7429248,0
58184,24365496.839032564,0
58185,24364520.153611027,0
58186,24363543.679960754,0
58187,24362567.42533958,0
58188,24361591.383650064,0
58189,24360615.559385575,0
58190,24359639.951563567,0
58191,24358664.55669797,0
58192,24357689.379642814,0
58193,24356714.420225732,0
58194,24355739.674871378,0
58195,24354765.145259004,0
58196,24353790.83572443,0
58197,24352816.73782977,0
58198,24351842.858135954,0
58199,24350869.194745433,0
58200,24349895.747553263,0
58201,24348922.516138062,0
58202,24347949.501275588,0
58203,24346976.703221235,0
58204,24346004.120438185,0
58205,24345031.7549672,0
58206,24344059.604708668,0
58207,24343087.675661437,0
58208,24342115.959034614,0
58209,24341144.463148236,0
58210,24340173.180142425,0
58211,24339202.115437686,0
58212,24338231.267167374,0
58213,24337260.63590515,0
58214,24336290.22174988,0
58215,24335320.024776753,0
58216,24334350.04439853,0
58217,24333380.280752864,0
58218,24332410.73451392,0
58219,24331441.40766399,0
58220,24330472.297354158,0
58221,24329503.402079273,0
58222,24328534.7258664,0
58223,24327566.265323546,0
58224,24326598.024576697,0
58225,24325629.999702424,0
58226,24324662.1932311,0
58227,24323694.60555457,0
58228,24322727.23411728,0
58229,24321760.081382707,0
58230,24320793.14553015,0
58231,24319826.425854996,0
58232,24318859.924602013,0
58233,24317893.643288802,0
58234,24316927.579164814,0
58235,24315961.73405142,0
58236,24314996.105768997,0
58237,24314030.694847826,0
58238,24313065.503500294,0
58239,24312100.53136343,0
58240,24311135.772946283,0
58241,24310171.235365048,0
58242,24309206.915608134,0
58243,24308242.815982535,0
58244,24307278.934427705,0
58245,24306315.268877067,0
58246,24305351.823575996,0
58247,24304388.596590172,0
58248,24303425.587705914,0
58249,24302462.799383387,0
58250,24301500.228506234,0
58251,24300537.876123734,0
58252,24299575.744621743,0
58253,24298613.828636352,0
58254,24297652.13145619,0
58255,24296690.65647125,0
58256,24295729.39774277,0
58257,24294768.359020617,0
58258,24293807.53951418,0
58259,24292846.93885842,0
58260,24291886.558034506,0
58261,24290926.397712573,0
58262,24289966.45232002,0
58263,24289006.72917414,0
58264,24288047.225068476,0
58265,24287087.939469803,0
58266,24286128.87417536,0
58267,24285170.029657476,0
58268,24284211.401780486,0
58269,24283252.994615912,0
58270,24282294.81013324,0
58271,24281336.839671306,0
58272,24280379.094012737,0
58273,24279421.564954042,0
58274,24278464.255786255,0
58275,24277507.168337412,0
58276,24276550.300114486,0
58277,24275593.65029581,0
58278,24274637.223946095,0
58279,24273681.01549076,0
58280,24272725.026560247,0
58281,24271769.25927316,0
58282,24270813.711087685,0
58283,24269858.384500332,0
58284,24268903.274737448,0
58285,24267948.388463743,0
58286,24266993.72307701,0
58287,24266039.27636182,0
58288,24265085.047734983,0
58289,24264131.04310129,0
58290,24263177.260069463,0
58291,24262223.69761731,0
58292,24261270.352111503,0
58293,24260317.230461184,0
58294,24259364.327913433,0
58295,24258411.64722417,0
58296,24257459.18737258,0
58297,24256506.94779097,0
58298,24255554.929235335,0
58299,24254603.130171724,0
58300,24253651.5541228,0
58301,24252700.199353073,0
58302,24251749.06499688,0
58303,24250798.151954483,0
58304,24249847.45764793,0
58305,24248896.989928354,0
58306,24247946.73764636,0
58307,24246996.710566975,0
58308,24246046.904877257,0
58309,24245097.319458485,0
58310,24244147.95720048,0
58311,24243198.812438723,0
58312,24242249.892653007,0
58313,24241301.19208123,0
58314,24240352.716887277,0
58315,24239404.460970383,0
58316,24238456.426124796,0
58317,24237508.61666973,0
58318,24236561.026291553,0
58319,24235613.657035775,0
58320,24234666.511801247,0
58321,24233719.586262133,0
58322,24232772.884798612,0
58323,24231826.40476254,0
58324,24230880.144775447,0
58325,24229934.110396843,0
58326,24228988.296474572,0
58327,24228042.703891005,0
58328,24227097.33455939,0
58329,24226152.189614963,0
58330,24225207.264519442,0
58331,24224262.561470464,0
58332,24223318.08414415,0
58333,24222373.827669684,0
58334,24221429.79132041,0
58335,24220485.980878506,0
58336,24219542.393464573,0
58337,24218599.024823807,0
58338,24217655.88399995,0
58339,24216712.961340442,0
58340,24215770.263824973,0
58341,24214827.787636172,0
58342,24213885.535758607,0
58343,24212943.50754233,0
58344,24212001.703206472,0
58345,24211060.121870227,0
58346,24210118.76247606,0
58347,24209177.62326438,0
58348,24208236.70977096,0
58349,24207296.01915045,0
58350,24206355.554569528,0
58351,24205415.30940697,0
58352,24204475.289977256,0
58353,24203535.494241327,0
58354,24202595.92121926,0
58355,24201656.570719812,0
58356,24200717.44538154,0
58357,24199778.542668287,0
58358,24198839.863869283,0
58359,24197901.408845503,0
58360,24196963.177332416,0
58361,24196025.171908632,0
58362,24195087.38790321,0
58363,24194149.82750496,0
58364,24193212.49185368,0
58365,24192275.380268537,0
58366,24191338.49336482,0
58367,24190401.831646863,0
58368,24189465.390508384,0
58369,24188529.176584955,0
58370,24187593.186639532,0
58371,24186657.41855804,0
58372,24185721.87523904,0
58373,24184786.557877276,0
58374,24183851.464279715,0
58375,24182916.596845135,0
58376,24181981.948662497,0
58377,24181047.531315584,0
58378,24180113.332834452,0
58379,24179179.364383806,0
58380,24178245.61681931,0
58381,24177312.097417504,0
58382,24176378.7993795,0
58383,24175445.72718929,0
58384,24174512.878424417,0
58385,24173580.258806955,0
58386,24172647.8623818,0
58387,24171715.689117424,0
58388,24170783.738660846,0
58389,24169852.017095305,0
58390,24168920.518825598,0
58391,24167989.247285865,0
58392,24167058.201256845,0
58393,24166127.380022086,0
58394,24165196.783430237,0
58395,24164266.41011109,0
58396,24163336.266104676,0
58397,24162406.346386537,0
58398,24161476.65200867,0
58399,24160547.18218674,0
58400,24159617.938497588,0
58401,24158688.919617258,0
58402,24157760.127614077,0
58403,24156831.5630983,0
58404,24155903.220620997,0
58405,24154975.1044523,0
58406,24154047.215307098,0
58407,24153119.551006567,0
58408,24152192.113259695,0
58409,24151264.90234697,0
58410,24150337.91499939,0
58411,24149411.155708734,0
58412,24148484.62079013,0
58413,24147558.315384768,0
58414,24146632.234296683,0
58415,24145706.37866307,0
58416,24144780.748916965,0
58417,24143855.3465007,0
58418,24142930.170431722,0
58419,24142005.221509956,0
58420,24141080.49801599,0
58421,24140155.99858746,0
58422,24139231.728708655,0
58423,24138307.686151993,0
58424,24137383.867119543,0
58425,24136460.27877082,0
58426,24135536.91366847,0
58427,24134613.777483985,0
58428,24133690.866429064,0
58429,24132768.182743043,0
58430,24131845.725074306,0
58431,24130923.495849844,0
58432,24130001.493478015,0
58433,24129079.717644628,0
58434,24128158.169764582,0
58435,24127236.846735973,0
58436,24126315.752822228,0
58437,24125394.887007814,0
58438,24124474.24619839,0
58439,24123553.832620732,0
58440,24122633.64550601,0
58441,24121713.687391255,0
58442,24120793.958599404,0
58443,24119874.455338612,0
58444,24118955.176773775,0
58445,24118036.131065283,0
58446,24117117.309020188,0
58447,24116198.716007303,0
58448,24115280.351788916,0
58449,24114362.213820092,0
58450,24113444.30292048,0
58451,24112526.621425983,0
58452,24111609.165923286,0
58453,24110691.938919757,0
58454,24109774.942309387,0
58455,24108858.171675406,0
58456,24107941.62700989,0
58457,24107025.312470343,0
58458,24106109.227336183,0
58459,24105193.367325425,0
58460,24104277.738570213,0
58461,24103362.334715106,0
58462,24102447.161685854,0
58463,24101532.217489943,0
58464,24100617.49843019,0
58465,24099703.010091353,0
58466,24098788.75077075,0
58467,24097874.716789804,0
58468,24096960.915375628,0
58469,24096047.341743086,0
58470,24095133.995333035,0
58471,24094220.87695529,0
58472,24093307.988255456,0
58473,24092395.32969276,0
58474,24091482.898316737,0
58475,24090570.694418807,0
58476,24089658.72031588,0
58477,24088746.977142703,0
58478,24087835.461706463,0
58479,24086924.17523857,0
58480,24086013.11676364,0
58481,24085102.287223134,0
58482,24084191.686430342,0
58483,24083281.31972412,0
58484,24082371.246860553,0
58485,24081461.332396414,0
58486,24080551.65055251,0
58487,24079642.196674813,0
58488,24078732.972873624,0
58489,24077823.9777395,0
58490,24076915.213627152,0
58491,24076006.676103204,0
58492,24075098.370693523,0
58493,24074190.295402043,0
58494,24073282.445629723,0
58495,24072374.830662586,0
58496,24071467.442275684,0
58497,24070560.286669318,0
58498,24069653.357417118,0
58499,24068746.65818104,0
58500,24067840.192188613,0
58501,24066933.952457685,0
58502,24066027.944239743,0
58503,24065122.166683946,0
58504,24064216.616936997,0
58505,24063311.30083649,0
58506,24062406.211955294,0
58507,24061501.352910887,0
58508,24060596.725520846,0
58509,24059692.327367447,0
58510,24058788.16191379,0
58511,24057884.224764418,0
58512,24056980.51898713,0
58513,24056077.041143242,0
58514,24055173.796971988,0
58515,24054270.781687338,0
58516,24053367.9989007,0
58517,24052465.444150988,0
58518,24051563.12221711,0
58519,24050661.028898664,0
58520,24049759.169475816,0
58521,24048857.53709436,0
58522,24047956.137968723,0
58523,24047054.96780866,0
58524,24046154.03061507,0
58525,24045253.32163238,0
58526,24044352.846061498,0
58527,24043452.600363366,0
58528,24042552.58849068,0
58529,24041652.802337714,0
58530,24040753.253653314,0
58531,24039853.9294598,0
58532,24038954.842057254,0
58533,24038055.982464492,0
58534,24037157.356426015,0
58535,24036258.960446574,0
58536,24035360.795636453,0
58537,24034462.86384241,0
58538,24033565.162125353,0
58539,24032667.693423264,0
58540,24031770.453725837,0
58541,24030873.448694874,0
58542,24029976.674230877,0
58543,24029080.1300978,0
58544,24028183.817458976,0
58545,24027287.740867916,0
58546,24026391.89177602,0
58547,24025496.274622552,0
58548,24024600.891774703,0
58549,24023705.737486597,0
58550,24022810.820205666,0
58551,24021916.133047935,0
58552,24021021.67571019,0
58553,24020127.44995569,0
58554,24019233.45719366,0
58555,24018339.700963482,0
58556,24017446.172102816,0
58557,24016552.876785148,0
58558,24015659.815584607,0
58559,24014766.983430367,0
58560,24013874.386783563,0
58561,24012982.02048608,0
58562,24012089.887632325,0
58563,24011197.988460734,0
58564,24010306.31835299,0
58565,24009414.882877532,0
58566,24008523.680518243,0
58567,24007632.709468044,0
58568,24006741.97428678,0
58569,24005851.469603408,0
58570,24004961.197051212,0
58571,24004071.157249395,0
58572,24003181.349434596,0
58573,24002291.77828672,0
58574,24001402.438805263,0
58575,24000513.330069613,0
58576,23999624.460452963,0
58577,23998735.81746201,0
58578,23997847.4098182,0
58579,23996959.234531254,0
58580,23996071.294047352,0
58581,23995183.58489945,0
58582,23994296.110231716,0
58583,23993408.87033572,0
58584,23992521.861950286,0
58585,23991635.08618822,0
58586,23990748.54703464,0
58587,23989862.237250026,0
58588,23988976.162693758,0
58589,23988090.32278238,0
58590,23987204.716041252,0
58591,23986319.34130269,0
58592,23985434.203447744,0
58593,23984549.29929122,0
58594,23983664.626134627,0
58595,23982780.187689003,0
58596,23981895.983218666,0
58597,23981012.011367284,0
58598,23980128.274949625,0
58599,23979244.773684803,0
58600,23978361.50470424,0
58601,23977478.46937221,0
58602,23976595.670270834,0
58603,23975713.105031267,0
58604,23974830.773317117,0
58605,23973948.674297746,0
58606,23973066.81175618,0
58607,23972185.183206726,0
58608,23971303.7868722,0
58609,23970422.62711552,0
58610,23969541.702061586,0
58611,23968661.009832006,0
58612,23967780.553599667,0
58613,23966900.334169958,0
58614,23966020.34251397,0
58615,23965140.59243356,0
58616,23964261.073019177,0
58617,23963381.78784319,0
58618,23962502.740896776,0
58619,23961623.926213495,0
58620,23960745.3481699,0
58621,23959867.00330071,0
58622,23958988.89343399,0
58623,23958111.018490553,0
58624,23957233.380527154,0
58625,23956355.974569414,0
58626,23955478.804246463,0
58627,23954601.869558,0
58628,23953725.171187066,0
58629,23952848.70939718,0
58630,23951972.47964403,0
58631,23951096.48593011,0
58632,23950220.72828513,0
58633,23949345.206926364,0
58634,23948469.919509966,0
58635,23947594.867259685,0
58636,23946720.0502001,0
58637,23945845.469632536,0
58638,23944971.124674737,0
58639,23944097.01429695,0
58640,23943223.1411059,0
58641,23942349.50197449,0
58642,23941476.1007117,0
58643,23940602.934008136,0
58644,23939730.003630374,0
58645,23938857.30759562,0
58646,23937984.848264325,0
58647,23937112.62381829,0
58648,23936240.637182605,0
58649,23935368.884780917,0
58650,23934497.36870928,0
58651,23933626.090834856,0
58652,23932755.047398556,0
58653,23931884.24147142,0
58654,23931013.66905078,0
58655,23930143.3382128,0
58656,23929273.236579966,0
58657,23928403.37496333,0
58658,23927533.748793144,0
58659,23926664.36085616,0
58660,23925795.207014237,0
58661,23924926.289869152,0
58662,23924057.609145366,0
58663,23923189.168232527,0
58664,23922320.961576812,0
58665,23921452.99116605,0
58666,23920585.25717155,0
58667,23919717.76033747,0
58668,23918850.501449686,0
58669,23917983.477371432,0
58670,23917116.6922213,0
58671,23916250.14148517,0
58672,23915383.828838613,0
58673,23914517.753675923,0
58674,23913651.91600845,0
58675,23912786.314124666,0
58676,23911920.94828955,0
58677,23911055.820451602,0
58678,23910190.929241285,0
58679,23909326.27794165,0
58680,23908461.859480456,0
58681,23907597.684237815,0
58682,23906733.74193669,0
58683,23905870.036240075,0
58684,23905006.57147986,0
58685,23904143.341469422,0
58686,23903280.349509392,0
58687,23902417.594382297,0
58688,23901555.07833527,0
58689,23900692.79706393,0
58690,23899830.75684513,0
58691,23898968.952046227,0
58692,23898107.38606286,0
58693,23897246.057006583,0
58694,23896384.966160826,0
58695,23895524.114987154,0
58696,23894663.497001823,0
58697,23893803.121453855,0
58698,23892942.980438113,0
58699,23892083.081365634,0
58700,23891223.41693761,0
58701,23890363.98959971,0
58702,23889504.80390113,0
58703,23888645.85353868,0
58704,23887787.14327404,0
58705,23886928.6687144,0
58706,23886070.436490957,0
58707,23885212.436739754,0
58708,23884354.67970518,0
58709,23883497.15954322,0
58710,23882639.879492152,0
58711,23881782.835521724,0
58712,23880926.031183206,0
58713,23880069.464569777,0
58714,23879213.13621526,0
58715,23878357.04829455,0
58716,23877501.196764875,0
58717,23876645.58442397,0
58718,23875790.21375196,0
58719,23874935.07747705,0
58720,23874080.184521556,0
58721,23873225.52762687,0
58722,23872371.10907426,0
58723,23871516.927904926,0
58724,23870662.990925368,0
58725,23869809.285163384,0
58726,23868955.82433201,0
58727,23868102.602772597,0
58728,23867249.61848168,0
58729,23866396.871890746,0
58730,23865544.365858436,0
58731,23864692.09963422,0
58732,23863840.072183415,0
58733,23862988.283474993,0
58734,23862136.736567654,0
58735,23861285.424520347,0
58736,23860434.356331777,0
58737,23859583.52433747,0
58738,23858732.933459703,0
58739,23857882.578935202,0
58740,23857032.4689661,0
58741,23856182.595994964,0
58742,23855332.960994564,0
58743,23854483.568798576,0
58744,23853634.41243029,0
58745,23852785.499102406,0
58746,23851936.82615594,0
58747,23851088.39000132,0
58748,23850240.194933835,0
58749,23849392.241475377,0
58750,23848544.5228857,0
58751,23847697.049363125,0
58752,23846849.814147137,0
58753,23846002.81809721,0
58754,23845156.06499483,0
58755,23844309.547520805,0
58756,23843463.272464544,0
58757,23842617.235979483,0
58758,23841771.444848116,0
58759,23840925.888927083,0
58760,23840080.57471876,0
58761,23839235.500931263,0
58762,23838390.66878158,0
58763,23837546.076028075,0
58764,23836701.719930068,0
58765,23835857.60890466,0
58766,23835013.736432526,0
58767,23834170.106076542,0
58768,23833326.71551129,0
58769,23832483.56379273,0
58770,23831640.6564333,0
58771,23830797.986850068,0
58772,23829955.560032938,0
58773,23829113.371991716,0
58774,23828271.423747115,0
58775,23827429.72040996,0
58776,23826588.25365447,0
58777,23825747.02986658,0
58778,23824906.047826204,0
58779,23824065.3058813,0
58780,23823224.803451873,0
58781,23822384.545149032,0
58782,23821544.52638888,0
58783,23820704.74865738,0
58784,23819865.210568666,0
58785,23819025.917072147,0
58786,23818186.863456797,0
58787,23817348.048674025,0
58788,23816509.477439627,0
58789,23815671.149145186,0
58790,23814833.061165437,0
58791,23813995.212068465,0
58792,23813157.605893254,0
58793,23812320.242144436,0
58794,23811483.120438095,0
58795,23810646.236936197,0
58796,23809809.597612374,0
58797,23808973.199538656,0
58798,23808137.042263847,0
58799,23807301.12988072,0
58800,23806465.45638889,0
58801,23805630.022999346,0
58802,23804794.83571983,0
58803,23803959.889970306,0
58804,23803125.18305917,0
58805,23802290.720798913,0
58806,23801456.497017927,0
58807,23800622.51893589,0
58808,23799788.781721275,0
58809,23798955.28485176,0
58810,23798122.031149454,0
58811,23797289.02145107,0
58812,23796456.251872502,0
58813,23795623.725495,0
58814,23794791.440426283,0
58815,23793959.397705738,0
58816,23793127.597805172,0
58817,23792296.040020347,0
58818,23791464.725665588,0
58819,23790633.652423464,0
58820,23789802.82267115,0
58821,23788972.23395989,0
58822,23788141.888789795,0
58823,23787311.78770465,0
58824,23786481.927614484,0
58825,23785652.309564155,0
58826,23784822.936837893,0
58827,23783993.80284168,0
58828,23783164.91507287,0
58829,23782336.268873125,0
58830,23781507.865091953,0
58831,23780679.705806974,0
58832,23779851.788585633,0
58833,23779024.111176446,0
58834,23778196.678408295,0
58835,23777369.49157366,0
58836,23776542.545518573,0
58837,23775715.84359824,0
58838,23774889.38651979,0
58839,23774063.17122875,0
58840,23773237.19461878,0
58841,23772411.466064736,0
58842,23771585.979590274,0
58843,23770760.736592814,0
58844,23769935.73508126,0
58845,23769110.9812742,0
58846,23768286.467944775,0
58847,23767462.1970207,0
58848,23766638.172678623,0
58849,23765814.38747803,0
58850,23764990.848259296,0
58851,23764167.554846346,0
58852,23763344.503273606,0
58853,23762521.694606937,0
58854,23761699.131509658,0
58855,23760876.809115134,0
58856,23760054.734121624,0
58857,23759232.90065983,0
58858,23758411.31253444,0
58859,23757589.963579472,0
58860,23756768.863463227,0
58861,23755948.005592395,0
58862,23755127.39381192,0
58863,23754307.025167096,0
58864,23753486.8978393,0
58865,23752667.017521538,0
58866,23751847.38120551,0
58867,23751027.98709216,0
58868,23750208.83867103,0
58869,23749389.931424897,0
58870,23748571.274682797,0
58871,23747752.856832497,0
58872,23746934.68815607,0
58873,23746116.757366527,0
58874,23745299.075834215,0
58875,23744481.637773868,0
58876,23743664.440517053,0
58877,23742847.495383,0
58878,23742030.78948759,0
58879,23741214.326975945,0
58880,23740398.113188144,0
58881,23739582.142187536,0
58882,23738766.415386647,0
58883,23737950.93334968,0
58884,23737135.69706473,0
58885,23736320.705978416,0
58886,23735505.958754577,0
58887,23734691.455626067,0
58888,23733877.198432293,0
58889,23733063.185599808,0
58890,23732249.417249076,0
58891,23731435.895666905,0
58892,23730622.617533512,0
58893,23729809.584893063,0
58894,23728996.79620153,0
58895,23728184.256089944,0
58896,23727371.96034351,0
58897,23726559.90905621,0
58898,23725748.101804897,0
58899,23724936.538874086,0
58900,23724125.224145763,0
58901,23723314.152631152,0
58902,23722503.330570348,0
58903,23721692.74857257,0
58904,23720882.414223064,0
58905,23720072.326890957,0
58906,23719262.4827076,0
58907,23718452.886159312,0
58908,23717643.531902485,0
58909,23716834.42668404,0
58910,23716025.5663377,0
58911,23715216.948148426,0
58912,23714408.58075452,0
58913,23713600.457263608,0
58914,23712792.58017678,0
58915,23711984.947893776,0
58916,23711177.56245499,0
58917,23710370.421786517,0
58918,23709563.52897185,0
58919,23708756.88171432,0
58920,23707950.47589225,0
58921,23707144.32125103,0
58922,23706338.412224833,0
58923,23705532.746460594,0
58924,23704727.329615485,0
58925,23703922.157309264,0
58926,23703117.231254634,0
58927,23702312.552059986,0
58928,23701508.11770834,0
58929,23700703.933765817,0
58930,23699899.99360431,0
58931,23699096.29857954,0
58932,23698292.851830732,0
58933,23697489.649701875,0
58934,23696686.69719862,0
58935,23695883.98830987,0
58936,23695081.528081883,0
58937,23694279.312180392,0
58938,23693477.34333042,0
58939,23692675.622256134,0
58940,23691874.14946633,0
58941,23691072.92194661,0
58942,23690271.936995868,0
58943,23689471.20485486,0
58944,23688670.715114858,0
58945,23687870.474598788,0
58946,23687070.48159859,0
58947,23686270.734839037,0
58948,23685471.233544506,0
58949,23684671.981802538,0
58950,23683872.976326704,0
58951,23683074.216885153,0
58952,23682275.70330245,0
58953,23681477.43906744,0
58954,23680679.422795944,0
58955,23679881.6530794,0
58956,23679084.12709673,0
58957,23678286.852776043,0
58958,23677489.824612685,0
58959,23676693.04122007,0
58960,23675896.50974022,0
58961,23675100.224341076,0
58962,23674304.183828507,0
58963,23673508.392135914,0
58964,23672712.846725047,0
58965,23671917.55042595,0
58966,23671122.50127643,0
58967,23670327.69964737,0
58968,23669533.146531913,0
58969,23668738.84099301,0
58970,23667944.78143677,0
58971,23667150.971291665,0
58972,23666357.409070153,0
58973,23665564.091547254,0
58974,23664771.027360097,0
58975,23663978.207237843,0
58976,23663185.6357659,0
58977,23662393.31314354,0
58978,23661601.23734012,0
58979,23660809.409423977,0
58980,23660017.829544134,0
58981,23659226.49776872,0
58982,23658435.413810886,0
58983,23657644.57817668,0
58984,23656853.992435846,0
58985,23656063.653552186,0
58986,23655273.562640272,0
58987,23654483.718760658,0
58988,23653694.12335245,0
58989,23652904.780296687,0
58990,23652115.68100398,0
58991,23651326.834148873,0
58992,23650538.235201873,0
58993,23649749.8814688,0
58994,23648961.777080316,0
58995,23648173.921378054,0
58996,23647386.31531484,0
58997,23646598.957915667,0
58998,23645811.849712707,0
58999,23645024.988126203,0
59000,23644238.37573209,0
59001,23643452.01345914,0
59002,23642665.89978149,0
59003,23641880.03292815,0
59004,23641094.415937487,0
59005,23640309.046073053,0
59006,23639523.927245695,0
59007,23638739.056912497,0
59008,23637954.43695876,0
59009,23637170.064049486,0
59010,23636385.941138506,0
59011,23635602.066589896,0
59012,23634818.441563103,0
59013,23634035.064467605,0
59014,23633251.939690202,0
59015,23632469.062499315,0
59016,23631686.433410726,0
59017,23630904.054493044,0
59018,23630121.9246581,0
59019,23629340.043993127,0
59020,23628558.413131777,0
59021,23627777.031568035,0
59022,23626995.899454784,0
59023,23626215.012889143,0
59024,23625434.38169215,0
59025,23624653.99592884,0
59026,23623873.863995083,0
59027,23623093.97767331,0
59028,23622314.342502404,0
59029,23621534.956594788,0
59030,23620755.820604235,0
59031,23619976.935654458,0
59032,23619198.29858905,0
59033,23618419.912057333,0
59034,23617641.773154855,0
59035,23616863.883946776,0
59036,23616086.24939807,0
59037,23615308.860002887,0
59038,23614531.723147213,0
59039,23613754.835790332,0
59040,23612978.198182918,0
59041,23612201.811170302,0
59042,23611425.671997834,0
59043,23610649.786023457,0
59044,23609874.14779522,0
59045,23609098.7633209,0
59046,23608323.622038428,0
59047,23607548.73687428,0
59048,23606774.100720022,0
59049,23605999.71332427,0
59050,23605225.577095658,0
59051,23604451.693263456,0
59052,23603678.057416458,0
59053,23602904.670812126,0
59054,23602131.53559395,0
59055,23601358.65359344,0
59056,23600586.019749742,0
59057,23599813.636945292,0
59058,23599041.503747582,0
59059,23598269.622830596,0
59060,23597497.99228543,0
59061,23596726.611580424,0
59062,23595955.47927922,0
59063,23595184.603360612,0
59064,23594413.9730283,0
59065,23593643.59323038,0
59066,23592873.468190074,0
59067,23592103.591918666,0
59068,23591333.966380898,0
59069,23590564.592005763,0
59070,23589795.46955764,0
59071,23589026.597173892,0
59072,23588257.97449072,0
59073,23587489.604179844,0
59074,23586721.484838888,0
59075,23585953.617028486,0
59076,23585186.001001503,0
59077,23584418.635383043,0
59078,23583651.51921649,0
59079,23582884.656996015,0
59080,23582118.04405228,0
59081,23581351.682735458,0
59082,23580585.57477122,0
59083,23579819.714874648,0
59084,23579054.107423633,0
59085,23578288.7528109,0
59086,23577523.646594286,0
59087,23576758.7949205,0
59088,23575994.194212094,0
59089,23575229.845006946,0
59090,23574465.746423617,0
59091,23573701.898377143,0
59092,23572938.303884488,0
59093,23572174.961092185,0
59094,23571411.87019989,0
59095,23570649.028808765,0
59096,23569886.44340528,0
59097,23569124.105973497,0
59098,23568362.02141546,0
59099,23567600.188261222,0
59100,23566838.606161997,0
59101,23566077.278764095,0
59102,23565316.20241726,0
59103,23564555.376469944,0
59104,23563794.804635707,0
59105,23563034.48246739,0
59106,23562274.414239362,0
59107,23561514.596527327,0
59108,23560755.032223813,0
59109,23559995.720061317,0
59110,23559236.65763433,0
59111,23558477.851087045,0
59112,23557719.295452934,0
59113,23556960.99281238,0
59114,23556202.939211417,0
59115,23555445.137884744,0
59116,23554687.59140265,0
59117,23553930.297882147,0
59118,23553173.25805422,0
59119,23552416.46941814,0
59120,23551659.929741964,0
59121,23550903.645636495,0
59122,23550147.61097497,0
59123,23549391.834748965,0
59124,23548636.30737213,0
59125,23547881.03275681,0
59126,23547126.010471642,0
59127,23546371.24220066,0
59128,23545616.72504539,0
59129,23544862.462117292,0
59130,23544108.4510749,0
59131,23543354.69350628,0
59132,23542601.188386105,0
59133,23541847.93800679,0
59134,23541094.937068924,0
59135,23540342.191886067,0
59136,23539589.697526705,0
59137,23538837.457236912,0
59138,23538085.469889246,0
59139,23537333.73770137,0
59140,23536582.255364295,0
59141,23535831.026733376,0
59142,23535080.05155069,0
59143,23534329.3294552,0
59144,23533578.861526284,0
59145,23532828.645483427,0
59146,23532078.684420798,0
59147,23531328.97537297,0
59148,23530579.519846678,0
59149,23529830.319758758,0
59150,23529081.36955045,0
59151,23528332.674295407,0
59152,23527584.23388127,0
59153,23526836.042830866,0
59154,23526088.108791087,0
59155,23525340.426345285,0
59156,23524593.00013873,0
59157,23523845.826436702,0
59158,23523098.902782533,0
59159,23522352.239091694,0
59160,23521605.825242966,0
59161,23520859.66537413,0
59162,23520113.758236572,0
59163,23519368.1081557,0
59164,23518622.710766036,0
59165,23517877.564198557,0
59166,23517132.673664495,0
59167,23516388.037263013,0
59168,23515643.65401098,0
59169,23514899.525343664,0
59170,23514155.651632346,0
59171,23513412.029619504,0
59172,23512668.66308714,0
59173,23511925.55200016,0
59174,23511182.6926891,0
59175,23510440.08555312,0
59176,23509697.737865575,0
59177,23508955.64119529,0
59178,23508213.79921481,0
59179,23507472.209231082,0
59180,23506730.876467556,0
59181,23505989.796556234,0
59182,23505248.972082302,0
59183,23504508.40307717,0
59184,23503768.085209344,0
59185,23503028.02150213,0
59186,23502288.215439633,0
59187,23501548.66221585,0
59188,23500809.36621382,0
59189,23500070.319689494,0
59190,23499331.530727964,0
59191,23498592.995978035,0
59192,23497854.71777753,0
59193,23497116.69160639,0
59194,23496378.920351736,0
59195,23495641.403852932,0
59196,23494904.142398804,0
59197,23494167.135579806,0
59198,23493430.38566396,0
59199,23492693.885260433,0
59200,23491957.641523544,0
59201,23491221.6573649,0
59202,23490485.925857626,0
59203,23489750.447102312,0
59204,23489015.222356103,0
59205,23488280.25748766,0
59206,23487545.54309751,0
59207,23486811.085342843,0
59208,23486076.883184914,0
59209,23485342.935191005,0
59210,23484609.2447693,0
59211,23483875.806842316,0
59212,23483142.62427027,0
59213,23482409.701306205,0
59214,23481677.026963964,0
59215,23480944.611387998,0
59216,23480212.45203163,0
59217,23479480.545625243,0
59218,23478748.89668359,0
59219,23478017.499292057,0
59220,23477286.361662664,0
59221,23476555.477175225,0
59222,23475824.849219892,0
59223,23475094.476108447,0
59224,23474364.357058667,0
59225,23473634.498776246,0
59226,23472904.887398228,0
59227,23472175.538112856,0
59228,23471446.444616772,0
59229,23470717.60485338,0
59230,23469989.02102047,0
59231,23469260.69365083,0
59232,23468532.619894214,0
59233,23467804.805159796,0
59234,23467077.24358282,0
59235,23466349.940342452,0
59236,23465622.889731728,0
59237,23464896.097492434,0
59238,23464169.56057184,0
59239,23463443.279698737,0
59240,23462717.25366756,0
59241,23461991.48418568,0
59242,23461265.970572565,0
59243,23460540.71477034,0
59244,23459815.711412624,0
59245,23459090.968761653,0
59246,23458366.48012374,0
59247,23457642.249074914,0
59248,23456918.270201247,0
59249,23456194.550938983,0
59250,23455471.087055854,0
59251,23454747.878220145,0
59252,23454024.928061757,0
59253,23453302.231806133,0
59254,23452579.795558155,0
59255,23451857.613028165,0
59256,23451135.687133655,0
59257,23450414.01677983,0
59258,23449692.60602793,0
59259,23448971.447222017,0
59260,23448250.548587345,0
59261,23447529.904159054,0
59262,23446809.518523917,0
59263,23446089.38997254,0
59264,23445369.515811227,0
59265,23444649.897725597,0
59266,23443930.53813027,0
59267,23443211.435003947,0
59268,23442492.588032983,0
59269,23441773.999403935,0
59270,23441055.668386787,0
59271,23440337.5895501,0
59272,23439619.772808168,0
59273,23438902.20853315,0
59274,23438184.903434243,0
59275,23437467.85489242,0
59276,23436751.061426125,0
59277,23436034.529066768,0
59278,23435318.24869554,0
59279,23434602.23090539,0
59280,23433886.467507835,0
59281,23433170.95956644,0
59282,23432455.712057035,0
59283,23431740.71975198,0
59284,23431025.985132597,0
59285,23430311.507600013,0
59286,23429597.286854777,0
59287,23428883.32448977,0
59288,23428169.61954699,0
59289,23427456.170033623,0
59290,23426742.979164597,0
59291,23426030.046184216,0
59292,23425317.37152975,0
59293,23424604.950224284,0
59294,23423892.78733046,0
59295,23423180.88423729,0
59296,23422469.23935013,0
59297,23421757.851413317,0
59298,23421046.717674103,0
59299,23420335.84488845,0
59300,23419625.22888291,0
59301,23418914.869673036,0
59302,23418204.77122852,0
59303,23417494.92780872,0
59304,23416785.341666773,0
59305,23416076.013334025,0
59306,23415366.944921423,0
59307,23414658.13249702,0
59308,23413949.577397157,0
59309,23413241.282516602,0
59310,23412533.24351173,0
59311,23411825.46099213,0
59312,23411117.93911045,0
59313,23410410.67418918,0
59314,23409703.66995819,0
59315,23408996.91965228,0
59316,23408290.430454522,0
59317,23407584.199544054,0
59318,23406878.223809488,0
59319,23406172.506364293,0
59320,23405467.047958624,0
59321,23404761.848492455,0
59322,23404056.906071376,0
59323,23403352.22248513,0
59324,23402647.797611557,0
59325,23401943.63201836,0
59326,23401239.722343918,0
59327,23400536.07235331,0
59328,23399832.681123063,0
59329,23399129.54784404,0
59330,23398426.670064226,0
59331,23397724.053586926,0
59332,23397021.696707062,0
59333,23396319.596253354,0
59334,23395617.75701612,0
59335,23394916.173035577,0
59336,23394214.851205353,0
59337,23393513.783424657,0
59338,23392812.97734857,0
59339,23392112.428148806,0
59340,23391412.13975388,0
59341,23390712.1089268,0
59342,23390012.33718227,0
59343,23389312.822789896,0
59344,23388613.569602396,0
59345,23387914.572843697,0
59346,23387215.834942885,0
59347,23386517.35684782,0
59348,23385819.138992064,0
59349,23385121.17921435,0
59350,23384423.475448076,0
59351,23383726.03490013,0
59352,23383028.84922652,0
59353,23382331.925669536,0
59354,23381635.261387028,0
59355,23380938.853721842,0
59356,23380242.708794635,0
59357,23379546.81981008,0
59358,23378851.18903132,0
59359,23378155.821043953,0
59360,23377460.708433665,0
59361,23376765.858338725,0
59362,23376071.267034322,0
59363,23375376.93395477,0
59364,23374682.859539606,0
59365,23373989.044979636,0
59366,23373295.48920703,0
59367,23372602.194956705,0
59368,23371909.159381654,0
59369,23371216.383864157,0
59370,23370523.864010125,0
59371,23369831.607449677,0
59372,23369139.6089995,0
59373,23368447.868911125,0
59374,23367756.390807036,0
59375,23367065.169539332,0
59376,23366374.210478738,0
59377,23365683.50949809,0
59378,23364993.069287464,0
59379,23364302.888173666,0
59380,23363612.965625606,0
59381,23362923.30437087,0
59382,23362233.902225647,0
59383,23361544.759011213,0
59384,23360855.877275012,0
59385,23360167.254432686,0
59386,23359478.89109943,0
59387,23358790.78851043,0
59388,23358102.946041636,0
59389,23357415.36326347,0
59390,23356728.038821217,0
59391,23356040.978094477,0
59392,23355354.17433461,0
59393,23354667.630485844,0
59394,23353981.346249495,0
59395,23353295.324225698,0
59396,23352609.561232153,0
59397,23351924.05761425,0
59398,23351238.814869266,0
59399,23350553.834305525,0
59400,23349869.110919673,0
59401,23349184.65005513,0
59402,23348500.447328318,0
59403,23347816.50653582,0
59404,23347132.825240575,0
59405,23346449.40404713,0
59406,23345766.24416607,0
59407,23345083.34285614,0
59408,23344400.701427467,0
59409,23343718.32217198,0
59410,23343036.203882553,0
59411,23342354.346773207,0
59412,23341672.74761937,0
59413,23340991.410729688,0
59414,23340310.33410625,0
59415,23339629.517346933,0
59416,23338948.95909354,0
59417,23338268.665014543,0
59418,23337588.633423172,0
59419,23336908.858102575,0
59420,23336229.341883883,0
59421,23335550.09217249,0
59422,23334871.10216109,0
59423,23334192.369648743,0
59424,23333513.89922093,0
59425,23332835.687959105,0
59426,23332157.740961142,0
59427,23331480.051891193,0
59428,23330802.625496417,0
59429,23330125.4593584,0
59430,23329448.557570126,0
59431,23328771.912534397,0
59432,23328095.530161727,0
59433,23327419.405394454,0
59434,23326743.545892775,0
59435,23326067.94472897,0
59436,23325392.605946016,0
59437,23324717.529525694,0
59438,23324042.71256724,0
59439,23323368.157153875,0
59440,23322693.86126177,0
59441,23322019.829490684,0
59442,23321346.057774894,0
59443,23320672.546058897,0
59444,23319999.29703575,0
59445,23319326.307526555,0
59446,23318653.58019469,0
59447,23317981.11887553,0
59448,23317308.91295089,0
59449,23316636.96965181,0
59450,23315965.289483238,0
59451,23315293.867922537,0
59452,23314622.710467502,0
59453,23313951.814509094,0
59454,23313281.176850744,0
59455,23312610.803538892,0
59456,23311940.690280024,0
59457,23311270.84170131,0
59458,23310601.251875788,0
59459,23309931.92526904,0
59460,23309262.85901326,0
59461,23308594.05365184,0
59462,23307925.5117601,0
59463,23307257.230923597,0
59464,23306589.212128635,0
59465,23305921.45551834,0
59466,23305253.95740535,0
59467,23304586.722873975,0
59468,23303919.75178753,0
59469,23303253.04325735,0
59470,23302586.595024854,0
59471,23301920.4077729,0
59472,23301254.483727943,0
59473,23300588.820774127,0
59474,23299923.42108403,0
59475,23299258.28207733,0
59476,23298593.408008307,0
59477,23297928.793338496,0
59478,23297264.440450504,0
59479,23296600.349559158,0
59480,23295936.522581544,0
59481,23295272.955591932,0
59482,23294609.651864752,0
59483,23293946.608368624,0
59484,23293283.830956005,0
59485,23292621.31223167,0
59486,23291959.058199346,0
59487,23291297.066125315,0
59488,23290635.334709693,0
59489,23289973.86805995,0
59490,23289312.662949607,0
59491,23288651.717697427,0
59492,23287991.03777165,0
59493,23287330.617893364,0
59494,23286670.461893916,0
59495,23286010.569750164,0
59496,23285350.939014003,0
59497,23284691.568155706,0
59498,23284032.465604737,0
59499,23283373.619499866,0
59500,23282715.039217107,0
59501,23282056.720083572,0
59502,23281398.664559033,0
59503,23280740.873227958,0
59504,23280083.342744403,0
59505,23279426.071803607,0
59506,23278769.067813907,0
59507,23278112.32898279,0
59508,23277455.846007355,0
59509,23276799.63004749,0
59510,23276143.676744416,0
59511,23275487.985265806,0
59512,23274832.55324336,0
59513,23274177.390909556,0
59514,23273522.489728414,0
59515,23272867.848323256,0
59516,23272213.470501143,0
59517,23271559.356724795,0
59518,23270905.50673092,0
59519,23270251.919789195,0
59520,23269598.59721083,0
59521,23268945.532284208,0
59522,23268292.734456643,0
59523,23267640.196760986,0
59524,23266987.92414397,0
59525,23266335.915990088,0
59526,23265684.17074745,0
59527,23265032.68720988,0
59528,23264381.467545025,0
59529,23263730.510636363,0
59530,23263079.8175479,0
59531,23262429.387214415,0
59532,23261779.219381142,0
59533,23261129.31577386,0
59534,23260479.678493436,0
59535,23259830.299535636,0
59536,23259181.18672134,0
59537,23258532.338155054,0
59538,23257883.750120893,0
59539,23257235.42813757,0
59540,23256587.36670776,0
59541,23255939.572974905,0
59542,23255292.038980246,0
59543,23254644.769591928,0
59544,23253997.763873238,0
59545,23253351.022797924,0
59546,23252704.543861344,0
59547,23252058.325639218,0
59548,23251412.377240993,0
59549,23250766.690526225,0
59550,23250121.265435796,0
59551,23249476.105806127,0
59552,23248831.209555935,0
59553,23248186.57892251,0
59554,23247542.209080264,0
59555,23246898.103759374,0
59556,23246254.26102702,0
59557,23245610.684106793,0
59558,23244967.372098196,0
59559,23244324.322243866,0
59560,23243681.534399956,0
59561,23243039.015379034,0
59562,23242396.755222075,0
59563,23241754.76250953,0
59564,23241113.034940127,0
59565,23240471.56585198,0
59566,23239830.364531387,0
59567,23239189.42594973,0
59568,23238548.75290099,0
59569,23237908.34446199,0
59570,23237268.197268724,0
59571,23236628.31573194,0
59572,23235988.699850667,0
59573,23235349.344383944,0
59574,23234710.256830793,0
59575,23234071.431342144,0
59576,23233432.87139695,0
59577,23232794.574576776,0
59578,23232156.5421498,0
59579,23231518.773791056,0
59580,23230881.272295382,0
59581,23230244.034073308,0
59582,23229607.0601257,0
59583,23228970.34783498,0
59584,23228333.903592724,0
59585,23227697.722702656,0
59586,23227061.805660598,0
59587,23226426.15319017,0
59588,23225790.76289815,0
59589,23225155.641585894,0
59590,23224520.78280614,0
59591,23223886.189175546,0
59592,23223251.860339154,0
59593,23222617.793614645,0
59594,23221983.993072387,0
59595,23221350.457733773,0
59596,23220717.186474018,0
59597,23220084.180417642,0
59598,23219451.43875189,0
59599,23218818.961009804,0
59600,23218186.74939446,0
59601,23217554.80115266,0
59602,23216923.11718482,0
59603,23216291.699551184,0
59604,23215660.545273505,0
59605,23215029.66102185,0
59606,23214399.037265252,0
59607,23213768.67852636,0
59608,23213138.583698295,0
59609,23212508.75624632,0
59610,23211879.192474864,0
59611,23211249.89140329,0
59612,23210620.85834512,0
59613,23209992.090956643,0
59614,23209363.586252306,0
59615,23208735.347411197,0
59616,23208107.375394356,0
59617,23207479.665290374,0
59618,23206852.225264262,0
59619,23206225.046177246,0
59620,23205598.13132654,0
59621,23204971.48492365,0
59622,23204345.10119193,0
59623,23203718.98313848,0
59624,23203093.13331913,0
59625,23202467.54477634,0
59626,23201842.221814457,0
59627,23201217.16679055,0
59628,23200592.37694811,0
59629,23199967.849551965,0
59630,23199343.589397047,0
59631,23198719.593904626,0
59632,23198095.864972312,0
59633,23197472.39947774,0
59634,23196849.2009344,0
59635,23196226.268121228,0
59636,23195603.600844182,0
59637,23194981.199501093,0
59638,23194359.061472893,0
59639,23193737.191218074,0
59640,23193115.584279988,0
59641,23192494.245217636,0
59642,23191873.171335462,0
59643,23191252.36114762,0
59644,23190631.81837894,0
59645,23190011.539864667,0
59646,23189391.529138997,0
59647,23188771.779550683,0
59648,23188152.300243538,0
59649,23187533.087697186,0
59650,23186914.136500563,0
59651,23186295.45443666,0
59652,23185677.03891471,0
59653,23185058.88677726,0
59654,23184441.002546232,0
59655,23183823.380320262,0
59656,23183206.026130855,0
59657,23182588.9380872,0
59658,23181972.114929993,0
59659,23181355.559353292,0
59660,23180739.26797098,0
59661,23180123.24604249,0
59662,23179507.487238117,0
59663,23178891.99298126,0
59664,23178276.76715005,0
59665,23177661.807929683,0
59666,23177047.113604333,0
59667,23176432.684167285,0
59668,23175818.523275293,0
59669,23175204.627901047,0
59670,23174590.998197787,0
59671,23173977.63571723,0
59672,23173364.53690349,0
59673,23172751.704238743,0
59674,23172139.13946578,0
59675,23171526.84308099,0
59676,23170914.810993187,0
59677,23170303.04318698,0
59678,23169691.543745115,0
59679,23169080.30991712,0
59680,23168469.342326816,0
59681,23167858.64029339,0
59682,23167248.20779893,0
59683,23166638.04103762,0
59684,23166028.13777569,0
59685,23165418.502088152,0
59686,23164809.13319689,0
59687,23164200.031836707,0
59688,23163591.196693886,0
59689,23162982.626789097,0
59690,23162374.321630012,0
59691,23161766.289033767,0
59692,23161158.518483736,0
59693,23160551.014415637,0
59694,23159943.77761575,0
59695,23159336.80787347,0
59696,23158730.105999686,0
59697,23158123.666639764,0
59698,23157517.4992873,0
59699,23156911.595911395,0
59700,23156305.959472295,0
59701,23155700.58835405,0
59702,23155095.48487887,0
59703,23154490.65266702,0
59704,23153886.081187505,0
59705,23153281.780433312,0
59706,23152677.74367288,0
59707,23152073.974002153,0
59708,23151470.472108386,0
59709,23150867.237828616,0
59710,23150264.26971648,0
59711,23149661.567697123,0
59712,23149059.133951876,0
59713,23148456.9665964,0
59714,23147855.06536005,0
59715,23147253.43099677,0
59716,23146652.065682024,0
59717,23146050.96505351,0
59718,23145450.1330892,0
59719,23144849.56860416,0
59720,23144249.269951914,0
59721,23143649.240277022,0
59722,23143049.474355478,0
59723,23142449.976084497,0
59724,23141850.749879915,0
59725,23141251.7861534,0
59726,23140653.090933852,0
59727,23140054.661998358,0
59728,23139456.500084348,0
59729,23138858.60758169,0
59730,23138260.98267252,0
59731,23137663.62289085,0
59732,23137066.53105453,0
59733,23136469.705306474,0
59734,23135873.15177741,0
59735,23135276.86022679,0
59736,23134680.84032558,0
59737,23134085.08344357,0
59738,23133489.597134545,0
59739,23132894.37480376,0
59740,23132299.421394575,0
59741,23131704.737577062,0
59742,23131110.32066322,0
59743,23130516.17061437,0
59744,23129922.28770353,0
59745,23129328.674502533,0
59746,23128735.32506063,0
59747,23128142.244390763,0
59748,23127549.432091117,0
59749,23126956.886752635,0
59750,23126364.610711593,0
59751,23125772.602005307,0
59752,23125180.860500533,0
59753,23124589.38464267,0
59754,23123998.17843232,0
59755,23123407.2391046,0
59756,23122816.569708437,0
59757,23122226.164249916,0
59758,23121636.02927485,0
59759,23121046.158136986,0
59760,23120456.561216343,0
59761,23119867.229725827,0
59762,23119278.165565327,0
59763,23118689.36839576,0
59764,23118100.840048082,0
59765,23117512.581816927,0
59766,23116924.587060362,0
59767,23116336.8612408,0
59768,23115749.40515918,0
59769,23115162.216283895,0
59770,23114575.296331313,0
59771,23113988.64384351,0
59772,23113402.25722385,0
59773,23112816.141999755,0
59774,23112230.29426694,0
59775,23111644.71311386,0
59776,23111059.399987776,0
59777,23110474.355224174,0
59778,23109889.57802182,0
59779,23109305.071411245,0
59780,23108720.83022381,0
59781,23108136.85695796,0
59782,23107553.153761975,0
59783,23106969.717587095,0
59784,23106386.550690614,0
59785,23105803.652845267,0
59786,23105221.020504415,0
59787,23104638.657204546,0
59788,23104056.56464271,0
59789,23103474.738782797,0
59790,23102893.17894338,0
59791,23102311.891766235,0
59792,23101730.870158285,0
59793,23101150.11592211,0
59794,23100569.633356687,0
59795,23099989.414972004,0
59796,23099409.46820738,0
59797,23098829.788515143,0
59798,23098250.37800699,0
59799,23097671.23767749,0
59800,23097092.36314043,0
59801,23096513.756875247,0
59802,23095935.420747157,0
59803,23095357.352558374,0
59804,23094779.55391254,0
59805,23094202.02494245,0
59806,23093624.76046826,0
59807,23093047.766729698,0
59808,23092471.042812772,0
59809,23091894.584177665,0
59810,23091318.39815388,0
59811,23090742.47716496,0
59812,23090166.826682165,0
59813,23089591.444866415,0
59814,23089016.33196008,0
59815,23088441.487496737,0
59816,23087866.912384488,0
59817,23087292.604722776,0
59818,23086718.567150958,0
59819,23086144.79614116,0
59820,23085571.298052706,0
59821,23084998.066751193,0
59822,23084425.103037234,0
59823,23083852.409623876,0
59824,23083279.982978955,0
59825,23082707.82917054,0
59826,23082135.940592058,0
59827,23081564.32047411,0
59828,23080992.97391658,0
59829,23080421.89300152,0
59830,23079851.082714748,0
59831,23079280.540059086,0
59832,23078710.26629793,0
59833,23078140.261015784,0
59834,23077570.525881283,0
59835,23077001.05777284,0
59836,23076431.86133037,0
59837,23075862.936436124,0
59838,23075294.272673246,0
59839,23074725.884780563,0
59840,23074157.76363655,0
59841,23073589.912887104,0
59842,23073022.329758074,0
59843,23072455.01748342,0
59844,23071887.972192902,0
59845,23071321.19807616,0
59846,23070754.69202274,0
59847,23070188.45496731,0
59848,23069622.487689167,0
59849,23069056.79154343,0
59850,23068491.362326648,0
59851,23067926.203443404,0
59852,23067361.313772507,0
59853,23066796.691411033,0
59854,23066232.34042528,0
59855,23065668.258494336,0
59856,23065104.447392546,0
59857,23064540.903381363,0
59858,23063977.62982109,0
59859,23063414.624364194,0
59860,23062851.891473275,0
59861,23062289.426201325,0
59862,23061727.23008019,0
59863,23061165.303352427,0
59864,23060603.647414118,0
59865,23060042.259029295,0
59866,23059481.142746814,0
59867,23058920.29384785,0
59868,23058359.713248584,0
59869,23057799.40534247,0
59870,23057239.366368778,0
59871,23056679.59553291,0
59872,23056120.09712785,0
59873,23055560.863539215,0
59874,23055001.90544951,0
59875,23054443.214145053,0
59876,23053884.7899699,0
59877,23053326.64027239,0
59878,23052768.757669292,0
59879,23052211.147196114,0
59880,23051653.80236943,0
59881,23051096.731203467,0
59882,23050539.928384013,0
59883,23049983.393773507,0
59884,23049427.13205824,0
59885,23048871.136768304,0
59886,23048315.41478354,0
59887,23047759.962181292,0
59888,23047204.776506726,0
59889,23046649.862076722,0
59890,23046095.216782868,0
59891,23045540.844822593,0
59892,23044986.739496317,0
59893,23044432.903737944,0
59894,23043879.341250274,0
59895,23043326.04539109,0
59896,23042773.02148006,0
59897,23042220.265921492,0
59898,23041667.78094332,0
59899,23041115.566581324,0
59900,23040563.622723203,0
59901,23040011.94931969,0
59902,23039460.5442902,0
59903,23038909.409673225,0
59904,23038358.545498613,0
59905,23037807.953824952,0
59906,23037257.628682744,0
59907,23036707.573246922,0
59908,23036157.791763157,0
59909,23035608.27810333,0
59910,23035059.035666883,0
59911,23034510.06204922,0
59912,23033961.361282058,0
59913,23033412.927459616,0
59914,23032864.765273865,0
59915,23032316.873307228,0
59916,23031769.252518076,0
59917,23031221.901156798,0
59918,23030674.81939914,0
59919,23030128.00916686,0
59920,23029581.468582124,0
59921,23029035.199730292,0
59922,23028489.19800481,0
59923,23027943.46974767,0
59924,23027398.01108326,0
59925,23026852.824273966,0
59926,23026307.906079207,0
59927,23025763.25775875,0
59928,23025218.87928715,0
59929,23024674.773720045,0
59930,23024130.939404003,0
59931,23023587.371731512,0
59932,23023044.076872967,0
59933,23022501.05231718,0
59934,23021958.297203597,0
59935,23021415.813717145,0
59936,23020873.600752898,0
59937,23020331.6588793,0
59938,23019789.987826243,0
59939,23019248.58636607,0
59940,23018707.456135042,0
59941,23018166.597852852,0
59942,23017626.008999094,0
59943,23017085.68787066,0
59944,23016545.640747126,0
59945,23016005.863218397,0
59946,23015466.35707354,0
59947,23014927.121191222,0
59948,23014388.154503528,0
59949,23013849.46263822,0
59950,23013311.038569666,0
59951,23012772.885156956,0
59952,23012235.002811585,0
59953,23011697.39125711,0
59954,23011160.050607555,0
59955,23010622.981557917,0
59956,23010086.18222977,0
59957,23009549.654411037,0
59958,23009013.396978464,0
59959,23008477.41062134,0
59960,23007941.69736215,0
59961,23007406.251253642,0
59962,23006871.077273235,0
59963,23006336.17529539,0
59964,23005801.542313505,0
59965,23005267.18381273,0
59966,23004733.093205962,0
59967,23004199.27417292,0
59968,23003665.726375278,0
59969,23003132.448542774,0
59970,23002599.446287684,0
59971,23002066.710039757,0
59972,23001534.248081632,0
59973,23001002.053513233,0
59974,23000470.132798914,0
59975,22999938.482739687,0
59976,22999407.10325935,0
59977,22998875.99419919,0
59978,22998345.155890346,0
59979,22997814.59407156,0
59980,22997284.29639252,0
59981,22996754.276137713,0
59982,22996224.520656027,0
59983,22995695.041491684,0
59984,22995165.830758993,0
59985,22994636.89208597,0
59986,22994108.22334125,0
59987,22993579.82732343,0
59988,22993051.702356983,0
59989,22992523.849182036,0
59990,22991996.26639812,0
59991,22991468.95494902,0
59992,22990941.914723158,0
59993,22990415.146327425,0
59994,22989888.650419407,0
59995,22989362.42337326,0
59996,22988836.46852643,0
59997,22988310.78669037,0
59998,22987785.372677486,0
59999,22987260.234561946,0
60000,22986735.365767483,0
60001,22986210.768795785,0
60002,22985686.4425548,0
60003,22985162.386365652,0
60004,22984638.604348797,0
60005,22984115.093553334,0
60006,22983591.853170685,0
60007,22983068.883321855,0
60008,22982546.187382165,0
60009,22982023.762267534,0
60010,22981501.606298976,0
60011,22980979.72278627,0
60012,22980458.115552798,0
60013,22979936.774699576,0
60014,22979415.706118073,0
60015,22978894.909872834,0
60016,22978374.38591037,0
60017,22977854.133826207,0
60018,22977334.149931658,0
60019,22976814.441343628,0
60020,22976295.005360723,0
60021,22975775.83816475,0
60022,22975256.94339618,0
60023,22974738.3200768,0
60024,22974219.968699407,0
60025,22973701.88836026,0
60026,22973184.080441482,0
60027,22972666.545720857,0
60028,22972149.280045982,0
60029,22971632.288308103,0
60030,22971115.567394488,0
60031,22970599.120444875,0
60032,22970082.940906532,0
60033,22969567.036865,0
60034,22969051.402860977,0
60035,22968536.04033296,0
60036,22968020.949354034,0
60037,22967506.132555988,0
60038,22966991.58739405,0
60039,22966477.31104261,0
60040,22965963.310774263,0
60041,22965449.580862843,0
60042,22964936.121119384,0
60043,22964422.935374208,0
60044,22963910.01998336,0
60045,22963397.377754185,0
60046,22962885.007984817,0
60047,22962372.906226113,0
60048,22961861.080295738,0
60049,22961349.527596124,0
60050,22960838.24508022,0
60051,22960327.231563594,0
60052,22959816.495898508,0
60053,22959306.02517854,0
60054,22958795.83385202,0
60055,22958285.910993733,0
60056,22957776.259674545,0
60057,22957266.881464474,0
60058,22956757.775336727,0
60059,22956248.941721108,0
60060,22955740.381994963,0
60061,22955232.09105686,0
60062,22954724.074045464,0
60063,22954216.326830115,0
60064,22953708.854098666,0
60065,22953201.651699364,0
60066,22952694.723592695,0
60067,22952188.066627644,0
60068,22951681.68319782,0
60069,22951175.569762602,0
60070,22950669.729635257,0
60071,22950164.163124673,0
60072,22949658.867195677,0
60073,22949153.843345296,0
60074,22948649.09228269,0
60075,22948144.61380986,0
60076,22947640.409015704,0
60077,22947136.474628977,0
60078,22946632.811797615,0
60079,22946129.42252069,0
60080,22945626.305124987,0
60081,22945123.461279172,0
60082,22944620.889570273,0
60083,22944118.58872897,0
60084,22943616.564352393,0
60085,22943114.80775344,0
60086,22942613.324480344,0
60087,22942112.114409536,0
60088,22941611.17518489,0
60089,22941110.51007977,0
60090,22940610.119765606,0
60091,22940109.999713883,0
60092,22939610.147982344,0
60093,22939110.575280644,0
60094,22938611.273308657,0
60095,22938112.241216935,0
60096,22937613.48523521,0
60097,22937114.999176554,0
60098,22936616.78610021,0
60099,22936118.845202062,0
60100,22935621.177904084,0
60101,22935123.78230823,0
60102,22934626.660584684,0
60103,22934129.810673006,0
60104,22933633.232727766,0
60105,22933136.926577188,0
60106,22932640.896322165,0
60107,22932145.136133377,0
60108,22931649.649316028,0
60109,22931154.43569444,0
60110,22930659.49583116,0
60111,22930164.825195566,0
60112,22929670.429414615,0
60113,22929176.30770732,0
60114,22928682.455646873,0
60115,22928188.877421003,0
60116,22927695.574226636,0
60117,22927202.54090206,0
60118,22926709.781464916,0
60119,22926217.294308238,0
60120,22925725.08086257,0
60121,22925233.13981664,0
60122,22924741.470494915,0
60123,22924250.073411442,0
60124,22923758.95231374,0
60125,22923268.101607967,0
60126,22922777.525572006,0
60127,22922287.219430927,0
60128,22921797.188478995,0
60129,22921307.428643376,0
60130,22920817.94511517,0
60131,22920328.732648987,0
60132,22919839.790922023,0
60133,22919351.124106955,0
60134,22918862.729296837,0
60135,22918374.60812309,0
60136,22917886.76119385,0
60137,22917399.18460402,0
60138,22916911.883144908,0
60139,22916424.853179578,0
60140,22915938.09744362,0
60141,22915451.612781823,0
60142,22914965.403733302,0
60143,22914479.466999482,0
60144,22913993.79891166,0
60145,22913508.40902937,0
60146,22913023.290569462,0
60147,22912538.444528006,0
60148,22912053.873283032,0
60149,22911569.574687805,0
60150,22911085.54535432,0
60151,22910601.792118676,0
60152,22910118.315754246,0
60153,22909635.10688352,0
60154,22909152.17334624,0
60155,22908669.511438735,0
60156,22908187.124928117,0
60157,22907705.01176479,0
60158,22907223.16954938,0
60159,22906741.601057,0
60160,22906260.304069158,0
60161,22905779.28472964,0
60162,22905298.53532649,0
60163,22904818.059230305,0
60164,22904337.85820289,0
60165,22903857.927644517,0
60166,22903378.273204245,0
60167,22902898.89123974,0
60168,22902419.780793894,0
60169,22901940.944079127,0
60170,22901462.381050102,0
60171,22900984.092388906,0
60172,22900506.07523203,0
60173,22900028.33497135,0
60174,22899550.861422516,0
60175,22899073.66624168,0
60176,22898596.743487816,0
60177,22898120.09353154,0
60178,22897643.716307987,0
60179,22897167.614928607,0
60180,22896691.78453659,0
60181,22896216.2281376,0
60182,22895740.943621535,0
60183,22895265.93415076,0
60184,22894791.198687058,0
60185,22894316.734133665,0
60186,22893842.54633398,0
60187,22893368.6294093,0
60188,22892894.98783309,0
60189,22892421.617024213,0
60190,22891948.5233832,0
60191,22891475.699539207,0
60192,22891003.150660016,0
60193,22890530.873917714,0
60194,22890058.8728028,0
60195,22889587.14341648,0
60196,22889115.68732726,0
60197,22888644.507068098,0
60198,22888173.600325476,0
60199,22887702.964508757,0
60200,22887232.60320876,0
60201,22886762.51565381,0
60202,22886292.704197884,0
60203,22885823.16210502,0
60204,22885353.893000513,0
60205,22884884.900703326,0
60206,22884416.18107203,0
60207,22883947.7345568,0
60208,22883479.56273465,0
60209,22883011.66308412,0
60210,22882544.037736736,0
60211,22882076.68660653,0
60212,22881609.606736083,0
60213,22881142.80157807,0
60214,22880676.27406104,0
60215,22880210.016389497,0
60216,22879744.03230832,0
60217,22879278.32229255,0
60218,22878812.885516513,0
60219,22878347.726117138,0
60220,22877882.83437521,0
60221,22877418.221565127,0
60222,22876953.879496407,0
60223,22876489.81008161,0
60224,22876026.01531417,0
60225,22875562.49517017,0
60226,22875099.24811715,0
60227,22874636.276084524,0
60228,22874173.57715256,0
60229,22873711.1498674,0
60230,22873249.002084382,0
60231,22872787.1208406,0
60232,22872325.514868144,0
60233,22871864.187194604,0
60234,22871403.12964673,0
60235,22870942.348065164,0
60236,22870481.83932535,0
60237,22870021.604655698,0
60238,22869561.644000147,0
60239,22869101.9546063,0
60240,22868642.541713186,0
60241,22868183.40306878,0
60242,22867724.535905134,0
60243,22867265.942723695,0
60244,22866807.627132844,0
60245,22866349.581741977,0
60246,22865891.811358184,0
60247,22865434.315689355,0
60248,22864977.09305676,0
60249,22864520.14544473,0
60250,22864063.46851238,0
60251,22863607.07126402,0
60252,22863150.94076208,0
60253,22862695.0889042,0
60254,22862239.509487916,0
60255,22861784.205432616,0
60256,22861329.174379986,0
60257,22860874.41748256,0
60258,22860419.93451066,0
60259,22859965.72647433,0
60260,22859511.790235918,0
60261,22859058.130378958,0
60262,22858604.740158778,0
60263,22858151.626657862,0
60264,22857698.78992392,0
60265,22857246.225107368,0
60266,22856793.933265988,0
60267,22856341.916852295,0
60268,22855890.175050583,0
60269,22855438.70581573,0
60270,22854987.510049965,0
60271,22854536.58988377,0
60272,22854085.943829253,0
60273,22853635.56931079,0
60274,22853185.47129779,0
60275,22852735.64868804,0
60276,22852286.095803313,0
60277,22851836.820324283,0
60278,22851387.81820315,0
60279,22850939.092463385,0
60280,22850490.636723746,0
60281,22850042.45900436,0
60282,22849594.55241071,0
60283,22849146.923248798,0
60284,22848699.564465735,0
60285,22848252.48243973,0
60286,22847805.673043303,0
60287,22847359.137523804,0
60288,22846912.87754196,0
60289,22846466.89133768,0
60290,22846021.178843822,0
60291,22845575.742378153,0
60292,22845130.580400255,0
60293,22844685.688626338,0
60294,22844241.074075967,0
60295,22843796.732971583,0
60296,22843352.66315728,0
60297,22842908.873831104,0
60298,22842465.3556074,0
60299,22842022.110004265,0
60300,22841579.13981839,0
60301,22841136.4466616,0
60302,22840694.02678724,0
60303,22840251.877966456,0
60304,22839810.00549067,0
60305,22839368.40991627,0
60306,22838927.084594987,0
60307,22838486.03288749,0
60308,22838045.258109525,0
60309,22837604.760046873,0
60310,22837164.53058017,0
60311,22836724.57842236,0
60312,22836284.90168161,0
60313,22835845.49715204,0
60314,22835406.368618913,0
60315,22834967.513584826,0
60316,22834528.932640903,0
60317,22834090.62785824,0
60318,22833652.59361632,0
60319,22833214.837637715,0
60320,22832777.353960562,0
60321,22832340.14760135,0
60322,22831903.21160751,0
60323,22831466.55393715,0
60324,22831030.166241337,0
60325,22830594.05584269,0
60326,22830158.220319934,0
60327,22829722.656208295,0
60328,22829287.371044613,0
60329,22828852.35637879,0
60330,22828417.618032727,0
60331,22827983.15389283,0
60332,22827548.963459387,0
60333,22827115.047383,0
60334,22826681.407418933,0
60335,22826248.03892554,0
60336,22825814.947724286,0
60337,22825382.131484658,0
60338,22824949.59025929,0
60339,22824517.321819205,0
60340,22824085.327380445,0
60341,22823653.605475057,0
60342,22823222.1624479,0
60343,22822790.990945015,0
60344,22822360.09592791,0
60345,22821929.4756757,0
60346,22821499.1286472,0
60347,22821069.0570882,0
60348,22820639.256764542,0
60349,22820209.7340782,0
60350,22819780.488098662,0
60351,22819351.51417457,0
60352,22818922.813271903,0
60353,22818494.38848015,0
60354,22818066.239477232,0
60355,22817638.36322826,0
60356,22817210.76229031,0
60357,22816783.434348423,0
60358,22816356.38461853,0
60359,22815929.606077395,0
60360,22815503.10230975,0
60361,22815076.8749682,0
60362,22814650.921827447,0
60363,22814225.245210294,0
60364,22813799.838981286,0
60365,22813374.71065125,0
60366,22812949.853393074,0
60367,22812525.2763301,0
60368,22812100.969149977,0
60369,22811676.939543955,0
60370,22811253.183423508,0
60371,22810829.702219352,0
60372,22810406.495150305,0
60373,22809983.564647473,0
60374,22809560.905544866,0
60375,22809138.524881028,0
60376,22808716.41526468,0
60377,22808294.58159906,0
60378,22807873.02362108,0
60379,22807451.739044182,0
60380,22807030.730132006,0
60381,22806609.995587803,0
60382,22806189.53577275,0
60383,22805769.35266031,0
60384,22805349.442567285,0
60385,22804929.80511635,0
60386,22804510.445289176,0
60387,22804091.35922172,0
60388,22803672.547859892,0
60389,22803254.010818526,0
60390,22802835.749207772,0
60391,22802417.762155645,0
60392,22802000.0486797,0
60393,22801582.61192506,0
60394,22801165.448168524,0
60395,22800748.562104065,0
60396,22800331.948912922,0
60397,22799915.610931523,0
60398,22799499.546008635,0
60399,22799083.75910434,0
60400,22798668.244777184,0
60401,22798253.007518888,0
60402,22797838.041890394,0
60403,22797423.351107698,0
60404,22797008.935803413,0
60405,22796594.797651388,0
60406,22796180.931519218,0
60407,22795767.34176904,0
60408,22795354.026336905,0
60409,22794940.98636944,0
60410,22794528.22290707,0
60411,22794115.729840618,0
60412,22793703.514601327,0
60413,22793291.572678596,0
60414,22792879.906355146,0
60415,22792468.516607847,0
60416,22792057.40079789,0
60417,22791646.55802466,0
60418,22791235.991125707,0
60419,22790825.699133493,0
60420,22790415.684403505,0
60421,22790005.94334378,0
60422,22789596.4740328,0
60423,22789187.282771036,0
60424,22788778.367368106,0
60425,22788369.723852582,0
60426,22787961.35666318,0
60427,22787553.264762286,0
60428,22787145.446482077,0
60429,22786737.903619446,0
60430,22786330.63710886,0
60431,22785923.64276084,0
60432,22785516.924810424,0
60433,22785110.482954882,0
60434,22784704.31653069,0
60435,22784298.42410394,0
60436,22783892.8045442,0
60437,22783487.4628855,0
60438,22783082.39543509,0
60439,22782677.60105505,0
60440,22782273.08358692,0
60441,22781868.841723107,0
60442,22781464.871034246,0
60443,22781061.17835984,0
60444,22780657.762047894,0
60445,22780254.616339996,0
60446,22779851.74925904,0
60447,22779449.155292377,0
60448,22779046.83909884,0
60449,22778644.79336552,0
60450,22778243.026302442,0
60451,22777841.532149374,0
60452,22777440.31356735,0
60453,22777039.3699875,0
60454,22776638.703590088,0
60455,22776238.311128292,0
60456,22775838.19257686,0
60457,22775438.349734284,0
60458,22775038.781036884,0
60459,22774639.489460945,0
60460,22774240.471246503,0
60461,22773841.72772639,0
60462,22773443.259931616,0
60463,22773045.06643202,0
60464,22772647.15106421,0
60465,22772249.507200453,0
60466,22771852.138618432,0
60467,22771455.04593618,0
60468,22771058.228168245,0
60469,22770661.685773022,0
60470,22770265.418899395,0
60471,22769869.42459817,0
60472,22769473.70878101,0
60473,22769078.266700715,0
60474,22768683.099704448,0
60475,22768288.207850486,0
60476,22767893.590755872,0
60477,22767499.249265052,0
60478,22767105.181951616,0
60479,22766711.391394664,0
60480,22766317.87448082,0
60481,22765924.634584207,0
60482,22765531.666657027,0
60483,22765138.97393157,0
60484,22764746.558348518,0
60485,22764354.416936357,0
60486,22763962.55150244,0
60487,22763570.96175822,0
60488,22763179.64462008,0
60489,22762788.603779256,0
60490,22762397.839390747,0
60491,22762007.34771128,0
60492,22761617.132432234,0
60493,22761227.193598974,0
60494,22760837.52646881,0
60495,22760448.137956396,0
60496,22760059.02461154,0
60497,22759670.182378944,0
60498,22759281.618051194,0
60499,22758893.32912262,0
60500,22758505.313717414,0
60501,22758117.579386987,0
60502,22757730.11380462,0
60503,22757342.9243619,0
60504,22756956.01024708,0
60505,22756569.375402264,0
60506,22756183.010681044,0
60507,22755796.921886023,0
60508,22755411.110387906,0
60509,22755025.571878918,0
60510,22754640.30847988,0
60511,22754255.321039226,0
60512,22753870.608893212,0
60513,22753486.17148186,0
60514,22753102.01180212,0
60515,22752718.12354563,0
60516,22752334.513972368,0
60517,22751951.175530534,0
60518,22751568.114686728,0
60519,22751185.32894831,0
60520,22750802.817807056,0
60521,22750420.58261745,0
60522,22750038.62344647,0
60523,22749656.93898607,0
60524,22749275.528169356,0
60525,22748894.3919657,0
60526,22748513.5330447,0
60527,22748132.948756926,0
60528,22747752.641932733,0
60529,22747372.60732155,0
60530,22746992.848862827,0
60531,22746613.363462843,0
60532,22746234.15463383,0
60533,22745855.22343013,0
60534,22745476.564561635,0
60535,22745098.182695836,0
60536,22744720.07541803,0
60537,22744342.242432307,0
60538,22743964.686875496,0
60539,22743587.40267865,0
60540,22743210.397741336,0
60541,22742833.667030063,0
60542,22742457.212001737,0
60543,22742081.029611953,0
60544,22741705.125143416,0
60545,22741329.494719286,0
60546,22740954.140739918,0
60547,22740579.058837943,0
60548,22740204.25591423,0
60549,22739829.725258403,0
60550,22739455.468739938,0
60551,22739081.49136947,0
60552,22738707.786733028,0
60553,22738334.360732123,0
60554,22737961.206167493,0
60555,22737588.326722365,0
60556,22737215.7262149,0
60557,22736843.399192255,0
60558,22736471.345255703,0
60559,22736099.568250727,0
60560,22735728.06719018,0
60561,22735356.838721566,0
60562,22734985.89003977,0
60563,22734615.215074316,0
60564,22734244.812041473,0
60565,22733874.68910164,0
60566,22733504.83807807,0
60567,22733135.26209014,0
60568,22732765.96314614,0
60569,22732396.939714313,0
60570,22732028.189125873,0
60571,22731659.715507083,0
60572,22731291.515973408,0
60573,22730923.59304817,0
60574,22730555.945793632,0
60575,22730188.572103735,0
60576,22729821.474239185,0
60577,22729454.653620224,0
60578,22729088.105947174,0
60579,22728721.833249588,0
60580,22728355.83901784,0
60581,22727990.11818502,0
60582,22727624.671164062,0
60583,22727259.498305257,0
60584,22726894.604530405,0
60585,22726529.9846091,0
60586,22726165.637606874,0
60587,22725801.57083012,0
60588,22725437.77556882,0
60589,22725074.257479772,0
60590,22724711.0123257,0
60591,22724348.044666443,0
60592,22723985.35154259,0
60593,22723622.93330563,0
60594,22723260.790993158,0
60595,22722898.92302817,0
60596,22722537.32992494,0
60597,22722176.012288548,0
60598,22721814.972215064,0
60599,22721454.207405664,0
60600,22721093.71463903,0
60601,22720733.50108259,0
60602,22720373.56103806,0
60603,22720013.895026054,0
60604,22719654.504575524,0
60605,22719295.391236193,0
60606,22718936.55212058,0
60607,22718577.986772783,0
60608,22718219.698399436,0
60609,22717861.68410038,0
60610,22717503.947081987,0
60611,22717146.481893476,0
60612,22716789.296115365,0
60613,22716432.383285027,0
60614,22716075.7470634,0
60615,22715719.384652436,0
60616,22715363.297113635,0
60617,22715007.487234775,0
60618,22714651.95155778,0
60619,22714296.692526218,0
60620,22713941.70553013,0
60621,22713586.995316457,0
60622,22713232.560247302,0
60623,22712878.40313925,0
60624,22712524.517613273,0
60625,22712170.90923013,0
60626,22711817.57381725,0
60627,22711464.515290894,0
60628,22711111.733109787,0
60629,22710759.22788172,0
60630,22710406.992694613,0
60631,22710055.035967745,0
60632,22709703.35469463,0
60633,22709351.94742406,0
60634,22709000.817174442,0
60635,22708649.95979054,0
60636,22708299.378724698,0
60637,22707949.07702565,0
60638,22707599.04313074,0
60639,22707249.289899427,0
60640,22706899.80847538,0
60641,22706550.603466075,0
60642,22706201.67578172,0
60643,22705853.020670965,0
60644,22705504.643033024,0
60645,22705156.53931841,0
60646,22704808.713327356,0
60647,22704461.15776734,0
60648,22704113.882490784,0
60649,22703766.879876815,0
60650,22703420.152409915,0
60651,22703073.700197883,0
60652,22702727.52471435,0
60653,22702381.623621665,0
60654,22702035.997911878,0
60655,22701690.646637406,0
60656,22701345.570415743,0
60657,22701000.77235846,0
60658,22700656.246659886,0
60659,22700311.996497016,0
60660,22699968.021817192,0
60661,22699624.324711543,0
60662,22699280.90140416,0
60663,22698937.75208536,0
60664,22698594.878901176,0
60665,22698252.28143728,0
60666,22697909.957165673,0
60667,22697567.91217966,0
60668,22697226.13675836,0
60669,22696884.640600152,0
60670,22696543.41834969,0
60671,22696202.47271356,0
60672,22695861.80315944,0
60673,22695521.405217357,0
60674,22695181.28515206,0
60675,22694841.436343282,0
60676,22694501.86944513,0
60677,22694162.57502567,0
60678,22693823.55440241,0
60679,22693484.808706626,0
60680,22693146.339305844,0
60681,22692808.145923655,0
60682,22692470.22647847,0
60683,22692132.585708223,0
60684,22691795.216279063,0
60685,22691458.124168597,0
60686,22691121.304578703,0
60687,22690784.761477273,0
60688,22690448.4941415,0
60689,22690112.50221199,0
60690,22689776.78523521,0
60691,22689441.345230762,0
60692,22689106.178424537,0
60693,22688771.286504608,0
60694,22688436.66851616,0
60695,22688102.32963081,0
60696,22687768.26340087,0
60697,22687434.47470823,0
60698,22687100.95900044,0
60699,22686767.718261186,0
60700,22686434.75124462,0
60701,22686102.06363706,0
60702,22685769.648756437,0
60703,22685437.510655683,0
60704,22685105.64515098,0
60705,22684774.057798546,0
60706,22684442.74175967,0
60707,22684111.704230458,0
60708,22683780.94156924,0
60709,22683450.453928743,0
60710,22683120.24208061,0
60711,22682790.302442353,0
60712,22682460.641048945,0
60713,22682131.253852088,0
60714,22681802.14311654,0
60715,22681473.30537848,0
60716,22681144.7429234,0
60717,22680816.45630937,0
60718,22680488.445507605,0
60719,22680160.708256766,0
60720,22679833.250546366,0
60721,22679506.063099787,0
60722,22679179.15154043,0
60723,22678852.515913323,0
60724,22678526.155436054,0
60725,22678200.071849655,0
60726,22677874.259817496,0
60727,22677548.726440273,0
60728,22677223.467491977,0
60729,22676898.48178288,0
60730,22676573.771955494,0
60731,22676249.339549303,0
60732,22675925.178467203,0
60733,22675601.29534992,0
60734,22675277.68690979,0
60735,22674954.35249346,0
60736,22674631.293335814,0
60737,22674308.51054344,0
60738,22673986.00313863,0
60739,22673663.768892225,0
60740,22673341.81202176,0
60741,22673020.12837859,0
60742,22672698.720214196,0
60743,22672377.587395076,0
60744,22672056.730767004,0
60745,22671736.149186853,0
60746,22671415.840814635,0
60747,22671095.80746609,0
60748,22670776.05236459,0
60749,22670456.568326507,0
60750,22670137.36397802,0
60751,22669818.430219855,0
60752,22669499.772725396,0
60753,22669181.39247431,0
60754,22668863.28500172,0
60755,22668545.454236593,0
60756,22668227.89744647,0
60757,22667910.614613224,0
60758,22667593.60963461,0
60759,22667276.878989775,0
60760,22666960.42245301,0
60761,22666644.242513955,0
60762,22666328.33555008,0
60763,22666012.70403588,0
60764,22665697.348584067,0
60765,22665382.267030794,0
60766,22665067.462083485,0
60767,22664752.9313291,0
60768,22664438.674022324,0
60769,22664124.695365783,0
60770,22663810.991196588,0
60771,22663497.55891372,0
60772,22663184.400773726,0
60773,22662871.521841303,0
60774,22662558.915478002,0
60775,22662246.585976727,0
60776,22661934.531484053,0
60777,22661622.7496246,0
60778,22661311.246784225,0
60779,22661000.011583976,0
60780,22660689.05878696,0
60781,22660378.3789865,0
60782,22660067.971958376,0
60783,22659757.841655534,0
60784,22659447.988056753,0
60785,22659138.408774063,0
60786,22658829.103421494,0
60787,22658520.070539776,0
60788,22658211.31672619,0
60789,22657902.834768616,0
60790,22657594.630187117,0
60791,22657286.698459707,0
60792,22656979.041898906,0
60793,22656671.66395832,0
60794,22656364.55849795,0
60795,22656057.72544596,0
60796,22655751.17098339,0
60797,22655444.889026746,0
60798,22655138.885418918,0
60799,22654833.150748853,0
60800,22654527.696001,0
60801,22654222.51359952,0
60802,22653917.607253715,0
60803,22653612.977440495,0
60804,22653308.620740402,0
60805,22653004.538728606,0
60806,22652700.734036908,0
60807,22652397.202865105,0
60808,22652093.945348743,0
60809,22651790.961127594,0
60810,22651488.256407294,0
60811,22651185.82435197,0
60812,22650883.666021403,0
60813,22650581.784933865,0
60814,22650280.1766843,0
60815,22649978.84384902,0
60816,22649677.78583545,0
60817,22649377.005067937,0
60818,22649076.49760495,0
60819,22648776.263106473,0
60820,22648476.306022942,0
60821,22648176.623205107,0
60822,22647877.213296093,0
60823,22647578.07941505,0
60824,22647279.22112704,0
60825,22646980.635817606,0
60826,22646682.328028884,0
60827,22646384.29328412,0
60828,22646086.532297395,0
60829,22645789.047595855,0
60830,22645491.838003635,0
60831,22645194.904406562,0
60832,22644898.24326406,0
60833,22644601.858081926,0
60834,22644305.74877244,0
60835,22644009.911937196,0
60836,22643714.349724773,0
60837,22643419.0630332,0
60838,22643124.052753966,0
60839,22642829.314677373,0
60840,22642534.85486747,0
60841,22642240.666588034,0
60842,22641946.75395647,0
60843,22641653.115109924,0
60844,22641359.753669724,0
60845,22641066.665907513,0
60846,22640773.851110004,0
60847,22640481.313375518,0
60848,22640189.047972515,0
60849,22639897.05896939,0
60850,22639605.34649153,0
60851,22639313.90412255,0
60852,22639022.73983212,0
60853,22638731.848406736,0
60854,22638441.233279854,0
60855,22638150.892594393,0
60856,22637860.82458664,0
60857,22637571.03305693,0
60858,22637281.51728491,0
60859,22636992.274509527,0
60860,22636703.307821564,0
60861,22636414.613885734,0
60862,22636126.1971032,0
60863,22635838.052222505,0
60864,22635550.18433739,0
60865,22635262.58972657,0
60866,22634975.267613564,0
60867,22634688.224589508,0
60868,22634401.453532837,0
60869,22634114.957571052,0
60870,22633828.73661347,0
60871,22633542.788461316,0
60872,22633257.117050078,0
60873,22632971.71885602,0
60874,22632686.598739933,0
60875,22632401.74742404,0
60876,22632117.173233192,0
60877,22631832.87461146,0
60878,22631548.85086862,0
60879,22631265.10092836,0
60880,22630981.62651333,0
60881,22630698.424848277,0
60882,22630415.498072226,0
60883,22630132.847349897,0
60884,22629850.47087645,0
60885,22629568.367302597,0
60886,22629286.539881684,0
60887,22629004.985542122,0
60888,22628723.70616725,0
60889,22628442.70261075,0
60890,22628161.972137805,0
60891,22627881.517416157,0
60892,22627601.3369567,0
60893,22627321.42879838,0
60894,22627041.797544666,0
60895,22626762.44043497,0
60896,22626483.35672385,0
60897,22626204.54824192,0
60898,22625926.013759334,0
60899,22625647.75421562,0
60900,22625369.769280653,0
60901,22625092.05739805,0
60902,22624814.61999717,0
60903,22624537.45973435,0
60904,22624260.572210316,0
60905,22623983.960981976,0
60906,22623707.621059526,0
60907,22623431.557139967,0
60908,22623155.766388156,0
60909,22622880.250826783,0
60910,22622605.00960612,0
60911,22622330.042587798,0
60912,22622055.352364797,0
60913,22621780.93411239,0
60914,22621506.791821327,0
60915,22621232.921796955,0
60916,22620959.32675197,0
60917,22620686.00414215,0
60918,22620412.961992655,0
60919,22620140.188424528,0
60920,22619867.68893656,0
60921,22619595.46820893,0
60922,22619323.518456526,0
60923,22619051.844020367,0
60924,22618780.445041936,0
60925,22618509.318399068,0
60926,22618238.468520664,0
60927,22617967.890175894,0
60928,22617697.587772224,0
60929,22617427.559297062,0
60930,22617157.804611243,0
60931,22616888.324467015,0
60932,22616619.11854549,0
60933,22616350.188299954,0
60934,22616081.530297853,0
60935,22615813.145649076,0
60936,22615545.036346182,0
60937,22615277.2020068,0
60938,22615009.642790474,0
60939,22614742.355032276,0
60940,22614475.34346341,0
60941,22614208.60495162,0
60942,22613942.143596914,0
60943,22613675.95388437,0
60944,22613410.038835306,0
60945,22613144.3963891,0
60946,22612879.028177775,0
60947,22612613.936332997,0
60948,22612349.117203757,0
60949,22612084.572721474,0
60950,22611820.30488269,0
60951,22611556.30729679,0
60952,22611292.585755453,0
60953,22611029.138609406,0
60954,22610765.9626376,0
60955,22610503.06452613,0
60956,22610240.43681099,0
60957,22609978.086957622,0
60958,22609716.010297317,0
60959,22609454.20469089,0
60960,22609192.677328218,0
60961,22608931.421455864,0
60962,22608670.439562857,0
60963,22608409.73165066,0
60964,22608149.29996752,0
60965,22607889.141127646,0
60966,22607629.255250845,0
60967,22607369.643540956,0
60968,22607110.30825012,0
60969,22606851.245642725,0
60970,22606592.456379946,0
60971,22606333.94197382,0
60972,22606075.69867474,0
60973,22605817.73082841,0
60974,22605560.039540045,0
60975,22605302.619573444,0
60976,22605045.47576483,0
60977,22604788.602487426,0
60978,22604532.00524684,0
60979,22604275.682896655,0
60980,22604019.633545727,0
60981,22603763.85850442,0
60982,22603508.356099445,0
60983,22603253.126550667,0
60984,22602998.178083967,0
60985,22602743.494716693,0
60986,22602489.091501955,0
60987,22602234.95628939,0
60988,22601981.09702844,0
60989,22601727.513286352,0
60990,22601474.20407539,0
60991,22601221.166806493,0
60992,22600968.403540667,0
60993,22600715.91404336,0
60994,22600463.698923703,0
60995,22600211.757145435,0
60996,22599960.090793826,0
60997,22599708.69661037,0
60998,22599457.574636463,0
60999,22599206.727765083,0
61000,22598956.155451402,0
61001,22598705.85751972,0
61002,22598455.833051287,0
61003,22598206.081477143,0
61004,22597956.60460388,0
61005,22597707.400132768,0
61006,22597458.471640512,0
61007,22597209.81416704,0
61008,22596961.430997625,0
61009,22596713.32049018,0
61010,22596465.487064507,0
61011,22596217.92561042,0
61012,22595970.636470452,0
61013,22595723.621768333,0
61014,22595476.883419313,0
61015,22595230.41440744,0
61016,22594984.222236212,0
61017,22594738.302430265,0
61018,22594492.656803463,0
61019,22594247.28297083,0
61020,22594002.184997138,0
61021,22593757.358937934,0
61022,22593512.808361065,0
61023,22593268.53075812,0
61024,22593024.526693787,0
61025,22592780.796406407,0
61026,22592537.33732174,0
61027,22592294.15352993,0
61028,22592051.244853407,0
61029,22591808.607460786,0
61030,22591566.244954556,0
61031,22591324.15602012,0
61032,22591082.337084047,0
61033,22590840.796098437,0
61034,22590599.5255443,0
61035,22590358.532045677,0
61036,22590117.807108894,0
61037,22589877.360495973,0
61038,22589637.183764927,0
61039,22589397.283063143,0
61040,22589157.655408315,0
61041,22588918.2985603,0
61042,22588679.21622402,0
61043,22588440.409336682,0
61044,22588201.874518067,0
61045,22587963.612328585,0
61046,22587725.623700116,0
61047,22587487.912403036,0
61048,22587250.47152616,0
61049,22587013.301643375,0
61050,22586776.407517087,0
61051,22586539.787526753,0
61052,22586303.439787734,0
61053,22586067.36631563,0
61054,22585831.564048525,0
61055,22585596.03460108,0
61056,22585360.781917278,0
61057,22585125.799219318,0
61058,22584891.091924645,0
61059,22584656.658449054,0
61060,22584422.495041486,0
61061,22584188.60773908,0
61062,22583954.991697833,0
61063,22583721.65028309,0
61064,22583488.582300723,0
61065,22583255.789272178,0
61066,22583023.26567903,0
61067,22582791.019493636,0
61068,22582559.042199265,0
61069,22582327.339802973,0
61070,22582095.90847597,0
61071,22581864.753328573,0
61072,22581633.869405102,0
61073,22581403.260448903,0
61074,22581172.923647553,0
61075,22580942.8605344,0
61076,22580713.070990045,0
61077,22580483.552597903,0
61078,22580254.309496365,0
61079,22580025.33606816,0
61080,22579796.639942363,0
61081,22579568.214087717,0
61082,22579340.062866047,0
61083,22579112.18461491,0
61084,22578884.57649065,0
61085,22578657.24661264,0
61086,22578430.185182873,0
61087,22578203.400483426,0
61088,22577976.884939898,0
61089,22577750.645429906,0
61090,22577524.676392,0
61091,22577298.981796075,0
61092,22577073.559805416,0
61093,22576848.410583977,0
61094,22576623.534604717,0
61095,22576398.93208066,0
61096,22576174.60232117,0
61097,22575950.544839043,0
61098,22575726.760862354,0
61099,22575503.24745798,0
61100,22575280.011398397,0
61101,22575057.04414562,0
61102,22574834.350500137,0
61103,22574611.934110094,0
61104,22574389.7866335,0
61105,22574167.911009293,0
61106,22573946.31071164,0
61107,22573724.980748788,0
61108,22573503.924854334,0
61109,22573283.141768802,0
61110,22573062.631548416,0
61111,22572842.39452964,0
61112,22572622.429440748,0
61113,22572402.73542746,0
61114,22572183.318958987,0
61115,22571964.171774648,0
61116,22571745.299367353,0
61117,22571526.69787107,0
61118,22571308.370490864,0
61119,22571090.314308405,0
61120,22570872.53015207,0
61121,22570655.01994907,0
61122,22570437.782434154,0
61123,22570220.817924198,0
61124,22570004.12584075,0
61125,22569787.707850445,0
61126,22569571.56012684,0
61127,22569355.683700383,0
61128,22569140.08290769,0
61129,22568924.754558958,0
61130,22568709.696983736,0
61131,22568494.91403099,0
61132,22568280.401631966,0
61133,22568066.16340635,0
61134,22567852.19657899,0
61135,22567638.50339511,0
61136,22567425.083375372,0
61137,22567211.933985446,0
61138,22566999.05566473,0
61139,22566786.455395527,0
61140,22566574.12267765,0
61141,22566362.06188708,0
61142,22566150.275235623,0
61143,22565938.76241347,0
61144,22565727.52117976,0
61145,22565516.55306543,0
61146,22565305.855039444,0
61147,22565095.429498903,0
61148,22564885.277675074,0
61149,22564675.3992061,0
61150,22564465.79000246,0
61151,22564256.457956504,0
61152,22564047.393380724,0
61153,22563838.604682036,0
61154,22563630.087041784,0
61155,22563421.843328826,0
61156,22563213.866700906,0
61157,22563006.165750258,0
61158,22562798.73699916,0
61159,22562591.581070714,0
61160,22562384.696077187,0
61161,22562178.08600386,0
61162,22561971.746104587,0
61163,22561765.677367087,0
61164,22561559.881653085,0
61165,22561354.358868085,0
61166,22561149.107965324,0
61167,22560944.13023678,0
61168,22560739.423411828,0
61169,22560534.989672303,0
61170,22560330.82811407,0
61171,22560126.936835013,0
61172,22559923.319161087,0
61173,22559719.97516667,0
61174,22559516.899522725,0
61175,22559314.096791983,0
61176,22559111.56761946,0
61177,22558909.30849323,0
61178,22558707.32522946,0
61179,22558505.610701643,0
61180,22558304.168958258,0
61181,22558102.999601077,0
61182,22557902.104234427,0
61183,22557701.477453128,0
61184,22557501.12508189,0
61185,22557301.04328194,0
61186,22557101.23363658,0
61187,22556901.69554283,0
61188,22556702.430849798,0
61189,22556503.436282635,0
61190,22556304.71513428,0
61191,22556106.26625645,0
61192,22555908.088531002,0
61193,22555710.180721343,0
61194,22555512.54734084,0
61195,22555315.185220268,0
61196,22555118.09438508,0
61197,22554921.276255295,0
61198,22554724.72943109,0
61199,22554528.45546752,0
61200,22554332.45255647,0
61201,22554136.718790613,0
61202,22553941.260944042,0
61203,22553746.07181221,0
61204,22553551.155034106,0
61205,22553356.511394285,0
61206,22553162.13785495,0
61207,22552968.03705909,0
61208,22552774.206720114,0
61209,22552580.65030093,0
61210,22552387.36523394,0
61211,22552194.350767374,0
61212,22552001.607808698,0
61213,22551809.13822047,0
61214,22551616.939284876,0
61215,22551425.00993225,0
61216,22551233.354918845,0
61217,22551041.969149176,0
61218,22550850.85594631,0
61219,22550660.01544471,0
61220,22550469.444593802,0
61221,22550279.144027706,0
61222,22550089.119381912,0
61223,22549899.36290626,0
61224,22549709.88030077,0
61225,22549520.667913426,0
61226,22549331.727170102,0
61227,22549143.05737674,0
61228,22548954.659404352,0
61229,22548766.533574518,0
61230,22548578.67889971,0
61231,22548391.095440175,0
61232,22548203.783870656,0
61233,22548016.743584868,0
61234,22547829.972516213,0
61235,22547643.474667,0
61236,22547457.2505776,0
61237,22547271.29438431,0
61238,22547085.608895715,0
61239,22546900.19577984,0
61240,22546715.055201605,0
61241,22546530.185405925,0
61242,22546345.587579403,0
61243,22546161.257100694,0
61244,22545977.20219711,0
61245,22545793.419961847,0
61246,22545609.904406622,0
61247,22545426.661896683,0
61248,22545243.689916503,0
61249,22545060.991105936,0
61250,22544878.5595267,0
61251,22544696.403082594,0
61252,22544514.514754508,0
61253,22544332.901282053,0
61254,22544151.556447048,0
61255,22543970.481966566,0
61256,22543789.682409376,0
61257,22543609.150977332,0
61258,22543428.891278427,0
61259,22543248.89976328,0
61260,22543069.182334375,0
61261,22542889.737641916,0
61262,22542710.561372668,0
61263,22542531.657095436,0
61264,22542353.02157589,0
61265,22542174.658811465,0
61266,22541996.567609694,0
61267,22541818.744669795,0
61268,22541641.19618538,0
61269,22541463.919421285,0
61270,22541286.90833982,0
61271,22541110.169807065,0
61272,22540933.705422517,0
61273,22540757.508585893,0
61274,22540581.584717073,0
61275,22540405.93209654,0
61276,22540230.54858657,0
61277,22540055.435380492,0
61278,22539880.595355686,0
61279,22539706.022291604,0
61280,22539531.724379655,0
61281,22539357.69478867,0
61282,22539183.93455671,0
61283,22539010.44818947,0
61284,22538837.2325958,0
61285,22538664.287280217,0
61286,22538491.61117761,0
61287,22538319.206167713,0
61288,22538147.07325344,0
61289,22537975.209356047,0
61290,22537803.61736176,0
61291,22537632.294852477,0
61292,22537461.242096655,0
61293,22537290.46261358,0
61294,22537119.952627156,0
61295,22536949.713365704,0
61296,22536779.742299624,0
61297,22536610.043872975,0
61298,22536440.61706008,0
61299,22536271.459485166,0
61300,22536102.57110369,0
61301,22535933.954404507,0
61302,22535765.608585425,0
61303,22535597.533503857,0
61304,22535429.727393586,0
61305,22535262.193994563,0
61306,22535094.927564096,0
61307,22534927.93458386,0
61308,22534761.21211874,0
61309,22534594.757914968,0
61310,22534428.5756819,0
61311,22534262.663591117,0
61312,22534097.02379568,0
61313,22533931.64864868,0
61314,22533766.548780326,0
61315,22533601.716405187,0
61316,22533437.155534368,0
61317,22533272.8651554,0
61318,22533108.845560443,0
61319,22532945.097075794,0
61320,22532781.616966076,0
61321,22532618.40569217,0
61322,22532455.466438543,0
61323,22532292.798032187,0
61324,22532130.398401126,0
61325,22531968.268761836,0
61326,22531806.41125287,0
61327,22531644.823528916,0
61328,22531483.504391905,0
61329,22531322.456210174,0
61330,22531161.67631438,0
61331,22531001.167036835,0
61332,22530840.9278359,0
61333,22530680.95951734,0
61334,22530521.26316093,0
61335,22530361.835653327,0
61336,22530202.67776442,0
61337,22530043.788917236,0
61338,22529885.169668622,0
61339,22529726.82270944,0
61340,22529568.742455427,0
61341,22529410.93406765,0
61342,22529253.397206612,0
61343,22529096.126672413,0
61344,22528939.128327157,0
61345,22528782.399161637,0
61346,22528625.941200633,0
61347,22528469.75234228,0
61348,22528313.832906134,0
61349,22528158.182050638,0
61350,22528002.80258765,0
61351,22527847.69338592,0
61352,22527692.851771697,0
61353,22527538.280781303,0
61354,22527383.980170723,0
61355,22527229.949033406,0
61356,22527076.188196838,0
61357,22526922.696344987,0
61358,22526769.474075958,0
61359,22526616.52096546,0
61360,22526463.837991063,0
61361,22526311.42635075,0
61362,22526159.28242823,0
61363,22526007.407623954,0
61364,22525855.803550478,0
61365,22525704.46992788,0
61366,22525553.403296717,0
61367,22525402.607544553,0
61368,22525252.082774345,0
61369,22525101.825512163,0
61370,22524951.836479265,0
61371,22524802.120336846,0
61372,22524652.6706956,0
61373,22524503.490851387,0
61374,22524354.58366455,0
61375,22524205.94151586,0
61376,22524057.570971534,0
61377,22523909.469731975,0
61378,22523761.64014229,0
61379,22523614.074490096,0
61380,22523466.781505417,0
61381,22523319.75774541,0
61382,22523173.003892735,0
61383,22523026.517856397,0
61384,22522880.30108596,0
61385,22522734.355455816,0
61386,22522588.678503036,0
61387,22522443.267057963,0
61388,22522298.128738604,0
61389,22522153.25985984,0
61390,22522008.65721589,0
61391,22521864.326551896,0
61392,22521720.265377183,0
61393,22521576.47125454,0
61394,22521432.946788322,0
61395,22521289.691744275,0
61396,22521146.70512982,0
61397,22521003.987338126,0
61398,22520861.54055734,0
61399,22520719.3600645,0
61400,22520577.450341497,0
61401,22520435.807808712,0
61402,22520294.436931398,0
61403,22520153.334399335,0
61404,22520012.500209644,0
61405,22519871.93590457,0
61406,22519731.63825933,0
61407,22519591.610919047,0
61408,22519451.852281656,0
61409,22519312.363441136,0
61410,22519173.143977668,0
61411,22519034.1881911,0
61412,22518895.50690625,0
61413,22518757.092741586,0
61414,22518618.945449576,0
61415,22518481.070719544,0
61416,22518343.462510284,0
61417,22518206.123186007,0
61418,22518069.052007828,0
61419,22517932.251218844,0
61420,22517795.717027266,0
61421,22517659.452915236,0
61422,22517523.45778119,0
61423,22517387.731868926,0
61424,22517252.272751372,0
61425,22517117.08305917,0
61426,22516982.163105335,0
61427,22516847.50886034,0
61428,22516713.123210374,0
61429,22516579.008076534,0
61430,22516445.1606925,0
61431,22516311.58283586,0
61432,22516178.272477333,0
61433,22516045.2303418,0
61434,22515912.459066156,0
61435,22515779.954440743,0
61436,22515647.717356414,0
61437,22515515.74831894,0
61438,22515384.049981747,0
61439,22515252.618166417,0
61440,22515121.45734405,0
61441,22514990.560487915,0
61442,22514859.936295055,0
61443,22514729.578539573,0
61444,22514599.48936011,0
61445,22514469.66749872,0
61446,22514340.114072397,0
61447,22514210.832140185,0
61448,22514081.812442165,0
61449,22513953.065820213,0
61450,22513824.58509721,0
61451,22513696.37357523,0
61452,22513568.429883365,0
61453,22513440.752919756,0
61454,22513313.345242348,0
61455,22513186.20599877,0
61456,22513059.335613195,0
61457,22512932.733165555,0
61458,22512806.397145882,0
61459,22512680.329353467,0
61460,22512554.532688625,0
61461,22512428.9992181,0
61462,22512303.738212477,0
61463,22512178.74192943,0
61464,22512054.016801465,0
61465,22511929.55589908,0
61466,22511805.36342544,0
61467,22511681.441810988,0
61468,22511557.78556073,0
61469,22511434.399631172,0
61470,22511311.27942069,0
61471,22511188.426566537,0
61472,22511065.84211429,0
61473,22510943.525740117,0
61474,22510821.4777544,0
61475,22510699.69897119,0
61476,22510578.184477955,0
61477,22510456.94031264,0
61478,22510335.960340783,0
61479,22510215.25005144,0
61480,22510094.808854908,0
61481,22509974.63594498,0
61482,22509854.728128664,0
61483,22509735.090061385,0
61484,22509615.718796596,0
61485,22509496.61252598,0
61486,22509377.777839627,0
61487,22509259.20946946,0
61488,22509140.907727443,0
61489,22509022.871231142,0
61490,22508905.104602277,0
61491,22508787.60712395,0
61492,22508670.37574264,0
61493,22508553.41302483,0
61494,22508436.714672796,0
61495,22508320.286926754,0
61496,22508204.12369268,0
61497,22508088.230762225,0
61498,22507972.602959912,0
61499,22507857.244116012,0
61500,22507742.151056964,0
61501,22507627.32418147,0
61502,22507512.76915283,0
61503,22507398.479337763,0
61504,22507284.454106692,0
61505,22507170.699759748,0
61506,22507057.209559437,0
61507,22506943.987242278,0
61508,22506831.033579033,0
61509,22506718.34676534,0
61510,22506605.92553011,0
61511,22506493.775225967,0
61512,22506381.886477564,0
61513,22506270.26868716,0
61514,22506158.91659641,0
61515,22506047.83421428,0
61516,22505937.01372838,0
61517,22505826.465451427,0
61518,22505716.181210842,0
61519,22505606.16313209,0
61520,22505496.414354734,0
61521,22505386.931792248,0
61522,22505277.716751944,0
61523,22505168.766619533,0
61524,22505060.085880354,0
61525,22504951.670150615,0
61526,22504843.522256054,0
61527,22504735.639458265,0
61528,22504628.025446158,0
61529,22504520.677940004,0
61530,22504413.59683005,0
61531,22504306.782385126,0
61532,22504200.23693235,0
61533,22504093.954550236,0
61534,22503987.94054121,0
61535,22503882.19258178,0
61536,22503776.71205398,0
61537,22503671.49755119,0
61538,22503566.551629625,0
61539,22503461.868819695,0
61540,22503357.455369037,0
61541,22503253.308852177,0
61542,22503149.426201593,0
61543,22503045.81057943,0
61544,22502942.46196027,0
61545,22502839.380525216,0
61546,22502736.5662163,0
61547,22502634.018871106,0
61548,22502531.735392336,0
61549,22502429.718524735,0
61550,22502327.96913073,0
61551,22502226.48619345,0
61552,22502125.268273447,0
61553,22502024.318772465,0
61554,22501923.634670734,0
61555,22501823.220199473,0
61556,22501723.066885225,0
61557,22501623.17969115,0
61558,22501523.560250744,0
61559,22501424.20780039,0
61560,22501325.124018114,0
61561,22501226.30094603,0
61562,22501127.749768723,0
61563,22501029.460416853,0
61564,22500931.438084286,0
61565,22500833.68145456,0
61566,22500736.194228515,0
61567,22500638.96995372,0
61568,22500542.01280851,0
61569,22500445.32017554,0
61570,22500348.895673838,0
61571,22500252.737048067,0
61572,22500156.842701796,0
61573,22500061.213552315,0
61574,22499965.853571497,0
61575,22499870.75817253,0
61576,22499775.929364003,0
61577,22499681.364425294,0
61578,22499587.0669593,0
61579,22499493.03433636,0
61580,22499399.266052715,0
61581,22499305.767730467,0
61582,22499212.53230071,0
61583,22499119.56522402,0
61584,22499026.858581215,0
61585,22498934.421409257,0
61586,22498842.251495596,0
61587,22498750.346198842,0
61588,22498658.704152536,0
61589,22498567.32939228,0
61590,22498476.220578033,0
61591,22498385.376359835,0
61592,22498294.799894307,0
61593,22498204.486056887,0
61594,22498114.440422717,0
61595,22498024.657112386,0
61596,22497935.14437796,0
61597,22497845.890253536,0
61598,22497756.90649596,0
61599,22497668.19044892,0
61600,22497579.7343638,0
61601,22497491.5450814,0
61602,22497403.6213337,0
61603,22497315.964415573,0
61604,22497228.572733447,0
61605,22497141.445853684,0
61606,22497054.583923753,0
61607,22496967.985340923,0
61608,22496881.656062882,0
61609,22496795.590310752,0
61610,22496709.789599158,0
61611,22496624.253769528,0
61612,22496538.98219131,0
61613,22496453.977349464,0
61614,22496369.239485156,0
61615,22496284.762627516,0
61616,22496200.552922282,0
61617,22496116.60867878,0
61618,22496032.928158544,0
61619,22495949.51545826,0
61620,22495866.36403407,0
61621,22495783.48187313,0
61622,22495700.859919094,0
61623,22495618.506426867,0
61624,22495536.417440224,0
61625,22495454.59320404,0
61626,22495373.032412086,0
61627,22495291.737044167,0
61628,22495210.709141452,0
61629,22495129.94272461,0
61630,22495049.44201798,0
61631,22494969.204819687,0
61632,22494889.236063268,0
61633,22494809.529863205,0
61634,22494730.087251347,0
61635,22494650.91128709,0
61636,22494572.000323895,0
61637,22494493.35354094,0
61638,22494414.96955819,0
61639,22494336.851710133,0
61640,22494258.9995957,0
61641,22494181.409997832,0
61642,22494104.086574566,0
61643,22494027.029043242,0
61644,22493950.23225361,0
61645,22493873.702862248,0
61646,22493797.43463129,0
61647,22493721.433619447,0
61648,22493645.696561143,0
61649,22493570.22364065,0
61650,22493495.014781177,0
61651,22493420.072937332,0
61652,22493345.39369459,0
61653,22493270.97727326,0
61654,22493196.826711852,0
61655,22493122.94107888,0
61656,22493049.318850443,0
61657,22492975.961955212,0
61658,22492902.868391067,0
61659,22492830.037145935,0
61660,22492757.472504046,0
61661,22492685.170507763,0
61662,22492613.136106063,0
61663,22492541.362102535,0
61664,22492469.854178365,0
61665,22492398.60826451,0
61666,22492327.62916529,0
61667,22492256.91245803,0
61668,22492186.460592806,0
61669,22492116.269580163,0
61670,22492046.346597373,0
61671,22491976.687185973,0
61672,22491907.288664497,0
61673,22491838.157558344,0
61674,22491769.288947254,0
61675,22491700.684298247,0
61676,22491632.343012575,0
61677,22491564.26621703,0
61678,22491496.452770244,0
61679,22491428.904056523,0
61680,22491361.616462577,0
61681,22491294.595582373,0
61682,22491227.838253956,0
61683,22491161.341754567,0
61684,22491095.111038726,0
61685,22491029.145112522,0
61686,22490963.442473758,0
61687,22490898.001084466,0
61688,22490832.82504325,0
61689,22490767.912620805,0
61690,22490703.26263798,0
61691,22490638.87972312,0
61692,22490574.754524533,0
61693,22490510.89695234,0
61694,22490447.301853176,0
61695,22490383.967893265,0
61696,22490320.90100192,0
61697,22490258.09566084,0
61698,22490195.556286458,0
61699,22490133.275788605,0
61700,22490071.263679907,0
61701,22490009.510133162,0
61702,22489948.02414613,0
61703,22489886.796934675,0
61704,22489825.83715453,0
61705,22489765.13929586,0
61706,22489704.703772955,0
61707,22489644.530004688,0
61708,22489584.623546347,0
61709,22489524.977295868,0
61710,22489465.591846388,0
61711,22489406.47486767,0
61712,22489347.621219836,0
61713,22489289.02618606,0
61714,22489230.69428614,0
61715,22489172.628054716,0
61716,22489114.822831113,0
61717,22489057.28291734,0
61718,22489000.002710655,0
61719,22488942.98927654,0
61720,22488886.23643023,0
61721,22488829.746470742,0
61722,22488773.521071374,0
61723,22488717.55601058,0
61724,22488661.854839977,0
61725,22488606.416545462,0
61726,22488551.24049814,0
61727,22488496.327356145,0
61728,22488441.67604201,0
61729,22488387.288580418,0
61730,22488333.164875526,0
61731,22488279.30290456,0
61732,22488225.70279491,0
61733,22488172.36538452,0
61734,22488119.291403767,0
61735,22488066.479722958,0
61736,22488013.93082636,0
61737,22487961.643621605,0
61738,22487909.62079623,0
61739,22487857.857778285,0
61740,22487806.35795309,0
61741,22487755.121649325,0
61742,22487704.146166027,0
61743,22487653.43719888,0
61744,22487602.9861173,0
61745,22487552.798060697,0
61746,22487502.874413844,0
61747,22487453.210006118,0
61748,22487403.809658345,0
61749,22487354.67071233,0
61750,22487305.79442174,0
61751,22487257.18171719,0
61752,22487208.8308898,0
61753,22487160.739419352,0
61754,22487112.912659615,0
61755,22487065.34740311,0
61756,22487018.04516951,0
61757,22486971.00281829,0
61758,22486924.224892076,0
61759,22486877.707757987,0
61760,22486831.451275572,0
61761,22486785.458507717,0
61762,22486739.7276896,0
61763,22486694.257902447,0
61764,22486649.05007383,0
61765,22486604.10695599,0
61766,22486559.420048364,0
61767,22486515.000250522,0
61768,22486470.841375023,0
61769,22486426.940980386,0
61770,22486383.3053476,0
61771,22486339.931495447,0
61772,22486296.81453458,0
61773,22486253.966200653,0
61774,22486211.375019073,0
61775,22486169.04953794,0
61776,22486126.98138493,0
61777,22486085.179160714,0
61778,22486043.63319293,0
61779,22486002.35291838,0
61780,22485961.331439007,0
61781,22485920.573427085,0
61782,22485880.076487903,0
61783,22485839.84080108,0
61784,22485799.86814496,0
61785,22485760.15504047,0
61786,22485720.70137136,0
61787,22485681.51203222,0
61788,22485642.582031656,0
61789,22485603.91432377,0
61790,22485565.508858014,0
61791,22485527.36628447,0
61792,22485489.47923245,0
61793,22485451.859034237,0
61794,22485414.49765139,0
61795,22485377.396352436,0
61796,22485340.558792938,0
61797,22485303.98096457,0
61798,22485267.66356295,0
61799,22485231.60780254,0
61800,22485195.81311233,0
61801,22485160.278947324,0
61802,22485125.007394675,0
61803,22485089.99514289,0
61804,22485055.245185003,0
61805,22485020.75472169,0
61806,22484986.52589158,0
61807,22484952.558106042,0
61808,22484918.852882538,0
61809,22484885.404035658,0
61810,22484852.221797906,0
61811,22484819.296194308,0
61812,22484786.630028676,0
61813,22484754.22791931,0
61814,22484722.084497243,0
61815,22484690.20508108,0
61816,22484658.584693242,0
61817,22484627.22327196,0
61818,22484596.124507565,0
61819,22484565.284313302,0
61820,22484534.706512816,0
61821,22484504.38779285,0
61822,22484474.329996478,0
61823,22484444.533735916,0
61824,22484414.99625963,0
61825,22484385.721776165,0
61826,22484356.704332206,0
61827,22484327.94994406,0
61828,22484299.45377586,0
61829,22484271.218366913,0
61830,22484243.24608316,0
61831,22484215.530009355,0
61832,22484188.080329217,0
61833,22484160.884446636,0
61834,22484133.951573312,0
61835,22484107.278396286,0
61836,22484080.866082773,0
61837,22484054.713673674,0
61838,22484028.82001634,0
61839,22484003.18593142,0
61840,22483977.815096043,0
61841,22483952.703480136,0
61842,22483927.852046818,0
61843,22483903.25975923,0
61844,22483878.92812117,0
61845,22483854.85347575,0
61846,22483831.041910324,0
61847,22483807.48995544,0
61848,22483784.19939792,0
61849,22483761.167930994,0
61850,22483738.391033165,0
61851,22483715.88045395,0
61852,22483693.626214635,0
61853,22483671.63320912,0
61854,22483649.89758865,0
61855,22483628.426238142,0
61856,22483607.20831702,0
61857,22483586.25453846,0
61858,22483565.56053343,0
61859,22483545.124770038,0
61860,22483524.949534107,0
61861,22483505.03252851,0
61862,22483485.376096316,0
61863,22483465.979018033,0
61864,22483446.841213193,0
61865,22483427.963278726,0
61866,22483409.345154136,0
61867,22483390.984041587,0
61868,22483372.886063896,0
61869,22483355.04404518,0
61870,22483337.463870388,0
61871,22483320.14018842,0
61872,22483303.076869283,0
61873,22483286.274278052,0
61874,22483269.73245644,0
61875,22483253.443429127,0
61876,22483237.4195551,0
61877,22483221.652295068,0
61878,22483206.144892402,0
61879,22483190.894758992,0
61880,22483175.90697834,0
61881,22483161.176427778,0
61882,22483146.70328913,0
61883,22483132.49254801,0
61884,22483118.53879608,0
61885,22483104.844260164,0
61886,22483091.4090705,0
61887,22483078.233607505,0
61888,22483065.315257654,0
61889,22483052.654886186,0
61890,22483040.256381527,0
61891,22483028.114594087,0
61892,22483016.23154956,0
61893,22483004.607201315,0
61894,22482993.244245257,0
61895,22482982.136561405,0
61896,22482971.290404197,0
61897,22482960.699428678,0
61898,22482950.372128133,0
61899,22482940.300988518,0
61900,22482930.485685945,0
61901,22482920.931770574,0
61902,22482911.633866966,0
61903,22482902.596104186,0
61904,22482893.818650637,0
61905,22482885.29684613,0
61906,22482877.03297297,0
61907,22482869.03045871,0
61908,22482861.28355619,0
61909,22482853.79732371,0
61910,22482846.5695967,0
61911,22482839.599328414,0
61912,22482832.885722533,0
61913,22482826.432591528,0
61914,22482820.234804735,0
61915,22482814.299154345,0
61916,22482808.617071368,0
61917,22482803.195451293,0
61918,22482798.032365154,0
61919,22482793.12671732,0
61920,22482788.48066783,0
61921,22482784.092109058,0
61922,22482779.959573157,0
61923,22482776.086538017,0
61924,22482772.46945526,0
61925,22482769.11346054,0
61926,22482766.01555089,0
61927,22482763.173471645,0
61928,22482760.587079544,0
61929,22482758.26166171,0
61930,22482756.197215695,0
61931,22482754.38369393,0
61932,22482752.831988715,0
61933,22482751.536969185,0
61934,22482750.496839635,0
61935,22482749.718910657,0
61936,22482749.19623041,0
61937,22482748.933239534,0
61938,22482748.926486548,0
61939,22482749.17426441,0
61940,22482749.686628144,0
61941,22482750.448938116,0
61942,22482751.47244921,0
61943,22482752.749651216,0
61944,22482754.291210387,0
61945,22482756.083331864,0
61946,22482758.137984656,0
61947,22482760.447550137,0
61948,22482763.015848737,0
61949,22482765.840119876,0
61950,22482768.922336992,0
61951,22482772.262030203,0
61952,22482775.856012445,0
61953,22482779.710215203,0
61954,22482783.82012155,0
61955,22482788.187710926,0
61956,22482792.815319344,0
61957,22482797.69393619,0
61958,22482802.833237983,0
61959,22482808.232118785,0
61960,22482813.882644683,0
61961,22482819.792509563,0
61962,22482825.95970552,0
61963,22482832.381732486,0
61964,22482839.06252212,0
61965,22482846.00018161,0
61966,22482853.19601468,0
61967,22482860.646611284,0
61968,22482868.353042617,0
61969,22482876.318011228,0
61970,22482884.540107585,0
61971,22482893.014811046,0
61972,22482901.75202301,0
61973,22482910.74363345,0
61974,22482919.989714377,0
61975,22482929.495615575,0
61976,22482939.25586111,0
61977,22482949.275058165,0
61978,22482959.546619102,0
61979,22482970.078093737,0
61980,22482980.862832163,0
61981,22482991.907587856,0
61982,22483003.20792225,0
61983,22483014.762532182,0
61984,22483026.57645673,0
61985,22483038.644838266,0
61986,22483050.968916766,0
61987,22483063.549602933,0
61988,22483076.384110346,0
61989,22483089.480057124,0
61990,22483102.831481714,0
61991,22483116.43591881,0
61992,22483130.298563905,0
61993,22483144.41564872,0
61994,22483158.78873981,0
61995,22483173.42099404,0
61996,22483188.305095218,0
61997,22483203.448108815,0
61998,22483218.8467254,0
61999,22483234.49958743,0
62000,22483250.41162758,0
62001,22483266.577680185,0
62002,22483282.996380284,0
62003,22483299.673705,0
62004,22483316.60709788,0
62005,22483333.797498282,0
62006,22483351.2413599,0
62007,22483368.941845667,0
62008,22483386.898294747,0
62009,22483405.107594732,0
62010,22483423.576132018,0
62011,22483442.29838975,0
62012,22483461.277029824,0
62013,22483480.51153433,0
62014,22483499.999514993,0
62015,22483519.743719507,0
62016,22483539.743554648,0
62017,22483560.00196129,0
62018,22483580.51115015,0
62019,22483601.276164982,0
62020,22483622.30058392,0
62021,22483643.574458323,0
62022,22483665.10685674,0
62023,22483686.895571895,0
62024,22483708.938036885,0
62025,22483731.236777816,0
62026,22483753.787579782,0
62027,22483776.59800225,0
62028,22483799.662226066,0
62029,22483822.978310347,0
62030,22483846.552303288,0
62031,22483870.380285908,0
62032,22483894.464801643,0
62033,22483918.80175919,0
62034,22483943.39491848,0
62035,22483968.244155463,0
62036,22483993.347705167,0
62037,22484018.705425933,0
62038,22484044.317560438,0
62039,22484070.186181687,0
62040,22484096.308017217,0
62041,22484122.68362276,0
62042,22484149.31382425,0
62043,22484176.203404315,0
62044,22484203.34365449,0
62045,22484230.738446664,0
62046,22484258.391415995,0
62047,22484286.29619936,0
62048,22484314.455183003,0
62049,22484342.867962994,0
62050,22484371.532873437,0
62051,22484400.45995897,0
62052,22484429.63502516,0
62053,22484459.066935875,0
62054,22484488.754302066,0
62055,22484518.695672125,0
62056,22484548.889719684,0
62057,22484579.33716147,0
62058,22484610.040781006,0
62059,22484640.99620366,0
62060,22484672.207139328,0
62061,22484703.675450645,0
62062,22484735.394429278,0
62063,22484767.36649265,0
62064,22484799.595796492,0
62065,22484832.07840518,0
62066,22484864.814649932,0
62067,22484897.804308325,0
62068,22484931.047206994,0
62069,22484964.54453578,0
62070,22484998.297209926,0
62071,22485032.303469267,0
62072,22485066.562983178,0
62073,22485101.076876294,0
62074,22485135.842327103,0
62075,22485170.8619268,0
62076,22485206.13858815,0
62077,22485241.66573954,0
62078,22485277.44618982,0
62079,22485313.483543962,0
62080,22485349.77338227,0
62081,22485386.314976677,0
62082,22485423.11218467,0
62083,22485460.15995741,0
62084,22485497.46288065,0
62085,22485535.021084543,0
62086,22485572.829925146,0
62087,22485610.894927666,0
62088,22485649.210704934,0
62089,22485687.78190227,0
62090,22485726.604772363,0
62091,22485765.679977175,0
62092,22485805.008870944,0
62093,22485844.594849125,0
62094,22485884.431026954,0
62095,22485924.518998735,0
62096,22485964.863500856,0
62097,22486005.45987948,0
62098,22486046.30663947,0
62099,22486087.40731284,0
62100,22486128.765128512,0
62101,22486170.37332404,0
62102,22486212.232163947,0
62103,22486254.347440746,0
62104,22486296.71366019,0
62105,22486339.33274399,0
62106,22486382.205792338,0
62107,22486425.3298714,0
62108,22486468.7072074,0
62109,22486512.33939355,0
62110,22486556.222648624,0
62111,22486600.355910294,0
62112,22486644.746006623,0
62113,22486689.387870155,0
62114,22486734.283015884,0
62115,22486779.42748098,0
62116,22486824.827730555,0
62117,22486870.48153841,0
62118,22486916.383691978,0
62119,22486962.54022256,0
62120,22487008.948914483,0
62121,22487055.61122318,0
62122,22487102.52390196,0
62123,22487149.689582787,0
62124,22487197.108190484,0
62125,22487244.779862635,0
62126,22487292.7016703,0
62127,22487340.876259595,0
62128,22487389.304485884,0
62129,22487437.9820343,0
62130,22487486.910714336,0
62131,22487536.097805463,0
62132,22487585.533286255,0
62133,22487635.219741147,0
62134,22487685.159598,0
62135,22487735.352588497,0
62136,22487785.795177683,0
62137,22487836.491490792,0
62138,22487887.43744582,0
62139,22487938.636022996,0
62140,22487990.08769166,0
62141,22488041.7899365,0
62142,22488093.74433845,0
62143,22488145.94971694,0
62144,22488198.407108486,0
62145,22488251.116534468,0
62146,22488304.07860163,0
62147,22488357.29133795,0
62148,22488410.75222989,0
62149,22488464.4698284,0
62150,22488518.436175257,0
62151,22488572.6559434,0
62152,22488627.12595483,0
62153,22488681.848232478,0
62154,22488736.82117558,0
62155,22488792.047373645,0
62156,22488847.52118725,0
62157,22488903.24831073,0
62158,22488959.224363986,0
62159,22489015.454789825,0
62160,22489071.934574183,0
62161,22489128.667952247,0
62162,22489185.650234364,0
62163,22489242.88377071,0
62164,22489300.370069228,0
62165,22489358.104883604,0
62166,22489416.093535528,0
62167,22489474.33154845,0
62168,22489532.818564948,0
62169,22489591.560202423,0
62170,22489650.54997441,0
62171,22489709.79109384,0
62172,22489769.284331173,0
62173,22489829.02558896,0
62174,22489889.0206378,0
62175,22489949.26632208,0
62176,22490009.76103627,0
62177,22490070.508501545,0
62178,22490131.50375351,0
62179,22490192.751605276,0
62180,22490254.24926857,0
62181,22490315.99630757,0
62182,22490377.997184828,0
62183,22490440.246545494,0
62184,22490502.744179178,0
62185,22490565.493941963,0
62186,22490628.49664305,0
62187,22490691.74936549,0
62188,22490755.25221374,0
62189,22490818.999325775,0
62190,22490883.004682776,0
62191,22490947.256357066,0
62192,22491011.756946888,0
62193,22491076.511913013,0
62194,22491141.513129245,0
62195,22491206.765169945,0
62196,22491272.26642191,0
62197,22491338.02114805,0
62198,22491404.02393803,0
62199,22491470.278961584,0
62200,22491536.778546862,0
62201,22491603.531288777,0
62202,22491670.53422683,0
62203,22491737.789805137,0
62204,22491805.288226977,0
62205,22491873.042699505,0
62206,22491941.04160116,0
62207,22492009.29507999,0
62208,22492077.79592602,0
62209,22492146.545965813,0
62210,22492215.547847565,0
62211,22492284.79638806,0
62212,22492354.295194816,0
62213,22492424.045650702,0
62214,22492494.043696336,0
62215,22492564.292991206,0
62216,22492634.78999927,0
62217,22492705.53880594,0
62218,22492776.53325044,0
62219,22492847.779512227,0
62220,22492919.273048293,0
62221,22492991.01803293,0
62222,22493063.011040084,0
62223,22493135.25583961,0
62224,22493207.74577925,0
62225,22493280.48691517,0
62226,22493353.478007816,0
62227,22493426.716221172,0
62228,22493500.206620738,0
62229,22493573.944463167,0
62230,22493647.927888226,0
62231,22493722.164865255,0
62232,22493796.64733003,0
62233,22493871.38086303,0
62234,22493946.363811262,0
62235,22494021.59398699,0
62236,22494097.073531836,0
62237,22494172.80274209,0
62238,22494248.77974099,0
62239,22494325.004401762,0
62240,22494401.47808002,0
62241,22494478.201709602,0
62242,22494555.17229203,0
62243,22494632.394244432,0
62244,22494709.861960746,0
62245,22494787.578234557,0
62246,22494865.546340182,0
62247,22494943.759079836,0
62248,22495022.22084323,0
62249,22495100.933602024,0
62250,22495179.892922115,0
62251,22495259.097288318,0
62252,22495338.55606586,0
62253,22495418.259139292,0
62254,22495498.212183207,0
62255,22495578.411548592,0
62256,22495658.86054233,0
62257,22495739.55651447,0
62258,22495820.502542976,0
62259,22495901.693654865,0
62260,22495983.13613877,0
62261,22496064.82405553,0
62262,22496146.76134307,0
62263,22496228.94419893,0
62264,22496311.37813224,0
62265,22496394.058590565,0
62266,22496476.988073252,0
62267,22496560.162859056,0
62268,22496643.585263394,0
62269,22496727.256627146,0
62270,22496811.177104793,0
62271,22496895.342539694,0
62272,22496979.7569121,0
62273,22497064.418507222,0
62274,22497149.328984104,0
62275,22497234.486071665,0
62276,22497319.890011348,0
62277,22497405.543968193,0
62278,22497491.44219743,0
62279,22497577.59012206,0
62280,22497663.982583273,0
62281,22497750.62312617,0
62282,22497837.511555776,0
62283,22497924.6483702,0
62284,22498012.03240769,0
62285,22498099.661703546,0
62286,22498187.540355608,0
62287,22498275.665518522,0
62288,22498364.035010174,0
62289,22498452.653470837,0
62290,22498541.521290444,0
62291,22498630.633368302,0
62292,22498719.993133537,0
62293,22498809.600132488,0
62294,22498899.451421108,0
62295,22498989.553751603,0
62296,22499079.900672115,0
62297,22499170.494919255,0
62298,22499261.334219273,0
62299,22499352.42268883,0
62300,22499443.75624254,0
62301,22499535.338538207,0
62302,22499627.16479279,0
62303,22499719.23824769,0
62304,22499811.558374614,0
62305,22499904.1272719,0
62306,22499996.940896038,0
62307,22500090.001802605,0
62308,22500183.305936318,0
62309,22500276.85800576,0
62310,22500370.65800046,0
62311,22500464.70285001,0
62312,22500558.99461987,0
62313,22500653.533670705,0
62314,22500748.318447877,0
62315,22500843.348107025,0
62316,22500938.62428962,0
62317,22501034.14759023,0
62318,22501129.915212363,0
62319,22501225.931602787,0
62320,22501322.19387404,0
62321,22501418.696942423,0
62322,22501515.4514195,0
62323,22501612.44996637,0
62324,22501709.693701144,0
62325,22501807.184717905,0
62326,22501904.91984888,0
62327,22502002.901976477,0
62328,22502101.128980067,0
62329,22502199.602311794,0
62330,22502298.321749534,0
62331,22502397.286111303,0
62332,22502496.49482001,0
62333,22502595.95211933,0
62334,22502695.652639985,0
62335,22502795.59910267,0
62336,22502895.792865384,0
62337,22502996.228627697,0
62338,22503096.912351694,0
62339,22503197.839978803,0
62340,22503299.014391284,0
62341,22503400.43622703,0
62342,22503502.09736793,0
62343,22503604.00750352,0
62344,22503706.16375805,0
62345,22503808.562670436,0
62346,22503911.207079522,0
62347,22504014.096597195,0
62348,22504117.233087063,0
62349,22504220.61222994,0
62350,22504324.239851255,0
62351,22504428.107464615,0
62352,22504532.22442122,0
62353,22504636.58347166,0
62354,22504741.188170154,0
62355,22504846.03665967,0
62356,22504951.13065028,0
62357,22505056.469882008,0
62358,22505162.05492541,0
62359,22505267.882813234,0
62360,22505373.95346866,0
62361,22505480.27169339,0
62362,22505586.835061032,0
62363,22505693.642479,0
62364,22505800.6929576,0
62365,22505907.988390837,0
62366,22506015.528044086,0
62367,22506123.314469106,0
62368,22506231.34254171,0
62369,22506339.617332146,0
62370,22506448.13185003,0
62371,22506556.895592663,0
62372,22506665.901419584,0
62373,22506775.15187329,0
62374,22506884.64615593,0
62375,22506994.38323924,0
62376,22507104.36606156,0
62377,22507214.592948448,0
62378,22507325.062327884,0
62379,22507435.778884888,0
62380,22507546.733840022,0
62381,22507657.937517256,0
62382,22507769.383234955,0
62383,22507881.076079853,0
62384,22507993.00906104,0
62385,22508105.18594103,0
62386,22508217.60792677,0
62387,22508330.273144018,0
62388,22508443.18034704,0
62389,22508556.334061842,0
62390,22508669.731221005,0
62391,22508783.37086533,0
62392,22508897.25313838,0
62393,22509011.379009295,0
62394,22509125.749587372,0
62395,22509240.36269091,0
62396,22509355.217558794,0
62397,22509470.317806445,0
62398,22509585.662696525,0
62399,22509701.248004094,0
62400,22509817.077491622,0
62401,22509933.15284859,0
62402,22510049.46782688,0
62403,22510166.02703125,0
62404,22510282.82831688,0
62405,22510399.874550786,0
62406,22510517.163156215,0
62407,22510634.694079597,0
62408,22510752.468203653,0
62409,22510870.488515135,0
62410,22510988.74840283,0
62411,22511107.249957077,0
62412,22511225.99460987,0
62413,22511344.982858554,0
62414,22511464.215514243,0
62415,22511583.68779383,0
62416,22511703.40633995,0
62417,22511823.364144906,0
62418,22511943.56803796,0
62419,22512064.01285114,0
62420,22512184.69951113,0
62421,22512305.631397888,0
62422,22512426.800997008,0
62423,22512548.217323978,0
62424,22512669.872657616,0
62425,22512791.773483142,0
62426,22512913.911129236,0
62427,22513036.295486312,0
62428,22513158.922199287,0
62429,22513281.792204436,0
62430,22513404.900638748,0
62431,22513528.25259963,0
62432,22513651.848377973,0
62433,22513775.68522204,0
62434,22513899.76211117,0
62435,22514024.082733013,0
62436,22514148.64760502,0
62437,22514273.45155628,0
62438,22514398.49809406,0
62439,22514523.78562508,0
62440,22514649.313738,0
62441,22514775.086230017,0
62442,22514901.09860089,0
62443,22515027.355729215,0
62444,22515153.85095642,0
62445,22515280.58815385,0
62446,22515407.56992773,0
62447,22515534.792434268,0
62448,22515662.25293717,0
62449,22515789.95866819,0
62450,22515917.904155113,0
62451,22516046.09301816,0
62452,22516174.518662002,0
62453,22516303.191854242,0
62454,22516432.101316024,0
62455,22516561.254418228,0
62456,22516690.64921263,0
62457,22516820.284790937,0
62458,22516950.159467027,0
62459,22517080.275903527,0
62460,22517210.634382356,0
62461,22517341.235401273,0
62462,22517472.07367163,0
62463,22517603.15616807,0
62464,22517734.478056062,0
62465,22517866.04190673,0
62466,22517997.845133167,0
62467,22518129.889432725,0
62468,22518262.174909387,0
62469,22518394.7011801,0
62470,22518527.467318665,0
62471,22518660.47686839,0
62472,22518793.724868737,0
62473,22518927.21208451,0
62474,22519060.94259542,0
62475,22519194.91269766,0
62476,22519329.122844685,0
62477,22519463.57421512,0
62478,22519598.265544027,0
62479,22519733.19823536,0
62480,22519868.369363543,0
62481,22520003.782289244,0
62482,22520139.432895355,0
62483,22520275.326041505,0
62484,22520411.45873527,0
62485,22520547.83287142,0
62486,22520684.446595985,0
62487,22520821.301559318,0
62488,22520958.39245406,0
62489,22521095.727528967,0
62490,22521233.29920991,0
62491,22521371.11335814,0
62492,22521509.166366335,0
62493,22521647.458634324,0
62494,22521785.99156997,0
62495,22521924.76665119,0
62496,22522063.776902054,0
62497,22522203.03052166,0
62498,22522342.521958344,0
62499,22522482.25205684,0
62500,22522622.22364701,0
62501,22522762.434310533,0
62502,22522902.88473579,0
62503,22523043.573384967,0
62504,22523184.50126918,0
62505,22523325.670468878,0
62506,22523467.080098163,0
62507,22523608.725996967,0
62508,22523750.61199833,0
62509,22523892.736592315,0
62510,22524035.104172803,0
62511,22524177.706779208,0
62512,22524320.55126971,0
62513,22524463.633167695,0
62514,22524606.954653416,0
62515,22524750.51592264,0
62516,22524894.313783687,0
62517,22525038.351885803,0
62518,22525182.630858958,0
62519,22525327.14628637,0
62520,22525471.899748813,0
62521,22525616.895304352,0
62522,22525762.12835181,0
62523,22525907.595843315,0
62524,22526053.306898214,0
62525,22526199.255987134,0
62526,22526345.44479208,0
62527,22526491.87070921,0
62528,22526638.53483277,0
62529,22526785.438086316,0
62530,22526932.577464264,0
62531,22527079.957156956,0
62532,22527227.577796727,0
62533,22527375.43318009,0
62534,22527523.52913184,0
62535,22527671.86034761,0
62536,22527820.43135128,0
62537,22527969.240697943,0
62538,22528118.290493347,0
62539,22528267.576671924,0
62540,22528417.10001531,0
62541,22528566.86097171,0
62542,22528716.86208357,0
62543,22528867.100019176,0
62544,22529017.573280796,0
62545,22529168.288747586,0
62546,22529319.241026577,0
62547,22529470.431323312,0
62548,22529621.85737904,0
62549,22529773.522604644,0
62550,22529925.42508396,0
62551,22530077.565778308,0
62552,22530229.94213365,0
62553,22530382.55847579,0
62554,22530535.409979664,0
62555,22530688.502411716,0
62556,22530841.831466265,0
62557,22530995.39573141,0
62558,22531149.199222304,0
62559,22531303.24017405,0
62560,22531457.520136084,0
62561,22531612.032244306,0
62562,22531766.785201274,0
62563,22531921.77365658,0
62564,22532077.00072746,0
62565,22532232.46399937,0
62566,22532388.16435158,0
62567,22532544.10236798,0
62568,22532700.27862696,0
62569,22532856.689452194,0
62570,22533013.336684454,0
62571,22533170.22307215,0
62572,22533327.345077336,0
62573,22533484.706188723,0
62574,22533642.30057445,0
62575,22533800.135010008,0
62576,22533958.204642117,0
62577,22534116.50999149,0
62578,22534275.05319875,0
62579,22534433.831546694,0
62580,22534592.84883901,0
62581,22534752.099200863,0
62582,22534911.58889889,0
62583,22535071.314406198,0
62584,22535231.27744503,0
62585,22535391.476262,0
62586,22535551.908514615,0
62587,22535712.57956128,0
62588,22535873.485401977,0
62589,22536034.629622858,0
62590,22536196.01008898,0
62591,22536357.62259292,0
62592,22536519.475889,0
62593,22536681.564111922,0
62594,22536843.886976838,0
62595,22537006.446219735,0
62596,22537169.242699165,0
62597,22537332.27231264,0
62598,22537495.539486706,0
62599,22537659.041371495,0
62600,22537822.78226229,0
62601,22537986.75660575,0
62602,22538150.965948,0
62603,22538315.411414668,0
62604,22538480.09365846,0
62605,22538645.01077098,0
62606,22538810.16197841,0
62607,22538975.54922387,0
62608,22539141.172891855,0
62609,22539307.032025173,0
62610,22539473.1265094,0
62611,22539639.45720256,0
62612,22539806.022238977,0
62613,22539972.82211015,0
62614,22540139.857977964,0
62615,22540307.128538724,0
62616,22540474.63412464,0
62617,22540642.374639247,0
62618,22540810.349308237,0
62619,22540978.559863593,0
62620,22541147.006450586,0
62621,22541315.688902494,0
62622,22541484.605766524,0
62623,22541653.754495952,0
62624,22541823.139634624,0
62625,22541992.760463562,0
62626,22542162.615771823,0
62627,22542332.702901173,0
62628,22542503.030953955,0
62629,22542673.588489436,0
62630,22542844.37896904,0
62631,22543015.40731466,0
62632,22543186.673611477,0
62633,22543358.168776836,0
62634,22543529.898512494,0
62635,22543701.864942886,0
62636,22543874.065716356,0
62637,22544046.500254124,0
62638,22544219.169401605,0
62639,22544392.071168337,0
62640,22544565.20828421,0
62641,22544738.578862563,0
62642,22544912.18362502,0
62643,22545086.022971507,0
62644,22545260.09722043,0
62645,22545434.405111004,0
62646,22545608.944659058,0
62647,22545783.723413054,0
62648,22545958.729788285,0
62649,22546133.972568598,0
62650,22546309.45012408,0
62651,22546485.158253334,0
62652,22546661.105160262,0
62653,22546837.28164771,0
62654,22547013.692179255,0
62655,22547190.339291804,0
62656,22547367.2178811,0
62657,22547544.331778035,0
62658,22547721.67556929,0
62659,22547899.254541423,0
62660,22548077.06677255,0
62661,22548255.109856937,0
62662,22548433.391518064,0
62663,22548611.90366008,0
62664,22548790.64905215,0
62665,22548969.62703205,0
62666,22549148.840240147,0
62667,22549328.283607516,0
62668,22549507.96325797,0
62669,22549687.873928033,0
62670,22549868.018907957,0
62671,22550048.393945187,0
62672,22550229.005547427,0
62673,22550409.847080424,0
62674,22550590.922267046,0
62675,22550772.229739014,0
62676,22550953.771972742,0
62677,22551135.54478058,0
62678,22551317.551562168,0
62679,22551499.791314077,0
62680,22551682.262025088,0
62681,22551864.966424096,0
62682,22552047.904162716,0
62683,22552231.07220454,0
62684,22552414.47236491,0
62685,22552598.10640987,0
62686,22552781.973055504,0
62687,22552966.073423155,0
62688,22553150.400600247,0
62689,22553334.964964155,0
62690,22553519.761142366,0
62691,22553704.78752045,0
62692,22553890.045984674,0
62693,22554075.53565039,0
62694,22554261.262135915,0
62695,22554447.215366036,0
62696,22554633.402020384,0
62697,22554819.82223678,0
62698,22555006.474262882,0
62699,22555193.355886843,0
62700,22555380.469518885,0
62701,22555567.8162473,0
62702,22555755.393906754,0
62703,22555943.202741247,0
62704,22556131.244288705,0
62705,22556319.515959073,0
62706,22556508.019865014,0
62707,22556696.756944727,0
62708,22556885.72296226,0
62709,22557074.92168072,0
62710,22557264.35062815,0
62711,22557454.011829395,0
62712,22557643.904170673,0
62713,22557834.027544763,0
62714,22558024.382378984,0
62715,22558214.968780626,0
62716,22558405.786863703,0
62717,22558596.83418014,0
62718,22558788.112043597,0
62719,22558979.621676672,0
62720,22559171.36139203,0
62721,22559363.334248997,0
62722,22559555.536422677,0
62723,22559747.970980916,0
62724,22559940.636765227,0
62725,22560133.52959512,0
62726,22560326.65411316,0
62727,22560520.011585813,0
62728,22560713.598155744,0
62729,22560907.41722968,0
62730,22561101.461971443,0
62731,22561295.741226327,0
62732,22561490.2517731,0
62733,22561684.988627482,0
62734,22561879.960304894,0
62735,22562075.158907257,0
62736,22562270.590706114,0
62737,22562466.24996217,0
62738,22562662.140365053,0
62739,22562858.26177764,0
62740,22563054.611950785,0
62741,22563251.191505466,0
62742,22563448.00304578,0
62743,22563645.042737853,0
62744,22563842.314230572,0
62745,22564039.813575618,0
62746,22564237.548519917,0
62747,22564435.506428525,0
62748,22564633.697024994,0
62749,22564832.115415752,0
62750,22565030.76621577,0
62751,22565229.645541113,0
62752,22565428.754376847,0
62753,22565628.091585353,0
62754,22565827.660422802,0
62755,22566027.456009123,0
62756,22566227.48362826,0
62757,22566427.73932557,0
62758,22566628.223469082,0
62759,22566828.937482994,0
62760,22567029.882941887,0
62761,22567231.056090955,0
62762,22567432.458437216,0
62763,22567634.091210358,0
62764,22567835.952080853,0
62765,22568038.040954705,0
62766,22568240.35948384,0
62767,22568442.906379808,0
62768,22568645.683121152,0
62769,22568848.68873843,0
62770,22569051.922650322,0
62771,22569255.386098992,0
62772,22569459.07730081,0
62773,22569662.997218408,0
62774,22569867.14710138,0
62775,22570071.524355404,0
62776,22570276.132378034,0
62777,22570480.96537298,0
62778,22570686.03203263,0
62779,22570891.32264054,0
62780,22571096.84010912,0
62781,22571302.591104593,0
62782,22571508.566666514,0
62783,22571714.772581894,0
62784,22571921.207060095,0
62785,22572127.86637555,0
62786,22572334.75651183,0
62787,22572541.875668157,0
62788,22572749.22055971,0
62789,22572956.792742923,0
62790,22573164.597959615,0
62791,22573372.627337646,0
62792,22573580.884818655,0
62793,22573789.370699584,0
62794,22573998.08636114,0
62795,22574207.02645703,0
62796,22574416.19363532,0
62797,22574625.591358826,0
62798,22574835.216805913,0
62799,22575045.068770885,0
62800,22575255.145648614,0
62801,22575465.453710973,0
62802,22575675.9876127,0
62803,22575886.751351003,0
62804,22576097.739156254,0
62805,22576308.958314463,0
62806,22576520.402052943,0
62807,22576732.071767077,0
62808,22576943.969220728,0
62809,22577156.0953406,0
62810,22577368.449354026,0
62811,22577581.029614735,0
62812,22577793.835626885,0
62813,22578006.86700014,0
62814,22578220.131107997,0
62815,22578433.616181124,0
62816,22578647.33072665,0
62817,22578861.275315702,0
62818,22579075.441387415,0
62819,22579289.837820996,0
62820,22579504.459357165,0
62821,22579719.30680928,0
62822,22579934.38278142,0
62823,22580149.68355366,0
62824,22580365.21220499,0
62825,22580580.96630603,0
62826,22580796.94716363,0
62827,22581013.154372983,0
62828,22581229.587853033,0
62829,22581446.249630768,0
62830,22581663.134616587,0
62831,22581880.246450275,0
62832,22582097.58586283,0
62833,22582315.150568098,0
62834,22582532.941616617,0
62835,22582750.95968605,0
62836,22582969.201310407,0
62837,22583187.670484304,0
62838,22583406.366349205,0
62839,22583625.28686516,0
62840,22583844.432278648,0
62841,22584063.806262054,0
62842,22584283.40427784,0
62843,22584503.227978468,0
62844,22584723.276867516,0
62845,22584943.55142809,0
62846,22585164.05113177,0
62847,22585384.776950248,0
62848,22585605.72985689,0
62849,22585826.9069999,0
62850,22586048.309160963,0
62851,22586269.93709621,0
62852,22586491.7916607,0
62853,22586713.870275285,0
62854,22586936.17110996,0
62855,22587158.701245647,0
62856,22587381.454879712,0
62857,22587604.434458774,0
62858,22587827.639514986,0
62859,22588051.068964664,0
62860,22588274.721445195,0
62861,22588498.599624194,0
62862,22588722.70294579,0
62863,22588947.03434106,0
62864,22589171.584410425,0
62865,22589396.364057686,0
62866,22589621.36571744,0
62867,22589846.592035115,0
62868,22590072.0470827,0
62869,22590297.7201756,0
62870,22590523.620832838,0
62871,22590749.749214366,0
62872,22590976.098167326,0
62873,22591202.673241213,0
62874,22591429.47147677,0
62875,22591656.495050937,0
62876,22591883.741368916,0
62877,22592111.21398471,0
62878,22592338.90959073,0
62879,22592566.829900805,0
62880,22592794.97337881,0
62881,22593023.3397976,0
62882,22593251.93237147,0
62883,22593480.74780159,0
62884,22593709.78740744,0
62885,22593939.049113527,0
62886,22594168.53844588,0
62887,22594398.249316696,0
62888,22594628.185259063,0
62889,22594858.343006134,0
62890,22595088.72401844,0
62891,22595319.329377405,0
62892,22595550.15762284,0
62893,22595781.21308526,0
62894,22596012.486291114,0
62895,22596243.984980237,0
62896,22596475.710600946,0
62897,22596707.65595435,0
62898,22596939.825567998,0
62899,22597172.21815153,0
62900,22597404.832748808,0
62901,22597637.6731534,0
62902,22597870.734530568,0
62903,22598104.01950575,0
62904,22598337.52950833,0
62905,22598571.259950012,0
62906,22598805.21084366,0
62907,22599039.390213788,0
62908,22599273.790738855,0
62909,22599508.41087975,0
62910,22599743.256447654,0
62911,22599978.326185036,0
62912,22600213.61524718,0
62913,22600449.12683736,0
62914,22600684.86568283,0
62915,22600920.822484437,0
62916,22601157.00367126,0
62917,22601393.40630528,0
62918,22601630.032905724,0
62919,22601866.878444124,0
62920,22602103.950248662,0
62921,22602341.24318278,0
62922,22602578.75498722,0
62923,22602816.49221743,0
62924,22603054.45332478,0
62925,22603292.63354209,0
62926,22603531.03443491,0
62927,22603769.658800364,0
62928,22604008.50698032,0
62929,22604247.57558694,0
62930,22604486.865589615,0
62931,22604726.38016002,0
62932,22604966.112392563,0
62933,22605206.066520456,0
62934,22605446.245684292,0
62935,22605686.643555902,0
62936,22605927.26325212,0
62937,22606168.10677565,0
62938,22606409.170765284,0
62939,22606650.45434456,0
62940,22606891.959368985,0
62941,22607133.68801001,0
62942,22607375.635779038,0
62943,22607617.807042252,0
62944,22607860.198847502,0
62945,22608102.808544934,0
62946,22608345.64477135,0
62947,22608588.69827656,0
62948,22608831.973697223,0
62949,22609075.46951047,0
62950,22609319.18726613,0
62951,22609563.128484048,0
62952,22609807.286780816,0
62953,22610051.667224944,0
62954,22610296.265812732,0
62955,22610541.0899039,0
62956,22610786.1301235,0
62957,22611031.392090116,0
62958,22611276.875047985,0
62959,22611522.57883729,0
62960,22611768.50336536,0
62961,22612014.647865437,0
62962,22612261.014686115,0
62963,22612507.601734873,0
62964,22612754.404522125,0
62965,22613001.430414535,0
62966,22613248.67484932,0
62967,22613496.14199277,0
62968,22613743.827608075,0
62969,22613991.736407407,0
62970,22614239.863900565,0
62971,22614488.207221545,0
62972,22614736.77435121,0
62973,22614985.560427714,0
62974,22615234.56730574,0
62975,22615483.792452056,0
62976,22615733.23991778,0
62977,22615982.902196843,0
62978,22616232.788628265,0
62979,22616482.891510144,0
62980,22616733.21442795,0
62981,22616983.760882594,0
62982,22617234.524211075,0
62983,22617485.50503864,0
62984,22617736.705652732,0
62985,22617988.1261155,0
62986,22618239.768056512,0
62987,22618491.624835502,0
62988,22618743.70647866,0
62989,22618996.00296562,0
62990,22619248.519806378,0
62991,22619501.255074292,0
62992,22619754.20960477,0
62993,22620007.384825148,0
62994,22620260.7778204,0
62995,22620514.389128685,0
62996,22620768.220718183,0
62997,22621022.268847466,0
62998,22621276.53738195,0
62999,22621531.021744665,0
63000,22621785.72794018,0
63001,22622040.65360952,0
63002,22622295.7953704,0
63003,22622551.155487232,0
63004,22622806.73396554,0
63005,22623062.530987512,0
63006,22623318.547316264,0
63007,22623574.782701414,0
63008,22623831.232548475,0
63009,22624087.906996317,0
63010,22624344.79526612,0
63011,22624601.902178552,0
63012,22624859.22657524,0
63013,22625116.769082554,0
63014,22625374.53033555,0
63015,22625632.50849735,0
63016,22625890.707762558,0
63017,22626149.120116625,0
63018,22626407.75217192,0
63019,22626666.602509893,0
63020,22626925.669868466,0
63021,22627184.95685871,0
63022,22627444.458583377,0
63023,22627704.17957726,0
63024,22627964.119141124,0
63025,22628224.274431404,0
63026,22628484.64529967,0
63027,22628745.237827405,0
63028,22629006.042866558,0
63029,22629267.067684434,0
63030,22629528.310980804,0
63031,22629789.770894367,0
63032,22630051.44679598,0
63033,22630313.340956803,0
63034,22630575.450669527,0
63035,22630837.776499085,0
63036,22631100.322816808,0
63037,22631363.08282552,0
63038,22631626.062530503,0
63039,22631889.25625106,0
63040,22632152.66974602,0
63041,22632416.29900907,0
63042,22632680.141004838,0
63043,22632944.202377964,0
63044,22633208.48236467,0
63045,22633472.978551626,0
63046,22633737.688800123,0
63047,22634002.61585672,0
63048,22634267.759216927,0
63049,22634533.121348202,0
63050,22634798.698769424,0
63051,22635064.488197982,0
63052,22635330.49937702,0
63053,22635596.726777118,0
63054,22635863.16486132,0
63055,22636129.822549168,0
63056,22636396.69596906,0
63057,22636663.784802236,0
63058,22636931.091410656,0
63059,22637198.61306626,0
63060,22637466.34631199,0
63061,22637734.299587216,0
63062,22638002.469978426,0
63063,22638270.853201207,0
63064,22638539.452516627,0
63065,22638808.26781825,0
63066,22639077.297774747,0
63067,22639346.544184197,0
63068,22639616.004821707,0
63069,22639885.68173536,0
63070,22640155.574008718,0
63071,22640425.68111382,0
63072,22640696.00463605,0
63073,22640966.54229201,0
63074,22641237.29308871,0
63075,22641508.262797568,0
63076,22641779.446105238,0
63077,22642050.845688142,0
63078,22642322.456886783,0
63079,22642594.285179533,0
63080,22642866.32776212,0
63081,22643138.586715158,0
63082,22643411.0565026,0
63083,22643683.743919402,0
63084,22643956.64551378,0
63085,22644229.762647513,0
63086,22644503.091965977,0
63087,22644776.640261702,0
63088,22645050.39901125,0
63089,22645324.373394668,0
63090,22645598.563491438,0
63091,22645872.96394316,0
63092,22646147.582311306,0
63093,22646422.413427763,0
63094,22646697.459948856,0
63095,22646972.718790334,0
63096,22647248.191357072,0
63097,22647523.880086727,0
63098,22647799.780793488,0
63099,22648075.89668361,0
63100,22648352.226732146,0
63101,22648628.769991405,0
63102,22648905.526502773,0
63103,22649182.49608647,0
63104,22649459.68330306,0
63105,22649737.08166808,0
63106,22650014.693552766,0
63107,22650292.520530015,0
63108,22650570.556020897,0
63109,22650848.81149284,0
63110,22651127.278215483,0
63111,22651405.95662377,0
63112,22651684.846951466,0
63113,22651963.953450438,0
63114,22652243.27113013,0
63115,22652522.80328806,0
63116,22652802.5508604,0
63117,22653082.50807088,0
63118,22653362.67937964,0
63119,22653643.06170914,0
63120,22653923.65848728,0
63121,22654204.471011132,0
63122,22654485.493192587,0
63123,22654766.728057135,0
63124,22655048.17839794,0
63125,22655329.83823358,0
63126,22655611.710392933,0
63127,22655893.795482986,0
63128,22656176.09672391,0
63129,22656458.606838666,0
63130,22656741.33078065,0
63131,22657024.266689386,0
63132,22657307.416665018,0
63133,22657590.776682597,0
63134,22657874.34858294,0
63135,22658158.133580275,0
63136,22658442.1311518,0
63137,22658726.341429155,0
63138,22659010.761479624,0
63139,22659295.394096874,0
63140,22659580.238681726,0
63141,22659865.296907414,0
63142,22660150.564743575,0
63143,22660436.04702545,0
63144,22660721.739623513,0
63145,22661007.64454302,0
63146,22661293.758970816,0
63147,22661580.087637763,0
63148,22661866.62719023,0
63149,22662153.376124557,0
63150,22662440.34020805,0
63151,22662727.5127325,0
63152,22663014.895490423,0
63153,22663302.49489082,0
63154,22663590.299108453,0
63155,22663878.319009412,0
63156,22664166.547826763,0
63157,22664454.98819551,0
63158,22664743.640950993,0
63159,22665032.50254998,0
63160,22665321.5760373,0
63161,22665610.860690393,0
63162,22665900.355074577,0
63163,22666190.063576482,0
63164,22666479.97890178,0
63165,22666770.107534163,0
63166,22667060.445768133,0
63167,22667350.995391343,0
63168,22667641.75436938,0
63169,22667932.724225763,0
63170,22668223.905484084,0
63171,22668515.296387795,0
63172,22668806.89635116,0
63173,22669098.708972137,0
63174,22669390.7322868,0
63175,22669682.965624843,0
63176,22669975.403777167,0
63177,22670268.058746405,0
63178,22670560.920525625,0
63179,22670853.99234662,0
63180,22671147.274997246,0
63181,22671440.766890403,0
63182,22671734.468741365,0
63183,22672028.382581238,0
63184,22672322.50584069,0
63185,22672616.835990965,0
63186,22672911.377060417,0
63187,22673206.12713567,0
63188,22673501.087269407,0
63189,22673796.258182287,0
63190,22674091.63656241,0
63191,22674387.227566626,0
63192,22674683.024088573,0
63193,22674979.031366117,0
63194,22675275.251274664,0
63195,22675571.67635834,0
63196,22675868.309071057,0
63197,22676165.15371168,0
63198,22676462.207798064,0
63199,22676759.470252343,0
63200,22677056.941345982,0
63201,22677354.623454254,0
63202,22677652.511511978,0
63203,22677950.609269604,0
63204,22678248.915474627,0
63205,22678547.43052822,0
63206,22678846.155123316,0
63207,22679145.08766082,0
63208,22679444.228636682,0
63209,22679743.580853935,0
63210,22680043.139056187,0
63211,22680342.90452168,0
63212,22680642.881354142,0
63213,22680943.06408653,0
63214,22681243.45414503,0
63215,22681544.053715993,0
63216,22681844.863597192,0
63217,22682145.880003083,0
63218,22682447.102538478,0
63219,22682748.53562768,0
63220,22683050.177296177,0
63221,22683352.026220858,0
63222,22683654.08080818,0
63223,22683956.34467028,0
63224,22684258.815819252,0
63225,22684561.49712944,0
63226,22684864.383235138,0
63227,22685167.4764899,0
63228,22685470.780329045,0
63229,22685774.288575627,0
63230,22686078.005517554,0
63231,22686381.930627573,0
63232,22686686.06218178,0
63233,22686990.40141659,0
63234,22687294.94746212,0
63235,22687599.701912817,0
63236,22687904.662988417,0
63237,22688209.830189057,0
63238,22688515.207157914,0
63239,22688820.78693642,0
63240,22689126.577363748,0
63241,22689432.57435447,0
63242,22689738.77762936,0
63243,22690045.185531233,0
63244,22690351.803482153,0
63245,22690658.625167456,0
63246,22690965.657508604,0
63247,22691272.890113972,0
63248,22691580.33343789,0
63249,22691887.983976994,0
63250,22692195.83837479,0
63251,22692503.90114654,0
63252,22692812.170873214,0
63253,22693120.645473648,0
63254,22693429.326355066,0
63255,22693738.213667635,0
63256,22694047.304676753,0
63257,22694356.606824875,0
63258,22694666.111620102,0
63259,22694975.82345676,0
63260,22695285.73974615,0
63261,22695595.865407772,0
63262,22695906.194522057,0
63263,22696216.72782731,0
63264,22696527.46992862,0
63265,22696838.41783674,0
63266,22697149.568404395,0
63267,22697460.923905753,0
63268,22697772.488535784,0
63269,22698084.257898845,0
63270,22698396.233981714,0
63271,22698708.410127107,0
63272,22699020.795985192,0
63273,22699333.385135874,0
63274,22699646.182376325,0
63275,22699959.181596417,0
63276,22700272.384817313,0
63277,22700585.7978109,0
63278,22700899.413765177,0
63279,22701213.23490479,0
63280,22701527.26025311,0
63281,22701841.491146926,0
63282,22702155.92559669,0
63283,22702470.565796137,0
63284,22702785.41042436,0
63285,22703100.459355533,0
63286,22703415.71430372,0
63287,22703731.17310206,0
63288,22704046.83523475,0
63289,22704362.702261742,0
63290,22704678.773546103,0
63291,22704995.051207453,0
63292,22705311.530369945,0
63293,22705628.21629937,0
63294,22705945.10523136,0
63295,22706262.199269798,0
63296,22706579.496783003,0
63297,22706896.993589606,0
63298,22707214.70164533,0
63299,22707532.60890046,0
63300,22707850.725201257,0
63301,22708169.04088678,0
63302,22708487.562712118,0
63303,22708806.28619755,0
63304,22709125.212644674,0
63305,22709444.344707713,0
63306,22709763.680794474,0
63307,22710083.220272824,0
63308,22710402.962003876,0
63309,22710722.90778579,0
63310,22711043.05627751,0
63311,22711363.410105176,0
63312,22711683.964723166,0
63313,22712004.72343708,0
63314,22712325.68565337,0
63315,22712646.85001791,0
63316,22712968.21821143,0
63317,22713289.79017336,0
63318,22713611.564548414,0
63319,22713933.54163056,0
63320,22714255.720377706,0
63321,22714578.10331285,0
63322,22714900.687941033,0
63323,22715223.4773813,0
63324,22715546.46633408,0
63325,22715869.660770167,0
63326,22716193.05722886,0
63327,22716516.65475798,0
63328,22716840.455642972,0
63329,22717164.458157,0
63330,22717488.661986534,0
63331,22717813.07084909,0
63332,22718137.681468602,0
63333,22718462.49280376,0
63334,22718787.508161303,0
63335,22719112.722457714,0
63336,22719438.140239935,0
63337,22719763.763085786,0
63338,22720089.58419773,0
63339,22720415.608827226,0
63340,22720741.833731785,0
63341,22721068.262337543,0
63342,22721394.89234578,0
63343,22721721.723275404,0
63344,22722048.753648415,0
63345,22722375.98786189,0
63346,22722703.423926987,0
63347,22723031.06253388,0
63348,22723358.897796806,0
63349,22723686.93741846,0
63350,22724015.180323154,0
63351,22724343.62090117,0
63352,22724672.265508976,0
63353,22725001.10866518,0
63354,22725330.15506772,0
63355,22725659.400682848,0
63356,22725988.847625036,0
63357,22726318.497119706,0
63358,22726648.344958603,0
63359,22726978.3966265,0
63360,22727308.64668352,0
63361,22727639.097000178,0
63362,22727969.750747528,0
63363,22728300.603403065,0
63364,22728631.65398593,0
63365,22728962.90998568,0
63366,22729294.364176612,0
63367,22729626.01876831,0
63368,22729957.87169166,0
63369,22730289.9289719,0
63370,22730622.18445904,0
63371,22730954.638502955,0
63372,22731287.293650888,0
63373,22731620.14974087,0
63374,22731953.206527453,0
63375,22732286.46079443,0
63376,22732619.91621433,0
63377,22732953.575052164,0
63378,22733287.42812818,0
63379,22733621.482746005,0
63380,22733955.737000294,0
63381,22734290.191497937,0
63382,22734624.847556766,0
63383,22734959.699935474,0
63384,22735294.75434754,0
63385,22735630.004618425,0
63386,22735965.454906795,0
63387,22736301.10708845,0
63388,22736636.95758459,0
63389,22736973.007079765,0
63390,22737309.2546115,0
63391,22737645.704549942,0
63392,22737982.348220266,0
63393,22738319.195571087,0
63394,22738656.239625704,0
63395,22738993.48271893,0
63396,22739330.926158726,0
63397,22739668.56836854,0
63398,22740006.407447416,0
63399,22740344.445925776,0
63400,22740682.6808666,0
63401,22741021.119611815,0
63402,22741359.752606336,0
63403,22741698.586332258,0
63404,22742037.61791432,0
63405,22742376.846739955,0
63406,22742716.27240215,0
63407,22743055.90192588,0
63408,22743395.72661679,0
63409,22743735.748069502,0
63410,22744075.967063762,0
63411,22744416.387589276,0
63412,22744757.002628338,0
63413,22745097.817322418,0
63414,22745438.83094034,0
63415,22745780.040564444,0
63416,22746121.445505146,0
63417,22746463.05372034,0
63418,22746804.858011756,0
63419,22747146.85638254,0
63420,22747489.057195324,0
63421,22747831.45051799,0
63422,22748174.04538726,0
63423,22748516.836948343,0
63424,22748859.82429541,0
63425,22749203.01115061,0
63426,22749546.391211733,0
63427,22749889.97327015,0
63428,22750233.749457534,0
63429,22750577.722569034,0
63430,22750921.89489059,0
63431,22751266.262371097,0
63432,22751610.828815944,0
63433,22751955.58966611,0
63434,22752300.548039015,0
63435,22752645.702240415,0
63436,22752991.05503619,0
63437,22753336.60292595,0
63438,22753682.34863142,0
63439,22754028.291658714,0
63440,22754374.428320166,0
63441,22754720.76177111,0
63442,22755067.294687796,0
63443,22755414.022266578,0
63444,22755760.946611457,0
63445,22756108.06563171,0
63446,22756455.380388394,0
63447,22756802.892907258,0
63448,22757150.601061545,0
63449,22757498.505117327,0
63450,22757846.602150824,0
63451,22758194.89986974,0
63452,22758543.392560814,0
63453,22758892.080591578,0
63454,22759240.96197993,0
63455,22759590.04098042,0
63456,22759939.31554286,0
63457,22760288.785582826,0
63458,22760638.452004515,0
63459,22760988.3112855,0
63460,22761338.369149778,0
63461,22761688.621297374,0
63462,22762039.066356692,0
63463,22762389.708415866,0
63464,22762740.546267834,0
63465,22763091.577902924,0
63466,22763442.805840667,0
63467,22763794.226903524,0
63468,22764145.846624386,0
63469,22764497.65972348,0
63470,22764849.66452068,0
63471,22765201.86546813,0
63472,22765554.264688056,0
63473,22765906.85467921,0
63474,22766259.640383426,0
63475,22766612.621451132,0
63476,22766965.7953877,0
63477,22767319.166584868,0
63478,22767672.72873665,0
63479,22768026.48706464,0
63480,22768380.43959349,0
63481,22768734.5877373,0
63482,22769088.926726554,0
63483,22769443.465725545,0
63484,22769798.192433987,0
63485,22770153.113885913,0
63486,22770508.232099466,0
63487,22770863.544827618,0
63488,22771219.050501484,0
63489,22771574.748041313,0
63490,22771930.64043451,0
63491,22772384.726221703,1
63492,22772741.00903806,0
63493,22773097.48148324,0
63494,22773454.148152247,0
63495,22773811.00822269,0
63496,22774168.06252707,0
63497,22774525.308346864,0
63498,22774882.750542644,0
63499,22775240.38411346,0
63500,22775598.210114017,0
63501,22775956.22998228,0
63502,22776314.441223156,0
63503,22776672.847806387,0
63504,22777031.44921602,0
63505,22777390.24162609,0
63506,22777749.226706687,0
63507,22778108.402013727,0
63508,22778467.77613228,0
63509,22778827.33801552,0
63510,22779187.092261307,0
63511,22779547.041405465,0
63512,22779907.180484638,0
63513,22780267.514982183,0
63514,22780628.041976243,0
63515,22780988.75970602,0
63516,22781349.671902873,0
63517,22781710.771452334,0
63518,22782072.067786932,0
63519,22782433.553884532,0
63520,22782795.235762626,0
63521,22783157.10573321,0
63522,22783519.168694943,0
63523,22783881.423694894,0
63524,22784243.86995985,0
63525,22784606.510856036,0
63526,22784969.34040512,0
63527,22785332.36275688,0
63528,22785695.57701717,0
63529,22786058.981085237,0
63530,22786422.580988348,0
63531,22786786.36908684,0
63532,22787150.34742821,0
63533,22787514.518476795,0
63534,22787878.882042456,0
63535,22788243.43640342,0
63536,22788608.182113722,0
63537,22788973.11723251,0
63538,22789338.24403679,0
63539,22789703.562382378,0
63540,22790069.06968631,0
63541,22790434.77137936,0
63542,22790800.66327865,0
63543,22791166.742576696,0
63544,22791533.01768478,0
63545,22791899.480060756,0
63546,22792266.136459384,0
63547,22792632.97919299,0
63548,22793000.01433916,0
63549,22793367.240064364,0
63550,22793734.656214036,0
63551,22794102.263390377,0
63552,22794470.058938026,0
63553,22794838.046240542,0
63554,22795206.22414459,0
63555,22795574.590620924,0
63556,22795943.14861625,0
63557,22796311.89488944,0
63558,22796680.833029885,0
63559,22797049.961245324,0
63560,22797419.277653694,0
63561,22797788.782096423,0
63562,22798158.481184203,0
63563,22798528.365825213,0
63564,22798898.442037404,0
63565,22799268.70901405,0
63566,22799639.162632756,0
63567,22800009.807036817,0
63568,22800380.64209533,0
63569,22800751.66478922,0
63570,22801122.87637203,0
63571,22801494.280395336,0
63572,22801865.871846274,0
63573,22802237.65191283,0
63574,22802609.61932711,0
63575,22802981.778867237,0
63576,22803354.125150483,0
63577,22803726.660466135,0
63578,22804099.38591983,0
63579,22804472.297569335,0
63580,22804845.401784476,0
63581,22805218.69250326,0
63582,22805592.173919648,0
63583,22805965.84231715,0
63584,22806339.697150387,0
63585,22806713.74493162,0
63586,22807087.9771519,0
63587,22807462.398682233,0
63588,22807837.008232612,0
63589,22808211.807716135,0
63590,22808586.795037974,0
63591,22808961.97094269,0
63592,22809337.332664132,0
63593,22809712.883273266,0
63594,22810088.622926842,0
63595,22810464.549127467,0
63596,22810840.6619494,0
63597,22811216.965254195,0
63598,22811593.45506496,0
63599,22811970.133094918,0
63600,22812346.9979735,0
63601,22812724.05038853,0
63602,22813101.292891514,0
63603,22813478.71904168,0
63604,22813856.33459577,0
63605,22814234.13634846,0
63606,22814612.126885936,0
63607,22814990.30278592,0
63608,22815368.667799395,0
63609,22815747.214994285,0
63610,22816125.956032116,0
63611,22816504.881234724,0
63612,22816883.993235886,0
63613,22817263.29066444,0
63614,22817642.776644956,0
63615,22818022.448689044,0
63616,22818402.30927248,0
63617,22818782.355373945,0
63618,22819162.58508427,0
63619,22819543.005708836,0
63620,22819923.60987452,0
63621,22820304.40412502,0
63622,22820685.38092407,0
63623,22821066.544282038,0
63624,22821447.895002957,0
63625,22821829.433112968,0
63626,22822211.154668108,0
63627,22822593.061677013,0
63628,22822975.159840155,0
63629,22823357.439938087,0
63630,22823739.90527826,0
63631,22824122.558937375,0
63632,22824505.39601756,0
63633,22824888.42000144,0
63634,22825271.630189378,0
63635,22825655.02618096,0
63636,22826038.606865793,0
63637,22826422.373634614,0
63638,22826806.32490119,0
63639,22827190.462981544,0
63640,22827574.78566874,0
63641,22827959.291919474,0
63642,22828343.98415327,0
63643,22828728.862324435,0
63644,22829113.923677042,0
63645,22829499.17374861,0
63646,22829884.60620584,0
63647,22830270.22412438,0
63648,22830656.02765219,0
63649,22831042.013248485,0
63650,22831428.187564936,0
63651,22831814.545025595,0
63652,22832201.084987555,0
63653,22832587.81414508,0
63654,22832974.72400965,0
63655,22833361.820084304,0
63656,22833749.098847654,0
63657,22834136.562729493,0
63658,22834524.212123543,0
63659,22834912.044369567,0
63660,22835300.061610457,0
63661,22835688.260263838,0
63662,22836076.64435878,0
63663,22836465.212749973,0
63664,22836853.965615384,0
63665,22837242.903829254,0
63666,22837632.026250504,0
63667,22838021.329163287,0
63668,22838410.815304965,0
63669,22838800.48772232,0
63670,22839190.341457438,0
63671,22839580.38010014,0
63672,22839970.60160501,0
63673,22840361.00712936,0
63674,22840751.59746201,0
63675,22841142.370492335,0
63676,22841533.325389422,0
63677,22841924.46432222,0
63678,22842315.785284128,0
63679,22842707.289163176,0
63680,22843098.976372533,0
63681,22843490.848120693,0
63682,22843882.899397098,0
63683,22844275.136834085,0
63684,22844667.555783678,0
63685,22845060.159660723,0
63686,22845452.94153884,0
63687,22845845.910942044,0
63688,22846239.06003394,0
63689,22846632.39216002,0
63690,22847025.90582826,0
63691,22847419.601731196,0
63692,22847813.482898355,0
63693,22848207.54473428,0
63694,22848601.787984226,0
63695,22848996.213111736,0
63696,22849390.81995819,0
63697,22849785.610326722,0
63698,22850180.583208613,0
63699,22850575.735673387,0
63700,22850971.07104468,0
63701,22851366.58788294,0
63702,22851762.288908876,0
63703,22852158.169594686,0
63704,22852554.232545752,0
63705,22852950.4731044,0
63706,22853346.901764497,0
63707,22853743.50847901,0
63708,22854140.29671724,0
63709,22854537.26508289,0
63710,22854934.41589279,0
63711,22855331.747790303,0
63712,22855729.259698223,0
63713,22856126.953855947,0
63714,22856524.830086004,0
63715,22856922.885704856,0
63716,22857321.123665035,0
63717,22857719.540429864,0
63718,22858118.137939014,0
63719,22858516.91733213,0
63720,22858915.878005657,0
63721,22859315.02011346,0
63722,22859714.340037324,0
63723,22860113.842514332,0
63724,22860513.522634126,0
63725,22860913.386931404,0
63726,22861313.429583713,0
63727,22861713.6537674,0
63728,22862114.055958588,0
63729,22862514.63993134,0
63730,22862915.404556416,0
63731,22863316.34611195,0
63732,22863717.471027408,0
63733,22864118.772940442,0
63734,22864520.255447365,0
63735,22864921.918821488,0
63736,22865323.761096254,0
63737,22865725.783470485,0
63738,22866127.98531198,0
63739,22866530.36707376,0
63740,22866932.929067668,0
63741,22867335.667064548,0
63742,22867738.588831846,0
63743,22868141.687754717,0
63744,22868544.967360444,0
63745,22868948.42314449,0
63746,22869352.061309468,0
63747,22869755.875059765,0
63748,22870159.870221622,0
63749,22870564.04480612,0
63750,22870968.39760673,0
63751,22871372.928180695,0
63752,22871777.638893783,0
63753,22872182.527450543,0
63754,22872587.596009802,0
63755,22872992.84127567,0
63756,22873398.265944134,0
63757,22873803.870384797,0
63758,22874209.651252504,0
63759,22874615.61172219,0
63760,22875021.751867604,0
63761,22875428.063943125,0
63762,22875834.55964487,0
63763,22876241.232613817,0
63764,22876648.083623152,0
63765,22877055.114841312,0
63766,22877462.317639396,0
63767,22877869.705563944,0
63768,22878277.266153153,0
63769,22878685.008083407,0
63770,22879092.926397976,0
63771,22879501.02277485,0
63772,22879909.29492266,0
63773,22880317.74586479,0
63774,22880726.372308545,0
63775,22881135.182369195,0
63776,22881544.16347765,0
63777,22881953.323983707,0
63778,22882362.662223525,0
63779,22882772.17586078,0
63780,22883181.868242282,0
63781,22883591.737476703,0
63782,22884001.78122254,0
63783,22884412.006097134,0
63784,22884822.40738434,0
63785,22885232.98361239,0
63786,22885643.73670786,0
63787,22886054.667090673,0
63788,22886465.770559147,0
63789,22886877.054506823,0
63790,22887288.513847783,0
63791,22887700.15443646,0
63792,22888111.96376218,0
63793,22888523.951015726,0
63794,22888936.11651497,0
63795,22889348.45912534,0
63796,22889760.975211896,0
63797,22890173.672095153,0
63798,22890586.540703658,0
63799,22890999.585887875,0
63800,22891412.806097865,0
63801,22891826.203262053,0
63802,22892239.77815881,0
63803,22892653.526908413,0
63804,22893067.450123705,0
63805,22893481.551603936,0
63806,22893895.82741175,0
63807,22894310.279500704,0
63808,22894724.90760285,0
63809,22895139.70552481,0
63810,22895554.685827263,0
63811,22895969.83700501,0
63812,22896385.165991902,0
63813,22896800.668703157,0
63814,22897216.347147655,0
63815,22897632.198492207,0
63816,22898048.228745118,0
63817,22898464.430748656,0
63818,22898880.809863694,0
63819,22899297.36260005,0
63820,22899714.088491227,0
63821,22900130.99114187,0
63822,22900548.067543343,0
63823,22900965.3189967,0
63824,22901382.744411945,0
63825,22901800.341878485,0
63826,22902218.117566276,0
63827,22902636.064433593,0
63828,22903054.188061725,0
63829,22903472.485031348,0
63830,22903890.957133684,0
63831,22904309.601400625,0
63832,22904728.420539167,0
63833,22905147.414691195,0
63834,22905566.581429392,0
63835,22905985.921487916,0
63836,22906405.43636662,0
63837,22906825.124351773,0
63838,22907244.987381313,0
63839,22907665.020479903,0
63840,22908085.2287099,0
63841,22908505.611879203,0
63842,22908926.166317966,0
63843,22909346.895812266,0
63844,22909767.79880036,0
63845,22910188.873210307,0
63846,22910610.12199365,0
63847,22911031.54352874,0
63848,22911453.13796344,0
63849,22911874.90484959,0
63850,22912296.84740107,0
63851,22912718.961034343,0
63852,22913141.24666306,0
63853,22913563.705412272,0
63854,22913986.335461967,0
63855,22914409.140050173,0
63856,22914832.11562106,0
63857,22915255.26525839,0
63858,22915678.586746383,0
63859,22916102.07915167,0
63860,22916525.74669784,0
63861,22916949.58428715,0
63862,22917373.59549793,0
63863,22917797.77751369,0
63864,22918222.132651616,0
63865,22918646.659538686,0
63866,22919071.356041417,0
63867,22919496.227286197,0
63868,22919921.26906488,0
63869,22920346.484733135,0
63870,22920771.87076831,0
63871,22921197.426241238,0
63872,22921623.155283082,0
63873,22922049.053574633,0
63874,22922475.126950793,0
63875,22922901.369355857,0
63876,22923327.78524676,0
63877,22923754.369179666,0
63878,22924181.12528962,0
63879,22924608.05259331,0
63880,22925035.1530046,0
63881,22925462.4221678,0
63882,22925889.86475513,0
63883,22926317.47587527,0
63884,22926745.257661425,0
63885,22927173.21166493,0
63886,22927601.33674956,0
63887,22928029.628447216,0
63888,22928458.09414345,0
63889,22928886.732400797,0
63890,22929315.535833076,0
63891,22929744.51376452,0
63892,22930173.661128715,0
63893,22930602.977028683,0
63894,22931032.4650385,0
63895,22931462.121499993,0
63896,22931891.95113418,0
63897,22932321.946416423,0
63898,22932752.11340007,0
63899,22933182.45263376,0
63900,22933612.959677782,0
63901,22934043.636110432,0
63902,22934474.482697103,0
63903,22934905.498518236,0
63904,22935336.684215553,0
63905,22935768.039804626,0
63906,22936199.565645635,0
63907,22936631.259449437,0
63908,22937063.12182741,0
63909,22937495.15583741,0
63910,22937927.358200204,0
63911,22938359.730231322,0
63912,22938792.270414084,0
63913,22939224.98130815,0
63914,22939657.856972124,0
63915,22940090.90581002,0
63916,22940524.122041654,0
63917,22940957.506618693,0
63918,22941391.05969571,0
63919,22941824.781621568,0
63920,22942258.673173595,0
63921,22942692.730870783,0
63922,22943126.9596522,0
63923,22943561.355929837,0
63924,22943995.92208606,0
63925,22944430.65517256,0
63926,22944865.554664876,0
63927,22945300.62378265,0
63928,22945735.861081224,0
63929,22946171.269015282,0
63930,22946606.842422657,0
63931,22947042.583542015,0
63932,22947478.49363343,0
63933,22947914.57093628,0
63934,22948350.812921718,0
63935,22948787.225943737,0
63936,22949223.807145607,0
63937,22949660.55117377,0
63938,22950097.468732636,0
63939,22950534.552412495,0
63940,22950971.80092298,0
63941,22951409.21911817,0
63942,22951846.800731678,0
63943,22952284.554530267,0
63944,22952722.472405758,0
63945,22953160.558305692,0
63946,22953598.810229037,0
63947,22954037.23234129,0
63948,22954475.81723311,0
63949,22954914.57052653,0
63950,22955353.492391188,0
63951,22955792.576023202,0
63952,22956231.83031385,0
63953,22956671.249263458,0
63954,22957110.835468233,0
63955,22957550.589178834,0
63956,22957990.507619824,0
63957,22958430.595205568,0
63958,22958870.846567776,0
63959,22959311.26235117,0
63960,22959751.844808146,0
63961,22960192.595938433,0
63962,22960633.51313982,0
63963,22961074.59298821,0
63964,22961515.843118872,0
63965,22961957.25552938,0
63966,22962398.832943212,0
63967,22962840.57828901,0
63968,22963282.488871865,0
63969,22963724.56457007,0
63970,22964166.805697206,0
63971,22964609.213152606,0
63972,22965051.785587702,0
63973,22965494.5248012,0
63974,22965937.426704656,0
63975,22966380.494695514,0
63976,22966823.7275829,0
63977,22967267.124515012,0
63978,22967710.689515077,0
63979,22968154.415906604,0
63980,22968598.308831487,0
63981,22969042.367163267,0
63982,22969486.591628294,0
63983,22969930.975572247,0
63984,22970375.526118994,0
63985,22970820.244187504,0
63986,22971265.12520762,0
63987,22971710.169127923,0
63988,22972155.378357038,0
63989,22972600.7513549,0
63990,22973046.290862717,0
63991,22973491.99453038,0
63992,22973937.860456772,0
63993,22974383.889238276,0
63994,22974830.082686204,0
63995,22975276.441558,0
63996,22975722.962770365,0
63997,22976169.64815636,0
63998,22976616.498380926,0
63999,22977063.512573313,0
64000,22977510.68777645,0
64001,22977958.02796491,0
64002,22978405.531568192,0
64003,22978853.199696027,0
64004,22979301.03016624,0
64005,22979749.021925405,0
64006,22980197.1797267,0
64007,22980645.501061574,0
64008,22981093.982759908,0
64009,22981542.6306502,0
64010,22981991.439067937,0
64011,22982440.412158888,0
64012,22982889.544946253,0
64013,22983338.843584828,0
64014,22983788.30394872,0
64015,22984237.927269895,0
64016,22984687.712102816,0
64017,22985137.660936803,0
64018,22985587.769720156,0
64019,22986038.043212738,0
64020,22986488.477024753,0
64021,22986939.075750466,0
64022,22987389.834876217,0
64023,22987840.75790148,0
64024,22988291.84247229,0
64025,22988743.08797569,0
64026,22989194.496061668,0
64027,22989646.06512927,0
64028,22990097.796463594,0
64029,22990549.688756716,0
64030,22991001.743021622,0
64031,22991453.960082196,0
64032,22991906.339134797,0
64033,22992358.880418222,0
64034,22992811.57942149,0
64035,22993264.442345776,0
64036,22993717.466523293,0
64037,22994170.65335354,0
64038,22994623.998280264,0
64039,22995077.50582457,0
64040,22995531.174525388,0
64041,22995985.004924998,0
64042,22996438.993955664,0
64043,22996893.14331119,0
64044,22997347.457206737,0
64045,22997801.931258615,0
64046,22998256.56386856,0
64047,22998711.35745921,0
64048,22999166.312157888,0
64049,22999621.42500638,0
64050,23000076.70032184,0
64051,23000532.138998963,0
64052,23000987.735484574,0
64053,23001443.489887055,0
64054,23001899.407187138,0
64055,23002355.484187543,0
64056,23002811.721831363,0
64057,23003268.11666348,0
64058,23003724.673956875,0
64059,23004181.391527373,0
64060,23004638.26534429,0
64061,23005095.301491357,0
64062,23005552.495770004,0
64063,23006009.850852374,0
64064,23006467.367334127,0
64065,23006925.04165834,0
64066,23007382.875024498,0
64067,23007840.865550548,0
64068,23008299.01836301,0
64069,23008757.33023023,0
64070,23009215.797792256,0
64071,23009674.42991189,0
64072,23010133.219726972,0
64073,23010592.166315783,0
64074,23011051.26897809,0
64075,23011510.536807433,0
64076,23011969.960395806,0
64077,23012429.542905003,0
64078,23012889.283813357,0
64079,23013349.18300767,0
64080,23013809.239127316,0
64081,23014269.45830835,0
64082,23014729.833531406,0
64083,23015190.365552675,0
64084,23015651.05880355,0
64085,23016111.905510258,0
64086,23016572.91313456,0
64087,23017034.080693886,0
64088,23017495.40365124,0
64089,23017956.886939533,0
64090,23018418.525020454,0
64091,23018880.324068006,0
64092,23019342.276966784,0
64093,23019804.39046363,0
64094,23020266.65855424,0
64095,23020729.088227376,0
64096,23021191.673553675,0
64097,23021654.41728473,0
64098,23022117.314487435,0
64099,23022580.372903354,0
64100,23023043.589026824,0
64101,23023506.960682157,0
64102,23023970.486855555,0
64103,23024434.172603067,0
64104,23024898.014128827,0
64105,23025362.013121415,0
64106,23025826.171082832,0
64107,23026290.483800348,0
64108,23026754.956162814,0
64109,23027219.58072166,0
64110,23027684.362990104,0
64111,23028149.30316682,0
64112,23028614.39927378,0
64113,23029079.651551016,0
64114,23029545.058981597,0
64115,23030010.623310797,0
64116,23030476.34426782,0
64117,23030942.22092423,0
64118,23031408.253359437,0
64119,23031874.44380577,0
64120,23032340.78734658,0
64121,23032807.287139926,0
64122,23033273.944562573,0
64123,23033740.75735431,0
64124,23034207.722920205,0
64125,23034674.84742358,0
64126,23035142.12571933,0
64127,23035609.562980775,0
64128,23036077.15054902,0
64129,23036544.89698599,0
64130,23037012.795906737,0
64131,23037480.851411976,0
64132,23037949.061555006,0
64133,23038417.426988028,0
64134,23038885.947723377,0
64135,23039354.622652397,0
64136,23039823.45367241,0
64137,23040292.43722934,0
64138,23040761.57892669,0
64139,23041230.87211395,0
64140,23041700.322578844,0
64141,23042169.926505767,0
64142,23042639.68577173,0
64143,23043109.597245406,0
64144,23043579.663575023,0
64145,23044049.88439869,0
64146,23044520.26113808,0
64147,23044990.7898595,0
64148,23045461.472820308,0
64149,23045932.311352026,0
64150,23046403.300913997,0
64151,23046874.448304184,0
64152,23047345.746712457,0
64153,23047817.20018522,0
64154,23048288.809208937,0
64155,23048760.567051627,0
64156,23049232.482202366,0
64157,23049704.549825303,0
64158,23050176.770415716,0
64159,23050649.144075803,0
64160,23051121.670030896,0
64161,23051594.35114746,0
64162,23052067.184451684,0
64163,23052540.172179338,0
64164,23053013.31213353,0
64165,23053486.60446568,0
64166,23053960.051729783,0
64167,23054433.649323635,0
64168,23054907.40085495,0
64169,23055381.303749744,0
64170,23055855.362123325,0
64171,23056329.57126401,0
64172,23056803.932565995,0
64173,23057278.447791055,0
64174,23057753.114144716,0
64175,23058227.933534957,0
64176,23058702.904741365,0
64177,23059178.028159086,0
64178,23059653.30455617,0
64179,23060128.730501745,0
64180,23060604.308889125,0
64181,23061080.040777758,0
64182,23061555.924021535,0
64183,23062031.958500683,0
64184,23062508.143615525,0
64185,23062984.484715205,0
64186,23063460.974453505,0
64187,23063937.617784392,0
64188,23064414.41062028,0
64189,23064891.353731833,0
64190,23065368.449213553,0
64191,23065845.694670774,0
64192,23066323.09372317,0
64193,23066800.642570686,0
64194,23067278.34303811,0
64195,23067756.193314865,0
64196,23068234.196614563,0
64197,23068712.347791877,0
64198,23069190.655950364,0
64199,23069669.10883738,0
64200,23070147.713848583,0
64201,23070626.466966417,0
64202,23071105.372864682,0
64203,23071584.431460705,0
64204,23072063.637972776,0
64205,23072542.997540686,0
64206,23073022.50399468,0
64207,23073502.161191486,0
64208,23073981.970704086,0
64209,23074461.927457098,0
64210,23074942.035547722,0
64211,23075422.29433122,0
64212,23075902.700442243,0
64213,23076383.259762984,0
64214,23076863.966662377,0
64215,23077344.8221888,0
64216,23077825.831675455,0
64217,23078306.985396083,0
64218,23078788.289817043,0
64219,23079269.74566726,0
64220,23079751.34973132,0
64221,23080233.10454738,0
64222,23080715.008754697,0
64223,23081197.059290778,0
64224,23081679.26160064,0
64225,23082161.61105038,0
64226,23082644.106216002,0
64227,23083126.75754384,0
64228,23083609.55262182,0
64229,23084092.499003887,0
64230,23084575.592384998,0
64231,23085058.83777741,0
64232,23085542.226505764,0
64233,23086025.7661953,0
64234,23086509.45462822,0
64235,23086993.28832934,0
64236,23087477.275433667,0
64237,23087961.406862922,0
64238,23088445.687245183,0
64239,23088930.117677875,0
64240,23089414.69228701,0
64241,23089899.41956125,0
64242,23090384.29117455,0
64243,23090869.31173748,0
64244,23091354.477828093,0
64245,23091839.796869606,0
64246,23092325.259709086,0
64247,23092810.87001501,0
64248,23093296.628037136,0
64249,23093782.535623234,0
64250,23094268.588394705,0
64251,23094754.78851745,0
64252,23095241.13518365,0
64253,23095727.631261304,0
64254,23096214.273048352,0
64255,23096701.062960595,0
64256,23097187.99621282,0
64257,23097675.079318997,0
64258,23098162.311394926,0
64259,23098649.68578424,0
64260,23099137.20864464,0
64261,23099624.87874782,0
64262,23100112.695507854,0
64263,23100600.654903807,0
64264,23101088.76700712,0
64265,23101577.01986353,0
64266,23102065.421508092,0
64267,23102553.968829367,0
64268,23103042.663912963,0
64269,23103531.503073078,0
64270,23104020.4876555,0
64271,23104509.618278615,0
64272,23104998.89661962,0
64273,23105488.318766817,0
64274,23105977.889954414,0
64275,23106467.602994137,0
64276,23106957.463762235,0
64277,23107447.470745508,0
64278,23107937.62153527,0
64279,23108427.91764811,0
64280,23108918.358319554,0
64281,23109408.946696788,0
64282,23109899.677691467,0
64283,23110390.55636768,0
64284,23110881.57699678,0
64285,23111372.746918045,0
64286,23111864.05822657,0
64287,23112355.51517204,0
64288,23112847.117507916,0
64289,23113338.863639895,0
64290,23113830.755101185,0
64291,23114322.792173944,0
64292,23114814.972293388,0
64293,23115307.296739466,0
64294,23115799.765437737,0
64295,23116292.378330026,0
64296,23116785.137413982,0
64297,23117278.03729145,0
64298,23117771.085945517,0
64299,23118264.27486374,0
64300,23118757.609287962,0
64301,23119251.086423658,0
64302,23119744.707511295,0
64303,23120238.474020157,0
64304,23120732.380795278,0
64305,23121226.4343698,0
64306,23121720.631080344,0
64307,23122214.969692994,0
64308,23122709.45493516,0
64309,23123204.082142163,0
64310,23123698.849031735,0
64311,23124193.763407733,0
64312,23124688.819886845,0
64313,23125184.01969527,0
64314,23125679.362558033,0
64315,23126174.846701935,0
64316,23126670.476078536,0
64317,23127166.24619412,0
64318,23127662.15921431,0
64319,23128158.21643455,0
64320,23128654.41393498,0
64321,23129150.75647747,0
64322,23129647.240561914,0
64323,23130143.866541546,0
64324,23130640.63842348,0
64325,23131137.548204564,0
64326,23131634.60031453,0
64327,23132131.795885593,0
64328,23132629.133381583,0
64329,23133126.61289135,0
64330,23133624.235158343,0
64331,23134121.99771245,0
64332,23134619.89977918,0
64333,23135117.949301355,0
64334,23135616.135988854,0
64335,23136114.466215882,0
64336,23136612.93921453,0
64337,23137111.54928353,0
64338,23137610.307154994,0
64339,23138109.201869465,0
64340,23138608.238241334,0
64341,23139107.416774523,0
64342,23139606.736231476,0
64343,23140106.195489243,0
64344,23140605.797196496,0
64345,23141105.53750315,0
64346,23141605.422191635,0
64347,23142105.44565195,0
64348,23142605.610847503,0
64349,23143105.9145776,0
64350,23143606.360267833,0
64351,23144106.945090424,0
64352,23144607.67249155,0
64353,23145108.53993942,0
64354,23145609.547159255,0
64355,23146110.695512157,0
64356,23146611.981758654,0
64357,23147113.408786368,0
64358,23147614.977033116,0
64359,23148116.683463156,0
64360,23148618.532768156,0
64361,23149120.517981894,0
64362,23149622.645243872,0
64363,23150124.911219865,0
64364,23150627.318628717,0
64365,23151129.86497714,0
64366,23151632.55123833,0
64367,23152135.374179136,0
64368,23152638.337993328,0
64369,23153141.43879155,0
64370,23153644.684118096,0
64371,23154148.065481238,0
64372,23154651.58608321,0
64373,23155155.247173443,0
64374,23155659.044731732,0
64375,23156162.98113649,0
64376,23156667.056794077,0
64377,23157171.27140127,0
64378,23157675.625614543,0
64379,23158180.118509647,0
64380,23158684.746606633,0
64381,23159189.517598357,0
64382,23159694.42591985,0
64383,23160199.46976607,0
64384,23160704.654536437,0
64385,23161209.975797277,0
64386,23161715.434247024,0
64387,23162221.034344446,0
64388,23162726.77022519,0
64389,23163232.646093167,0
64390,23163738.65764442,0
64391,23164244.805715397,0
64392,23164751.095321752,0
64393,23165257.519635778,0
64394,23165764.08107621,0
64395,23166270.781556327,0
64396,23166777.617577124,0
64397,23167284.590690274,0
64398,23167791.705137312,0
64399,23168298.952771973,0
64400,23168806.340125207,0
64401,23169313.864036266,0
64402,23169821.521942966,0
64403,23170329.321273655,0
64404,23170837.255923696,0
64405,23171345.323829312,0
64406,23171853.534136314,0
64407,23172361.87949483,0
64408,23172870.35807898,0
64409,23173378.97631669,0
64410,23173887.72824857,0
64411,23174396.620216053,0
64412,23174905.646144815,0
64413,23175414.808418322,0
64414,23175924.10708511,0
64415,23176433.54213086,0
64416,23176943.11250374,0
64417,23177452.818376034,0
64418,23177962.66186282,0
64419,23178472.64043591,0
64420,23178982.753524438,0
64421,23179493.004475035,0
64422,23180003.390014004,0
64423,23180513.91057906,0
64424,23181024.567940112,0
64425,23181535.36006032,0
64426,23182046.286015436,0
64427,23182557.349292476,0
64428,23183068.547703233,0
64429,23183579.878551297,0
64430,23184091.345713533,0
64431,23184602.94922859,0
64432,23185114.68839807,0
64433,23185626.559954736,0
64434,23186138.5664825,0
64435,23186650.710999742,0
64436,23187162.985189456,0
64437,23187675.397399228,0
64438,23188187.943997353,0
64439,23188700.62404317,0
64440,23189213.438254267,0
64441,23189726.38591494,0
64442,23190239.47009908,0
64443,23190752.686656874,0
64444,23191266.038222585,0
64445,23191779.52436382,0
64446,23192293.140910096,0
64447,23192806.895463545,0
64448,23193320.78198895,0
64449,23193834.80328391,0
64450,23194348.9582651,0
64451,23194863.24596588,0
64452,23195377.666300535,0
64453,23195892.2195587,0
64454,23196406.907802142,0
64455,23196921.730318267,0
64456,23197436.682918258,0
64457,23197951.771744877,0
64458,23198466.992109418,0
64459,23198982.345565986,0
64460,23199497.833841532,0
64461,23200013.45412027,0
64462,23200529.20648394,0
64463,23201045.09130081,0
64464,23201561.108805463,0
64465,23202077.25921425,0
64466,23202593.543727577,0
64467,23203109.95792789,0
64468,23203626.50587861,0
64469,23204143.18713514,0
64470,23204659.998304095,0
64471,23205176.944117382,0
64472,23205694.02036579,0
64473,23206211.22913196,0
64474,23206728.570437428,0
64475,23207246.044231184,0
64476,23207763.648278084,0
64477,23208281.38478415,0
64478,23208799.25333461,0
64479,23209317.25290871,0
64480,23209835.383370336,0
64481,23210353.64685365,0
64482,23210872.04029101,0
64483,23211390.56640386,0
64484,23211909.223787,0
64485,23212428.0112491,0
64486,23212946.92859817,0
64487,23213465.979526673,0
64488,23213985.16184234,0
64489,23214504.471133117,0
64490,23215023.916556925,0
64491,23215543.490227316,0
64492,23216063.197124936,0
64493,23216583.029908184,0
64494,23217102.99501599,0
64495,23217623.092436593,0
64496,23218143.317506406,0
64497,23218663.674829986,0
64498,23219184.162101977,0
64499,23219704.780056912,0
64500,23220225.526124544,0
64501,23220746.40554963,0
64502,23221267.411865275,0
64503,23221788.55206142,0
64504,23222309.815965436,0
64505,23222831.21399274,0
64506,23223352.73971684,0
64507,23223874.40136087,0
64508,23224396.183402304,0
64509,23224918.101135146,0
64510,23225440.146290112,0
64511,23225962.319216456,0
64512,23226484.624755707,0
64513,23227007.05600401,0
64514,23227529.61850927,0
64515,23228052.30909953,0
64516,23228575.131687775,0
64517,23229098.078363318,0
64518,23229621.15889636,0
64519,23230144.365365922,0
64520,23230667.70295434,0
64521,23231191.165630076,0
64522,23231714.7594252,0
64523,23232238.480591163,0
64524,23232762.329931214,0
64525,23233286.309485078,0
64526,23233810.41539614,0
64527,23234334.650800537,0
64528,23234859.012028284,0
64529,23235383.50463632,0
64530,23235908.124088585,0
64531,23236432.869332626,0
64532,23236957.745367557,0
64533,23237482.746537004,0
64534,23238007.877265383,0
64535,23238533.137041774,0
64536,23239058.524752356,0
64537,23239584.03821039,0
64538,23240109.67686787,0
64539,23240635.444449436,0
64540,23241161.341873407,0
64541,23241687.3617342,0
64542,23242213.51330115,0
64543,23242739.790026717,0
64544,23243266.194792096,0
64545,23243792.7273191,0
64546,23244319.381311566,0
64547,23244846.16898592,0
64548,23245373.08054293,0
64549,23245900.118340153,0
64550,23246427.28350013,0
64551,23246954.57506557,0
64552,23247481.992515977,0
64553,23248009.53452155,0
64554,23248537.206187613,0
64555,23249065.00544477,0
64556,23249592.925629366,0
64557,23250120.975933805,0
64558,23250649.15022503,0
64559,23251177.452599365,0
64560,23251705.878753833,0
64561,23252234.43238556,0
64562,23252763.11063929,0
64563,23253291.914071664,0
64564,23253820.842045918,0
64565,23254349.898759216,0
64566,23254879.079235513,0
64567,23255408.38543846,0
64568,23255937.818689093,0
64569,23256467.376994893,0
64570,23256997.054469734,0
64571,23257526.86250183,0
64572,23258056.7963504,0
64573,23258586.852940664,0
64574,23259117.035617243,0
64575,23259647.34190954,0
64576,23260177.77481734,0
64577,23260708.330293097,0
64578,23261239.01143068,0
64579,23261769.81693898,0
64580,23262300.744560592,0
64581,23262831.800565805,0
64582,23263362.97916855,0
64583,23263894.28098107,0
64584,23264425.70795015,0
64585,23264957.259060383,0
64586,23265488.93361834,0
64587,23266020.7321981,0
64588,23266552.65869663,0
64589,23267084.7044237,0
64590,23267616.87391041,0
64591,23268149.166634522,0
64592,23268681.586470123,0
64593,23269214.126915667,0
64594,23269746.79194008,0
64595,23270279.582551003,0
64596,23270812.493725345,0
64597,23271345.52423258,0
64598,23271878.684907354,0
64599,23272411.96575438,0
64600,23272945.37002119,0
64601,23273478.896144107,0
64602,23274012.546627436,0
64603,23274546.31826819,0
64604,23275080.215880103,0
64605,23275614.234001108,0
64606,23276148.37538583,0
64607,23276682.636249032,0
64608,23277217.023025595,0
64609,23277751.532915786,0
64610,23278286.160624765,0
64611,23278820.91295771,0
64612,23279355.789101742,0
64613,23279890.786896184,0
64614,23280425.90401681,0
64615,23280961.147520825,0
64616,23281496.507455423,0
64617,23282031.993619602,0
64618,23282567.59861003,0
64619,23283103.32680886,0
64620,23283639.17767626,0
64621,23284175.147741895,0
64622,23284711.238975983,0
64623,23285247.45361476,0
64624,23285783.790355578,0
64625,23286320.246481836,0
64626,23286856.824418187,0
64627,23287393.52178377,0
64628,23287930.34103368,0
64629,23288467.281923108,0
64630,23289004.34350877,0
64631,23289541.52652609,0
64632,23290078.82842709,0
64633,23290616.254366618,0
64634,23291153.79808689,0
64635,23291691.461483855,0
64636,23292229.247362357,0
64637,23292767.152249407,0
64638,23293305.17885242,0
64639,23293843.32425056,0
64640,23294381.593456987,0
64641,23294919.976026416,0
64642,23295458.482650995,0
64643,23295997.109914552,0
64644,23296535.856333863,0
64645,23297074.72221159,0
64646,23297613.70861158,0
64647,23298152.8133573,0
64648,23298692.036780175,0
64649,23299231.3830447,0
64650,23299770.846312612,0
64651,23300310.43012152,0
64652,23300850.13111239,0
64653,23301389.953680914,0
64654,23301929.890528847,0
64655,23302469.952484824,0
64656,23303010.130762562,0
64657,23303550.429994877,0
64658,23304090.8450117,0
64659,23304631.381953035,0
64660,23305172.03568609,0
64661,23305712.806835134,0
64662,23306253.698775,0
64663,23306794.707892627,0
64664,23307335.83619875,0
64665,23307877.08313909,0
64666,23308418.446629595,0
64667,23308959.928051777,0
64668,23309501.53116935,0
64669,23310043.2505528,0
64670,23310585.084655177,0
64671,23311127.04108814,0
64672,23311669.11278507,0
64673,23312211.305185374,0
64674,23312753.61325924,0
64675,23313296.036889337,0
64676,23313838.579536606,0
64677,23314381.24170826,0
64678,23314924.018350955,0
64679,23315466.915626768,0
64680,23316009.927186117,0
64681,23316553.058637608,0
64682,23317096.305490363,0
64683,23317639.6692214,0
64684,23318183.148848847,0
64685,23318726.74515136,0
64686,23319270.459066838,0
64687,23319814.29232605,0
64688,23320358.24023792,0
64689,23320902.30425028,0
64690,23321446.48358864,0
64691,23321990.78148556,0
64692,23322535.196095657,0
64693,23323079.725418665,0
64694,23323624.371492594,0
64695,23324169.133682713,0
64696,23324714.012965698,0
64697,23325259.007343177,0
64698,23325804.11709829,0
64699,23326349.344161015,0
64700,23326894.68640437,0
64701,23327440.144217223,0
64702,23327985.716248147,0
64703,23328531.40579844,0
64704,23329077.210507143,0
64705,23329623.130414035,0
64706,23330169.16409066,0
64707,23330715.31548695,0
64708,23331261.58201585,0
64709,23331807.961543355,0
64710,23332354.45825282,0
64711,23332901.06864425,0
64712,23333447.793801367,0
64713,23333994.635980465,0
64714,23334541.58962599,0
64715,23335088.659607314,0
64716,23335635.843827657,0
64717,23336183.144819956,0
64718,23336730.558216117,0
64719,23337278.08584355,0
64720,23337825.727749642,0
64721,23338373.482417937,0
64722,23338921.353439394,0
64723,23339469.337797176,0
64724,23340017.438294977,0
64725,23340565.652241655,0
64726,23341113.977097847,0
64727,23341662.41840465,0
64728,23342210.971220117,0
64729,23342759.63876407,0
64730,23343308.41912862,0
64731,23343857.3150865,0
64732,23344406.323580883,0
64733,23344955.44527215,0
64734,23345504.67915489,0
64735,23346054.027291197,0
64736,23346603.4882093,0
64737,23347153.06194424,0
64738,23347702.75061648,0
64739,23348252.547980525,0
64740,23348802.46118441,0
64741,23349352.488057513,0
64742,23349902.625771627,0
64743,23350452.879191235,0
64744,23351003.24126803,0
64745,23351553.71866505,0
64746,23352104.30756799,0
64747,23352655.007124014,0
64748,23353205.820439488,0
64749,23353756.746565465,0
64750,23354307.783666983,0
64751,23354858.92995472,0
64752,23355410.192926303,0
64753,23355961.56704521,0
64754,23356513.051749572,0
64755,23357064.647275977,0
64756,23357616.35495512,0
64757,23358168.17725354,0
64758,23358720.107290138,0
64759,23359272.150928047,0
64760,23359824.30549967,0
64761,23360376.570774432,0
64762,23360928.94680341,0
64763,23361481.435592122,0
64764,23362034.034137756,0
64765,23362586.746339075,0
64766,23363139.565817356,0
64767,23363692.49993671,0
64768,23364245.53858963,0
64769,23364798.6928424,0
64770,23365351.95669756,0
64771,23365905.330632854,0
64772,23366458.815941416,0
64773,23367012.411096636,0
64774,23367566.116208717,0
64775,23368119.934845556,0
64776,23368673.85900953,0
64777,23369227.89616632,0
64778,23369782.042406134,0
64779,23370336.2989765,0
64780,23370890.6625803,0
64781,23371445.14065067,0
64782,23371999.724865224,0
64783,23372554.42218889,0
64784,23373109.22547672,0
64785,23373664.138108183,0
64786,23374219.164264057,0
64787,23374774.297272522,0
64788,23375329.53721606,0
64789,23375884.89086046,0
64790,23376440.35246561,0
64791,23376995.921151955,0
64792,23377551.598500382,0
64793,23378107.388201263,0
64794,23378663.284414504,0
64795,23379219.288843233,0
64796,23379775.40263114,0
64797,23380331.626387637,0
64798,23380887.955995124,0
64799,23381444.396755733,0
64800,23382000.94579527,0
64801,23382557.602479335,0
64802,23383114.365042645,0
64803,23383671.236760825,0
64804,23384228.218516525,0
64805,23384785.30893839,0
64806,23385342.504226945,0
64807,23385899.810769122,0
64808,23386457.221460473,0
64809,23387014.74188681,0
64810,23387572.370161213,0
64811,23388130.106743116,0
64812,23388687.947179265,0
64813,23389245.899432465,0
64814,23389803.957154777,0
64815,23390362.120917432,0
64816,23390920.394482322,0
64817,23391478.773290288,0
64818,23392037.25873482,0
64819,23392595.853165034,0
64820,23393154.552472062,0
64821,23393713.35997682,0
64822,23394272.275353175,0
64823,23394831.294695187,0
64824,23395390.423004083,0
64825,23395949.655653615,0
64826,23396508.994967557,0
64827,23397068.442908682,0
64828,23397627.995791588,0
64829,23398187.653032895,0
64830,23398747.4205853,0
64831,23399307.29223621,0
64832,23399867.26861241,0
64833,23400427.351263244,0
64834,23400987.542252492,0
64835,23401547.835614637,0
64836,23402108.235812582,0
64837,23402668.743485034,0
64838,23403229.3551126,0
64839,23403790.069275633,0
64840,23404350.892820597,0
64841,23404911.82185049,0
64842,23405472.85568731,0
64843,23406033.991669595,0
64844,23406595.237223156,0
64845,23407156.58442085,0
64846,23407718.039007936,0
64847,23408279.59606835,0
64848,23408841.257452015,0
64849,23409403.025892984,0
64850,23409964.899071828,0
64851,23410526.876719497,0
64852,23411088.958921302,0
64853,23411651.14445738,0
64854,23412213.435328074,0
64855,23412775.8295583,0
64856,23413338.32893283,0
64857,23413900.93287936,0
64858,23414463.638998084,0
64859,23415026.45059623,0
64860,23415589.36571472,0
64861,23416152.383615,0
64862,23416715.504506595,0
64863,23417278.732751694,0
64864,23417842.061628073,0
64865,23418405.49649407,0
64866,23418969.03377778,0
64867,23419532.672310747,0
64868,23420096.416188713,0
64869,23420660.26337414,0
64870,23421224.211724482,0
64871,23421788.265451934,0
64872,23422352.4197994,0
64873,23422916.681218885,0
64874,23423481.043536328,0
64875,23424045.50639847,0
64876,23424610.07269217,0
64877,23425174.74347267,0
64878,23425739.51424969,0
64879,23426304.38987285,0
64880,23426869.367070068,0
64881,23427434.446465805,0
64882,23427999.62895026,0
64883,23428564.913077254,0
64884,23429130.29866305,0
64885,23429695.787572805,0
64886,23430261.37702744,0
64887,23430827.067974724,0
64888,23431392.86198337,0
64889,23431958.757348396,0
64890,23432524.754023667,0
64891,23433090.853458248,0
64892,23433657.050847255,0
64893,23434223.35445367,0
64894,23434789.757510882,0
64895,23435356.26184205,0
64896,23435922.867578503,0
64897,23436489.572666727,0
64898,23437056.38101067,0
64899,23437623.289119616,0
64900,23438190.29798629,0
64901,23438757.406350788,0
64902,23439324.61958406,0
64903,23439891.92999695,0
64904,23440459.34163536,0
64905,23441026.85322118,0
64906,23441594.464852937,0
64907,23442162.182470627,0
64908,23442729.99442294,0
64909,23443297.906757496,0
64910,23443865.92047699,0
64911,23444434.03538106,0
64912,23445002.250362862,0
64913,23445570.563978218,0
64914,23446138.977642395,0
64915,23446707.48943172,0
64916,23447276.103168286,0
64917,23447844.8160956,0
64918,23448413.628050625,0
64919,23448982.540233474,0
64920,23449551.552207034,0
64921,23450120.66107889,0
64922,23450689.86973227,0
64923,23451259.177450404,0
64924,23451828.586726468,0
64925,23452398.0925237,0
64926,23452967.699154053,0
64927,23453537.403465323,0
64928,23454107.20779654,0
64929,23454677.10826018,0
64930,23455247.10892022,0
64931,23455817.20675639,0
64932,23456387.40337919,0
64933,23456957.701661963,0
64934,23457528.09587053,0
64935,23458098.58663393,0
64936,23458669.175479386,0
64937,23459239.867294606,0
64938,23459810.653637893,0
64939,23460381.536768276,0
64940,23460952.52023226,0
64941,23461523.599167723,0
64942,23462094.77716168,0
64943,23462666.05066883,0
64944,23463237.42640518,0
64945,23463808.893780153,0
64946,23464380.464990117,0
64947,23464952.13013613,0
64948,23465523.888036095,0
64949,23466095.751581445,0
64950,23466667.70629965,0
64951,23467239.760478295,0
64952,23467811.909090497,0
64953,23468384.157474376,0
64954,23468956.500686347,0
64955,23469528.941846747,0
64956,23470101.48124852,0
64957,23470674.11496094,0
64958,23471246.845186584,0
64959,23471819.670623623,0
64960,23472392.593584858,0
64961,23472965.611977648,0
64962,23473538.729819685,0
64963,23474111.942679327,0
64964,23474685.24980926,0
64965,23475258.651928205,0
64966,23475832.151791636,0
64967,23476405.74672663,0
64968,23476979.43827315,0
64969,23477553.22561721,0
64970,23478127.105367355,0
64971,23478701.08294012,0
64972,23479275.156118114,0
64973,23479849.324625626,0
64974,23480423.588883836,0
64975,23480997.94675253,0
64976,23481572.399721067,0
64977,23482146.94850285,0
64978,23482721.591873493,0
64979,23483296.331507802,0
64980,23483871.165998414,0
64981,23484446.0934417,0
64982,23485021.116271682,0
64983,23485596.231864452,0
64984,23486171.44349292,0
64985,23486746.750961047,0
64986,23487322.152469024,0
64987,23487897.64675384,0
64988,23488473.23409119,0
64989,23489048.920004398,0
64990,23489624.692647647,0
64991,23490200.56560949,0
64992,23490776.53044837,0
64993,23491352.588686865,0
64994,23491928.7416803,0
64995,23492504.98684238,0
64996,23493081.324993752,0
64997,23493657.75932258,0
64998,23494234.28589833,0
64999,23494810.90629154,0
65000,23495387.619690444,0
65001,23495964.42348,0
65002,23496541.32516298,0
65003,23497118.3152337,0
65004,23497695.400261015,0
65005,23498272.578331854,0
65006,23498849.847547572,0
65007,23499427.21253987,0
65008,23500004.67036748,0
65009,23500582.218181334,0
65010,23501159.85905538,0
65011,23501737.592701633,0
65012,23502315.419457648,0
65013,23502893.335408483,0
65014,23503471.347448498,0
65015,23504049.448960055,0
65016,23504627.642472137,0
65017,23505205.93001855,0
65018,23505784.307796855,0
65019,23506362.776846442,0
65020,23506941.338228613,0
65021,23507519.99213586,0
65022,23508098.73688271,0
65023,23508677.574910764,0
65024,23509256.501167558,0
65025,23509835.520019315,0
65026,23510414.63177316,0
65027,23510993.833410006,0
65028,23511573.123731572,0
65029,23512152.506831456,0
65030,23512731.983034734,0
65031,23513311.547611147,0
65032,23513891.203349747,0
65033,23514470.95170977,0
65034,23515050.787810076,0
65035,23515630.71793333,0
65036,23516210.734475203,0
65037,23516790.843394473,0
65038,23517371.044586044,0
65039,23517951.332007464,0
65040,23518531.710501317,0
65041,23519112.17977754,0
65042,23519692.739929806,0
65043,23520273.39014724,0
65044,23520854.130190015,0
65045,23521434.956913445,0
65046,23522015.877252515,0
65047,23522596.886975676,0
65048,23523177.983944822,0
65049,23523759.172484897,0
65050,23524340.446450498,0
65051,23524921.81386683,0
65052,23525503.269576717,0
65053,23526084.814522583,0
65054,23526666.446703844,0
65055,23527248.17055213,0
65056,23527829.982128456,0
65057,23528411.88189917,0
65058,23528993.871542875,0
65059,23529575.949173972,0
65060,23530158.11459078,0
65061,23530740.370011616,0
65062,23531322.71229269,0
65063,23531905.143791363,0
65064,23532487.665583104,0
65065,23533070.27169447,0
65066,23533652.96974678,0
65067,23534235.754864782,0
65068,23534818.62691546,0
65069,23535401.589439183,0
65070,23535984.63586455,0
65071,23536567.77110469,0
65072,23537150.995590482,0
65073,23537734.30487523,0
65074,23538317.70591053,0
65075,23538901.19056838,0
65076,23539484.76570518,0
65077,23540068.42580854,0
65078,23540652.174049895,0
65079,23541236.00801498,0
65080,23541819.92961932,0
65081,23542403.93876945,0
65082,23542988.03427889,0
65083,23543572.218490597,0
65084,23544156.487904906,0
65085,23544740.84578325,0
65086,23545325.2865998,0
65087,23545909.81919417,0
65088,23546494.43179231,0
65089,23547079.134028886,0
65090,23547663.921869606,0
65091,23548248.797965307,0
65092,23548833.758354366,0
65093,23549418.805325665,0
65094,23550003.93855616,0
65095,23550589.157728128,0
65096,23551174.45997412,0
65097,23551759.851286255,0
65098,23552345.32789074,0
65099,23552930.887277912,0
65100,23553516.53796279,0
65101,23554102.269777723,0
65102,23554688.084932774,0
65103,23555273.98672793,0
65104,23555859.974860344,0
65105,23556446.049174514,0
65106,23557032.20770361,0
65107,23557618.44828713,0
65108,23558204.77711289,0
65109,23558791.19091609,0
65110,23559377.686792884,0
65111,23559964.2699525,0
65112,23560550.937284056,0
65113,23561137.687766775,0
65114,23561724.522664912,0
65115,23562311.443272565,0
65116,23562898.44771654,0
65117,23563485.534472246,0
65118,23564072.708001893,0
65119,23564659.964249115,0
65120,23565247.304635048,0
65121,23565834.72841585,0
65122,23566422.236087553,0
65123,23567009.827295043,0
65124,23567597.502255965,0
65125,23568185.261914268,0
65126,23568773.10318562,0
65127,23569361.029281214,0
65128,23569949.038027283,0
65129,23570537.128548056,0
65130,23571125.304288834,0
65131,23571713.5627355,0
65132,23572301.904041972,0
65133,23572890.3284488,0
65134,23573478.83509148,0
65135,23574067.42459498,0
65136,23574656.096426517,0
65137,23575244.85281727,0
65138,23575833.68951769,0
65139,23576422.608900588,0
65140,23577011.610819593,0
65141,23577600.695961013,0
65142,23578189.86237953,0
65143,23578779.109612886,0
65144,23579368.44097248,0
65145,23579957.856054675,0
65146,23580547.3497897,0
65147,23581136.925252058,0
65148,23581726.583716094,0
65149,23582316.32307015,0
65150,23582906.14481785,0
65151,23583496.04926583,0
65152,23584086.032368835,0
65153,23584676.099022556,0
65154,23585266.246708695,0
65155,23585856.472750902,0
65156,23586446.781010564,0
65157,23587037.172913928,0
65158,23587627.642772973,0
65159,23588218.195564255,0
65160,23588808.82848178,0
65161,23589399.543620452,0
65162,23589990.33615763,0
65163,23590581.209991757,0
65164,23591172.166152544,0
65165,23591763.201804545,0
65166,23592354.317962803,0
65167,23592945.511830613,0
65168,23593536.790187992,0
65169,23594128.147395916,0
65170,23594719.582581136,0
65171,23595311.09887697,0
65172,23595902.692937806,0
65173,23596494.37076121,0
65174,23597086.12396909,0
65175,23597677.95937494,0
65176,23598269.873433776,0
65177,23598861.867238816,0
65178,23599453.941094406,0
65179,23600046.092504498,0
65180,23600638.32472955,0
65181,23601230.63532331,0
65182,23601823.027751014,0
65183,23602415.49672029,0
65184,23603008.045412496,0
65185,23603600.66937135,0
65186,23604193.374764018,0
65187,23604786.159448348,0
65188,23605379.01990963,0
65189,23605971.961204346,0
65190,23606564.979990836,0
65191,23607158.080159254,0
65192,23607751.25444585,0
65193,23608344.510463886,0
65194,23608937.841247343,0
65195,23609531.251972076,0
65196,23610124.739989467,0
65197,23610718.306397017,0
65198,23611311.949538223,0
65199,23611905.672582727,0
65200,23612499.470507115,0
65201,23613093.347707048,0
65202,23613687.301578153,0
65203,23614281.33195853,0
65204,23614875.443123437,0
65205,23615469.627143875,0
65206,23616063.891765423,0
65207,23616658.231907245,0
65208,23617252.646882024,0
65209,23617847.142305586,0
65210,23618441.713991728,0
65211,23619036.36079176,0
65212,23619631.085286126,0
65213,23620225.886547856,0
65214,23620820.763376012,0
65215,23621415.717955336,0
65216,23622010.747832358,0
65217,23622605.85405046,0
65218,23623201.035921082,0
65219,23623796.296048347,0
65220,23624391.628012296,0
65221,23624987.041410133,0
65222,23625582.527757578,0
65223,23626178.089313302,0
65224,23626773.726829756,0
65225,23627369.44235996,0
65226,23627965.23096712,0
65227,23628561.096095804,0
65228,23629157.0342535,0
65229,23629753.052012432,0
65230,23630349.143151976,0
65231,23630945.307887983,0
65232,23631541.548044305,0
65233,23632137.865268424,0
65234,23632734.255356006,0
65235,23633330.722142637,0
65236,23633927.26169256,0
65237,23634523.874595806,0
65238,23635120.56404922,0
65239,23635717.329862367,0
65240,23636314.16963467,0
65241,23636911.081653163,0
65242,23637508.06987628,0
65243,23638105.130155887,0
65244,23638702.268429756,0
65245,23639299.475763917,0
65246,23639896.75976158,0
65247,23640494.115950186,0
65248,23641091.547702976,0
65249,23641689.053543717,0
65250,23642286.63156863,0
65251,23642884.280954674,0
65252,23643482.009833395,0
65253,23644079.80893815,0
65254,23644677.681371327,0
65255,23645275.627288193,0
65256,23645873.645074774,0
65257,23646471.739071794,0
65258,23647069.901689053,0
65259,23647668.136849213,0
65260,23648266.449908774,0
65261,23648864.83409634,0
65262,23649463.287565283,0
65263,23650061.817237146,0
65264,23650660.419802178,0
65265,23651259.091543358,0
65266,23651857.83774612,0
65267,23652456.65691711,0
65268,23653055.54520375,0
65269,23653654.50894032,0
65270,23654253.542483304,0
65271,23654852.649646483,0
65272,23655451.828487523,0
65273,23656051.07944352,0
65274,23656650.400544345,0
65275,23657249.793151557,0
65276,23657849.259954687,0
65277,23658448.795889392,0
65278,23659048.40124455,0
65279,23659648.083251756,0
65280,23660247.832941514,0
65281,23660847.6544616,0
65282,23661447.548377536,0
65283,23662047.51067001,0
65284,23662647.54637002,0
65285,23663247.65218891,0
65286,23663847.827163167,0
65287,23664448.074411325,0
65288,23665048.3921142,0
65289,23665648.779851895,0
65290,23666249.238680627,0
65291,23666849.765501115,0
65292,23667450.36493029,0
65293,23668051.03353001,0
65294,23668651.775804833,0
65295,23669252.581803225,0
65296,23669853.464110456,0
65297,23670454.41244291,0
65298,23671055.430065215,0
65299,23671656.518350217,0
65300,23672257.677892737,0
65301,23672858.90556398,0
65302,23673460.20350976,0
65303,23674061.567628294,0
65304,23674663.005659908,0
65305,23675264.51021936,0
65306,23675866.086766154,0
65307,23676467.72935841,0
65308,23677069.440886356,0
65309,23677671.224164657,0
65310,23678273.07248139,0
65311,23678874.99173043,0
65312,23679476.97968561,0
65313,23680079.036487427,0
65314,23680681.160255227,0
65315,23681283.3547503,0
65316,23681885.614355545,0
65317,23682487.943464115,0
65318,23683090.34390491,0
65319,23683692.807965245,0
65320,23684295.342856616,0
65321,23684897.944954094,0
65322,23685500.616048034,0
65323,23686103.35122413,0
65324,23686706.15730053,0
65325,23687309.028856587,0
65326,23687911.96955939,0
65327,23688514.97713752,0
65328,23689118.053969838,0
65329,23689721.196562503,0
65330,23690324.405742787,0
65331,23690927.6814601,0
65332,23691531.02549675,0
65333,23692134.43632684,0
65334,23692737.915154986,0
65335,23693341.45779401,0
65336,23693945.070282068,0
65337,23694548.747289293,0
65338,23695152.49364956,0
65339,23695756.30315115,0
65340,23696360.183502886,0
65341,23696964.12631518,0
65342,23697568.135147538,0
65343,23698172.21177765,0
65344,23698776.354040124,0
65345,23699380.560818046,0
65346,23699984.837141085,0
65347,23700589.17576906,0
65348,23701193.58081494,0
65349,23701798.053517852,0
65350,23702402.588841163,0
65351,23703007.19312094,0
65352,23703611.86074165,0
65353,23704216.593033556,0
65354,23704821.393195402,0
65355,23705426.25668894,0
65356,23706031.18451489,0
65357,23706636.179256298,0
65358,23707241.23621181,0
65359,23707846.361727517,0
65360,23708451.548253223,0
65361,23709056.803019926,0
65362,23709662.121382162,0
65363,23710267.50337361,0
65364,23710872.951390643,0
65365,23711478.4602247,0
65366,23712084.036905225,0
65367,23712689.674058937,0
65368,23713295.379509278,0
65369,23713901.147603057,0
65370,23714506.9813303,0
65371,23715112.87548833,0
65372,23715718.83598465,0
65373,23716324.857456103,0
65374,23716930.944964744,0
65375,23717537.094965033,0
65376,23718143.308797758,0
65377,23718749.586260602,0
65378,23719355.92728942,0
65379,23719962.333905537,0
65380,23720568.798924442,0
65381,23721175.32782965,0
65382,23721781.921855718,0
65383,23722388.579510927,0
65384,23722995.296742503,0
65385,23723602.080635812,0
65386,23724208.924554564,0
65387,23724815.83029879,0
65388,23725422.799315408,0
65389,23726029.8309276,0
65390,23726636.926325075,0
65391,23727244.083067868,0
65392,23727851.302697655,0
65393,23728458.58252231,0
65394,23729065.92464269,0
65395,23729673.331139237,0
65396,23730280.79721275,0
65397,23730888.3241118,0
65398,23731495.914818224,0
65399,23732103.567278042,0
65400,23732711.280171618,0
65401,23733319.05355949,0
65402,23733926.890813723,0
65403,23734534.787321124,0
65404,23735142.746626016,0
65405,23735750.764953952,0
65406,23736358.846097585,0
65407,23736966.990784187,0
65408,23737575.190837048,0
65409,23738183.45575348,0
65410,23738791.778608385,0
65411,23739400.162261434,0
65412,23740008.60766874,0
65413,23740617.113712683,0
65414,23741225.682799343,0
65415,23741834.306879763,0
65416,23742442.993976947,0
65417,23743051.741308674,0
65418,23743660.548026808,0
65419,23744269.415265217,0
65420,23744878.340653785,0
65421,23745487.32659357,0
65422,23746096.373168603,0
65423,23746705.478572857,0
65424,23747314.645150185,0
65425,23747923.86700217,0
65426,23748533.15592142,0
65427,23749142.49956619,0
65428,23749751.901062936,0
65429,23750361.362871073,0
65430,23750970.887068786,0
65431,23751580.46680188,0
65432,23752190.104792316,0
65433,23752799.802426867,0
65434,23753409.55994839,0
65435,23754019.373952094,0
65436,23754629.249760944,0
65437,23755239.180851404,0
65438,23755849.170676805,0
65439,23756459.221614752,0
65440,23757069.329039197,0
65441,23757679.49766984,0
65442,23758289.721447263,0
65443,23758900.00058492,0
65444,23759510.34146696,0
65445,23760120.73863165,0
65446,23760731.19661989,0
65447,23761341.70614723,0
65448,23761952.279227063,0
65449,23762562.90836167,0
65450,23763173.592304986,0
65451,23763784.336004414,0
65452,23764395.137445252,0
65453,23765005.992895655,0
65454,23765616.909366645,0
65455,23766227.878944207,0
65456,23766838.907612763,0
65457,23767449.99564505,0
65458,23768061.136202585,0
65459,23768672.336430646,0
65460,23769283.590779524,0
65461,23769894.904487055,0
65462,23770506.2712564,0
65463,23771117.699298397,0
65464,23771729.180199426,0
65465,23772340.716381833,0
65466,23772952.308848877,0
65467,23773563.96028545,0
65468,23774175.665877376,0
65469,23774787.427322,0
65470,23775399.246350545,0
65471,23776011.119667634,0
65472,23776623.04767429,0
65473,23777235.03308613,0
65474,23777847.068615112,0
65475,23778459.166328568,0
65476,23779071.316804636,0
65477,23779683.523749378,0
65478,23780295.78348451,0
65479,23780908.10031654,0
65480,23781520.470217824,0
65481,23782132.895861607,0
65482,23782745.377988435,0
65483,23783357.912570413,0
65484,23783970.50291508,0
65485,23784583.14597179,0
65486,23785195.846980155,0
65487,23785808.59871913,0
65488,23786421.40932458,0
65489,23787034.269408956,0
65490,23787647.18546196,0
65491,23788260.157052755,0
65492,23788873.180385027,0
65493,23789486.25933953,0
65494,23790099.390335117,0
65495,23790712.577103738,0
65496,23791325.815731756,0
65497,23791939.109672252,0
65498,23792552.45645011,0
65499,23793165.853623018,0
65500,23793779.3088053,0
65501,23794392.8167663,0
65502,23795006.375210237,0
65503,23795619.989770833,0
65504,23796233.65214561,0
65505,23796847.371992126,0
65506,23797461.143718738,0
65507,23798074.96695487,0
65508,23798688.84316794,0
65509,23799302.77608388,0
65510,23799916.757052712,0
65511,23800530.790928185,0
65512,23801144.877198692,0
65513,23801759.016329776,0
65514,23802373.208031405,0
65515,23802987.45215244,0
65516,23803601.745319936,0
65517,23804216.09337664,0
65518,23804830.49198979,0
65519,23805444.94215364,0
65520,23806059.445126817,0
65521,23806674.000083257,0
65522,23807288.60520791,0
65523,23807903.26260575,0
65524,23808517.971722607,0
65525,23809132.731838018,0
65526,23809747.544204436,0
65527,23810362.404289465,0
65528,23810977.315886047,0
65529,23811592.281524662,0
65530,23812207.294874534,0
65531,23812822.36003237,0
65532,23813437.477579314,0
65533,23814052.64519813,0
65534,23814667.860526856,0
65535,23815283.129233014,0
65536,23815898.447513547,0
65537,23816513.814519674,0
65538,23817129.232636377,0
65539,23817744.701370195,0
65540,23818360.222779874,0
65541,23818975.789704956,0
65542,23819591.408063147,0
65543,23820207.0773104,0
65544,23820822.796282243,0
65545,23821438.561414205,0
65546,23822054.377813194,0
65547,23822670.24774144,0
65548,23823286.162703123,0
65549,23823902.12631613,0
65550,23824518.141343,0
65551,23825134.20428137,0
65552,23825750.318453018,0
65553,23826366.480309132,0
65554,23826982.6902896,0
65555,23827598.94889851,0
65556,23828215.256916635,0
65557,23828831.612214826,0
65558,23829448.01745882,0
65559,23830064.471300825,0
65560,23830680.97277226,0
65561,23831297.523082692,0
65562,23831914.119693756,0
65563,23832530.76853459,0
65564,23833147.460952956,0
65565,23833764.202235155,0
65566,23834380.993809547,0
65567,23834997.83227092,0
65568,23835614.72016291,0
65569,23836231.650928795,0
65570,23836848.63243029,0
65571,23837465.660791487,0
65572,23838082.73457024,0
65573,23838699.858874995,0
65574,23839317.028808508,0
65575,23839934.2463636,0
65576,23840551.51094102,0
65577,23841168.822554536,0
65578,23841786.178897474,0
65579,23842403.58506849,0
65580,23843021.035386007,0
65581,23843638.53334794,0
65582,23844256.080685593,0
65583,23844873.668242473,0
65584,23845491.307026207,0
65585,23846108.99153342,0
65586,23846726.720677666,0
65587,23847344.497507833,0
65588,23847962.318125915,0
65589,23848580.185682468,0
65590,23849198.10057635,0
65591,23849816.061306626,0
65592,23850434.066384006,0
65593,23851052.118206605,0
65594,23851670.21269111,0
65595,23852288.355532434,0
65596,23852906.543391865,0
65597,23853524.775130548,0
65598,23854143.054069743,0
65599,23854761.3765958,0
65600,23855379.745338615,0
65601,23855998.15806127,0
65602,23856616.61370223,0
65603,23857235.11959032,0
65604,23857853.663202927,0
65605,23858472.25569259,0
65606,23859090.893567033,0
65607,23859709.57478012,0
65608,23860328.299405143,0
65609,23860947.06862615,0
65610,23861565.882760532,0
65611,23862184.741154827,0
65612,23862803.64129263,0
65613,23863422.587079387,0
65614,23864041.576941993,0
65615,23864660.612517197,0
65616,23865279.688651666,0
65617,23865898.809541106,0
65618,23866517.97477443,0
65619,23867137.18162649,0
65620,23867756.43200846,0
65621,23868375.727696903,0
65622,23868995.06264332,0
65623,23869614.443932217,0
65624,23870233.868958693,0
65625,23870853.332152046,0
65626,23871472.842947688,0
65627,23872092.396703597,0
65628,23872711.990877476,0
65629,23873331.62874513,0
65630,23873951.306295063,0
65631,23874571.02978665,0
65632,23875190.79604507,0
65633,23875810.601530425,0
65634,23876430.45247824,0
65635,23877050.343262468,0
65636,23877670.275141366,0
65637,23878290.251930144,0
65638,23878910.269453894,0
65639,23879530.327951867,0
65640,23880150.4286941,0
65641,23880770.568592347,0
65642,23881390.756253578,0
65643,23882010.981926292,0
65644,23882631.24698675,0
65645,23883251.55338774,0
65646,23883871.90175911,0
65647,23884492.291765813,0
65648,23885112.723928902,0
65649,23885733.19613514,0
65650,23886353.70717941,0
65651,23886974.261328228,0
65652,23887594.856801163,0
65653,23888215.49022597,0
65654,23888836.16573046,0
65655,23889456.882706836,0
65656,23890077.638595156,0
65657,23890698.43448753,0
65658,23891319.269086078,0
65659,23891940.14565644,0
65660,23892561.062536858,0
65661,23893182.01922739,0
65662,23893803.01627516,0
65663,23894424.052025065,0
65664,23895045.127680544,0
65665,23895666.242889002,0
65666,23896287.397071015,0
65667,23896908.591701213,0
65668,23897529.82813844,0
65669,23898151.099190705,0
65670,23898772.410458233,0
65671,23899393.7599603,0
65672,23900015.150484502,0
65673,23900636.58035432,0
65674,23901258.049501102,0
65675,23901879.554854505,0
65676,23902501.099979725,0
65677,23903122.684583448,0
65678,23903744.3046977,0
65679,23904365.967672728,0
65680,23904987.664798517,0
65681,23905609.40348886,0
65682,23906231.17929888,0
65683,23906852.99008441,0
65684,23907474.842335224,0
65685,23908096.732364073,0
65686,23908718.658339996,0
65687,23909340.62314717,0
65688,23909962.625430144,0
65689,23910584.66394945,0
65690,23911206.744323537,0
65691,23911828.857102554,0
65692,23912451.007974952,0
65693,23913073.200684465,0
65694,23913695.426632762,0
65695,23914317.688392814,0
65696,23914939.991328206,0
65697,23915562.328322325,0
65698,23916184.701871302,0
65699,23916807.112449605,0
65700,23917429.560236983,0
65701,23918052.044671137,0
65702,23918674.564242743,0
65703,23919297.123093177,0
65704,23919919.715766948,0
65705,23920542.344520435,0
65706,23921165.011966184,0
65707,23921787.711528063,0
65708,23922410.450939886,0
65709,23923033.223114062,0
65710,23923656.032795127,0
65711,23924278.87658731,0
65712,23924901.755617835,0
65713,23925524.6740315,0
65714,23926147.623875976,0
65715,23926770.611325357,0
65716,23927393.634165846,0
65717,23928016.690793443,0
65718,23928639.783857267,0
65719,23929262.911566276,0
65720,23929886.072309557,0
65721,23930509.27132966,0
65722,23931132.502475988,0
65723,23931755.768756166,0
65724,23932379.06915057,0
65725,23933002.40544127,0
65726,23933625.777294572,0
65727,23934249.181934584,0
65728,23934872.621293914,0
65729,23935496.095551793,0
65730,23936119.60234508,0
65731,23936743.14314531,0
65732,23937366.71841942,0
65733,23937990.32633546,0
65734,23938613.96899237,0
65735,23939237.646710526,0
65736,23939861.355317045,0
65737,23940485.098764844,0
65738,23941108.876533393,0
65739,23941732.68526122,0
65740,23942356.5288178,0
65741,23942980.404165298,0
65742,23943604.314713284,0
65743,23944228.257485427,0
65744,23944852.233086303,0
65745,23945476.242534783,0
65746,23946100.28181578,0
65747,23946724.358064357,0
65748,23947348.46083148,0
65749,23947972.602286916,0
65750,23948596.773698345,0
65751,23949220.97707752,0
65752,23949845.21321096,0
65753,23950469.47977461,0
65754,23951093.781166192,0
65755,23951718.11112044,0
65756,23952342.474988546,0
65757,23952966.87324981,0
65758,23953591.298659183,0
65759,23954215.75836687,0
65760,23954840.248390198,0
65761,23955464.77055747,0
65762,23956089.321145184,0
65763,23956713.908134088,0
65764,23957338.52358698,0
65765,23957963.17147897,0
65766,23958587.84768038,0
65767,23959212.558590658,0
65768,23959837.29597811,0
65769,23960462.0673007,0
65770,23961086.867437597,0
65771,23961711.699809384,0
65772,23962336.56329632,0
65773,23962961.45749755,0
65774,23963586.37935904,0
65775,23964211.331505075,0
65776,23964836.314327933,0
65777,23965461.330861982,0
65778,23966086.373295095,0
65779,23966711.447122283,0
65780,23967336.552260324,0
65781,23967961.68434544,0
65782,23968586.847152185,0
65783,23969212.040171437,0
65784,23969837.26355427,0
65785,23970462.513806883,0
65786,23971087.79220705,0
65787,23971713.10360951,0
65788,23972338.443366505,0
65789,23972963.812815107,0
65790,23973589.208001558,0
65791,23974214.6355921,0
65792,23974840.090381827,0
65793,23975465.57523655,0
65794,23976091.08563013,0
65795,23976716.627766717,0
65796,23977342.19858501,0
65797,23977967.79579797,0
65798,23978593.421654806,0
65799,23979219.075125434,0
65800,23979844.75810651,0
65801,23980470.468414728,0
65802,23981096.20792436,0
65803,23981721.974016998,0
65804,23982347.76708289,0
65805,23982973.59138743,0
65806,23983599.440404188,0
65807,23984225.315431975,0
65808,23984851.22050876,0
65809,23985477.152618356,0
65810,23986103.112801693,0
65811,23986729.097584024,0
65812,23987355.11124522,0
65813,23987981.153342247,0
65814,23988607.22051462,0
65815,23989233.312356714,0
65816,23989859.43608366,0
65817,23990485.58175879,0
65818,23991111.757006057,0
65819,23991737.958198566,0
65820,23992364.185446378,0
65821,23992990.438962527,0
65822,23993616.71852882,0
65823,23994243.02620658,0
65824,23994869.35629595,0
65825,23995495.715593964,0
65826,23996122.10104946,0
65827,23996748.510619108,0
65828,23997374.94454528,0
65829,23998001.40536781,0
65830,23998627.893149335,0
65831,23999254.404489707,0
65832,23999880.944591146,0
65833,24000507.50718836,0
65834,24001134.09564488,0
65835,24001760.710062698,0
65836,24002387.349010628,0
65837,24003014.011934046,0
65838,24003640.69992,0
65839,24004267.412690256,0
65840,24004894.151008554,0
65841,24005520.914164715,0
65842,24006147.702026337,0
65843,24006774.511314627,0
65844,24007401.34755346,0
65845,24008028.20894078,0
65846,24008655.091303863,0
65847,24009282.002285056,0
65848,24009908.935671836,0
65849,24010535.893534683,0
65850,24011162.87167856,0
65851,24011789.87664958,0
65852,24012416.903693665,0
65853,24013043.956774756,0
65854,24013671.029731438,0
65855,24014298.128913745,0
65856,24014925.25096219,0
65857,24015552.395779707,0
65858,24016179.56282478,0
65859,24016806.753514733,0
65860,24017433.970202707,0
65861,24018061.20664068,0
65862,24018688.46650185,0
65863,24019315.750098746,0
65864,24019943.05548955,0
65865,24020570.383011527,0
65866,24021197.733783193,0
65867,24021825.105516236,0
65868,24022452.501782503,0
65869,24023079.917114142,0
65870,24023707.358279727,0
65871,24024334.82063919,0
65872,24024962.30277479,0
65873,24025589.809121314,0
65874,24026217.336563062,0
65875,24026844.88436555,0
65876,24027472.457005415,0
65877,24028100.048356317,0
65878,24028727.65997317,0
65879,24029355.296720427,0
65880,24029982.95434548,0
65881,24030610.630345125,0
65882,24031238.32826507,0
65883,24031866.04796095,0
65884,24032493.78887239,0
65885,24033121.54919811,0
65886,24033749.333955783,0
65887,24034377.13629907,0
65888,24035004.95986658,0
65889,24035632.8012066,0
65890,24036260.667179942,0
65891,24036888.552805025,0
65892,24037516.45570359,0
65893,24038144.381663717,0
65894,24038772.325797774,0
65895,24039400.292881973,0
65896,24040028.276887633,0
65897,24040656.281881146,0
65898,24041284.305447355,0
65899,24041912.352371085,0
65900,24042540.414679673,0
65901,24043168.49869818,0
65902,24043796.600954723,0
65903,24044424.721625414,0
65904,24045052.86207066,0
65905,24045681.02382508,0
65906,24046309.204468608,0
65907,24046937.399692964,0
65908,24047565.620779555,0
65909,24048193.855616014,0
65910,24048822.1096198,0
65911,24049450.382569548,0
65912,24050078.675323624,0
65913,24050706.983460553,0
65914,24051335.31369051,0
65915,24051963.660387304,0
65916,24052592.026883364,0
65917,24053220.407822978,0
65918,24053848.809338212,0
65919,24054477.228251018,0
65920,24055105.664656986,0
65921,24055734.12125436,0
65922,24056362.591063146,0
65923,24056991.080354914,0
65924,24057619.58943785,0
65925,24058248.11319084,0
65926,24058876.656205066,0
65927,24059505.215847045,0
65928,24060133.791763335,0
65929,24060762.38509914,0
65930,24061390.993439235,0
65931,24062019.623367917,0
65932,24062648.267106894,0
65933,24063276.929595564,0
65934,24063905.60629126,0
65935,24064534.297640134,0
65936,24065163.010599826,0
65937,24065791.735018875,0
65938,24066420.48020739,0
65939,24067049.24007177,0
65940,24067678.01583241,0
65941,24068306.80493269,0
65942,24068935.61332773,0
65943,24069564.436767165,0
65944,24070193.275120683,0
65945,24070822.127540845,0
65946,24071450.99951217,0
65947,24072079.885568745,0
65948,24072708.78605012,0
65949,24073337.701568384,0
65950,24073966.633838225,0
65951,24074595.581702415,0
65952,24075224.543020282,0
65953,24075853.51989448,0
65954,24076482.510872737,0
65955,24077111.518043574,0
65956,24077740.536723107,0
65957,24078369.574627936,0
65958,24078998.62467677,0
65959,24079627.689927205,0
65960,24080256.767939445,0
65961,24080885.86297785,0
65962,24081514.972221762,0
65963,24082144.092181586,0
65964,24082773.227971673,0
65965,24083402.38019335,0
65966,24084031.540347964,0
65967,24084660.719162866,0
65968,24085289.91129663,0
65969,24085919.113963198,0
65970,24086548.333345957,0
65971,24087177.56421483,0
65972,24087806.807856966,0
65973,24088436.0668926,0
65974,24089065.338305347,0
65975,24089694.622049537,0
65976,24090323.918408476,0
65977,24090953.22982712,0
65978,24091582.55177544,0
65979,24092211.889564358,0
65980,24092841.23795778,0
65981,24093470.597066626,0
65982,24094099.97181613,0
65983,24094729.35615589,0
65984,24095358.755190033,0
65985,24095988.165134322,0
65986,24096617.58864688,0
65987,24097247.020936206,0
65988,24097876.469865896,0
65989,24098505.92828935,0
65990,24099135.39686063,0
65991,24099764.877280157,0
65992,24100394.36974355,0
65993,24101023.87764716,0
65994,24101653.39466728,0
65995,24102282.920188,0
65996,24102912.457685284,0
65997,24103542.007612035,0
65998,24104171.570816465,0
65999,24104801.141712956,0
66000,24105430.723378293,0
66001,24106060.32025774,0
66002,24106689.92333526,0
66003,24107319.537803896,0
66004,24107949.162207212,0
66005,24108578.799974017,0
66006,24109208.445958793,0
66007,24109838.10159722,0
66008,24110467.76961669,0
66009,24111097.446509402,0
66010,24111727.132696457,0
66011,24112356.828170992,0
66012,24112986.53504117,0
66013,24113616.250984557,0
66014,24114245.980075777,0
66015,24114875.713060036,0
66016,24115505.45982533,0
66017,24116135.212884195,0
66018,24116764.980168972,0
66019,24117394.75057208,0
66020,24118024.53445866,0
66021,24118654.3240339,0
66022,24119284.126916125,0
66023,24119913.93646384,0
66024,24120543.753533475,0
66025,24121173.580302697,0
66026,24121803.416660648,0
66027,24122433.259262543,0
66028,24123063.11343753,0
66029,24123692.97348851,0
66030,24124322.840741724,0
66031,24124952.72147645,0
66032,24125582.605233632,0
66033,24126212.498148955,0
66034,24126842.40002032,0
66035,24127472.308347348,0
66036,24128102.22587926,0
66037,24128732.15145626,0
66038,24129362.083570343,0
66039,24129992.02321172,0
66040,24130621.96910662,0
66041,24131251.923281386,0
66042,24131881.88619615,0
66043,24132511.855389282,0
66044,24133141.829752922,0
66045,24133771.813094072,0
66046,24134401.803432703,0
66047,24135031.799457353,0
66048,24135661.803930346,0
66049,24136291.81130493,0
66050,24136921.827531893,0
66051,24137551.85289759,0
66052,24138181.881593075,0
66053,24138811.916510653,0
66054,24139441.957712818,0
66055,24140072.00623899,0
66056,24140702.05968629,0
66057,24141332.119446002,0
66058,24141962.184560604,0
66059,24142592.25638992,0
66060,24143222.33365736,0
66061,24143852.416097105,0
66062,24144482.50358703,0
66063,24145112.596457604,0
66064,24145742.695544716,0
66065,24146372.800153993,0
66066,24147002.907795478,0
66067,24147633.021713223,0
66068,24148263.1414721,0
66069,24148893.265579257,0
66070,24149523.393384833,0
66071,24150153.527274586,0
66072,24150783.66392923,0
66073,24151413.80722328,0
66074,24152043.955683373,0
66075,24152674.10597828,0
66076,24153304.2602199,0
66077,24153934.420018792,0
66078,24154564.583034422,0
66079,24155194.75364076,0
66080,24155824.92266767,0
66081,24156455.09659618,0
66082,24157085.276911948,0
66083,24157715.46120742,0
66084,24158345.64682825,0
66085,24158975.83753266,0
66086,24159606.03098239,0
66087,24160236.226546254,0
66088,24160866.425984,0
66089,24161496.630664337,0
66090,24162126.835930243,0
66091,24162757.041775018,0
66092,24163387.254586197,0
66093,24164017.46876826,0
66094,24164647.687516794,0
66095,24165277.90758406,0
66096,24165908.12941675,0
66097,24166538.35358102,0
66098,24167168.582178988,0
66099,24167798.81066371,0
66100,24168429.040768083,0
66101,24169059.274232995,0
66102,24169689.509693027,0
66103,24170319.747370113,0
66104,24170949.98681449,0
66105,24171580.227966074,0
66106,24172210.46912646,0
66107,24172840.71252639,0
66108,24173470.959657148,0
66109,24174101.20683362,0
66110,24174731.455728125,0
66111,24175361.70362029,0
66112,24175991.95277957,0
66113,24176622.205422617,0
66114,24177252.456884135,0
66115,24177882.70874544,0
66116,24178512.963842593,0
66117,24179143.218630802,0
66118,24179773.474807728,0
66119,24180403.72895233,0
66120,24181033.98396537,0
66121,24181664.239098426,0
66122,24182294.496177815,0
66123,24182924.752987217,0
66124,24183555.012215197,0
66125,24184185.266902406,0
66126,24184815.523413178,0
66127,24185445.78079028,0
66128,24186076.03616697,0
66129,24186706.29077836,0
66130,24187336.547175884,0
66131,24187966.799759086,0
66132,24188597.054477233,0
66133,24189227.30593746,0
66134,24189857.559612684,0
66135,24190487.811602455,0
66136,24191118.06167276,0
66137,24191748.31081666,0
66138,24192378.56072366,0
66139,24193008.8042098,0
66140,24193639.04884713,0
66141,24194269.294024367,0
66142,24194899.534961242,0
66143,24195529.77534957,0
66144,24196160.015150476,0
66145,24196790.25449495,0
66146,24197420.488418702,0
66147,24198050.72134021,0
66148,24198680.950443845,0
66149,24199311.180489317,0
66150,24199941.40929092,0
66151,24200571.631996855,0
66152,24201201.856444325,0
66153,24201832.074165896,0
66154,24202462.290433552,0
66155,24203092.50444572,0
66156,24203722.716091532,0
66157,24204352.923234664,0
66158,24204983.13123422,0
66159,24205613.33323404,0
66160,24206243.53193559,0
66161,24206873.728259716,0
66162,24207503.92205215,0
66163,24208134.112746693,0
66164,24208764.298238255,0
66165,24209394.47930904,0
66166,24210024.65705581,0
66167,24210654.83135051,0
66168,24211285.004173834,0
66169,24211915.17050884,0
66170,24212545.3346735,0
66171,24213175.49393207,0
66172,24213805.649290096,0
66173,24214435.798053622,0
66174,24215065.944621906,0
66175,24215696.087022193,0
66176,24216326.224879432,0
66177,24216956.357469816,0
66178,24217586.487773973,0
66179,24218216.606054284,0
66180,24218846.72764297,0
66181,24219476.840823848,0
66182,24220106.94700697,0
66183,24220737.05044344,0
66184,24221367.15041867,0
66185,24221997.24043576,0
66186,24222627.32742422,0
66187,24223257.409604125,0
66188,24223887.48584503,0
66189,24224517.556484375,0
66190,24225147.620898817,0
66191,24225777.67913999,0
66192,24226407.728990298,0
66193,24227037.777348854,0
66194,24227667.818410162,0
66195,24228297.852559827,0
66196,24228927.87898107,0
66197,24229557.900081962,0
66198,24230187.914935805,0
66199,24230817.924836207,0
66200,24231447.92705329,0
66201,24232077.921106752,0
66202,24232707.907968715,0
66203,24233337.890358392,0
66204,24233967.86334484,0
66205,24234597.830566898,0
66206,24235227.790743038,0
66207,24235857.742832925,0
66208,24236487.687644478,0
66209,24237117.628002156,0
66210,24237747.55468922,0
66211,24238377.478467338,0
66212,24239007.393593986,0
66213,24239637.3019689,0
66214,24240267.200058445,0
66215,24240897.090508126,0
66216,24241526.972988702,0
66217,24242156.84964316,0
66218,24242786.71419227,0
66219,24243416.57336144,0
66220,24244046.422691926,0
66221,24244676.264523443,0
66222,24245306.098178852,0
66223,24245935.921171177,0
66224,24246565.73539957,0
66225,24247195.54338316,0
66226,24247825.340493646,0
66227,24248455.128198467,0
66228,24249084.906336028,0
66229,24249714.67503913,0
66230,24250344.433872912,0
66231,24250974.18746281,0
66232,24251603.929532725,0
66233,24252233.6593351,0
66234,24252863.383318547,0
66235,24253493.09491709,0
66236,24254122.798472006,0
66237,24254752.48999544,0
66238,24255382.172498308,0
66239,24256011.845649045,0
66240,24256641.50680406,0
66241,24257271.160908006,0
66242,24257900.801539574,0
66243,24258530.431465637,0
66244,24259160.05251475,0
66245,24259789.663580954,0
66246,24260419.261801187,0
66247,24261048.851086967,0
66248,24261678.426730093,0
66249,24262307.993778486,0
66250,24262937.549214948,0
66251,24263567.095550027,0
66252,24264196.62534924,0
66253,24264826.148087047,0
66254,24265455.657855574,0
66255,24266085.157506917,0
66256,24266714.643856097,0
66257,24267344.117044903,0
66258,24267973.579653643,0
66259,24268603.030578304,0
66260,24269232.47152778,0
66261,24269861.89952103,0
66262,24270491.31469516,0
66263,24271120.716074143,0
66264,24271750.10681421,0
66265,24272379.486192226,0
66266,24273008.849472076,0
66267,24273638.200612795,0
66268,24274267.54438888,0
66269,24274896.869428627,0
66270,24275526.184768356,0
66271,24276155.48701313,0
66272,24276784.774530597,0
66273,24277414.05135888,0
66274,24278043.314996146,0
66275,24278672.5602355,0
66276,24279301.796476558,0
66277,24279931.01814108,0
66278,24280560.226646543,0
66279,24281189.42024309,0
66280,24281818.60093513,0
66281,24282447.76783455,0
66282,24283076.92092322,0
66283,24283706.059821337,0
66284,24284335.182513688,0
66285,24284964.295639917,0
66286,24285593.391473856,0
66287,24286222.47288252,0
66288,24286851.541032985,0
66289,24287480.593697336,0
66290,24288109.63140278,0
66291,24288738.655152414,0
66292,24289367.663061287,0
66293,24289996.65604099,0
66294,24290625.63771589,0
66295,24291254.598692533,0
66296,24291883.54768731,0
66297,24292512.482961904,0
66298,24293141.397516675,0
66299,24293770.3004875,0
66300,24294399.18889365,0
66301,24295028.05581022,0
66302,24295656.913951498,0
66303,24296285.752172355,0
66304,24296914.5748634,0
66305,24297543.382831912,0
66306,24298172.173743732,0
66307,24298800.950821947,0
66308,24299429.708098546,0
66309,24300058.45132064,0
66310,24300687.1761523,0
66311,24301315.886492826,0
66312,24301944.578708418,0
66313,24302573.2538443,0
66314,24303201.91593848,0
66315,24303830.557447664,0
66316,24304459.183354486,0
66317,24305087.790263437,0
66318,24305716.38342074,0
66319,24306344.956694208,0
66320,24306973.51302384,0
66321,24307602.053117562,0
66322,24308230.57345188,0
66323,24308859.07915738,0
66324,24309487.563581318,0
66325,24310116.032867692,0
66326,24310744.48260936,0
66327,24311372.915140267,0
66328,24312001.33050704,0
66329,24312629.72734861,0
66330,24313258.10636086,0
66331,24313886.46513914,0
66332,24314514.807926193,0
66333,24315143.130071085,0
66334,24315771.434353855,0
66335,24316399.721249975,0
66336,24317027.987074934,0
66337,24317656.23758018,0
66338,24318284.46537021,0
66339,24318912.673711047,0
66340,24319540.865968507,0
66341,24320169.03722837,0
66342,24320797.18871154,0
66343,24321425.324487787,0
66344,24322053.438098222,0
66345,24322681.530300763,0
66346,24323309.606075596,0
66347,24323937.660823178,0
66348,24324565.694667008,0
66349,24325193.710428003,0
66350,24325821.70453943,0
66351,24326449.6800431,0
66352,24327077.632171925,0
66353,24327705.56764352,0
66354,24328333.481463097,0
66355,24328961.373396326,0
66356,24329589.246218897,0
66357,24330217.097768717,0
66358,24330844.930727463,0
66359,24331472.740738235,0
66360,24332100.529461425,0
66361,24332728.300530687,0
66362,24333356.04717297,0
66363,24333983.77231574,0
66364,24334611.478229847,0
66365,24335239.161404077,0
66366,24335866.822234534,0
66367,24336494.464675434,0
66368,24337122.08500613,0
66369,24337749.682013497,0
66370,24338377.256120797,0
66371,24339004.80908848,0
66372,24339632.341595735,0
66373,24340259.85071951,0
66374,24340887.33755646,0
66375,24341514.804529585,0
66376,24342142.244890295,0
66377,24342769.666413315,0
66378,24343397.06323297,0
66379,24344024.438244097,0
66380,24344651.78873442,0
66381,24345279.120970625,0
66382,24345906.427293938,0
66383,24346533.710247584,0
66384,24347160.97162139,0
66385,24347788.208363995,0
66386,24348415.420757953,0
66387,24349042.61184698,0
66388,24349669.780084718,0
66389,24350296.922257323,0
66390,24350924.045260563,0
66391,24351551.140407998,0
66392,24352178.213452213,0
66393,24352805.261141986,0
66394,24353432.287604827,0
66395,24354059.28758722,0
66396,24354686.26402246,0
66397,24355313.218135215,0
66398,24355940.146076698,0
66399,24356567.04913739,0
66400,24357193.927704677,0
66401,24357820.781485155,0
66402,24358447.611525863,0
66403,24359074.416511334,0
66404,24359701.197397623,0
66405,24360327.952171285,0
66406,24360954.682341974,0
66407,24361581.3888938,0
66408,24362208.068269175,0
66409,24362834.720795285,0
66410,24363461.35091309,0
66411,24364087.95337867,0
66412,24364714.53270407,0
66413,24365341.086296335,0
66414,24365967.610505626,0
66415,24366594.112285756,0
66416,24367220.587791063,0
66417,24367847.034682572,0
66418,24368473.457823332,0
66419,24369099.855333123,0
66420,24369726.22266048,0
66421,24370352.56613712,0
66422,24370978.8830158,0
66423,24371605.1755203,0
66424,24372231.437586505,0
66425,24372857.676232763,0
66426,24373483.88725478,0
66427,24374110.06851443,0
66428,24374736.22466432,0
66429,24375362.355225276,0
66430,24375988.456520986,0
66431,24376614.528726723,0
66432,24377240.579846762,0
66433,24377866.59861078,0
66434,24378492.589850914,0
66435,24379118.5543214,0
66436,24379744.49220192,0
66437,24380370.40037453,0
66438,24380996.281462662,0
66439,24381622.134520266,0
66440,24382247.958402637,0
66441,24382873.755511068,0
66442,24383499.52404139,0
66443,24384125.26344471,0
66444,24384750.97598321,0
66445,24385376.659133423,0
66446,24386002.31462349,0
66447,24386627.937721044,0
66448,24387253.536084477,0
66449,24387879.104407784,0
66450,24388504.642707948,0
66451,24389130.15093232,0
66452,24389755.631599426,0
66453,24390381.084621076,0
66454,24391006.504737064,0
66455,24391631.89724962,0
66456,24392257.25959475,0
66457,24392882.59401238,0
66458,24393507.894199967,0
66459,24394133.16944791,0
66460,24394758.41295988,0
66461,24395383.62920448,0
66462,24396008.811428856,0
66463,24396633.964389443,0
66464,24397259.087505512,0
66465,24397884.17907976,0
66466,24398509.244112596,0
66467,24399134.274153035,0
66468,24399759.27620828,0
66469,24400384.24534182,0
66470,24401009.18550372,0
66471,24401634.093301963,0
66472,24402258.97163158,0
66473,24402883.819490448,0
66474,24403508.633946523,0
66475,24404133.418336492,0
66476,24404758.17078703,0
66477,24405382.893667586,0
66478,24406007.58099162,0
66479,24406632.239811182,0
66480,24407256.86655728,0
66481,24407881.459982228,0
66482,24408506.023811787,0
66483,24409130.554430094,0
66484,24409755.053147078,0
66485,24410379.519611437,0
66486,24411003.95301836,0
66487,24411628.353908725,0
66488,24412252.725115795,0
66489,24412877.060904473,0
66490,24413501.36594588,0
66491,24414125.636815276,0
66492,24414749.87480285,0
66493,24415374.08246825,0
66494,24415998.255645603,0
66495,24416622.395809483,0
66496,24417246.500852913,0
66497,24417870.574675776,0
66498,24418494.61496479,0
66499,24419118.622194957,0
66500,24419742.592444286,0
66501,24420366.532126844,0
66502,24420990.4406752,0
66503,24421614.3094928,0
66504,24422238.150095414,0
66505,24422861.954527915,0
66506,24423485.723947357,0
66507,24424109.45792548,0
66508,24424733.159568917,0
66509,24425356.827591833,0
66510,24425980.462155838,0
66511,24426604.06037831,0
66512,24427227.622549627,0
66513,24427851.14956672,0
66514,24428474.645437952,0
66515,24429098.104295995,0
66516,24429721.52877759,0
66517,24430344.91628203,0
66518,24430968.272207804,0
66519,24431591.5892376,0
66520,24432214.871648606,0
66521,24432838.122410905,0
66522,24433461.336592715,0
66523,24434084.51071513,0
66524,24434707.65225313,0
66525,24435330.759004686,0
66526,24435953.828771897,0
66527,24436576.861241806,0
66528,24437199.857890964,0
66529,24437822.821234066,0
66530,24438445.743741073,0
66531,24439068.633177802,0
66532,24439691.486588452,0
66533,24440314.300215643,0
66534,24440937.081349116,0
66535,24441559.82457751,0
66536,24442182.530804563,0
66537,24442805.197547413,0
66538,24443427.829336505,0
66539,24444050.42526973,0
66540,24444672.98156347,0
66541,24445295.50225667,0
66542,24445917.985938624,0
66543,24446540.431616157,0
66544,24447162.837449715,0
66545,24447785.208698235,0
66546,24448407.540843632,0
66547,24449029.836034298,0
66548,24449652.093731504,0
66549,24450274.31380813,0
66550,24450896.49502639,0
66551,24451518.63597208,0
66552,24452140.741922434,0
66553,24452762.80773826,0
66554,24453384.83703538,0
66555,24454006.82604605,0
66556,24454628.778824314,0
66557,24455250.68959577,0
66558,24455872.562512953,0
66559,24456494.39736684,0
66560,24457116.192528337,0
66561,24457737.950999167,0
66562,24458359.6666603,0
66563,24458981.345550716,0
66564,24459602.984653946,0
66565,24460224.5825526,0
66566,24460846.141248044,0
66567,24461467.662807178,0
66568,24462089.14446856,0
66569,24462710.58289555,0
66570,24463331.985729113,0
66571,24463953.347236056,0
66572,24464574.6686518,0
66573,24465195.948654838,0
66574,24465817.188748706,0
66575,24466438.38879229,0
66576,24467059.547128975,0
66577,24467680.666610487,0
66578,24468301.74444365,0
66579,24468922.784174364,0
66580,24469543.781686608,0
66581,24470164.737632997,0
66582,24470785.65310348,0
66583,24471406.527828094,0
66584,24472027.358843226,0
66585,24472648.15209745,0
66586,24473268.902816758,0
66587,24473889.61121748,0
66588,24474510.277166337,0
66589,24475130.90427221,0
66590,24475751.48910013,0
66591,24476372.032286722,0
66592,24476992.532825034,0
66593,24477612.993404184,0
66594,24478233.40905766,0
66595,24478853.782576986,0
66596,24479474.1149691,0
66597,24480094.406037413,0
66598,24480714.65357457,0
66599,24481334.85758732,0
66600,24481955.02137219,0
66601,24482575.138433486,0
66602,24483195.21621116,0
66603,24483815.253439754,0
66604,24484435.24205121,0
66605,24485055.18921027,0
66606,24485675.094317317,0
66607,24486294.956016038,0
66608,24486914.77579913,0
66609,24487534.549804978,0
66610,24488154.280281328,0
66611,24488773.966439944,0
66612,24489393.611450817,0
66613,24490013.212513644,0
66614,24490632.768723518,0
66615,24491252.28238091,0
66616,24491871.74942696,0
66617,24492491.174720477,0
66618,24493110.55239239,0
66619,24493729.88899066,0
66620,24494349.1814375,0
66621,24494968.429523632,0
66622,24495587.629422586,0
66623,24496206.787805293,0
66624,24496825.900937032,0
66625,24497444.968299877,0
66626,24498063.990871016,0
66627,24498682.96748398,0
66628,24499301.901920572,0
66629,24499920.786403086,0
66630,24500539.62843989,0
66631,24501158.42813449,0
66632,24501777.177672345,0
66633,24502395.8815086,0
66634,24503014.541049875,0
66635,24503633.154954474,0
66636,24504251.726530094,0
66637,24504870.246507462,0
66638,24505488.722100716,0
66639,24506107.154121254,0
66640,24506725.536372107,0
66641,24507343.873084504,0
66642,24507962.165335394,0
66643,24508580.40921516,0
66644,24509198.60694989,0
66645,24509816.75710906,0
66646,24510434.86072042,0
66647,24511052.917957157,0
66648,24511670.92944659,0
66649,24512288.89266014,0
66650,24512906.80928605,0
66651,24513524.67727941,0
66652,24514142.500544704,0
66653,24514760.27206693,0
66654,24515378.000415195,0
66655,24515995.678077646,0
66656,24516613.31002807,0
66657,24517230.89283737,0
66658,24517848.42898885,0
66659,24518465.915904745,0
66660,24519083.35552166,0
66661,24519700.748871326,0
66662,24520318.0896495,0
66663,24520935.386475235,0
66664,24521552.633027103,0
66665,24522169.830728047,0
66666,24522786.979174364,0
66667,24523404.078601945,0
66668,24524021.12984018,0
66669,24524638.13300369,0
66670,24525255.08682398,0
66671,24525871.993011132,0
66672,24526488.84689189,0
66673,24527105.65441352,0
66674,24527722.41162352,0
66675,24528339.118802212,0
66676,24528955.776824135,0
66677,24529572.386736535,0
66678,24530188.944610037,0
66679,24530805.453656893,0
66680,24531421.911527656,0
66681,24532038.321639735,0
66682,24532654.680033956,0
66683,24533270.988643188,0
66684,24533887.246480703,0
66685,24534503.455192793,0
66686,24535119.61470167,0
66687,24535735.72029628,0
66688,24536351.77787182,0
66689,24536967.780024868,0
66690,24537583.73692094,0
66691,24538199.641702667,0
66692,24538815.494306277,0
66693,24539431.29638582,0
66694,24540047.04625519,0
66695,24540662.747358743,0
66696,24541278.392689146,0
66697,24541893.990830265,0
66698,24542509.536250003,0
66699,24543125.02906343,0
66700,24543740.471447606,0
66701,24544355.859419867,0
66702,24544971.198143236,0
66703,24545586.48676338,0
66704,24546201.71969704,0
66705,24546816.900850818,0
66706,24547432.031709343,0
66707,24548047.1092492,0
66708,24548662.13434506,0
66709,24549277.1027711,0
66710,24549892.025521487,0
66711,24550506.889724556,0
66712,24551121.705108836,0
66713,24551736.466423385,0
66714,24552351.17541743,0
66715,24552965.829174474,0
66716,24553580.430689327,0
66717,24554194.977994658,0
66718,24554809.472192265,0
66719,24555423.91459736,0
66720,24556038.30489139,0
66721,24556652.63789178,0
66722,24557266.92015344,0
66723,24557881.14457542,0
66724,24558495.318954747,0
66725,24559109.43719787,0
66726,24559723.50307876,0
66727,24560337.512114536,0
66728,24560951.46847415,0
66729,24561565.37170032,0
66730,24562179.21580128,0
66731,24562793.010589927,0
66732,24563406.747257058,0
66733,24564020.432324946,0
66734,24564634.060529884,0
66735,24565247.63521628,0
66736,24565861.153720286,0
66737,24566474.616493095,0
66738,24567088.02413458,0
66739,24567701.3781935,0
66740,24568314.677048646,0
66741,24568927.916909695,0
66742,24569541.10295931,0
66743,24570154.23352653,0
66744,24570767.308985062,0
66745,24571380.329813566,0
66746,24571993.29177601,0
66747,24572606.200134795,0
66748,24573219.052175745,0
66749,24573831.844574228,0
66750,24574444.586370908,0
66751,24575057.269093715,0
66752,24575669.895322155,0
66753,24576282.46414036,0
66754,24576894.977613363,0
66755,24577507.431199074,0
66756,24578119.830685515,0
66757,24578732.171589307,0
66758,24579344.4574229,0
66759,24579956.684684157,0
66760,24580568.85344541,0
66761,24581180.966849227,0
66762,24581793.025999244,0
66763,24582405.022681907,0
66764,24583016.964691725,0
66765,24583628.84576552,0
66766,24584240.67072521,0
66767,24584852.43894988,0
66768,24585464.149279833,0
66769,24586075.801294774,0
66770,24586687.393354207,0
66771,24587298.928852405,0
66772,24587910.40475949,0
66773,24588521.824645184,0
66774,24589133.18443665,0
66775,24589744.483354766,0
66776,24590355.7270038,0
66777,24590966.909320395,0
66778,24591578.035950124,0
66779,24592189.100588202,0
66780,24592800.106972933,0
66781,24593411.053364925,0
66782,24594021.944877926,0
66783,24594632.77304109,0
66784,24595243.54272423,0
66785,24595854.25340945,0
66786,24596464.90230805,0
66787,24597075.49293983,0
66788,24597686.025399443,0
66789,24598296.49711249,0
66790,24598906.907610867,0
66791,24599517.259734258,0
66792,24600127.549584992,0
66793,24600737.780164104,0
66794,24601347.950762633,0
66795,24601958.059555355,0
66796,24602568.107860416,0
66797,24603178.09781435,0
66798,24603788.02648655,0
66799,24604397.892083474,0
66800,24605007.697808217,0
66801,24605617.44376869,0
66802,24606227.130027577,0
66803,24606836.752210565,0
66804,24607446.313344907,0
66805,24608055.812900424,0
66806,24608665.25309,0
66807,24609274.630403742,0
66808,24609883.9464441,0
66809,24610493.202534672,0
66810,24611102.39274851,0
66811,24611711.521874107,0
66812,24612320.589494094,0
66813,24612929.596536085,0
66814,24613538.54066865,0
66815,24614147.42370573,0
66816,24614756.241639644,0
66817,24615364.998184238,0
66818,24615973.694077875,0
66819,24616582.324638117,0
66820,24617190.89481216,0
66821,24617799.399537537,0
66822,24618407.843136944,0
66823,24619016.223237555,0
66824,24619624.541334737,0
66825,24620232.794684663,0
66826,24620840.984221227,0
66827,24621449.11136909,0
66828,24622057.176115062,0
66829,24622665.1752052,0
66830,24623273.112737015,0
66831,24623880.98618713,0
66832,24624488.793684613,0
66833,24625096.54071663,0
66834,24625704.222225614,0
66835,24626311.83877989,0
66836,24626919.391008165,0
66837,24627526.879100543,0
66838,24628134.302862298,0
66839,24628741.662448257,0
66840,24629348.956349436,0
66841,24629956.18713341,0
66842,24630563.35274713,0
66843,24631170.453823403,0
66844,24631777.487227768,0
66845,24632384.459623925,0
66846,24632991.365937408,0
66847,24633598.204510745,0
66848,24634204.97992481,0
66849,24634811.687682804,0
66850,24635418.33362361,0
66851,24636024.910486255,0
66852,24636631.42415385,0
66853,24637237.87161307,0
66854,24637844.252140105,0
66855,24638450.567706052,0
66856,24639056.817312464,0
66857,24639662.99982366,0
66858,24640269.116687767,0
66859,24640875.165030774,0
66860,24641481.150674015,0
66861,24642087.066027652,0
66862,24642692.918661155,0
66863,24643298.705008082,0
66864,24643904.42142169,0
66865,24644510.069492232,0
66866,24645115.653835334,0
66867,24645721.170593098,0
66868,24646326.620505765,0
66869,24646932.00282757,0
66870,24647537.318239234,0
66871,24648142.562851276,0
66872,24648747.74369038,0
66873,24649352.85375441,0
66874,24649957.90025892,0
66875,24650562.8768673,0
66876,24651167.7850221,0
66877,24651772.626292557,0
66878,24652377.3973321,0
66879,24652982.101253018,0
66880,24653586.73773402,0
66881,24654191.306807414,0
66882,24654795.807048872,0
66883,24655400.235636793,0
66884,24656004.59793254,0
66885,24656608.89212335,0
66886,24657213.12002559,0
66887,24657817.27178991,0
66888,24658421.359854344,0
66889,24659025.376266826,0
66890,24659629.324270085,0
66891,24660233.20256382,0
66892,24660837.01329741,0
66893,24661440.75469185,0
66894,24662044.423654716,0
66895,24662648.02565139,0
66896,24663251.555987876,0
66897,24663855.01787441,0
66898,24664458.408299502,0
66899,24665061.733633228,0
66900,24665664.983009305,0
66901,24666268.16355878,0
66902,24666871.27606042,0
66903,24667474.315173447,0
66904,24668077.285734773,0
66905,24668680.18627496,0
66906,24669283.014955666,0
66907,24669885.7703483,0
66908,24670488.45866245,0
66909,24671091.076140385,0
66910,24671693.618958764,0
66911,24672296.093829975,0
66912,24672898.496619675,0
66913,24673500.82892734,0
66914,24674103.089334834,0
66915,24674705.27828975,0
66916,24675307.394238673,0
66917,24675909.43844817,0
66918,24676511.412691396,0
66919,24677113.313677,0
66920,24677715.14378079,0
66921,24678316.902846884,0
66922,24678918.586232472,0
66923,24679520.200406402,0
66924,24680121.74281129,0
66925,24680723.211143605,0
66926,24681324.605680127,0
66927,24681925.928998347,0
66928,24682527.18218931,0
66929,24683128.358911846,0
66930,24683729.46276239,0
66931,24684330.495595053,0
66932,24684931.45571358,0
66933,24685532.339561727,0
66934,24686133.152114805,0
66935,24686733.892476972,0
66936,24687334.556691058,0
66937,24687935.149624918,0
66938,24688535.668493304,0
66939,24689136.111184467,0
66940,24689736.485027995,0
66941,24690336.78275882,0
66942,24690937.007303327,0
66943,24691537.15506957,0
66944,24692137.228386965,0
66945,24692737.229629368,0
66946,24693337.158245996,0
66947,24693937.008685235,0
66948,24694536.78657647,0
66949,24695136.487609852,0
66950,24695736.115887396,0
66951,24696335.669127703,0
66952,24696935.148290593,0
66953,24697534.55010314,0
66954,24698133.879191004,0
66955,24698733.131447062,0
66956,24699332.307804298,0
66957,24699931.411201924,0
66958,24700530.439021584,0
66959,24701129.38906858,0
66960,24701728.26421903,0
66961,24702327.065704074,0
66962,24702925.788557887,0
66963,24703524.434736386,0
66964,24704123.00774899,0
66965,24704721.504102767,0
66966,24705319.923652012,0
66967,24705918.267201528,0
66968,24706516.533402614,0
66969,24707114.723732393,0
66970,24707712.83775306,0
66971,24708310.87564992,0
66972,24708908.834516704,0
66973,24709506.718611296,0
66974,24710104.525457487,0
66975,24710702.254149016,0
66976,24711299.907485947,0
66977,24711897.482475042,0
66978,24712494.977833375,0
66979,24713092.40029322,0
66980,24713689.744521946,0
66981,24714287.00984228,0
66982,24714884.19657248,0
66983,24715481.30691463,0
66984,24716078.337364074,0
66985,24716675.291984253,0
66986,24717272.16740877,0
66987,24717868.96558369,0
66988,24718465.6861772,0
66989,24719062.326406643,0
66990,24719658.887695774,0
66991,24720255.373721834,0
66992,24720851.77786932,0
66993,24721448.105037052,0
66994,24722044.35210434,0
66995,24722640.52213163,0
66996,24723236.611853044,0
66997,24723832.623558883,0
66998,24724428.553718593,0
66999,24725024.407693293,0
67000,24725620.177460913,0
67001,24726215.87298324,0
67002,24726811.486403283,0
67003,24727407.02259266,0
67004,24728002.477987736,0
67005,24728597.851960097,0
67006,24729193.14834698,0
67007,24729788.36122533,0
67008,24730383.495500293,0
67009,24730978.552327894,0
67010,24731573.527186453,0
67011,24732168.42014826,0
67012,24732763.235414587,0
67013,24733357.967080466,0
67014,24733952.61928672,0
67015,24734547.190020364,0
67016,24735141.679861005,0
67017,24735736.090670135,0
67018,24736330.421256732,0
67019,24736924.66747946,0
67020,24737518.833290905,0
67021,24738112.91785888,0
67022,24738706.9229798,0
67023,24739300.843495775,0
67024,24739894.685567416,0
67025,24740488.44365602,0
67026,24741082.120987687,0
67027,24741675.717153113,0
67028,24742269.228862602,0
67029,24742862.661066577,0
67030,24743456.00863363,0
67031,24744049.276909,0
67032,24744642.46204797,0
67033,24745235.564446192,0
67034,24745828.58437497,0
67035,24746421.520874493,0
67036,24747014.37408086,0
67037,24747607.144152675,0
67038,24748199.835540064,0
67039,24748792.43962924,0
67040,24749384.96123694,0
67041,24749977.40391729,0
67042,24750569.758087005,0
67043,24751162.031385217,0
67044,24751754.22042703,0
67045,24752346.32594837,0
67046,24752938.34770796,0
67047,24753530.285918973,0
67048,24754122.143318687,0
67049,24754713.91031592,0
67050,24755305.598017767,0
67051,24755897.200142037,0
67052,24756488.719942927,0
67053,24757080.153122425,0
67054,24757671.502774328,0
67055,24758262.769184783,0
67056,24758853.951187707,0
67057,24759445.044478826,0
67058,24760036.055068705,0
67059,24760626.983154707,0
67060,24761217.82547037,0
67061,24761808.58093361,0
67062,24762399.253180675,0
67063,24762989.838188156,0
67064,24763580.34201391,0
67065,24764170.755725943,0
67066,24764761.08462805,0
67067,24765351.32877958,0
67068,24765941.488546424,0
67069,24766531.561926786,0
67070,24767121.54706191,0
67071,24767711.44954387,0
67072,24768301.265392594,0
67073,24768890.99396133,0
67074,24769480.636997316,0
67075,24770070.19428515,0
67076,24770659.659687847,0
67077,24771249.04650779,0
67078,24771838.340826467,0
67079,24772427.55332463,0
67080,24773016.678071033,0
67081,24773605.713163078,0
67082,24774194.66190153,0
67083,24774783.526137486,0
67084,24775372.30076638,0
67085,24775960.98887601,0
67086,24776549.591557484,0
67087,24777138.10116608,0
67088,24777726.527776655,0
67089,24778314.866903,0
67090,24778903.11814072,0
67091,24779491.27854416,0
67092,24780079.353771694,0
67093,24780667.340794176,0
67094,24781255.2392997,0
67095,24781843.05055465,0
67096,24782430.77193557,0
67097,24783018.406394105,0
67098,24783605.94983766,0
67099,24784193.407925438,0
67100,24784780.775906913,0
67101,24785368.05606583,0
67102,24785955.248257086,0
67103,24786542.348280985,0
67104,24787129.359187867,0
67105,24787716.28397772,0
67106,24788303.11754062,0
67107,24788889.862198755,0
67108,24789476.517562516,0
67109,24790063.083577655,0
67110,24790649.55950478,0
67111,24791235.946171477,0
67112,24791822.24517501,0
67113,24792408.45135893,0
67114,24792994.569141757,0
67115,24793580.595290527,0
67116,24794166.533803206,0
67117,24794752.37935438,0
67118,24795338.135230165,0
67119,24795923.804232236,0
67120,24796509.37845794,0
67121,24797094.862922035,0
67122,24797680.25733104,0
67123,24798265.56066485,0
67124,24798850.774137013,0
67125,24799435.89374186,0
67126,24800020.92406225,0
67127,24800605.865397908,0
67128,24801190.71170733,0
67129,24801775.468361314,0
67130,24802360.1365494,0
67131,24802944.70965918,0
67132,24803529.191892967,0
67133,24804113.581095446,0
67134,24804697.882294238,0
67135,24805282.088694926,0
67136,24805866.20111682,0
67137,24806450.22506309,0
67138,24807034.155274052,0
67139,24807617.99387356,0
67140,24808201.740870155,0
67141,24808785.392802488,0
67142,24809368.955011487,0
67143,24809952.420491997,0
67144,24810535.797059525,0
67145,24811119.07988924,0
67146,24811702.26943786,0
67147,24812285.36666821,0
67148,24812868.37035204,0
67149,24813451.280766632,0
67150,24814034.098463196,0
67151,24814616.821956646,0
67152,24815199.449879803,0
67153,24815781.988109726,0
67154,24816364.43025191,0
67155,24816946.780820772,0
67156,24817529.036573768,0
67157,24818111.1974437,0
67158,24818693.2657856,0
67159,24819275.23777061,0
67160,24819857.1169218,0
67161,24820438.899708465,0
67162,24821020.59063823,0
67163,24821602.18700161,0
67164,24822183.68764359,0
67165,24822765.092786457,0
67166,24823346.4043299,0
67167,24823927.62011169,0
67168,24824508.74398508,0
67169,24825089.76920249,0
67170,24825670.702360258,0
67171,24826251.538611066,0
67172,24826832.278956585,0
67173,24827412.924533833,0
67174,24827993.47502476,0
67175,24828573.92939349,0
67176,24829154.284526803,0
67177,24829734.550160307,0
67178,24830314.716730148,0
67179,24830894.787324313,0
67180,24831474.762190722,0
67181,24832054.63990235,0
67182,24832634.420038454,0
67183,24833214.10767236,0
67184,24833793.695823364,0
67185,24834373.188811257,0
67186,24834952.587689172,0
67187,24835531.885483034,0
67188,24836111.088863093,0
67189,24836690.194230445,0
67190,24837269.204168744,0
67191,24837848.114387278,0
67192,24838426.927983273,0
67193,24839005.64702233,0
67194,24839584.26460244,0
67195,24840162.787584186,0
67196,24840741.21214307,0
67197,24841319.53720127,0
67198,24841897.76838786,0
67199,24842475.89997853,0
67200,24843053.93068782,0
67201,24843631.866994582,0
67202,24844209.705301687,0
67203,24844787.441093307,0
67204,24845365.083770916,0
67205,24845942.623890445,0
67206,24846520.06829771,0
67207,24847097.413270753,0
67208,24847674.6584622,0
67209,24848251.806088712,0
67210,24848828.85539312,0
67211,24849405.806322988,0
67212,24849982.65582839,0
67213,24850559.40493698,0
67214,24851136.059004884,0
67215,24851712.61118416,0
67216,24852289.0636618,0
67217,24852865.417463772,0
67218,24853441.67236593,0
67219,24854017.824531633,0
67220,24854593.87986654,0
67221,24855169.833859228,0
67222,24855745.6886848,0
67223,24856321.444187354,0
67224,24856897.098082293,0
67225,24857472.652588427,0
67226,24858048.10316232,0
67227,24858623.458166175,0
67228,24859198.71077771,0
67229,24859773.861029938,0
67230,24860348.91300508,0
67231,24860923.86384587,0
67232,24861498.71341666,0
67233,24862073.46163391,0
67234,24862648.106374443,0
67235,24863222.653549697,0
67236,24863797.09716644,0
67237,24864371.441794936,0
67238,24864945.682969682,0
67239,24865519.822777282,0
67240,24866093.864880215,0
67241,24866667.797186967,0
67242,24867241.632869963,0
67243,24867815.366041366,0
67244,24868388.996532295,0
67245,24868962.525206424,0
67246,24869535.95118555,0
67247,24870109.274357323,0
67248,24870682.4961182,0
67249,24871255.614339203,0
67250,24871828.630516525,0
67251,24872401.543485638,0
67252,24872974.356325317,0
67253,24873547.064470712,0
67254,24874119.667610712,0
67255,24874692.16985997,0
67256,24875264.57009197,0
67257,24875836.86489065,0
67258,24876409.056564897,0
67259,24876981.14438335,0
67260,24877553.128368113,0
67261,24878125.00971089,0
67262,24878696.78794683,0
67263,24879268.46179717,0
67264,24879840.03010507,0
67265,24880411.498010267,0
67266,24880982.859743457,0
67267,24881554.11648983,0
67268,24882125.270254187,0
67269,24882696.318045087,0
67270,24883267.26184515,0
67271,24883838.1012011,0
67272,24884408.83573309,0
67273,24884979.46617288,0
67274,24885549.990399692,0
67275,24886120.41166058,0
67276,24886690.725827206,0
67277,24887260.93630041,0
67278,24887831.043196373,0
67279,24888401.042684123,0
67280,24888970.93477298,0
67281,24889540.72506932,0
67282,24890110.40658716,0
67283,24890679.983781904,0
67284,24891249.45730883,0
67285,24891818.820400037,0
67286,24892388.079298697,0
67287,24892957.233932313,0
67288,24893526.28133463,0
67289,24894095.222635657,0
67290,24894664.056000274,0
67291,24895232.786331076,0
67292,24895801.409588266,0
67293,24896369.923065264,0
67294,24896938.330880586,0
67295,24897506.633281093,0
67296,24898074.82727842,0
67297,24898642.914837252,0
67298,24899210.89516716,0
67299,24899778.76873552,0
67300,24900346.534081426,0
67301,24900914.1914505,0
67302,24901481.746033013,0
67303,24902049.18824518,0
67304,24902616.52287658,0
67305,24903183.75203078,0
67306,24903750.87079626,0
67307,24904317.884604976,0
67308,24904884.78922356,0
67309,24905451.58563529,0
67310,24906018.273063697,0
67311,24906584.851875413,0
67312,24907151.324244477,0
67313,24907717.685314063,0
67314,24908283.94020759,0
67315,24908850.08452718,0
67316,24909416.12204437,0
67317,24909982.050983768,0
67318,24910547.868961096,0
67319,24911113.578739114,0
67320,24911679.17939625,0
67321,24912244.669421174,0
67322,24912810.050476763,0
67323,24913375.32191096,0
67324,24913940.485558134,0
67325,24914505.540006064,0
67326,24915070.481378928,0
67327,24915635.31729397,0
67328,24916200.041404817,0
67329,24916764.65313616,0
67330,24917329.15927091,0
67331,24917893.551469974,0
67332,24918457.83347078,0
67333,24919022.00624941,0
67334,24919586.070250697,0
67335,24920150.02218971,0
67336,24920713.863229662,0
67337,24921277.594668366,0
67338,24921841.213234466,0
67339,24922404.721193414,0
67340,24922968.11902177,0
67341,24923531.40686564,0
67342,24924094.579885393,0
67343,24924657.645073313,0
67344,24925220.597620603,0
67345,24925783.439439088,0
67346,24926346.16793453,0
67347,24926908.784585327,0
67348,24927471.29167202,0
67349,24928033.68626251,0
67350,24928595.967778128,0
67351,24929158.138768334,0
67352,24929720.19424356,0
67353,24930282.14102247,0
67354,24930843.974473543,0
67355,24931405.69609173,0
67356,24931967.30454129,0
67357,24932528.799365755,0
67358,24933090.18196405,0
67359,24933651.452686567,0
67360,24934212.608627997,0
67361,24934773.653552633,0
67362,24935334.58579472,0
67363,24935895.40357716,0
67364,24936456.107282598,0
67365,24937016.69851327,0
67366,24937577.176381417,0
67367,24938137.540777802,0
67368,24938697.792331476,0
67369,24939257.930315997,0
67370,24939817.95352874,0
67371,24940377.860444315,0
67372,24940937.6568298,0
67373,24941497.337795775,0
67374,24942056.90452718,0
67375,24942616.355833292,0
67376,24943175.6941626,0
67377,24943734.918850675,0
67378,24944294.02713484,0
67379,24944853.02194329,0
67380,24945411.90039794,0
67381,24945970.66561289,0
67382,24946529.314498045,0
67383,24947087.85077079,0
67384,24947646.26968425,0
67385,24948204.574582,0
67386,24948762.76289776,0
67387,24949320.8370189,0
67388,24949878.796584435,0
67389,24950436.636635143,0
67390,24950994.364320002,0
67391,24951551.97403535,0
67392,24952109.46953156,0
67393,24952666.849114824,0
67394,24953224.111819133,0
67395,24953781.258942816,0
67396,24954338.289653104,0
67397,24954895.203441136,0
67398,24955452.00131765,0
67399,24956008.681679282,0
67400,24956565.245160755,0
67401,24957121.694373712,0
67402,24957678.02404246,0
67403,24958234.23904198,0
67404,24958790.333997123,0
67405,24959346.314686753,0
67406,24959902.1769344,0
67407,24960457.923300184,0
67408,24961013.55021826,0
67409,24961569.061179653,0
67410,24962124.453867394,0
67411,24962679.730181787,0
67412,24963234.886999734,0
67413,24963789.926329695,0
67414,24964344.847615335,0
67415,24964899.650333222,0
67416,24965454.33558561,0
67417,24966008.903864585,0
67418,24966563.350967836,0
67419,24967117.682714697,0
67420,24967671.894712284,0
67421,24968225.986435622,0
67422,24968779.96232639,0
67423,24969333.8181266,0
67424,24969887.55704459,0
67425,24970441.17283506,0
67426,24970994.672481097,0
67427,24971548.05165972,0
67428,24972101.311811734,0
67429,24972654.453364052,0
67430,24973207.472617205,0
67431,24973760.37595071,0
67432,24974313.158658396,0
67433,24974865.82001748,0
67434,24975418.363707826,0
67435,24975970.78670108,0
67436,24976523.089275174,0
67437,24977075.27128393,0
67438,24977627.33394233,0
67439,24978179.276603557,0
67440,24978731.09914675,0
67441,24979282.800211344,0
67442,24979834.38109219,0
67443,24980385.84076728,0
67444,24980937.17949896,0
67445,24981488.398515053,0
67446,24982039.495519638,0
67447,24982590.46980945,0
67448,24983141.328169465,0
67449,24983692.06203544,0
67450,24984242.676318448,0
67451,24984793.167136937,0
67452,24985343.536776222,0
67453,24985893.78354518,0
67454,24986443.91210789,0
67455,24986993.915978223,0
67456,24987543.798340194,0
67457,24988093.558792714,0
67458,24988643.197723124,0
67459,24989192.714754675,0
67460,24989742.108354654,0
67461,24990291.381433148,0
67462,24990840.530792695,0
67463,24991389.558663648,0
67464,24991938.46220931,0
67465,24992487.24218777,0
67466,24993035.902524397,0
67467,24993584.437611442,0
67468,24994132.851038236,0
67469,24994681.1404794,0
67470,24995229.31010221,0
67471,24995777.350967754,0
67472,24996325.271933805,0
67473,24996873.067337904,0
67474,24997420.740271218,0
67475,24997968.289208718,0
67476,24998515.714412168,0
67477,24999063.01600243,0
67478,24999610.194671866,0
67479,25000157.247815065,0
67480,25000704.178645354,0
67481,25001250.98230735,0
67482,25001797.66313906,0
67483,25002344.21992649,0
67484,25002890.652451236,0
67485,25003436.959316302,0
67486,25003983.143202648,0
67487,25004529.202299573,0
67488,25005075.13351985,0
67489,25005620.94107631,0
67490,25006166.621626165,0
67491,25006712.182771858,0
67492,25007257.61511401,0
67493,25007802.92256698,0
67494,25008348.103526533,0
67495,25008893.157937534,0
67496,25009438.08844298,0
67497,25009982.893110406,0
67498,25010527.57325141,0
67499,25011072.12552407,0
67500,25011616.55412835,0
67501,25012160.85363829,0
67502,25012705.02862782,0
67503,25013249.0776706,0
67504,25013792.99899621,0
67505,25014336.79415604,0
67506,25014880.462269057,0
67507,25015424.007365,0
67508,25015967.42110592,0
67509,25016510.710383717,0
67510,25017053.872189086,0
67511,25017596.905251794,0
67512,25018139.81521828,0
67513,25018682.59672718,0
67514,25019225.249351084,0
67515,25019767.773669485,0
67516,25020310.17324537,0
67517,25020852.440999564,0
67518,25021394.586411938,0
67519,25021936.599905025,0
67520,25022478.48877686,0
67521,25023020.247039586,0
67522,25023561.876924004,0
67523,25024103.381334692,0
67524,25024644.755789388,0
67525,25025186.002375383,0
67526,25025727.11923788,0
67527,25026268.10823192,0
67528,25026808.970746562,0
67529,25027349.70206867,0
67530,25027890.305890575,0
67531,25028430.780140188,0
67532,25028971.125553146,0
67533,25029511.34262145,0
67534,25030051.428164326,0
67535,25030591.38464082,0
67536,25031131.213154256,0
67537,25031670.91245107,0
67538,25032210.482195362,0
67539,25032749.922941826,0
67540,25033289.231243327,0
67541,25033828.413032696,0
67542,25034367.46314522,0
67543,25034906.38179325,0
67544,25035445.171845235,0
67545,25035983.830382157,0
67546,25036522.361828133,0
67547,25037060.758402716,0
67548,25037599.02862662,0
67549,25038137.16417575,0
67550,25038675.17293695,0
67551,25039213.04971104,0
67552,25039750.79492257,0
67553,25040288.407988545,0
67554,25040825.891557533,0
67555,25041363.245573297,0
67556,25041900.464480042,0
67557,25042437.554113977,0
67558,25042974.514245126,0
67559,25043511.33929458,0
67560,25044048.034286533,0
67561,25044584.599439003,0
67562,25045121.02839394,0
67563,25045657.327833477,0
67564,25046193.49626276,0
67565,25046729.531533733,0
67566,25047265.4339463,0
67567,25047801.20646582,0
67568,25048336.844228286,0
67569,25048872.350355458,0
67570,25049407.723794576,0
67571,25049942.963597596,0
67572,25050478.0719147,0
67573,25051013.046387333,0
67574,25051547.891401593,0
67575,25052082.599519663,0
67576,25052617.176636234,0
67577,25053151.618089244,0
67578,25053685.9292664,0
67579,25054220.10266733,0
67580,25054754.147915352,0
67581,25055288.055924088,0
67582,25055821.829981253,0
67583,25056355.470121022,0
67584,25056888.981140457,0
67585,25057422.35534831,0
67586,25057955.594071403,0
67587,25058488.7001006,0
67588,25059021.67117539,0
67589,25059554.507665746,0
67590,25060087.211006757,0
67591,25060619.776469596,0
67592,25061152.211313635,0
67593,25061684.51044085,0
67594,25062216.673036065,0
67595,25062748.70254926,0
67596,25063280.59492138,0
67597,25063812.354878824,0
67598,25064343.977593288,0
67599,25064875.46602046,0
67600,25065406.819951486,0
67601,25065938.03498517,0
67602,25066469.117454134,0
67603,25067000.065405443,0
67604,25067530.874903187,0
67605,25068061.548854765,0
67606,25068592.088625543,0
67607,25069122.48961592,0
67608,25069652.7560006,0
67609,25070182.887124237,0
67610,25070712.881067064,0
67611,25071242.7379237,0
67612,25071772.459357303,0
67613,25072302.045309167,0
67614,25072831.491600934,0
67615,25073360.801360767,0
67616,25073889.97652788,0
67617,25074419.011401992,0
67618,25074947.91508256,0
67619,25075476.675070792,0
67620,25076005.301994618,0
67621,25076533.790131338,0
67622,25077062.13992586,0
67623,25077590.355206132,0
67624,25078118.431533445,0
67625,25078646.366572026,0
67626,25079174.16805718,0
67627,25079701.828471877,0
67628,25080229.354888424,0
67629,25080756.740839675,0
67630,25081283.988398623,0
67631,25081811.09525988,0
67632,25082338.067519963,0
67633,25082864.900205474,0
67634,25083391.594241135,0
67635,25083918.151606426,0
67636,25084444.56515173,0
67637,25084970.84518783,0
67638,25085496.984434213,0
67639,25086022.98284237,0
67640,25086548.84477353,0
67641,25087074.56620954,0
67642,25087600.147677004,0
67643,25088125.591804326,0
67644,25088650.893437307,0
67645,25089176.058733016,0
67646,25089701.081745666,0
67647,25090225.96548511,0
67648,25090750.709875043,0
67649,25091275.313037947,0
67650,25091799.77832366,0
67651,25092324.101660885,0
67652,25092848.286889262,0
67653,25093372.331017014,0
67654,25093896.233622175,0
67655,25094419.99496384,0
67656,25094943.617292516,0
67657,25095467.098991044,0
67658,25095990.439382136,0
67659,25096513.640116125,0
67660,25097036.697522905,0
67661,25097559.614368804,0
67662,25098082.390452977,0
67663,25098605.02484185,0
67664,25099127.51865039,0
67665,25099649.87135331,0
67666,25100172.080347307,0
67667,25100694.15022043,0
67668,25101216.076701567,0
67669,25101737.863679186,0
67670,25102259.505464546,0
67671,25102781.00666804,0
67672,25103302.364524625,0
67673,25103823.58366119,0
67674,25104344.657201935,0
67675,25104865.590145495,0
67676,25105386.378177978,0
67677,25105907.02534179,0
67678,25106427.52826128,0
67679,25106947.892978307,0
67680,25107468.110124115,0
67681,25107988.1872574,0
67682,25108508.1176314,0
67683,25109027.90786976,0
67684,25109547.554552488,0
67685,25110067.0567022,0
67686,25110586.41540932,0
67687,25111105.631100494,0
67688,25111624.703430783,0
67689,25112143.63492674,0
67690,25112662.41629548,0
67691,25113181.055679634,0
67692,25113699.554446984,0
67693,25114217.90707905,0
67694,25114736.115191348,0
67695,25115254.17905071,0
67696,25115772.09918259,0
67697,25116289.87344775,0
67698,25116807.507289175,0
67699,25117324.99183743,0
67700,25117842.333036784,0
67701,25118359.53044757,0
67702,25118876.58364126,0
67703,25119393.487028014,0
67704,25119910.249104757,0
67705,25120426.865744386,0
67706,25120943.336460333,0
67707,25121459.662089463,0
67708,25121975.84201266,0
67709,25122491.874995347,0
67710,25123007.765220746,0
67711,25123523.506746173,0
67712,25124039.104091663,0
67713,25124554.555404674,0
67714,25125069.858990222,0
67715,25125585.01888539,0
67716,25126100.03156751,0
67717,25126614.8952006,0
67718,25127129.61819971,0
67719,25127644.189147364,0
67720,25128158.616777647,0
67721,25128672.89784847,0
67722,25129187.029970825,0
67723,25129701.016443823,0
67724,25130214.855595313,0
67725,25130728.545976315,0
67726,25131242.090222556,0
67727,25131755.48917985,0
67728,25132268.739602834,0
67729,25132781.842645895,0
67730,25133294.797408096,0
67731,25133807.603559777,0
67732,25134320.264600843,0
67733,25134832.77344093,0
67734,25135345.140694167,0
67735,25135857.354376297,0
67736,25136369.42206922,0
67737,25136881.34495927,0
67738,25137393.11370232,0
67739,25137904.736153465,0
67740,25138416.209515035,0
67741,25138927.536772136,0
67742,25139438.71409236,0
67743,25139949.741131995,0
67744,25140460.618640266,0
67745,25140971.352746677,0
67746,25141481.932096504,0
67747,25141992.36417926,0
67748,25142502.647306193,0
67749,25143012.780039616,0
67750,25143522.766180385,0
67751,25144032.60015955,0
67752,25144542.2848186,0
67753,25145051.82181728,0
67754,25145561.20416712,0
67755,25146070.44158997,0
67756,25146579.523534164,0
67757,25147088.46174937,0
67758,25147597.248520195,0
67759,25148105.88008349,0
67760,25148614.367270064,0
67761,25149122.69826388,0
67762,25149630.885179244,0
67763,25150138.915435277,0
67764,25150646.797196627,0
67765,25151154.528595887,0
67766,25151662.109416697,0
67767,25152169.53845163,0
67768,25152676.816641923,0
67769,25153183.943879053,0
67770,25153690.919355553,0
67771,25154197.74326583,0
67772,25154704.41545792,0
67773,25155210.937372398,0
67774,25155717.306673236,0
67775,25156223.524195496,0
67776,25156729.589556355,0
67777,25157235.502584994,0
67778,25157741.265006408,0
67779,25158246.8741505,0
67780,25158752.32960485,0
67781,25159257.637566987,0
67782,25159762.789284155,0
67783,25160267.788926944,0
67784,25160772.636767402,0
67785,25161277.330062076,0
67786,25161781.87393592,0
67787,25162286.262634214,0
67788,25162790.49611423,0
67789,25163294.57939691,0
67790,25163798.51026774,0
67791,25164302.286119465,0
67792,25164805.90875831,0
67793,25165309.378648184,0
67794,25165812.69220481,0
67795,25166315.85536508,0
67796,25166818.864143405,0
67797,25167321.720121384,0
67798,25167824.417878687,0
67799,25168326.96685497,0
67800,25168829.35881207,0
67801,25169331.598134793,0
67802,25169833.682272702,0
67803,25170335.61273621,0
67804,25170837.384936742,0
67805,25171339.005766544,0
67806,25171840.472425845,0
67807,25172341.78479408,0
67808,25172842.93995223,0
67809,25173343.940781966,0
67810,25173844.78799921,0
67811,25174345.47731888,0
67812,25174846.014576577,0
67813,25175346.395488765,0
67814,25175846.61850941,0
67815,25176346.686490115,0
67816,25176846.60193731,0
67817,25177346.361468982,0
67818,25177845.96253879,0
67819,25178345.406983614,0
67820,25178844.699944165,0
67821,25179343.83369008,0
67822,25179842.81192793,0
67823,25180341.63381393,0
67824,25180840.297516637,0
67825,25181338.808027655,0
67826,25181837.158671636,0
67827,25182335.353828087,0
67828,25182833.393124167,0
67829,25183331.27674638,0
67830,25183829.000808448,0
67831,25184326.570827052,0
67832,25184823.981475964,0
67833,25185321.234828055,0
67834,25185818.332015596,0
67835,25186315.268537194,0
67836,25186812.052247044,0
67837,25187308.67585092,0
67838,25187805.140303772,0
67839,25188301.449378185,0
67840,25188797.60058763,0
67841,25189293.593240462,0
67842,25189789.42800787,0
67843,25190285.103896704,0
67844,25190780.624214858,0
67845,25191275.981379703,0
67846,25191771.18285257,0
67847,25192266.22603005,0
67848,25192761.110629927,0
67849,25193255.83612896,0
67850,25193750.405289687,0
67851,25194244.810815956,0
67852,25194739.06022076,0
67853,25195233.148857534,0
67854,25195727.080244172,0
67855,25196220.852630667,0
67856,25196714.46465451,0
67857,25197207.91743802,0
67858,25197701.208377603,0
67859,25198194.34197111,0
67860,25198687.31698566,0
67861,25199180.129827976,0
67862,25199672.783542864,0
67863,25200165.277917996,0
67864,25200657.611928854,0
67865,25201149.783624046,0
67866,25201641.797301978,0
67867,25202133.649967678,0
67868,25202625.341306027,0
67869,25203116.87417333,0
67870,25203608.24425145,0
67871,25204099.454926737,0
67872,25204590.504853602,0
67873,25205081.392782155,0
67874,25205572.11887958,0
67875,25206062.686073393,0
67876,25206553.090867795,0
67877,25207043.33369003,0
67878,25207533.415479507,0
67879,25208023.337063592,0
67880,25208513.094461333,0
67881,25209002.692027897,0
67882,25209492.127244577,0
67883,25209981.400849156,0
67884,25210470.51312305,0
67885,25210959.464118727,0
67886,25211448.250950184,0
67887,25211936.87645697,0
67888,25212425.33735809,0
67889,25212913.636132568,0
67890,25213401.775166955,0
67891,25213889.751865063,0
67892,25214377.562575817,0
67893,25214865.212344673,0
67894,25215352.69862068,0
67895,25215840.02297959,0
67896,25216327.183443952,0
67897,25216814.178186648,0
67898,25217301.011125162,0
67899,25217787.684633523,0
67900,25218274.19069946,0
67901,25218760.534917653,0
67902,25219246.713654608,0
67903,25219732.73035842,0
67904,25220218.581740633,0
67905,25220704.269236956,0
67906,25221189.79358918,0
67907,25221675.153701764,0
67908,25222160.35012745,0
67909,25222645.38065862,0
67910,25223130.24664677,0
67911,25223614.95175266,0
67912,25224099.48815593,0
67913,25224583.86225599,0
67914,25225068.068053015,0
67915,25225552.1122491,0
67916,25226035.991063815,0
67917,25226519.704820663,0
67918,25227003.25039101,0
67919,25227486.63326888,0
67920,25227969.851952218,0
67921,25228452.905192714,0
67922,25228935.7904571,0
67923,25229418.511845235,0
67924,25229901.067130923,0
67925,25230383.455528803,0
67926,25230865.68117694,0
67927,25231347.736257285,0
67928,25231829.62621738,0
67929,25232311.35232717,0
67930,25232792.911206443,0
67931,25233274.304554004,0
67932,25233755.530462068,0
67933,25234236.590103302,0
67934,25234717.484004725,0
67935,25235198.20799814,0
67936,25235678.76780102,0
67937,25236159.158546913,0
67938,25236639.38427203,0
67939,25237119.44148603,0
67940,25237599.332305662,0
67941,25238079.055916186,0
67942,25238558.6126097,0
67943,25239037.99993547,0
67944,25239517.220690258,0
67945,25239996.274118423,0
67946,25240475.159948576,0
67947,25240953.875040475,0
67948,25241432.426090956,0
67949,25241910.80584098,0
67950,25242389.021639213,0
67951,25242867.06556615,0
67952,25243344.94299733,0
67953,25243822.648201738,0
67954,25244300.189252403,0
67955,25244777.561211858,0
67956,25245254.763937723,0
67957,25245731.79625464,0
67958,25246208.65993208,0
67959,25246685.355536785,0
67960,25247161.88110947,0
67961,25247638.24076383,0
67962,25248114.427812744,0
67963,25248590.44546007,0
67964,25249066.295185227,0
67965,25249541.973963227,0
67966,25250017.483541835,0
67967,25250492.82310078,0
67968,25250967.99328142,0
67969,25251442.99461972,0
67970,25251917.825469427,0
67971,25252392.484137986,0
67972,25252866.97351027,0
67973,25253341.29476692,0
67974,25253815.442994148,0
67975,25254289.419279225,0
67976,25254763.22880495,0
67977,25255236.867286343,0
67978,25255710.332550954,0
67979,25256183.629036706,0
67980,25256656.752414595,0
67981,25257129.706855666,0
67982,25257602.48863004,0
67983,25258075.099683214,0
67984,25258547.540008795,0
67985,25259019.81005382,0
67986,25259491.90647961,0
67987,25259963.83337025,0
67988,25260435.584257267,0
67989,25260907.167598233,0
67990,25261378.578255195,0
67991,25261849.815333404,0
67992,25262320.881076686,0
67993,25262791.773600973,0
67994,25263262.494971048,0
67995,25263733.04270461,0
67996,25264203.417373136,0
67997,25264673.624108966,0
67998,25265143.65415094,0
67999,25265613.51314432,0
68000,25266083.198361844,0
68001,25266552.712196775,0
68002,25267022.051330663,0
68003,25267491.219324537,0
68004,25267960.210666846,0
68005,25268429.03158596,0
68006,25268897.677828807,0
68007,25269366.150845885,0
68008,25269834.45059562,0
68009,25270302.578044474,0
68010,25270770.529443957,0
68011,25271238.306353524,0
68012,25271705.910446707,0
68013,25272173.34046801,0
68014,25272640.597410753,0
68015,25273107.677582163,0
68016,25273574.58635117,0
68017,25274041.319988757,0
68018,25274507.87739956,0
68019,25274974.262068864,0
68020,25275440.47148837,0
68021,25275906.503853656,0
68022,25276372.365319878,0
68023,25276838.049163587,0
68024,25277303.560896907,0
68025,25277768.89349913,0
68026,25278234.05136494,0
68027,25278699.03408746,0
68028,25279163.844020072,0
68029,25279628.477992024,0
68030,25280092.93305492,0
68031,25280557.215213016,0
68032,25281021.32104808,0
68033,25281485.250482764,0
68034,25281949.00326224,0
68035,25282412.579970352,0
68036,25282875.981528793,0
68037,25283339.20558278,0
68038,25283802.254184835,0
68039,25284265.128109816,0
68040,25284727.82287192,0
68041,25285190.341571897,0
68042,25285652.682551954,0
68043,25286114.849595692,0
68044,25286576.83634588,0
68045,25287038.64784691,0
68046,25287500.28288206,0
68047,25287961.73776678,0
68048,25288423.01730392,0
68049,25288884.121006694,0
68050,25289345.04531169,0
68051,25289805.791763566,0
68052,25290266.358468488,0
68053,25290726.75336244,0
68054,25291186.965027947,0
68055,25291647.000636827,0
68056,25292106.858526323,0
68057,25292566.53687581,0
68058,25293026.040383603,0
68059,25293485.362079747,0
68060,25293944.50690696,0
68061,25294403.471197348,0
68062,25294862.26009394,0
68063,25295320.868944086,0
68064,25295779.295843393,0
68065,25296237.546681568,0
68066,25296695.61868781,0
68067,25297153.51300878,0
68068,25297611.225667227,0
68069,25298068.759540185,0
68070,25298526.114718568,0
68071,25298983.291559707,0
68072,25299440.283596154,0
68073,25299897.101091128,0
68074,25300353.734635413,0
68075,25300810.19468741,0
68076,25301266.471801795,0
68077,25301722.566913802,0
68078,25302178.48425744,0
68079,25302634.218238052,0
68080,25303089.77611395,0
68081,25303545.153549884,0
68082,25304000.345678613,0
68083,25304455.36085555,0
68084,25304910.19354455,0
68085,25305364.847232476,0
68086,25305819.32021864,0
68087,25306273.61080369,0
68088,25306727.72014155,0
68089,25307181.64901706,0
68090,25307635.395585828,0
68091,25308088.964123227,0
68092,25308542.348744813,0
68093,25308995.5501105,0
68094,25309448.57329858,0
68095,25309901.412245777,0
68096,25310354.070967034,0
68097,25310806.548590943,0
68098,25311258.84313922,0
68099,25311710.955151327,0
68100,25312162.884287275,0
68101,25312614.63287009,0
68102,25313066.19712921,0
68103,25313517.58169435,0
68104,25313968.781417266,0
68105,25314419.79881577,0
68106,25314870.633684676,0
68107,25315321.28738945,0
68108,25315771.75595306,0
68109,25316222.041967575,0
68110,25316672.14522598,0
68111,25317122.064540185,0
68112,25317571.802722767,0
68113,25318021.35623182,0
68114,25318470.72437334,0
68115,25318919.91111859,0
68116,25319368.913222004,0
68117,25319817.73499303,0
68118,25320266.369474605,0
68119,25320714.82108448,0
68120,25321163.08868821,0
68121,25321611.17046463,0
68122,25322059.068699688,0
68123,25322506.78337307,0
68124,25322954.312541753,0
68125,25323401.657888938,0
68126,25323848.81918225,0
68127,25324295.79557595,0
68128,25324742.585603166,0
68129,25325189.192590963,0
68130,25325635.61415273,0
68131,25326081.850644987,0
68132,25326527.90397402,0
68133,25326973.76913405,0
68134,25327419.45006643,0
68135,25327864.94599866,0
68136,25328310.256268192,0
68137,25328755.380110182,0
68138,25329200.319787916,0
68139,25329645.070878852,0
68140,25330089.637825977,0
68141,25330534.017820016,0
68142,25330978.211241633,0
68143,25331422.221746426,0
68144,25331866.04479065,0
68145,25332309.67907858,0
68146,25332753.128745776,0
68147,25333196.39310113,0
68148,25333639.468331333,0
68149,25334082.3569589,0
68150,25334525.059595395,0
68151,25334967.576956853,0
68152,25335409.904899623,0
68153,25335852.04650556,0
68154,25336293.99968818,0
68155,25336735.768665627,0
68156,25337177.348952517,0
68157,25337618.739806607,0
68158,25338059.945251852,0
68159,25338500.96144061,0
68160,25338941.7916847,0
68161,25339382.432973295,0
68162,25339822.88553601,0
68163,25340263.149193082,0
68164,25340703.227787063,0
68165,25341143.117970314,0
68166,25341582.819228873,0
68167,25342022.330046304,0
68168,25342461.655795608,0
68169,25342900.791145742,0
68170,25343339.736858997,0
68171,25343778.492748108,0
68172,25344217.063440617,0
68173,25344655.44206473,0
68174,25345093.632819384,0
68175,25345531.63551768,0
68176,25345969.447894957,0
68177,25346407.070980724,0
68178,25346844.504803415,0
68179,25347281.748181883,0
68180,25347718.801259745,0
68181,25348155.669545617,0
68182,25348592.34201777,0
68183,25349028.826740153,0
68184,25349465.121287752,0
68185,25349901.227616463,0
68186,25350337.142282054,0
68187,25350772.86663408,0
68188,25351208.402394284,0
68189,25351643.745236408,0
68190,25352078.896689598,0
68191,25352513.862265065,0
68192,25352948.630421337,0
68193,25353383.21273474,0
68194,25353817.602109723,0
68195,25354251.802182447,0
68196,25354685.810309727,0
68197,25355119.62591888,0
68198,25355553.25274408,0
68199,25355986.68586523,0
68200,25356419.929617435,0
68201,25356852.98000054,0
68202,25357285.83784701,0
68203,25357718.506859086,0
68204,25358150.980790228,0
68205,25358583.2657465,0
68206,25359015.357290998,0
68207,25359447.25575899,0
68208,25359878.96156741,0
68209,25360310.48000635,0
68210,25360741.80150257,0
68211,25361172.93115472,0
68212,25361603.86860571,0
68213,25362034.614324063,0
68214,25362465.167513363,0
68215,25362895.5253333,0
68216,25363325.690931216,0
68217,25363755.6639206,0
68218,25364185.443914454,0
68219,25364615.02921446,0
68220,25365044.424130093,0
68221,25365473.622127503,0
68222,25365902.630246244,0
68223,25366331.44207944,0
68224,25366760.062450904,0
68225,25367188.487194534,0
68226,25367616.717793483,0
68227,25368044.75447296,0
68228,25368472.600214858,0
68229,25368900.24773049,0
68230,25369327.704365067,0
68231,25369754.961839832,0
68232,25370182.02880811,0
68233,25370608.89825204,0
68234,25371035.57805935,0
68235,25371462.060207527,0
68236,25371888.346003465,0
68237,25372314.43827355,0
68238,25372740.3358461,0
68239,25373166.038195714,0
68240,25373591.544878762,0
68241,25374016.858230565,0
68242,25374441.973008104,0
68243,25374866.89243095,0
68244,25375291.61935303,0
68245,25375716.148713484,0
68246,25376140.481780656,0
68247,25376564.621291865,0
68248,25376988.561249964,0
68249,25377412.309596274,0
68250,25377835.859095007,0
68251,25378259.21225783,0
68252,25378682.36905608,0
68253,25379105.32971434,0
68254,25379528.09653717,0
68255,25379950.663243018,0
68256,25380373.03306728,0
68257,25380795.20916137,0
68258,25381217.186458036,0
68259,25381638.96874038,0
68260,25382060.550456915,0
68261,25382481.938242298,0
68262,25382903.126197886,0
68263,25383324.11705582,0
68264,25383744.91310399,0
68265,25384165.510726415,0
68266,25384585.90968081,0
68267,25385006.110648908,0
68268,25385426.115096405,0
68269,25385845.920143984,0
68270,25386265.52794783,0
68271,25386684.9362104,0
68272,25387104.149544604,0
68273,25387523.164228927,0
68274,25387941.976120323,0
68275,25388360.593033466,0
68276,25388779.012069046,0
68277,25389197.23045939,0
68278,25389615.25319408,0
68279,25390033.07266,0
68280,25390450.698036175,0
68281,25390868.122325543,0
68282,25391285.34684862,0
68283,25391702.371894803,0
68284,25392119.19881071,0
68285,25392535.82415002,0
68286,25392952.253127914,0
68287,25393368.480254065,0
68288,25393784.510116134,0
68289,25394200.338544477,0
68290,25394615.96579598,0
68291,25395031.39580078,0
68292,25395446.624662846,0
68293,25395861.652501564,0
68294,25396276.481496524,0
68295,25396691.110183954,0
68296,25397105.53702121,0
68297,25397519.76391216,0
68298,25397933.791767865,0
68299,25398347.619094625,0
68300,25398761.242766473,0
68301,25399174.667018596,0
68302,25399587.89008119,0
68303,25400000.914485525,0
68304,25400413.7355383,0
68305,25400826.35461785,0
68306,25401238.772758435,0
68307,25401650.990118988,0
68308,25402063.005925484,0
68309,25402474.820555747,0
68310,25402886.433066573,0
68311,25403297.843685176,0
68312,25403709.05445933,0
68313,25404120.061882734,0
68314,25404530.86410122,0
68315,25404941.467359405,0
68316,25405351.867477648,0
68317,25405762.06690078,0
68318,25406172.06196863,0
68319,25406581.85448066,0
68320,25406991.447751038,0
68321,25407400.83446483,0
68322,25407810.018075403,0
68323,25408219.002745736,0
68324,25408627.77929025,0
68325,25409036.357170958,0
68326,25409444.731922448,0
68327,25409852.899057735,0
68328,25410260.865228523,0
68329,25410668.628563426,0
68330,25411076.189958837,0
68331,25411483.54491303,0
68332,25411890.6949703,0
68333,25412297.643876012,0
68334,25412704.388740487,0
68335,25413110.92763053,0
68336,25413517.26307307,0
68337,25413923.397244945,0
68338,25414329.324344534,0
68339,25414735.047453504,0
68340,25415140.567074563,0
68341,25415545.879096095,0
68342,25415950.989631552,0
68343,25416355.89737895,0
68344,25416760.595349107,0
68345,25417165.090520795,0
68346,25417569.380088095,0
68347,25417973.463116262,0
68348,25418377.34390773,0
68349,25418781.020108182,0
68350,25419184.487730086,0
68351,25419587.751694936,0
68352,25419990.810172465,0
68353,25420393.661251176,0
68354,25420796.307530932,0
68355,25421198.749531914,0
68356,25421600.98395825,0
68357,25422003.013302337,0
68358,25422404.834256705,0
68359,25422806.451543797,0
68360,25423207.862841044,0
68361,25423609.068762675,0
68362,25424010.06309963,0
68363,25424410.854220908,0
68364,25424811.437921204,0
68365,25425211.814832076,0
68366,25425611.985454626,0
68367,25426011.947084337,0
68368,25426411.703900713,0
68369,25426811.253574282,0
68370,25427210.594183806,0
68371,25427609.73007627,0
68372,25428008.654793777,0
68373,25428407.37707179,0
68374,25428805.888048355,0
68375,25429204.193129394,0
68376,25429602.289873645,0
68377,25430000.178840484,0
68378,25430397.858273722,0
68379,25430795.32877387,0
68380,25431192.593083333,0
68381,25431589.649660595,0
68382,25431986.499376852,0
68383,25432383.136537682,0
68384,25432779.568467844,0
68385,25433175.790409207,0
68386,25433571.80460294,0
68387,25433967.60955696,0
68388,25434363.2046329,0
68389,25434758.59204029,0
68390,25435153.767750345,0
68391,25435548.738303892,0
68392,25435943.496573936,0
68393,25436338.046996474,0
68394,25436732.386056688,0
68395,25437126.515310444,0
68396,25437520.439172223,0
68397,25437914.149774283,0
68398,25438307.65270406,0
68399,25438700.9435897,0
68400,25439094.027774177,0
68401,25439486.897644147,0
68402,25439879.557479925,0
68403,25440272.00721078,0
68404,25440664.248611048,0
68405,25441056.27875911,0
68406,25441448.098825067,0
68407,25441839.708212994,0
68408,25442231.10689887,0
68409,25442622.295356434,0
68410,25443013.26957871,0
68411,25443404.034502093,0
68412,25443794.59104423,0
68413,25444184.93465746,0
68414,25444575.064643767,0
68415,25444964.98658928,0
68416,25445354.695244953,0
68417,25445744.190113172,0
68418,25446133.47686001,0
68419,25446522.550930902,0
68420,25446911.415451027,0
68421,25447300.064077258,0
68422,25447688.5011308,0
68423,25448076.72686971,0
68424,25448464.739704467,0
68425,25448852.54373077,0
68426,25449240.132040966,0
68427,25449627.508743845,0
68428,25450014.670724012,0
68429,25450401.62394449,0
68430,25450788.361391503,0
68431,25451174.8864529,0
68432,25451561.200281046,0
68433,25451947.298101027,0
68434,25452333.185866408,0
68435,25452718.858569093,0
68436,25453104.319723036,0
68437,25453489.565935034,0
68438,25453874.598011084,0
68439,25454259.4174706,0
68440,25454644.023357905,0
68441,25455028.41452793,0
68442,25455412.59161299,0
68443,25455796.555865303,0
68444,25456180.304976776,0
68445,25456563.84281157,0
68446,25456947.1637203,0
68447,25457330.26999092,0
68448,25457713.16234402,0
68449,25458095.84143119,0
68450,25458478.303286947,0
68451,25458860.552423302,0
68452,25459242.58745932,0
68453,25459624.40900969,0
68454,25460006.0111214,0
68455,25460387.399873342,0
68456,25460768.572362907,0
68457,25461149.53118075,0
68458,25461530.276692625,0
68459,25461910.80264732,0
68460,25462291.11541111,0
68461,25462671.212529764,0
68462,25463051.092389584,0
68463,25463430.757355824,0
68464,25463810.205282778,0
68465,25464189.438933864,0
68466,25464568.457784697,0
68467,25464947.257621538,0
68468,25465325.84331285,0
68469,25465704.209273834,0
68470,25466082.36342222,0
68471,25466460.297769453,0
68472,25466838.014890656,0
68473,25467215.51930471,0
68474,25467592.801753007,0
68475,25467969.87229916,0
68476,25468346.722237658,0
68477,25468723.355318464,0
68478,25469099.77480472,0
68479,25469475.97281583,0
68480,25469851.955697633,0
68481,25470227.719513964,0
68482,25470603.265897546,0
68483,25470978.594618086,0
68484,25471353.70693266,0
68485,25471728.60106062,0
68486,25472103.2775635,0
68487,25472477.734177854,0
68488,25472851.97479114,0
68489,25473225.997453164,0
68490,25473599.79912862,0
68491,25473973.38181374,0
68492,25474346.750138503,0
68493,25474719.89773529,0
68494,25475092.82677456,0
68495,25475465.53561522,0
68496,25475838.028944485,0
68497,25476210.30064845,0
68498,25476582.35455047,0
68499,25476954.18995113,0
68500,25477325.803318273,0
68501,25477697.199841753,0
68502,25478068.376152065,0
68503,25478439.3331026,0
68504,25478810.070150804,0
68505,25479180.587850954,0
68506,25479550.887790646,0
68507,25479920.96370386,0
68508,25480290.82245328,0
68509,25480660.460296147,0
68510,25481029.87813358,0
68511,25481399.07617965,0
68512,25481768.052382357,0
68513,25482136.811318155,0
68514,25482505.345391706,0
68515,25482873.661944073,0
68516,25483241.756028827,0
68517,25483609.63243744,0
68518,25483977.28407062,0
68519,25484344.71823348,0
68520,25484711.929171413,0
68521,25485078.919362407,0
68522,25485445.689341377,0
68523,25485812.235326976,0
68524,25486178.563680474,0
68525,25486544.666595314,0
68526,25486910.550568916,0
68527,25487276.2114021,0
68528,25487641.651879564,0
68529,25488006.868043177,0
68530,25488371.864961732,0
68531,25488736.6386148,0
68532,25489101.19061621,0
68533,25489465.519918997,0
68534,25489829.625644412,0
68535,25490193.512369037,0
68536,25490557.173037756,0
68537,25490920.61324116,0
68538,25491283.82795636,0
68539,25491646.822708655,0
68540,25492009.59521582,0
68541,25492372.143802486,0
68542,25492734.467545804,0
68543,25493096.568820372,0
68544,25493458.446374238,0
68545,25493820.10341112,0
68546,25494181.534655344,0
68547,25494542.74019648,0
68548,25494903.72539218,0
68549,25495264.488333136,0
68550,25495625.024199497,0
68551,25495985.33714028,0
68552,25496345.427231573,0
68553,25496705.292750657,0
68554,25497064.934734076,0
68555,25497424.349115156,0
68556,25497783.542638376,0
68557,25498142.50899545,0
68558,25498501.252804242,0
68559,25498859.772131875,0
68560,25499218.065713514,0
68561,25499576.13359616,0
68562,25499933.979668364,0
68563,25500291.599088565,0
68564,25500648.994807173,0
68565,25501006.16158701,0
68566,25501363.105181076,0
68567,25501719.82358628,0
68568,25502076.314736404,0
68569,25502432.58207275,0
68570,25502788.62491232,0
68571,25503144.438591648,0
68572,25503500.029827308,0
68573,25503855.394613814,0
68574,25504210.534266092,0
68575,25504565.44556347,0
68576,25504920.1296425,0
68577,25505274.590694293,0
68578,25505628.82451855,0
68579,25505982.83138461,0
68580,25506336.61189463,0
68581,25506690.16557761,0
68582,25507043.491740234,0
68583,25507396.591616925,0
68584,25507749.464399207,0
68585,25508102.11103165,0
68586,25508454.5283183,0
68587,25508806.720621444,0
68588,25509158.684557457,0
68589,25509510.42274129,0
68590,25509861.931628127,0
68591,25510213.21491657,0
68592,25510564.268316932,0
68593,25510915.095943823,0
68594,25511265.691547234,0
68595,25511616.063787803,0
68596,25511966.20827465,0
68597,25512316.12207385,0
68598,25512665.80962321,0
68599,25513015.267037418,0
68600,25513364.49568577,0
68601,25513713.499768633,0
68602,25514062.270098403,0
68603,25514410.81414259,0
68604,25514759.131082572,0
68605,25515107.21588298,0
68606,25515455.073098145,0
68607,25515802.702194776,0
68608,25516150.10323638,0
68609,25516497.2748009,0
68610,25516844.21361126,0
68611,25517190.924435843,0
68612,25517537.408465497,0
68613,25517883.659112293,0
68614,25518229.682114672,0
68615,25518575.47604973,0
68616,25518921.040000465,0
68617,25519266.372216515,0
68618,25519611.47504706,0
68619,25519956.35085658,0
68620,25520300.990784694,0
68621,25520645.403510887,0
68622,25520989.58590134,0
68623,25521333.538572397,0
68624,25521677.258706894,0
68625,25522020.750474013,0
68626,25522364.00932632,0
68627,25522707.03792776,0
68628,25523049.835609537,0
68629,25523392.403035942,0
68630,25523734.7392712,0
68631,25524076.84333422,0
68632,25524418.716838073,0
68633,25524760.357666306,0
68634,25525101.768069822,0
68635,25525442.947542608,0
68636,25525783.894754473,0
68637,25526124.61000488,0
68638,25526465.09283247,0
68639,25526805.345013626,0
68640,25527145.364445135,0
68641,25527485.151647333,0
68642,25527824.706243638,0
68643,25528164.030229826,0
68644,25528503.120109655,0
68645,25528841.977287114,0
68646,25529180.603242032,0
68647,25529518.995436523,0
68648,25529857.15590611,0
68649,25530195.0843551,0
68650,25530532.777147673,0
68651,25530870.238232087,0
68652,25531207.46735251,0
68653,25531544.460872363,0
68654,25531881.222392567,0
68655,25532217.750053927,0
68656,25532554.043977786,0
68657,25532890.105674505,0
68658,25533225.934112325,0
68659,25533561.524501823,0
68660,25533896.884915467,0
68661,25534232.01011625,0
68662,25534566.901779912,0
68663,25534901.5611608,0
68664,25535235.98296842,0
68665,25535570.172721073,0
68666,25535904.12579344,0
68667,25536237.845777914,0
68668,25536571.33077614,0
68669,25536904.583927702,0
68670,25537237.59917323,0
68671,25537570.378398698,0
68672,25537902.92668708,0
68673,25538235.236334413,0
68674,25538567.31295865,0
68675,25538899.15323539,0
68676,25539230.75711503,0
68677,25539562.127676476,0
68678,25539893.26430907,0
68679,25540224.16275256,0
68680,25540554.82396602,0
68681,25540885.252595298,0
68682,25541215.443706494,0
68683,25541545.400640175,0
68684,25541875.118822698,0
68685,25542204.601649962,0
68686,25542533.850316007,0
68687,25542862.8616081,0
68688,25543191.63524094,0
68689,25543520.173345223,0
68690,25543848.472910013,0
68691,25544176.537474733,0
68692,25544504.365274586,0
68693,25544831.958680805,0
68694,25545159.311290767,0
68695,25545486.42950388,0
68696,25545813.307937633,0
68697,25546139.951153416,0
68698,25546466.355671156,0
68699,25546792.52404612,0
68700,25547118.45305789,0
68701,25547444.147249747,0
68702,25547769.602276593,0
68703,25548094.81832708,0
68704,25548419.79991959,0
68705,25548744.541584495,0
68706,25549069.043815233,0
68707,25549393.30859989,0
68708,25549717.338633273,0
68709,25550041.125935845,0
68710,25550364.67366465,0
68711,25550687.987478714,0
68712,25551011.060524296,0
68713,25551333.89503492,0
68714,25551656.492661864,0
68715,25551978.84876599,0
68716,25552300.967134822,0
68717,25552622.845300436,0
68718,25552944.48609207,0
68719,25553265.885436516,0
68720,25553587.04729369,0
68721,25553907.969388295,0
68722,25554228.65061656,0
68723,25554549.091888912,0
68724,25554869.295355156,0
68725,25555189.262649067,0
68726,25555508.984412313,0
68727,25555828.46792786,0
68728,25556147.71207336,0
68729,25556466.712812122,0
68730,25556785.476270102,0
68731,25557103.998628378,0
68732,25557422.284419313,0
68733,25557740.322894413,0
68734,25558058.12638534,0
68735,25558375.68502954,0
68736,25558693.005558915,0
68737,25559010.08566624,0
68738,25559326.922650676,0
68739,25559643.519157495,0
68740,25559959.877347007,0
68741,25560275.98780857,0
68742,25560591.861945912,0
68743,25560907.49442092,0
68744,25561222.88611765,0
68745,25561538.03332421,0
68746,25561852.94187104,0
68747,25562167.60448676,0
68748,25562482.030803014,0
68749,25562796.21204289,0
68750,25563110.149527583,0
68751,25563423.847888708,0
68752,25563737.30275175,0
68753,25564050.516255897,0
68754,25564363.48734739,0
68755,25564676.21338899,0
68756,25564988.699742083,0
68757,25565300.942242905,0
68758,25565612.941980455,0
68759,25565924.700312,0
68760,25566236.21307076,0
68761,25566547.48271059,0
68762,25566858.512550052,0
68763,25567169.298080422,0
68764,25567479.83797687,0
68765,25567790.137145903,0
68766,25568100.18984049,0
68767,25568410.00155856,0
68768,25568719.56679401,0
68769,25569028.891196735,0
68770,25569337.97157201,0
68771,25569646.80772619,0
68772,25569955.39911209,0
68773,25570263.747450214,0
68774,25570571.847920142,0
68775,25570879.709892526,0
68776,25571187.322286576,0
68777,25571494.6918626,0
68778,25571801.81964207,0
68779,25572108.698338974,0
68780,25572415.336953323,0
68781,25572721.72459748,0
68782,25573027.872324847,0
68783,25573333.775229223,0
68784,25573639.431176268,0
68785,25573944.838811327,0
68786,25574250.00642261,0
68787,25574554.92562043,0
68788,25574859.60224299,0
68789,25575164.031352043,0
68790,25575468.214587193,0
68791,25575772.152509537,0
68792,25576075.843452945,0
68793,25576379.289825145,0
68794,25576682.491606638,0
68795,25576985.4439168,0
68796,25577288.151496872,0
68797,25577590.614575077,0
68798,25577892.827237923,0
68799,25578194.798402254,0
68800,25578496.520427138,0
68801,25578797.99313017,0
68802,25579099.223602973,0
68803,25579400.20221978,0
68804,25579700.939255685,0
68805,25580001.42589978,0
68806,25580301.668060064,0
68807,25580601.661317613,0
68808,25580901.406885527,0
68809,25581200.904849634,0
68810,25581500.158171274,0
68811,25581799.160974458,0
68812,25582097.91640033,0
68813,25582396.4249564,0
68814,25582694.68590578,0
68815,25582992.698513154,0
68816,25583290.46352256,0
68817,25583587.980667703,0
68818,25583885.249067243,0
68819,25584182.267819695,0
68820,25584479.040125698,0
68821,25584775.562692594,0
68822,25585071.838747036,0
68823,25585367.863399133,0
68824,25585663.640917793,0
68825,25585959.16921352,0
68826,25586254.44922983,0
68827,25586549.47992652,0
68828,25586844.262112986,0
68829,25587138.79418867,0
68830,25587433.075996064,0
68831,25587727.109521445,0
68832,25588020.89349715,0
68833,25588314.429343786,0
68834,25588607.713560008,0
68835,25588900.751031,0
68836,25589193.533945806,0
68837,25589486.07106611,0
68838,25589778.35661523,0
68839,25590070.392043974,0
68840,25590362.175491225,0
68841,25590653.710751683,0
68842,25590944.995333806,0
68843,25591236.03118396,0
68844,25591526.812939312,0
68845,25591817.34586468,0
68846,25592107.6294748,0
68847,25592397.65898553,0
68848,25592687.44171797,0
68849,25592976.969459392,0
68850,25593266.24876386,0
68851,25593555.277740072,0
68852,25593844.052182063,0
68853,25594132.577851616,0
68854,25594420.852125082,0
68855,25594708.871622983,0
68856,25594996.643164255,0
68857,25595284.16216136,0
68858,25595571.426822063,0
68859,25595858.442045707,0
68860,25596145.207564693,0
68861,25596431.715602405,0
68862,25596717.97504255,0
68863,25597003.9797741,0
68864,25597289.735066105,0
68865,25597575.238264278,0
68866,25597860.487567134,0
68867,25598145.483917084,0
68868,25598430.226907667,0
68869,25598714.71690106,0
68870,25598998.956547804,0
68871,25599282.940885525,0
68872,25599566.67185641,0
68873,25599850.1524858,0
68874,25600133.37948424,0
68875,25600416.351756718,0
68876,25600699.070841286,0
68877,25600981.535479214,0
68878,25601263.746164817,0
68879,25601545.705915067,0
68880,25601827.409938257,0
68881,25602108.86012505,0
68882,25602390.057689883,0
68883,25602671.000077013,0
68884,25602951.687463745,0
68885,25603232.121657014,0
68886,25603512.301096972,0
68887,25603792.22802963,0
68888,25604071.89971037,0
68889,25604351.314659268,0
68890,25604630.475959398,0
68891,25604909.38454134,0
68892,25605188.037777048,0
68893,25605466.435406707,0
68894,25605744.57711848,0
68895,25606022.46261889,0
68896,25606300.093621396,0
68897,25606577.47168267,0
68898,25606854.5921665,0
68899,25607131.457719583,0
68900,25607408.069930796,0
68901,25607684.423867185,0
68902,25607960.5218204,0
68903,25608236.363949545,0
68904,25608511.950986933,0
68905,25608787.28034986,0
68906,25609062.35774606,0
68907,25609337.176605236,0
68908,25609611.736863565,0
68909,25609886.042942606,0
68910,25610160.094021156,0
68911,25610433.885640055,0
68912,25610707.423372105,0
68913,25610980.700990368,0
68914,25611253.724170502,0
68915,25611526.490795486,0
68916,25611798.998742726,0
68917,25612071.25037972,0
68918,25612343.244867742,0
68919,25612614.983203303,0
68920,25612886.463344228,0
68921,25613157.68529399,0
68922,25613428.64898092,0
68923,25613699.358291287,0
68924,25613969.80670174,0
68925,25614239.999208514,0
68926,25614509.93067843,0
68927,25614779.60895604,0
68928,25615049.025156066,0
68929,25615318.1846561,0
68930,25615587.08681474,0
68931,25615855.727321174,0
68932,25616124.11424562,0
68933,25616392.239615105,0
68934,25616660.10868477,0
68935,25616927.71621401,0
68936,25617195.064825315,0
68937,25617462.156007327,0
68938,25617728.986363683,0
68939,25617995.56420185,0
68940,25618261.873064447,0
68941,25618527.92957999,0
68942,25618793.726080693,0
68943,25619059.262603104,0
68944,25619324.539223913,0
68945,25619589.55400266,0
68946,25619854.311596215,0
68947,25620118.80799972,0
68948,25620383.044090733,0
68949,25620647.021983612,0
68950,25620910.73864613,0
68951,25621174.19787444,0
68952,25621437.394184437,0
68953,25621700.330990642,0
68954,25621963.008095697,0
68955,25622225.423420686,0
68956,25622487.57900048,0
68957,25622749.47464028,0
68958,25623011.105761584,0
68959,25623272.477556285,0
68960,25623533.590781115,0
68961,25623794.442054834,0
68962,25624055.032476205,0
68963,25624315.361333508,0
68964,25624575.426813986,0
68965,25624835.23254633,0
68966,25625094.77952546,0
68967,25625354.06131421,0
68968,25625613.082526658,0
68969,25625871.84186938,0
68970,25626130.339349292,0
68971,25626388.57464861,0
68972,25626646.547822073,0
68973,25626904.259546377,0
68974,25627161.7116144,0
68975,25627418.898333505,0
68976,25627675.822166197,0
68977,25627932.483421776,0
68978,25628188.88375484,0
68979,25628445.018827446,0
68980,25628700.89558268,0
68981,25628956.505863443,0
68982,25629211.85473053,0
68983,25629466.94042937,0
68984,25629721.762684032,0
68985,25629976.323024917,0
68986,25630230.619911347,0
68987,25630484.65191687,0
68988,25630738.42042812,0
68989,25630991.92506821,0
68990,25631245.168326467,0
68991,25631498.146653816,0
68992,25631750.862202108,0
68993,25632003.31149285,0
68994,25632255.49803332,0
68995,25632507.421938773,0
68996,25632759.08112567,0
68997,25633010.474680003,0
68998,25633261.60548303,0
68999,25633512.468809072,0
69000,25633763.0716164,0
69001,25634013.406319503,0
69002,25634263.482038718,0
69003,25634513.28770468,0
69004,25634762.8288748,0
69005,25635012.1040562,0
69006,25635261.116410732,0
69007,25635509.866673276,0
69008,25635758.345389627,0
69009,25636006.56350509,0
69010,25636254.515885312,0
69011,25636502.19973532,0
69012,25636749.618423175,0
69013,25636996.77216401,0
69014,25637243.66288667,0
69015,25637490.284118883,0
69016,25637736.642009646,0
69017,25637982.73170302,0
69018,25638228.556815535,0
69019,25638474.115294848,0
69020,25638719.407760046,0
69021,25638964.433058698,0
69022,25639209.1933936,0
69023,25639453.686858807,0
69024,25639697.911608085,0
69025,25639941.87160115,0
69026,25640185.56295335,0
69027,25640428.98795679,0
69028,25640672.148560245,0
69029,25640915.04058215,0
69030,25641157.662153695,0
69031,25641400.021072734,0
69032,25641642.111336175,0
69033,25641883.933487453,0
69034,25642125.487367686,0
69035,25642366.7751417,0
69036,25642607.795444567,0
69037,25642848.545281496,0
69038,25643089.03142954,0
69039,25643329.244241536,0
69040,25643569.19421463,0
69041,25643808.87290208,0
69042,25644048.283619642,0
69043,25644287.425245255,0
69044,25644526.302807443,0
69045,25644764.906702146,0
69046,25645003.24502529,0
69047,25645241.314256657,0
69048,25645479.116117798,0
69049,25645716.64446971,0
69050,25645953.90700833,0
69051,25646190.900459763,0
69052,25646427.624118224,0
69053,25646664.07797569,0
69054,25646900.265647765,0
69055,25647136.17972868,0
69056,25647371.827197935,0
69057,25647607.203477405,0
69058,25647842.310388625,0
69059,25648077.14958988,0
69060,25648311.716510165,0
69061,25648546.01183816,0
69062,25648780.04207668,0
69063,25649013.798800662,0
69064,25649247.285291694,0
69065,25649480.505005073,0
69066,25649713.45007967,0
69067,25649946.1274383,0
69068,25650178.53387797,0
69069,25650410.667858772,0
69070,25650642.5327679,0
69071,25650874.125435065,0
69072,25651105.449914165,0
69073,25651336.500329554,0
69074,25651567.281667903,0
69075,25651797.79208459,0
69076,25652028.02691743,0
69077,25652257.994926002,0
69078,25652487.690844692,0
69079,25652717.115026914,0
69080,25652946.267783448,0
69081,25653175.14895616,0
69082,25653403.75576725,0
69083,25653632.09320984,0
69084,25653860.159465253,0
69085,25654087.951558016,0
69086,25654315.470252097,0
69087,25654542.718669806,0
69088,25654769.696143817,0
69089,25654996.400955364,0
69090,25655222.832209583,0
69091,25655448.989470024,0
69092,25655674.877039295,0
69093,25655900.489877287,0
69094,25656125.82894245,0
69095,25656350.896881178,0
69096,25656575.689968854,0
69097,25656800.212036982,0
69098,25657024.4594539,0
69099,25657248.434607495,0
69100,25657472.139268767,0
69101,25657695.565154754,0
69102,25657918.718188167,0
69103,25658141.601141598,0
69104,25658364.208038792,0
69105,25658586.541144706,0
69106,25658808.5993701,0
69107,25659030.386157837,0
69108,25659251.89564109,0
69109,25659473.134560034,0
69110,25659694.09741394,0
69111,25659914.784875207,0
69112,25660135.197444104,0
69113,25660355.33915058,0
69114,25660575.20258658,0
69115,25660794.79356074,0
69116,25661014.109299272,0
69117,25661233.148238648,0
69118,25661451.916663323,0
69119,25661670.404884327,0
69120,25661888.61952112,0
69121,25662106.561219774,0
69122,25662324.226475403,0
69123,25662541.612152524,0
69124,25662758.726632144,0
69125,25662975.56544388,0
69126,25663192.13086307,0
69127,25663408.41503659,0
69128,25663624.42795029,0
69129,25663840.16162291,0
69130,25664055.618897267,0
69131,25664270.804056305,0
69132,25664485.71011596,0
69133,25664700.339267187,0
69134,25664914.69341814,0
69135,25665128.77050962,0
69136,25665342.571857713,0
69137,25665556.09741887,0
69138,25665769.343401413,0
69139,25665982.315112725,0
69140,25666195.009156127,0
69141,25666407.425604153,0
69142,25666619.563773975,0
69143,25666831.428695906,0
69144,25667043.01207747,0
69145,25667254.320614137,0
69146,25667465.35123777,0
69147,25667676.10464925,0
69148,25667886.58014692,0
69149,25668096.77840463,0
69150,25668306.697285526,0
69151,25668516.338381648,0
69152,25668725.704721123,0
69153,25668934.789215263,0
69154,25669143.59727221,0
69155,25669352.126067977,0
69156,25669560.37749755,0
69157,25669768.352694888,0
69158,25669976.044273585,0
69159,25670183.46023669,0
69160,25670390.598148122,0
69161,25670597.457318217,0
69162,25670804.035577677,0
69163,25671010.33557953,0
69164,25671216.357529342,0
69165,25671422.100817997,0
69166,25671627.563521046,0
69167,25671832.750748973,0
69168,25672037.655140072,0
69169,25672242.279496055,0
69170,25672446.624332085,0
69171,25672650.69032396,0
69172,25672854.477534626,0
69173,25673057.98279937,0
69174,25673261.208402608,0
69175,25673464.15792036,0
69176,25673666.82286926,0
69177,25673869.210082017,0
69178,25674071.316526372,0
69179,25674273.138689775,0
69180,25674474.684920605,0
69181,25674675.950390894,0
69182,25674876.93530414,0
69183,25675077.63924032,0
69184,25675278.061005097,0
69185,25675478.20424174,0
69186,25675678.064487584,0
69187,25675877.644365303,0
69188,25676076.942254532,0
69189,25676275.96039567,0
69190,25676474.696635198,0
69191,25676673.15214562,0
69192,25676871.323244598,0
69193,25677069.217077836,0
69194,25677266.82489034,0
69195,25677464.1541041,0
69196,25677661.202157706,0
69197,25677857.96538886,0
69198,25678054.448928,0
69199,25678250.648562342,0
69200,25678446.568487357,0
69201,25678642.204073947,0
69202,25678837.55778665,0
69203,25679032.630254894,0
69204,25679227.41838705,0
69205,25679421.924662787,0
69206,25679616.148772996,0
69207,25679810.08957953,0
69208,25680003.745242566,0
69209,25680197.12178821,0
69210,25680390.213289365,0
69211,25680583.022831216,0
69212,25680775.545666933,0
69213,25680967.788381282,0
69214,25681159.747589216,0
69215,25681351.42441211,0
69216,25681542.814366825,0
69217,25681733.922590427,0
69218,25681924.746172454,0
69219,25682115.28802408,0
69220,25682305.544371355,0
69221,25682495.5155903,0
69222,25682685.203424994,0
69223,25682874.609387122,0
69224,25683063.72899069,0
69225,25683252.563319683,0
69226,25683441.11572617,0
69227,25683629.382179625,0
69228,25683817.364650954,0
69229,25684005.06143353,0
69230,25684192.4726112,0
69231,25684379.599662006,0
69232,25684566.44493582,0
69233,25684752.999839235,0
69234,25684939.270799465,0
69235,25685125.258467782,0
69236,25685310.95936417,0
69237,25685496.378915012,0
69238,25685681.51031653,0
69239,25685866.353958216,0
69240,25686050.91164258,0
69241,25686235.188223355,0
69242,25686419.175412904,0
69243,25686602.878166534,0
69244,25686786.29348962,0
69245,25686969.42136741,0
69246,25687152.267067425,0
69247,25687334.822218724,0
69248,25687517.093996573,0
69249,25687699.080335703,0
69250,25687880.77827319,0
69251,25688062.18769735,0
69252,25688243.312131602,0
69253,25688424.151118703,0
69254,25688604.704020314,0
69255,25688784.96651941,0
69256,25688964.9451822,0
69257,25689144.63237824,0
69258,25689324.035894703,0
69259,25689503.149832208,0
69260,25689681.97706583,0
69261,25689860.517126165,0
69262,25690038.77104987,0
69263,25690216.73692956,0
69264,25690394.412479237,0
69265,25690571.803544033,0
69266,25690748.905328847,0
69267,25690925.71771272,0
69268,25691102.242403325,0
69269,25691278.47843504,0
69270,25691454.429147728,0
69271,25691630.087066986,0
69272,25691805.460714478,0
69273,25691980.542166967,0
69274,25692155.337109916,0
69275,25692329.84409279,0
69276,25692504.06203346,0
69277,25692677.990611177,0
69278,25692851.628901877,0
69279,25693024.978699517,0
69280,25693198.03938686,0
69281,25693370.812690645,0
69282,25693543.295132656,0
69283,25693715.4877092,0
69284,25693887.391386952,0
69285,25694059.006646678,0
69286,25694230.33034074,0
69287,25694401.362420183,0
69288,25694572.109379984,0
69289,25694742.564589296,0
69290,25694912.727075845,0
69291,25695082.603416134,0
69292,25695252.18984407,0
69293,25695421.481402475,0
69294,25695590.484390713,0
69295,25695759.19776954,0
69296,25695927.6206963,0
69297,25696095.75104679,0
69298,25696263.59233668,0
69299,25696431.144757215,0
69300,25696598.404068377,0
69301,25696765.373427477,0
69302,25696932.050059497,0
69303,25697098.436845552,0
69304,25697264.532891303,0
69305,25697430.333512463,0
69306,25697595.847303074,0
69307,25697761.06862353,0
69308,25697925.998325873,0
69309,25698090.63472792,0
69310,25698254.981133632,0
69311,25698419.036788415,0
69312,25698582.798664186,0
69313,25698746.265493184,0
69314,25698909.446036927,0
69315,25699072.331899446,0
69316,25699234.92462472,0
69317,25699397.226521846,0
69318,25699559.235725854,0
69319,25699720.952174243,0
69320,25699882.375056595,0
69321,25700043.506381847,0
69322,25700204.343722474,0
69323,25700364.886513643,0
69324,25700525.140775263,0
69325,25700685.098728012,0
69326,25700844.765968982,0
69327,25701004.13829819,0
69328,25701163.217629015,0
69329,25701322.00295195,0
69330,25701480.495826814,0
69331,25701638.695386585,0
69332,25701796.599351622,0
69333,25701954.211074345,0
69334,25702111.52753209,0
69335,25702268.553225033,0
69336,25702425.2813166,0
69337,25702581.718166593,0
69338,25702737.860203862,0
69339,25702893.707853887,0
69340,25703049.25898604,0
69341,25703204.518210564,0
69342,25703359.481323853,0
69343,25703514.1485849,0
69344,25703668.523391224,0
69345,25703822.605352964,0
69346,25703976.390412733,0
69347,25704129.876920942,0
69348,25704283.07410704,0
69349,25704435.973638117,0
69350,25704588.57693837,0
69351,25704740.886010297,0
69352,25704892.899410937,0
69353,25705044.616728283,0
69354,25705196.04020823,0
69355,25705347.168915655,0
69356,25705497.999084137,0
69357,25705648.53555587,0
69358,25705798.77229351,0
69359,25705948.718206573,0
69360,25706098.36592975,0
69361,25706247.71375102,0
69362,25706396.770790126,0
69363,25706545.53026799,0
69364,25706693.993402325,0
69365,25706842.156377465,0
69366,25706990.028196547,0
69367,25707137.599610355,0
69368,25707284.873754673,0
69369,25707431.854473084,0
69370,25707578.53755704,0
69371,25707724.919657517,0
69372,25707871.00719236,0
69373,25708016.79706831,0
69374,25708162.29297504,0
69375,25708307.4861439,0
69376,25708452.38417535,0
69377,25708596.985238936,0
69378,25708741.288331527,0
69379,25708885.293722242,0
69380,25709029.001058243,0
69381,25709172.410781294,0
69382,25709315.523308378,0
69383,25709458.338114303,0
69384,25709600.851217583,0
69385,25709743.06811126,0
69386,25709884.988618325,0
69387,25710026.609290395,0
69388,25710167.93226529,0
69389,25710308.955515545,0
69390,25710449.67723329,0
69391,25710590.102776114,0
69392,25710730.232451964,0
69393,25710870.060609385,0
69394,25711009.59072255,0
69395,25711148.819702763,0
69396,25711287.74963053,0
69397,25711426.38284372,0
69398,25711564.713012513,0
69399,25711702.748872567,0
69400,25711840.48041678,0
69401,25711977.913069855,0
69402,25712115.046881717,0
69403,25712251.88213678,0
69404,25712388.416161682,0
69405,25712524.65044517,0
69406,25712660.583567016,0
69407,25712796.218879662,0
69408,25712931.553815484,0
69409,25713066.58587846,0
69410,25713201.32014558,0
69411,25713335.753789954,0
69412,25713469.88552272,0
69413,25713603.71525821,0
69414,25713737.247633453,0
69415,25713870.47880346,0
69416,25714003.406958967,0
69417,25714136.03577612,0
69418,25714268.36263549,0
69419,25714400.386416044,0
69420,25714532.11398734,0
69421,25714663.53678178,0
69422,25714794.65714819,0
69423,25714925.479127053,0
69424,25715055.99651432,0
69425,25715186.213689033,0
69426,25715316.12826037,0
69427,25715445.74164931,0
69428,25715575.054431576,0
69429,25715704.0636099,0
69430,25715832.769853953,0
69431,25715961.176980603,0
69432,25716089.280156136,0
69433,25716217.08059998,0
69434,25716344.578801192,0
69435,25716471.774597645,0
69436,25716598.667418778,0
69437,25716725.257961687,0
69438,25716851.54569072,0
69439,25716977.52929895,0
69440,25717103.210358765,0
69441,25717228.59064024,0
69442,25717353.66603874,0
69443,25717478.43869124,0
69444,25717602.908426452,0
69445,25717727.072917346,0
69446,25717850.935010575,0
69447,25717974.494246397,0
69448,25718097.74774918,0
69449,25718220.700074833,0
69450,25718343.34738028,0
69451,25718465.69190945,0
69452,25718587.73014017,0
69453,25718709.46618531,0
69454,25718830.89727907,0
69455,25718952.02204667,0
69456,25719072.846779235,0
69457,25719193.365660302,0
69458,25719313.578641713,0
69459,25719433.48869298,0
69460,25719553.09476842,0
69461,25719672.394253995,0
69462,25719791.386447407,0
69463,25719910.079171974,0
69464,25720028.464063965,0
69465,25720146.543404378,0
69466,25720264.315968495,0
69467,25720381.78864658,0
69468,25720498.951635025,0
69469,25720615.8110398,0
69470,25720732.363105018,0
69471,25720848.610968284,0
69472,25720964.55459317,0
69473,25721080.19144937,0
69474,25721195.51970761,0
69475,25721310.546008322,0
69476,25721425.26239512,0
69477,25721539.674594175,0
69478,25721653.779625665,0
69479,25721767.581261333,0
69480,25721881.073916122,0
69481,25721994.260861788,0
69482,25722107.14096714,0
69483,25722219.714072444,0
69484,25722331.982693627,0
69485,25722443.942211583,0
69486,25722555.59640205,0
69487,25722666.941001978,0
69488,25722777.981483202,0
69489,25722888.71553995,0
69490,25722999.137626126,0
69491,25723109.255477965,0
69492,25723219.065696873,0
69493,25723328.567901935,0
69494,25723437.765788846,0
69495,25723546.649364755,0
69496,25723655.23024828,0
69497,25723763.50392202,0
69498,25723871.466802023,0
69499,25723979.1235906,0
69500,25724086.47160645,0
69501,25724193.511986937,0
69502,25724300.243181787,0
69503,25724406.66599179,0
69504,25724512.781376034,0
69505,25724618.587434858,0
69506,25724724.08709023,0
69507,25724829.273933195,0
69508,25724934.155423183,0
69509,25725038.727301303,0
69510,25725142.987662226,0
69511,25725246.941457916,0
69512,25725350.588994887,0
69513,25725453.92170186,0
69514,25725556.948442444,0
69515,25725659.664959516,0
69516,25725762.072365012,0
69517,25725864.169782896,0
69518,25725965.958425455,0
69519,25726067.43595318,0
69520,25726168.605231393,0
69521,25726269.462316003,0
69522,25726370.01306098,0
69523,25726470.25237551,0
69524,25726570.181751847,0
69525,25726669.80049581,0
69526,25726769.107245535,0
69527,25726868.10637239,0
69528,25726966.79183912,0
69529,25727065.169396233,0
69530,25727163.237837866,0
69531,25727260.99199842,0
69532,25727358.436858557,0
69533,25727455.570383094,0
69534,25727552.395407397,0
69535,25727648.906003453,0
69536,25727745.107763674,0
69537,25727840.99528051,0
69538,25727936.57319638,0
69539,25728031.840318095,0
69540,25728126.79716061,0
69541,25728221.44207627,0
69542,25728315.773440517,0
69543,25728409.794109408,0
69544,25728503.502141926,0
69545,25728596.897543557,0
69546,25728689.98571372,0
69547,25728782.757170122,0
69548,25728875.217701714,0
69549,25728967.366497222,0
69550,25729059.200042658,0
69551,25729150.7249922,0
69552,25729241.937371023,0
69553,25729332.835294593,0
69554,25729423.421403468,0
69555,25729513.696067583,0
69556,25729603.65539078,0
69557,25729693.305235665,0
69558,25729782.63741322,0
69559,25729871.659783274,0
69560,25729960.367830183,0
69561,25730048.761898678,0
69562,25730136.843243495,0
69563,25730224.612703465,0
69564,25730312.069484573,0
69565,25730399.208489753,0
69566,25730486.03705871,0
69567,25730572.550192006,0
69568,25730658.7507485,0
69569,25730744.637830965,0
69570,25730830.2089657,0
69571,25730915.466312815,0
69572,25731000.412442826,0
69573,25731085.039887454,0
69574,25731169.356487337,0
69575,25731253.355216615,0
69576,25731337.04438285,0
69577,25731420.417503517,0
69578,25731503.471998222,0
69579,25731586.213366985,0
69580,25731668.642685574,0
69581,25731750.754606966,0
69582,25731832.554244425,0
69583,25731914.033995137,0
69584,25731995.200569246,0
69585,25732076.054258086,0
69586,25732156.591237836,0
69587,25732236.811153688,0
69588,25732316.718635067,0
69589,25732396.30788211,0
69590,25732475.582022518,0
69591,25732554.541536603,0
69592,25732633.183550157,0
69593,25732711.510011885,0
69594,25732789.520021304,0
69595,25732867.215801317,0
69596,25732944.597507566,0
69597,25733021.65737019,0
69598,25733098.40228142,0
69599,25733174.834088486,0
69600,25733250.9457727,0
69601,25733326.742500536,0
69602,25733402.222178556,0
69603,25733477.38630808,0
69604,25733552.229551516,0
69605,25733626.76145188,0
69606,25733700.972820878,0
69607,25733774.867123228,0
69608,25733848.443965204,0
69609,25733921.705064654,0
69610,25733994.64848131,0
69611,25734067.275926508,0
69612,25734139.583698865,0
69613,25734211.57240569,0
69614,25734283.2476319,0
69615,25734354.60161829,0
69616,25734425.638315324,0
69617,25734496.35678741,0
69618,25734566.75768019,0
69619,25734636.8418691,0
69620,25734706.606575806,0
69621,25734776.052379675,0
69622,25734845.182091277,0
69623,25734913.990892842,0
69624,25734982.482360825,0
69625,25735050.655606437,0
69626,25735118.50924489,0
69627,25735186.041893147,0
69628,25735253.260495655,0
69629,25735320.157025035,0
69630,25735386.73477206,0
69631,25735452.99436848,0
69632,25735518.93389871,0
69633,25735584.55492783,0
69634,25735649.856000494,0
69635,25735714.838469367,0
69636,25735779.498467017,0
69637,25735843.84277274,0
69638,25735907.865439765,0
69639,25735971.570805144,0
69640,25736034.949803617,0
69641,25736098.015928544,0
69642,25736160.75864041,0
69643,25736223.18204525,0
69644,25736285.283691153,0
69645,25736347.06702148,0
69646,25736408.529031698,0
69647,25736469.67414355,0
69648,25736530.491472904,0
69649,25736590.991541713,0
69650,25736651.174158763,0
69651,25736711.031535503,0
69652,25736770.569858834,0
69653,25736829.78766096,0
69654,25736888.68275235,0
69655,25736947.257266976,0
69656,25737005.511614516,0
69657,25737063.443139236,0
69658,25737121.053644266,0
69659,25737178.343905397,0
69660,25737235.310490075,0
69661,25737291.958959322,0
69662,25737348.28358051,0
69663,25737404.287642326,0
69664,25737459.96824416,0
69665,25737515.32708703,0
69666,25737570.365466427,0
69667,25737625.078802373,0
69668,25737679.470825113,0
69669,25737733.539824158,0
69670,25737787.29041132,0
69671,25737840.715903215,0
69672,25737893.820246495,0
69673,25737946.59849911,0
69674,25737999.057790983,0
69675,25738051.189433847,0
69676,25738103.002611946,0
69677,25738154.49332403,0
69678,25738205.65961112,0
69679,25738256.50011236,0
69680,25738307.02061259,0
69681,25738357.21778999,0
69682,25738407.090606492,0
69683,25738456.640741795,0
69684,25738505.867052928,0
69685,25738554.76717614,0
69686,25738603.347499542,0
69687,25738651.601140425,0
69688,25738699.533120126,0
69689,25738747.139279343,0
69690,25738794.423738196,0
69691,25738841.382034387,0
69692,25738888.01503255,0
69693,25738934.324621167,0
69694,25738980.313389152,0
69695,25739025.97293211,0
69696,25739071.309930053,0
69697,25739116.323539935,0
69698,25739161.00933014,0
69699,25739205.37331427,0
69700,25739249.411018644,0
69701,25739293.12384393,0
69702,25739336.513003543,0
69703,25739379.57503127,0
69704,25739422.31309265,0
69705,25739464.724120505,0
69706,25739506.81052849,0
69707,25739548.573716216,0
69708,25739590.007991042,0
69709,25739631.118946318,0
69710,25739671.903801043,0
69711,25739712.36137359,0
69712,25739752.494270436,0
69713,25739792.301704105,0
69714,25739831.783620812,0
69715,25739870.93800334,0
69716,25739909.76488096,0
69717,25739948.27047785,0
69718,25739986.444826733,0
69719,25740024.29349286,0
69720,25740061.816699035,0
69721,25740099.01292702,0
69722,25740135.88241428,0
69723,25740172.42678646,0
69724,25740208.643965594,0
69725,25740244.530096296,0
69726,25740280.092140097,0
69727,25740315.327382132,0
69728,25740350.233773615,0
69729,25740384.81607655,0
69730,25740419.068771724,0
69731,25740452.994325925,0
69732,25740486.590387374,0
69733,25740519.86043223,0
69734,25740552.805087592,0
69735,25740585.421102308,0
69736,25740617.70579015,0
69737,25740649.66765028,0
69738,25740681.297615103,0
69739,25740712.600147042,0
69740,25740743.575928193,0
69741,25740774.2211452,0
69742,25740804.53814878,0
69743,25740834.531701453,0
69744,25740864.19173571,0
69745,25740893.52375092,0
69746,25740922.52789857,0
69747,25740951.202939264,0
69748,25740979.54975038,0
69749,25741007.567448325,0
69750,25741035.256692052,0
69751,25741062.614656225,0
69752,25741089.644463215,0
69753,25741116.345892064,0
69754,25741142.72045583,0
69755,25741168.76028634,0
69756,25741194.473158423,0
69757,25741219.855542276,0
69758,25741244.91089524,0
69759,25741269.633630864,0
69760,25741294.025501624,0
69761,25741318.090550628,0
69762,25741341.82385396,0
69763,25741365.228414766,0
69764,25741388.302595347,0
69765,25741411.043721173,0
69766,25741433.458316505,0
69767,25741455.539749127,0
69768,25741477.294074878,0
69769,25741498.71514805,0
69770,25741519.803053573,0
69771,25741540.564035013,0
69772,25741560.99311054,0
69773,25741581.092777204,0
69774,25741600.86053448,0
69775,25741620.297346245,0
69776,25741639.401476182,0
69777,25741658.17536972,0
69778,25741676.618547626,0
69779,25741694.732623607,0
69780,25741712.507685006,0
69781,25741729.955481593,0
69782,25741747.073338028,0
69783,25741763.857938986,0
69784,25741780.310891386,0
69785,25741796.432694413,0
69786,25741812.22063787,0
69787,25741827.678256053,0
69788,25741842.803459678,0
69789,25741857.59616351,0
69790,25741872.05666947,0
69791,25741886.18465064,0
69792,25741899.979513884,0
69793,25741913.443036858,0
69794,25741926.57362481,0
69795,25741939.3722136,0
69796,25741951.834599383,0
69797,25741963.968053125,0
69798,25741975.767181296,0
69799,25741987.233146425,0
69800,25741998.36601445,0
69801,25742009.16408482,0
69802,25742019.63188525,0
69803,25742029.76478664,0
69804,25742039.564733014,0
69805,25742049.029989164,0
69806,25742058.161970437,0
69807,25742066.96216808,0
69808,25742075.424826123,0
69809,25742083.555686,0
69810,25742091.352892026,0
69811,25742098.817526363,0
69812,25742105.945397895,0
69813,25742112.740761455,0
69814,25742119.202739578,0
69815,25742125.326305863,0
69816,25742131.11747679,0
69817,25742136.57718734,0
69818,25742141.698104918,0
69819,25742146.485670056,0
69820,25742150.939875543,0
69821,25742155.058090676,0
69822,25742158.840788193,0
69823,25742162.290586136,0
69824,25742165.402525216,0
69825,25742168.180590402,0
69826,25742170.622409016,0
69827,25742172.729346443,0
69828,25742174.50414997,0
69829,25742175.939209074,0
69830,25742177.04141565,0
69831,25742177.80887511,0
69832,25742178.237051167,0
69833,25742178.330429815,0
69834,25742178.08873758,0
69835,25742177.51239691,0
69836,25742176.594212092,0
69837,25742175.34567257,0
69838,25742173.760762986,0
69839,25742171.83676463,0
69840,25742169.57843597,0
69841,25742166.980905917,0
69842,25742164.048024833,0
69843,25742160.78229269,0
69844,25742157.174843457,0
69845,25742153.233180523,0
69846,25742148.95394711,0
69847,25742144.3380788,0
69848,25742139.38378938,0
69849,25742134.093402132,0
69850,25742128.465923194,0
69851,25742122.499856602,0
69852,25742116.199250523,0
69853,25742109.557878636,0
69854,25742102.58227337,0
69855,25742095.267064136,0
69856,25742087.61146902,0
69857,25742079.624111284,0
69858,25742071.295308832,0
69859,25742062.63023984,0
69860,25742053.626448356,0
69861,25742044.28253367,0
69862,25742034.602303557,0
69863,25742024.581921995,0
69864,25742014.225949433,0
69865,25742003.532258943,0
69866,25741992.49658009,0
69867,25741981.124894053,0
69868,25741969.412660632,0
69869,25741957.362529285,0
69870,25741944.97435097,0
69871,25741932.243079968,0
69872,25741919.17958402,0
69873,25741905.771106247,0
69874,25741892.028258484,0
69875,25741877.943252116,0
69876,25741863.519358456,0
69877,25741848.759016614,0
69878,25741833.65620082,0
69879,25741818.212704252,0
69880,25741802.43377328,0
69881,25741786.310998153,0
69882,25741769.84864893,0
69883,25741753.045834508,0
69884,25741735.906569887,0
69885,25741718.424933888,0
69886,25741700.603869192,0
69887,25741682.443299867,0
69888,25741663.940520227,0
69889,25741645.10035802,0
69890,25741625.91594115,0
69891,25741606.392347734,0
69892,25741586.530301966,0
69893,25741566.325209655,0
69894,25741545.78089987,0
69895,25741524.89416381,0
69896,25741503.66561138,0
69897,25741482.09929184,0
69898,25741460.188965563,0
69899,25741437.939722937,0
69900,25741415.347418472,0
69901,25741392.414906695,0
69902,25741369.140825987,0
69903,25741345.525681674,0
69904,25741321.56697483,0
69905,25741297.265647683,0
69906,25741272.626643572,0
69907,25741247.64506798,0
69908,25741222.321540605,0
69909,25741196.65409268,0
69910,25741170.646151762,0
69911,25741144.294525057,0
69912,25741117.601564337,0
69913,25741090.56576998,0
69914,25741063.18933336,0
69915,25741035.46972741,0
69916,25741007.404359024,0
69917,25740979.000154834,0
69918,25740950.250628285,0
69919,25740921.16258468,0
69920,25740891.727299597,0
69921,25740861.95036589,0
69922,25740831.82946557,0
69923,25740801.367477693,0
69924,25740770.5615265,0
69925,25740739.41114655,0
69926,25740707.919628996,0
69927,25740676.08243523,0
69928,25740643.9040224,0
69929,25740611.379292805,0
69930,25740578.513444133,0
69931,25740545.302337907,0
69932,25740511.748233534,0
69933,25740477.849573802,0
69934,25740443.60697405,0
69935,25740409.019525357,0
69936,25740374.09003896,0
69937,25740338.814745996,0
69938,25740303.195742916,0
69939,25740267.231320586,0
69940,25740230.922919143,0
69941,25740194.269268747,0
69942,25740157.27215985,0
69943,25740119.93015581,0
69944,25740082.244590227,0
69945,25740044.210494928,0
69946,25740005.833541244,0
69947,25739967.11290155,0
69948,25739928.045167413,0
69949,25739888.633302633,0
69950,25739848.8757063,0
69951,25739808.77260507,0
69952,25739768.324111983,0
69953,25739727.53005115,0
69954,25739686.39110978,0
69955,25739644.904821664,0
69956,25739603.075922597,0
69957,25739560.897613503,0
69958,25739518.376199782,0
69959,25739475.506323617,0
69960,25739432.29316425,0
69961,25739388.731138386,0
69962,25739344.822740097,0
69963,25739300.572700396,0
69964,25739255.969757326,0
69965,25739211.02309821,0
69966,25739165.730073046,0
69967,25739120.091212727,0
69968,25739074.102882236,0
69969,25739027.771177728,0
69970,25738981.089170273,0
69971,25738934.063622065,0
69972,25738886.690609407,0
69973,25738838.96758179,0
69974,25738790.900464483,0
69975,25738742.48205451,0
69976,25738693.719876144,0
69977,25738644.608594086,0
69978,25738595.153514303,0
69979,25738545.345372923,0
69980,25738495.191611916,0
69981,25738444.69071342,0
69982,25738393.84183391,0
69983,25738342.644379668,0
69984,25738291.09847057,0
69985,25738239.20782975,0
69986,25738186.96621508,0
69987,25738134.375854615,0
69988,25738081.437864024,0
69989,25738028.151450653,0
69990,25737974.515938334,0
69991,25737920.532418266,0
69992,25737866.202515032,0
69993,25737811.52075297,0
69994,25737756.489194397,0
69995,25737701.111578725,0
69996,25737645.385054264,0
69997,25737589.308421154,0
69998,25737532.882938433,0
69999,25737476.10607275,0
70000,25737418.983738452,0
70001,25737361.511024956,0
70002,25737303.685447454,0
70003,25737245.516207814,0
70004,25737186.992706586,0
70005,25737128.120707512,0
70006,25737068.898101073,0
70007,25737009.327024538,0
70008,25736949.40596695,0
70009,25736889.13359641,0
70010,25736828.51330048,0
70011,25736767.54115187,0
70012,25736706.220911767,0
70013,25736644.54504402,0
70014,25736582.52530162,0
70015,25736520.151557066,0
70016,25736457.428941578,0
70017,25736394.357065566,0
70018,25736330.93143783,0
70019,25736267.153520394,0
70020,25736203.027201876,0
70021,25736138.54896232,0
70022,25736073.72102355,0
70023,25736008.54216686,0
70024,25735943.00917597,0
70025,25735877.12983857,0
70026,25735810.895612426,0
70027,25735744.31055955,0
70028,25735677.373546977,0
70029,25735610.08414267,0
70030,25735542.446266692,0
70031,25735474.453390427,0
70032,25735406.108645126,0
70033,25735337.415125385,0
70034,25735268.36660841,0
70035,25735198.967814054,0
70036,25735129.21762846,0
70037,25735059.113076393,0
70038,25734988.657125324,0
70039,25734917.849911112,0
70040,25734846.685600597,0
70041,25734775.17555042,0
70042,25734703.308517527,0
70043,25734631.08954189,0
70044,25734558.518031705,0
70045,25734485.594305754,0
70046,25734412.317347586,0
70047,25734338.68572087,0
70048,25734264.702359658,0
70049,25734190.36646103,0
70050,25734115.67385508,0
70051,25734040.632619113,0
70052,25733965.236565154,0
70053,25733889.48542858,0
70054,25733813.381404553,0
70055,25733736.924679637,0
70056,25733660.11314434,0
70057,25733582.948570445,0
70058,25733505.429541264,0
70059,25733427.558803897,0
70060,25733349.329284187,0
70061,25733270.750313632,0
70062,25733191.813741457,0
70063,25733112.525220092,0
70064,25733032.881743815,0
70065,25732952.884387687,0
70066,25732872.5304898,0
70067,25732791.822340265,0
70068,25732710.760763656,0
70069,25732629.3458201,0
70070,25732547.572432533,0
70071,25732465.444413517,0
70072,25732382.96379637,0
70073,25732300.127156205,0
70074,25732216.93652931,0
70075,25732133.38758111,0
70076,25732049.485989973,0
70077,25731965.22901815,0
70078,25731880.61536451,0
70079,25731795.647030886,0
70080,25731710.32275859,0
70081,25731624.64279378,0
70082,25731538.605839316,0
70083,25731452.215890728,0
70084,25731365.46694601,0
70085,25731278.36384045,0
70086,25731190.902914926,0
70087,25731103.08826678,0
70088,25731014.916263916,0
70089,25730926.38762495,0
70090,25730837.501912884,0
70091,25730748.262436602,0
70092,25730658.66393995,0
70093,25730568.70861933,0
70094,25730478.397287104,0
70095,25730387.728570808,0
70096,25730296.70367813,0
70097,25730205.32378954,0
70098,25730113.582967382,0
70099,25730021.48996537,0
70100,25729929.032721877,0
70101,25729836.22365625,0
70102,25729743.055566963,0
70103,25729649.529999312,0
70104,25729555.645483788,0
70105,25729461.405229673,0
70106,25729366.808655184,0
70107,25729271.851549666,0
70108,25729176.54007387,0
70109,25729080.86703057,0
70110,25728984.837919604,0
70111,25728888.449976154,0
70112,25728791.70416403,0
70113,25728694.601753995,0
70114,25728597.139025584,0
70115,25728499.31743231,0
70116,25728401.138840236,0
70117,25728302.601697836,0
70118,25728203.70368037,0
70119,25728104.447792448,0
70120,25728004.836207192,0
70121,25727904.864366166,0
70122,25727804.529952664,0
70123,25727703.84061114,0
70124,25727602.791450944,0
70125,25727501.382031344,0
70126,25727399.614959143,0
70127,25727297.486770544,0
70128,25727195.000957407,0
70129,25727092.15590242,0
70130,25726988.947516106,0
70131,25726885.383294974,0
70132,25726781.460807044,0
70133,25726677.173864145,0
70134,25726572.527515687,0
70135,25726467.525776953,0
70136,25726362.161010202,0
70137,25726256.43662198,0
70138,25726150.351751756,0
70139,25726043.90794147,0
70140,25725937.100615427,0
70141,25725829.93547239,0
70142,25725722.408900976,0
70143,25725614.5232194,0
70144,25725506.27589385,0
70145,25725397.667348072,0
70146,25725288.700196978,0
70147,25725179.368794225,0
70148,25725069.678746037,0
70149,25724959.624830306,0
70150,25724849.212138813,0
70151,25724738.440757554,0
70152,25724627.30210451,0
70153,25724515.80757063,0
70154,25724403.950019356,0
70155,25724291.73034566,0
70156,25724179.14644213,0
70157,25724066.204906043,0
70158,25723952.901372857,0
70159,25723839.235183075,0
70160,25723725.20624136,0
70161,25723610.815404773,0
70162,25723496.06364138,0
70163,25723380.948996436,0
70164,25723265.471879907,0
70165,25723149.63406202,0
70166,25723033.435101625,0
70167,25722916.86943995,0
70168,25722799.942170084,0
70169,25722682.654708244,0
70170,25722565.00552139,0
70171,25722446.98819163,0
70172,25722328.612962063,0
70173,25722209.873988897,0
70174,25722090.769430432,0
70175,25721971.30503704,0
70176,25721851.475084905,0
70177,25721731.28272393,0
70178,25721610.729245905,0
70179,25721489.811764512,0
70180,25721368.52743967,0
70181,25721246.882782444,0
70182,25721124.873472642,0
70183,25721002.500284906,0
70184,25720879.76280157,0
70185,25720756.662036356,0
70186,25720633.19791443,0
70187,25720509.37022001,0
70188,25720385.17761445,0
70189,25720260.620390117,0
70190,25720135.700632665,0
70191,25720010.41521655,0
70192,25719884.767062183,0
70193,25719758.75232834,0
70194,25719632.375261113,0
70195,25719505.631751727,0
70196,25719378.523459386,0
70197,25719251.051478736,0
70198,25719123.214368034,0
70199,25718995.012627985,0
70200,25718866.44580194,0
70201,25718737.512912948,0
70202,25718608.215913028,0
70203,25718478.553843167,0
70204,25718348.523060553,0
70205,25718218.133494243,0
70206,25718087.373468395,0
70207,25717956.250094254,0
70208,25717824.760070346,0
70209,25717692.906186666,0
70210,25717560.685402382,0
70211,25717428.097376715,0
70212,25717295.14459593,0
70213,25717161.825880498,0
70214,25717028.141068533,0
70215,25716894.09111388,0
70216,25716759.675938644,0
70217,25716624.889281455,0
70218,25716489.740179833,0
70219,25716354.222478345,0
70220,25716218.339762412,0
70221,25716082.090091903,0
70222,25715945.47637108,0
70223,25715808.49290272,0
70224,25715671.14215292,0
70225,25715533.42618366,0
70226,25715395.34318555,0
70227,25715256.893007852,0
70228,25715118.074474867,0
70229,25714978.889199574,0
70230,25714839.3381779,0
70231,25714699.416139904,0
70232,25714559.128262416,0
70233,25714418.476860803,0
70234,25714277.452978592,0
70235,25714136.064914074,0
70236,25713994.307895165,0
70237,25713852.182400696,0
70238,25713709.68420157,0
70239,25713566.82670078,0
70240,25713423.596019365,0
70241,25713279.998370133,0
70242,25713136.033677753,0
70243,25712991.698674824,0
70244,25712846.997682158,0
70245,25712701.927444827,0
70246,25712556.48659452,0
70247,25712410.679234453,0
70248,25712264.501825754,0
70249,25712117.957412757,0
70250,25711971.044199087,0
70251,25711823.760128535,0
70252,25711676.107559275,0
70253,25711528.08789516,0
70254,25711379.69595405,0
70255,25711230.936548613,0
70256,25711081.807553384,0
70257,25710932.30857625,0
70258,25710782.441776343,0
70259,25710632.205670416,0
70260,25710481.599234816,0
70261,25710330.621762943,0
70262,25710179.27620369,0
70263,25710027.558986645,0
70264,25709875.47733715,0
70265,25709723.02091674,0
70266,25709570.19298709,0
70267,25709416.99796971,0
70268,25709263.430882018,0
70269,25709109.496439323,0
70270,25708955.189358808,0
70271,25708800.510273524,0
70272,25708645.462980635,0
70273,25708490.045670807,0
70274,25708334.258252773,0
70275,25708178.0968836,0
70276,25708021.568154465,0
70277,25707864.66585579,0
70278,25707707.392447717,0
70279,25707549.74955906,0
70280,25707391.73619152,0
70281,25707233.350791145,0
70282,25707074.594005708,0
70283,25706915.46506865,0
70284,25706755.965661477,0
70285,25706596.09633793,0
70286,25706435.85378244,0
70287,25706275.237069067,0
70288,25706114.24917624,0
70289,25705952.893196367,0
70290,25705791.163429845,0
70291,25705629.060346484,0
70292,25705466.588000573,0
70293,25705303.74099431,0
70294,25705140.52439914,0
70295,25704976.934344716,0
70296,25704812.971672177,0
70297,25704648.637122154,0
70298,25704483.92910625,0
70299,25704318.849369816,0
70300,25704153.397181824,0
70301,25703987.57004517,0
70302,25703821.372153074,0
70303,25703654.80088827,0
70304,25703487.856505867,0
70305,25703320.53994537,0
70306,25703152.850980494,0
70307,25702984.787607916,0
70308,25702816.348679364,0
70309,25702647.54226369,0
70310,25702478.358175945,0
70311,25702308.80086744,0
70312,25702138.869024098,0
70313,25701968.56536418,0
70314,25701797.890499786,0
70315,25701626.83867588,0
70316,25701455.4136263,0
70317,25701283.613267228,0
70318,25701111.44160894,0
70319,25700938.89175979,0
70320,25700765.970572066,0
70321,25700592.67726357,0
70322,25700419.00548441,0
70323,25700244.962131385,0
70324,25700070.54171207,0
70325,25699895.747429393,0
70326,25699720.581434242,0
70327,25699545.039578944,0
70328,25699369.12177911,0
70329,25699192.83123943,0
70330,25699016.164638072,0
70331,25698839.122263256,0
70332,25698661.703464814,0
70333,25698483.91298116,0
70334,25698305.74385459,0
70335,25698127.204288363,0
70336,25697948.284456592,0
70337,25697768.99009966,0
70338,25697589.32204584,0
70339,25697409.277612798,0
70340,25697228.857942637,0
70341,25697048.059401054,0
70342,25696866.888835087,0
70343,25696685.34236782,0
70344,25696503.41905753,0
70345,25696321.121903803,0
70346,25696138.444253232,0
70347,25695955.390239317,0
70348,25695771.964491718,0
70349,25695588.158747885,0
70350,25695403.978570793,0
70351,25695219.42021799,0
70352,25695034.48717065,0
70353,25694849.17615896,0
70354,25694663.488255817,0
70355,25694477.42310253,0
70356,25694290.98207127,0
70357,25694104.163594313,0
70358,25693916.96948571,0
70359,25693729.39859236,0
70360,25693541.448825374,0
70361,25693353.120987497,0
70362,25693164.418932907,0
70363,25692975.33559985,0
70364,25692785.878453247,0
70365,25692596.043319397,0
70366,25692405.82693595,0
70367,25692215.23677886,0
70368,25692024.266639695,0
70369,25691832.9218555,0
70370,25691641.197449353,0
70371,25691449.092736445,0
70372,25691256.6119747,0
70373,25691063.753237102,0
70374,25690870.515194017,0
70375,25690676.89787318,0
70376,25690482.904153448,0
70377,25690288.53160735,0
70378,25690093.779272042,0
70379,25689898.65233806,0
70380,25689703.141798545,0
70381,25689507.25682891,0
70382,25689310.989408717,0
70383,25689114.345158927,0
70384,25688917.322220568,0
70385,25688719.92043211,0
70386,25688522.137902196,0
70387,25688323.975854356,0
70388,25688125.43561422,0
70389,25687926.514809377,0
70390,25687727.217548426,0
70391,25687527.538267408,0
70392,25687327.479294673,0
70393,25687127.043242108,0
70394,25686926.226410437,0
70395,25686725.027554095,0
70396,25686523.450050466,0
70397,25686321.49297998,0
70398,25686119.15689514,0
70399,25685916.43815191,0
70400,25685713.342111576,0
70401,25685509.864088237,0
70402,25685306.007149752,0
70403,25685101.76899356,0
70404,25684897.148599196,0
70405,25684692.15116823,0
70406,25684486.7711307,0
70407,25684281.009974197,0
70408,25684074.86847105,0
70409,25683868.346384086,0
70410,25683661.443641044,0
70411,25683454.158905927,0
70412,25683246.494125184,0
70413,25683038.448859,0
70414,25682830.020726804,0
70415,25682621.213544372,0
70416,25682412.022552554,0
70417,25682202.450802065,0
70418,25681992.49870277,0
70419,25681782.163486484,0
70420,25681571.44698644,0
70421,25681360.349580225,0
70422,25681148.868231844,0
70423,25680937.006789308,0
70424,25680724.764381263,0
70425,25680512.138630643,0
70426,25680299.132904347,0
70427,25680085.743776977,0
70428,25679871.97086353,0
70429,25679657.8143483,0
70430,25679443.278151948,0
70431,25679228.360764876,0
70432,25679013.05855824,0
70433,25678797.372576687,0
70434,25678581.306593217,0
70435,25678364.85663295,0
70436,25678148.026587855,0
70437,25677930.810350984,0
70438,25677713.210890837,0
70439,25677495.229883447,0
70440,25677276.865146544,0
70441,25677058.11722177,0
70442,25676838.987832792,0
70443,25676619.472926296,0
70444,25676399.57512752,0
70445,25676179.292518444,0
70446,25675958.626860842,0
70447,25675737.57732099,0
70448,25675516.145207543,0
70449,25675294.331062324,0
70450,25675072.128749747,0
70451,25674849.54587683,0
70452,25674626.57668614,0
70453,25674403.225897804,0
70454,25674179.488692667,0
70455,25673955.3699381,0
70456,25673730.86423774,0
70457,25673505.974493958,0
70458,25673280.70070769,0
70459,25673055.043625113,0
70460,25672829.000761777,0
70461,25672602.572697237,0
70462,25672375.760714788,0
70463,25672148.56349485,0
70464,25671920.979861245,0
70465,25671693.015077613,0
70466,25671464.661587458,0
70467,25671235.92515932,0
70468,25671006.804074083,0
70469,25670777.295949675,0
70470,25670547.404809166,0
70471,25670317.124158017,0
70472,25670086.460727073,0
70473,25669855.41191866,0
70474,25669623.976699032,0
70475,25669392.15705176,0
70476,25669159.950126745,0
70477,25668927.358498566,0
70478,25668694.377185944,0
70479,25668461.015273534,0
70480,25668227.26311213,0
70481,25667993.12799172,0
70482,25667758.604530744,0
70483,25667523.69501383,0
70484,25667288.401431516,0
70485,25667052.71668879,0
70486,25666816.651768196,0
70487,25666580.19558248,0
70488,25666343.3534501,0
70489,25666106.12472236,0
70490,25665868.50927734,0
70491,25665630.508007117,0
70492,25665392.117076032,0
70493,25665153.339294855,0
70494,25664914.179245945,0
70495,25664674.628027204,0
70496,25664434.69021741,0
70497,25664194.364592336,0
70498,25663953.65500775,0
70499,25663712.55578754,0
70500,25663471.06653337,0
70501,25663229.191429067,0
70502,25662986.929315884,0
70503,25662744.27879946,0
70504,25662501.239621304,0
70505,25662257.815148994,0
70506,25662014.000878885,0
70507,25661769.798242807,0
70508,25661525.208901253,0
70509,25661280.229317456,0
70510,25661034.861030802,0
70511,25660789.106560647,0
70512,25660542.963793892,0
70513,25660296.42967956,0
70514,25660049.50976731,0
70515,25659802.199124746,0
70516,25659554.504673194,0
70517,25659306.416235648,0
70518,25659057.940731596,0
70519,25658809.07400081,0
70520,25658559.82298958,0
70521,25658310.17947841,0
70522,25658060.145507332,0
70523,25657809.72667656,0
70524,25657558.914858945,0
70525,25657307.71614034,0
70526,25657056.12764099,0
70527,25656804.148371987,0
70528,25656551.778033596,0
70529,25656299.022181842,0
70530,25656045.875075452,0
70531,25655792.33652224,0
70532,25655538.409858555,0
70533,25655284.092543676,0
70534,25655029.382633597,0
70535,25654774.288451668,0
70536,25654518.799018305,0
70537,25654262.920987494,0
70538,25654006.652835943,0
70539,25653749.99619247,0
70540,25653492.947406456,0
70541,25653235.506842986,0
70542,25652977.675721757,0
70543,25652719.458266124,0
70544,25652460.84374265,0
70545,25652201.84068847,0
70546,25651942.449050445,0
70547,25651682.66362129,0
70548,25651422.490508873,0
70549,25651161.92113491,0
70550,25650900.964177784,0
70551,25650639.617010735,0
70552,25650377.8757549,0
70553,25650115.74335655,0
70554,25649853.21964112,0
70555,25649590.304790962,0
70556,25649326.9983754,0
70557,25649063.30269289,0
70558,25648799.21279297,0
70559,25648534.730977673,0
70560,25648269.855891563,0
70561,25648004.591263853,0
70562,25647738.934385553,0
70563,25647472.885698434,0
70564,25647206.442978732,0
70565,25646939.6086589,0
70566,25646672.381165225,0
70567,25646404.764146563,0
70568,25646136.751630697,0
70569,25645868.346603993,0
70570,25645599.5506023,0
70571,25645330.362939723,0
70572,25645060.780965738,0
70573,25644790.802714106,0
70574,25644520.43752898,0
70575,25644249.67556107,0
70576,25643978.523418315,0
70577,25643706.97664352,0
70578,25643435.034805194,0
70579,25643162.702432767,0
70580,25642889.976450235,0
70581,25642616.856404576,0
70582,25642343.340805937,0
70583,25642069.435432177,0
70584,25641795.13367267,0
70585,25641520.438270528,0
70586,25641245.350238435,0
70587,25640969.86883802,0
70588,25640693.992601573,0
70589,25640417.72250679,0
70590,25640141.056635614,0
70591,25639863.9990976,0
70592,25639586.545983195,0
70593,25639308.699497335,0
70594,25639030.457481444,0
70595,25638751.82384796,0
70596,25638472.792011768,0
70597,25638193.36708562,0
70598,25637913.54821738,0
70599,25637633.334712606,0
70600,25637352.72468945,0
70601,25637071.720511086,0
70602,25636790.32295957,0
70603,25636508.53005211,0
70604,25636226.34089594,0
70605,25635943.754507463,0
70606,25635660.777060926,0
70607,25635377.401722997,0
70608,25635093.633208912,0
70609,25634809.468475908,0
70610,25634524.903470132,0
70611,25634239.949480478,0
70612,25633954.59698433,0
70613,25633668.848983143,0
70614,25633382.70523149,0
70615,25633096.166304383,0
70616,25632809.231123094,0
70617,25632521.899716225,0
70618,25632234.170620874,0
70619,25631946.04919713,0
70620,25631657.530329376,0
70621,25631368.61262851,0
70622,25631079.299092762,0
70623,25630789.591942593,0
70624,25630499.487513885,0
70625,25630208.984637916,0
70626,25629918.085132018,0
70627,25629626.789467204,0
70628,25629335.099087525,0
70629,25629043.009151213,0
70630,25628750.52293091,0
70631,25628457.63990362,0
70632,25628164.36071429,0
70633,25627870.683446255,0
70634,25627576.608998813,0
70635,25627282.13630386,0
70636,25626987.26720538,0
70637,25626692.001108695,0
70638,25626396.33807362,0
70639,25626100.276781462,0
70640,25625803.818500154,0
70641,25625506.959280502,0
70642,25625209.706137344,0
70643,25624912.051126443,0
70644,25624614.002699632,0
70645,25624315.552337926,0
70646,25624016.70605247,0
70647,25623717.46331408,0
70648,25623417.819781773,0
70649,25623117.778093245,0
70650,25622817.337440245,0
70651,25622516.501198933,0
70652,25622215.264412727,0
70653,25621913.629975595,0
70654,25621611.59380036,0
70655,25621309.163729746,0
70656,25621006.33135707,0
70657,25620703.10212617,0
70658,25620399.472783282,0
70659,25620095.444010045,0
70660,25619791.01739823,0
70661,25619486.190744635,0
70662,25619180.96569991,0
70663,25618875.34064058,0
70664,25618569.317926027,0
70665,25618262.89321894,0
70666,25617956.071699735,0
70667,25617648.85190893,0
70668,25617341.226254746,0
70669,25617033.20309482,0
70670,25616724.785171933,0
70671,25616415.96196325,0
70672,25616106.74011504,0
70673,25615797.118515544,0
70674,25615487.09642707,0
70675,25615176.675600518,0
70676,25614865.853422165,0
70677,25614554.63142581,0
70678,25614243.010437828,0
70679,25613930.988068998,0
70680,25613618.563637607,0
70681,25613305.740580276,0
70682,25612992.51776759,0
70683,25612678.889733315,0
70684,25612364.863080025,0
70685,25612050.438853804,0
70686,25611735.609691318,0
70687,25611420.381328218,0
70688,25611104.752365243,0
70689,25610788.722753532,0
70690,25610472.28973292,0
70691,25610155.45431468,0
70692,25609838.22229921,0
70693,25609520.586283494,0
70694,25609202.5478365,0
70695,25608884.108102746,0
70696,25608565.26892424,0
70697,25608246.024827816,0
70698,25607926.381421182,0
70699,25607606.336116426,0
70700,25607285.88858633,0
70701,25606965.041131645,0
70702,25606643.78848688,0
70703,25606322.135272995,0
70704,25606000.079250567,0
70705,25605677.61938304,0
70706,25605354.759928297,0
70707,25605031.497454897,0
70708,25604707.83229203,0
70709,25604383.765126538,0
70710,25604059.29520576,0
70711,25603734.42162411,0
70712,25603409.147260003,0
70713,25603083.467381224,0
70714,25602757.384983066,0
70715,25602430.902436696,0
70716,25602104.01255854,0
70717,25601776.723858044,0
70718,25601449.02956998,0
70719,25601120.93203861,0
70720,25600792.432993233,0
70721,25600463.529026173,0
70722,25600134.22056429,0
70723,25599804.51219336,0
70724,25599474.397007044,0
70725,25599143.880552795,0
70726,25598812.95898545,0
70727,25598481.63444672,0
70728,25598149.902798943,0
70729,25597817.771217365,0
70730,25597485.235464577,0
70731,25597152.29733111,0
70732,25596818.94955035,0
70733,25596485.199737627,0
70734,25596151.047549896,0
70735,25595816.48824999,0
70736,25595481.52702748,0
70737,25595146.159926634,0
70738,25594810.389680535,0
70739,25594474.213388693,0
70740,25594137.631681245,0
70741,25593800.645337105,0
70742,25593463.255624354,0
70743,25593125.461950492,0
70744,25592787.261599295,0
70745,25592448.656642444,0
70746,25592109.64673074,0
70747,25591770.230347145,0
70748,25591430.410509355,0
70749,25591090.184740447,0
70750,25590749.552068844,0
70751,25590408.516200855,0
70752,25590067.07499058,0
70753,25589725.22749572,0
70754,25589382.97252823,0
70755,25589040.314646967,0
70756,25588697.24854748,0
70757,25588353.777430654,0
70758,25588009.903431926,0
70759,25587665.618313387,0
70760,25587320.928385817,0
70761,25586975.83441098,0
70762,25586630.333357938,0
70763,25586284.427029643,0
70764,25585938.111899,0
70765,25585591.392356448,0
70766,25585244.26627076,0
70767,25584896.731295,0
70768,25584548.792211205,0
70769,25584200.445201404,0
70770,25583851.692066643,0
70771,25583502.531683274,0
70772,25583152.964564107,0
70773,25582802.989993714,0
70774,25582452.60912213,0
70775,25582101.82052928,0
70776,25581750.627656627,0
70777,25581399.023203224,0
70778,25581047.012553163,0
70779,25580694.594776943,0
70780,25580341.77119958,0
70781,25579988.5369848,0
70782,25579634.896500107,0
70783,25579280.84874353,0
70784,25578926.395984214,0
70785,25578571.532714218,0
70786,25578216.260538828,0
70787,25577860.58078845,0
70788,25577504.4937595,0
70789,25577148.001232937,0
70790,25576791.095834777,0
70791,25576433.78478726,0
70792,25576076.064237934,0
70793,25575717.936648324,0
70794,25575359.400393248,0
70795,25575000.45678779,0
70796,25574641.101300675,0
70797,25574281.339681514,0
70798,25573921.167887196,0
70799,25573560.588744033,0
70800,25573199.60037808,0
70801,25572838.2024063,0
70802,25572476.396449976,0
70803,25572114.180065047,0
70804,25571751.55672847,0
70805,25571388.522554554,0
70806,25571025.078972746,0
70807,25570661.227118358,0
70808,25570296.966869798,0
70809,25569932.2943316,0
70810,25569567.21421631,0
70811,25569201.72397618,0
70812,25568835.8242357,0
70813,25568469.512928937,0
70814,25568102.79358066,0
70815,25567735.66458611,0
70816,25567368.126727477,0
70817,25567000.177168112,0
70818,25566631.817834303,0
70819,25566263.048080597,0
70820,25565893.8672497,0
70821,25565524.278072625,0
70822,25565154.278640132,0
70823,25564783.86760336,0
70824,25564413.04681806,0
70825,25564041.813399963,0
70826,25563670.172645744,0
70827,25563298.117589317,0
70828,25562925.654637463,0
70829,25562552.78041422,0
70830,25562179.49409788,0
70831,25561805.798736777,0
70832,25561431.692387555,0
70833,25561057.17475539,0
70834,25560682.24337043,0
70835,25560306.902335882,0
70836,25559931.150660835,0
70837,25559554.9869352,0
70838,25559178.411178097,0
70839,25558801.42621781,0
70840,25558424.02729652,0
70841,25558046.217207737,0
70842,25557667.995867137,0
70843,25557289.365581587,0
70844,25556910.318956636,0
70845,25556530.86088321,0
70846,25556150.989848383,0
70847,25555770.709595896,0
70848,25555390.018286906,0
70849,25555008.91262755,0
70850,25554627.39423339,0
70851,25554245.465402283,0
70852,25553863.12255182,0
70853,25553480.3679634,0
70854,25553097.201217134,0
70855,25552713.62057023,0
70856,25552329.62773871,0
70857,25551945.222582467,0
70858,25551560.405550707,0
70859,25551175.173530426,0
70860,25550789.533532485,0
70861,25550403.475507703,0
70862,25550017.00546149,0
70863,25549630.120891828,0
70864,25549242.824764036,0
70865,25548855.114763834,0
70866,25548466.995250817,0
70867,25548078.458585303,0
70868,25547689.508273154,0
70869,25547300.144300457,0
70870,25546910.36724817,0
70871,25546520.17768371,0
70872,25546129.574575998,0
70873,25545738.555612918,0
70874,25545347.121972978,0
70875,25544955.27649159,0
70876,25544563.01788694,0
70877,25544170.34263753,0
70878,25543777.254966445,0
70879,25543383.754670363,0
70880,25542989.836287238,0
70881,25542595.50411875,0
70882,25542200.763257112,0
70883,25541805.601652734,0
70884,25541410.026144397,0
70885,25541014.03722573,0
70886,25540617.631445896,0
70887,25540220.81476617,0
70888,25539823.58118149,0
70889,25539425.933902554,0
70890,25539027.872356903,0
70891,25538629.393071767,0
70892,25538230.501475096,0
70893,25537831.189705323,0
70894,25537431.465992235,0
70895,25537031.32991852,0
70896,25536630.77456436,0
70897,25536229.805286195,0
70898,25535828.419658035,0
70899,25535426.619186528,0
70900,25535024.403358955,0
70901,25534621.77090956,0
70902,25534218.722310238,0
70903,25533815.261608467,0
70904,25533411.379874192,0
70905,25533007.084119707,0
70906,25532602.372483805,0
70907,25532197.245584022,0
70908,25531791.701251246,0
70909,25531385.739485003,0
70910,25530979.36498312,0
70911,25530572.57151297,0
70912,25530165.363791514,0
70913,25529757.73792372,0
70914,25529349.69515481,0
70915,25528941.237992562,0
70916,25528532.361515183,0
70917,25528123.0689775,0
70918,25527713.359928515,0
70919,25527303.23394306,0
70920,25526892.69190523,0
70921,25526481.73065696,0
70922,25526070.354444947,0
70923,25525658.559642527,0
70924,25525246.34804221,0
70925,25524833.72039672,0
70926,25524420.67286123,0
70927,25524007.210755993,0
70928,25523593.329483688,0
70929,25523179.031873584,0
70930,25522764.312526155,0
70931,25522349.181343127,0
70932,25521933.628293872,0
70933,25521517.657247886,0
70934,25521101.270915885,0
70935,25520684.466659855,0
70936,25520267.242602237,0
70937,25519849.6024766,0
70938,25519431.541065227,0
70939,25519013.06341237,0
70940,25518594.167004235,0
70941,25518174.85154551,0
70942,25517755.119484276,0
70943,25517334.96774147,0
70944,25516914.397931177,0
70945,25516493.409154583,0
70946,25516072.001651138,0
70947,25515650.175536092,0
70948,25515227.931499116,0
70949,25514805.26548515,0
70950,25514382.182839297,0
70951,25513958.68305096,0
70952,25513534.76188026,0
70953,25513110.420682136,0
70954,25512685.663032714,0
70955,25512260.482788425,0
70956,25511834.886103965,0
70957,25511408.868193462,0
70958,25510982.431371823,0
70959,25510555.57204719,0
70960,25510128.29768991,0
70961,25509700.601072945,0
70962,25509272.484194797,0
70963,25508843.95142226,0
70964,25508414.99594362,0
70965,25507985.61931125,0
70966,25507555.82352398,0
70967,25507125.608796876,0
70968,25506694.97136733,0
70969,25506263.916057467,0
70970,25505832.441041842,0
70971,25505400.545541536,0
70972,25504968.22790709,0
70973,25504535.49021905,0
70974,25504102.332079463,0
70975,25503668.756862346,0
70976,25503234.754184607,0
70977,25502800.333517555,0
70978,25502365.494043123,0
70979,25501930.23353058,0
70980,25501494.550569538,0
70981,25501058.446147986,0
70982,25500621.92245185,0
70983,25500184.977586467,0
70984,25499747.609690934,0
70985,25499309.821375895,0
70986,25498871.611774463,0
70987,25498432.979860883,0
70988,25497993.928574204,0
70989,25497554.455147557,0
70990,25497114.5598361,0
70991,25496674.241623227,0
70992,25496233.50218385,0
70993,25495792.34322177,0
70994,25495350.758775905,0
70995,25494908.75355103,0
70996,25494466.32672911,0
70997,25494023.47793549,0
70998,25493580.207429323,0
70999,25493136.516859386,0
71000,25492692.398917723,0
71001,25492247.863618635,0
71002,25491802.90191425,0
71003,25491357.520734277,0
71004,25490911.71366579,0
71005,25490465.487192757,0
71006,25490018.835409205,0
71007,25489571.7641454,0
71008,25489124.26922583,0
71009,25488676.35087392,0
71010,25488228.00845804,0
71011,25487779.243681338,0
71012,25487330.056660496,0
71013,25486880.445426058,0
71014,25486430.4116753,0
71015,25485979.954851747,0
71016,25485529.075194426,0
71017,25485077.772739433,0
71018,25484626.045503885,0
71019,25484173.893287633,0
71020,25483721.31862686,0
71021,25483268.320914745,0
71022,25482814.8986779,0
71023,25482361.055633448,0
71024,25481906.784434475,0
71025,25481452.09060158,0
71026,25480996.976663478,0
71027,25480541.435673844,0
71028,25480085.468875002,0
71029,25479629.081074674,0
71030,25479172.266053222,0
71031,25478715.029592752,0
71032,25478257.368020967,0
71033,25477799.28191631,0
71034,25477340.770703174,0
71035,25476881.832955856,0
71036,25476422.475089125,0
71037,25475962.69223367,0
71038,25475502.480975416,0
71039,25475041.844926603,0
71040,25474580.786465008,0
71041,25474119.302596435,0
71042,25473657.391714003,0
71043,25473195.060023736,0
71044,25472732.300325222,0
71045,25472269.115934882,0
71046,25471805.506422367,0
71047,25471341.470814057,0
71048,25470877.011996534,0
71049,25470412.12548222,0
71050,25469946.81340796,0
71051,25469481.077452246,0
71052,25469014.9147857,0
71053,25468548.32519092,0
71054,25468081.311916772,0
71055,25467613.872022655,0
71056,25467146.005818177,0
71057,25466677.71328737,0
71058,25466208.996238343,0
71059,25465739.85423677,0
71060,25465270.28227803,0
71061,25464800.287558887,0
71062,25464329.864069242,0
71063,25463859.01536413,0
71064,25463387.738647126,0
71065,25462916.03922848,0
71066,25462443.91177199,0
71067,25461971.35405047,0
71068,25461498.374414213,0
71069,25461024.963464413,0
71070,25460551.129499238,0
71071,25460076.866332326,0
71072,25459602.178901404,0
71073,25459127.062342856,0
71074,25458651.519458327,0
71075,25458175.550658286,0
71076,25457699.153237734,0
71077,25457222.32721645,0
71078,25456745.07657259,0
71079,25456267.39731046,0
71080,25455789.29051817,0
71081,25455310.755294807,0
71082,25454831.793641575,0
71083,25454352.403552745,0
71084,25453872.588993087,0
71085,25453392.34211401,0
71086,25452911.6688579,0
71087,25452430.568773307,0
71088,25451949.039912906,0
71089,25451467.0850518,0
71090,25450984.698228516,0
71091,25450501.88612613,0
71092,25450018.64413602,0
71093,25449534.973184004,0
71094,25449050.877146028,0
71095,25448566.35186423,0
71096,25448081.3965422,0
71097,25447596.01211072,0
71098,25447110.203114435,0
71099,25446623.959939163,0
71100,25446137.2912294,0
71101,25445650.19296064,0
71102,25445162.66627885,0
71103,25444674.7116718,0
71104,25444186.32756797,0
71105,25443697.51265503,0
71106,25443208.2709822,0
71107,25442718.59919011,0
71108,25442228.49685874,0
71109,25441737.96514041,0
71110,25441247.008270867,0
71111,25440755.616761513,0
71112,25440263.796406057,0
71113,25439771.54985641,0
71114,25439278.87284,0
71115,25438785.7653188,0
71116,25438292.226031546,0
71117,25437798.258094013,0
71118,25437303.86315013,0
71119,25436809.03632653,0
71120,25436313.779893197,0
71121,25435818.0926809,0
71122,25435321.974600106,0
71123,25434825.426120486,0
71124,25434328.448888548,0
71125,25433831.04114324,0
71126,25433333.20210546,0
71127,25432834.935292635,0
71128,25432336.235923156,0
71129,25431837.10361245,0
71130,25431337.544165954,0
71131,25430837.555331826,0
71132,25430337.132454075,0
71133,25429836.2786771,0
71134,25429334.99589546,0
71135,25428833.28180926,0
71136,25428331.13460126,0
71137,25427828.55641969,0
71138,25427325.550766293,0
71139,25426822.111744847,0
71140,25426318.239488125,0
71141,25425813.93908532,0
71142,25425309.204972494,0
71143,25424804.039600987,0
71144,25424298.445430078,0
71145,25423792.41904327,0
71146,25423285.958649054,0
71147,25422779.06753342,0
71148,25422271.74328142,0
71149,25421763.990665775,0
71150,25421255.803010277,0
71151,25420747.184352044,0
71152,25420238.135555398,0
71153,25419728.65091469,0
71154,25419218.737226665,0
71155,25418708.38938698,0
71156,25418197.611056913,0
71157,25417686.397648107,0
71158,25417174.756465334,0
71159,25416662.679934006,0
71160,25416150.172814548,0
71161,25415637.229384936,0
71162,25415123.85409355,0
71163,25414610.049125955,0
71164,25414095.809464447,0
71165,25413581.137323387,0
71166,25413066.028674267,0
71167,25412550.491586834,0
71168,25412034.520005044,0
71169,25411518.11797502,0
71170,25411001.279632244,0
71171,25410484.009121247,0
71172,25409966.302791204,0
71173,25409448.166552633,0
71174,25408929.593932685,0
71175,25408410.59013108,0
71176,25407891.15350122,0
71177,25407371.282152016,0
71178,25406850.977222167,0
71179,25406330.23736026,0
71180,25405809.06583861,0
71181,25405287.45897886,0
71182,25404765.420201212,0
71183,25404242.943895005,0
71184,25403720.034148525,0
71185,25403196.69417004,0
71186,25402672.917305563,0
71187,25402148.705280293,0
71188,25401624.06076557,0
71189,25401098.981867228,0
71190,25400573.467472054,0
71191,25400047.518453814,0
71192,25399521.136549667,0
71193,25398994.320228945,0
71194,25398467.066926084,0
71195,25397939.38072822,0
71196,25397411.258787107,0
71197,25396882.701346863,0
71198,25396353.711188,0
71199,25395824.2845984,0
71200,25395294.424526263,0
71201,25394764.12863975,0
71202,25394233.39677329,0
71203,25393702.228432048,0
71204,25393170.62600642,0
71205,25392638.588321835,0
71206,25392106.11727347,0
71207,25391573.208203714,0
71208,25391039.864087064,0
71209,25390506.08786519,0
71210,25389971.871447194,0
71211,25389437.22064707,0
71212,25388902.13417761,0
71213,25388366.61325897,0
71214,25387830.653328665,0
71215,25387294.26001368,0
71216,25386757.430182327,0
71217,25386220.16494079,0
71218,25385682.460744847,0
71219,25385144.32344154,0
71220,25384605.74557471,0
71221,25384066.738390535,0
71222,25383527.289177764,0
71223,25382987.405542802,0
71224,25382447.083024535,0
71225,25381906.32590765,0
71226,25381365.132923033,0
71227,25380823.50320548,0
71228,25380281.435789503,0
71229,25379738.931672554,0
71230,25379195.99104274,0
71231,25378652.61111918,0
71232,25378108.79908986,0
71233,25377564.546636883,0
71234,25377019.858773485,0
71235,25376474.731172938,0
71236,25375929.1678525,0
71237,25375383.16764603,0
71238,25374836.730061617,0
71239,25374289.854982715,0
71240,25373742.540749274,0
71241,25373194.790618263,0
71242,25372646.602003045,0
71243,25372097.97577552,0
71244,25371548.91050414,0
71245,25370999.411186058,0
71246,25370449.470758084,0
71247,25369899.095301792,0
71248,25369348.278337706,0
71249,25368797.025363524,0
71250,25368245.333725594,0
71251,25367693.205525115,0
71252,25367140.636900447,0
71253,25366587.631689884,0
71254,25366034.184014227,0
71255,25365480.305825274,0
71256,25364925.981490042,0
71257,25364371.2233998,0
71258,25363816.024662126,0
71259,25363260.387744147,0
71260,25362704.310363043,0
71261,25362147.796207346,0
71262,25361590.843466118,0
71263,25361033.450688116,0
71264,25360475.61842515,0
71265,25359917.349531047,0
71266,25359358.64177655,0
71267,25358799.49045722,0
71268,25358239.903543215,0
71269,25357679.876188092,0
71270,25357119.409162737,0
71271,25356558.50452036,0
71272,25355997.15923361,0
71273,25355435.373103607,0
71274,25354873.150723428,0
71275,25354310.485301934,0
71276,25353747.382670708,0
71277,25353183.838485487,0
71278,25352619.854908187,0
71279,25352055.431708436,0
71280,25351490.569301005,0
71281,25350925.26443209,0
71282,25350359.522749063,0
71283,25349793.340411443,0
71284,25349226.71615246,0
71285,25348659.650192253,0
71286,25348092.146548886,0
71287,25347524.203581013,0
71288,25346955.817975827,0
71289,25346386.994369213,0
71290,25345817.727175552,0
71291,25345248.021764267,0
71292,25344677.876047798,0
71293,25344107.286298852,0
71294,25343536.256642763,0
71295,25342964.788580097,0
71296,25342392.87808701,0
71297,25341820.526704416,0
71298,25341247.735442027,0
71299,25340674.499416612,0
71300,25340100.826979794,0
71301,25339526.709540095,0
71302,25338952.154420823,0
71303,25338377.152479663,0
71304,25337801.717001628,0
71305,25337225.833216347,0
71306,25336649.50947984,0
71307,25336072.74722721,0
71308,25335495.54082707,0
71309,25334917.893070456,0
71310,25334339.804094557,0
71311,25333761.27193471,0
71312,25333182.298464622,0
71313,25332602.882521927,0
71314,25332023.026496783,0
71315,25331442.726973575,0
71316,25330861.986235987,0
71317,25330280.802941486,0
71318,25329699.178914923,0
71319,25329117.108483944,0
71320,25328534.598788664,0
71321,25327951.64577741,0
71322,25327368.249617808,0
71323,25326784.41620491,0
71324,25326200.13203434,0
71325,25325615.410361927,0
71326,25325030.245999772,0
71327,25324444.63459204,0
71328,25323858.585404508,0
71329,25323272.088791285,0
71330,25322685.15237584,0
71331,25322097.773572654,0
71332,25321509.94949733,0
71333,25320921.684849232,0
71334,25320332.973953962,0
71335,25319743.821523536,0
71336,25319154.224176336,0
71337,25318564.184318185,0
71338,25317973.701258462,0
71339,25317382.775044605,0
71340,25316791.405297488,0
71341,25316199.593550555,0
71342,25315607.33552629,0
71343,25315014.632843543,0
71344,25314421.488916952,0
71345,25313827.900655724,0
71346,25313233.871066842,0
71347,25312639.39161982,0
71348,25312044.471513722,0
71349,25311449.10542812,0
71350,25310853.298353452,0
71351,25310257.046018112,0
71352,25309660.347224757,0
71353,25309063.20640255,0
71354,25308465.620388202,0
71355,25307867.589462582,0
71356,25307269.11575997,0
71357,25306670.194182094,0
71358,25306070.829997145,0
71359,25305471.022079524,0
71360,25304870.768165544,0
71361,25304270.067289874,0
71362,25303668.92627197,0
71363,25303067.336755283,0
71364,25302465.305467717,0
71365,25301862.82836619,0
71366,25301259.90447424,0
71367,25300656.53616392,0
71368,25300052.72226942,0
71369,25299448.463756125,0
71370,25298843.76215461,0
71371,25298238.60936954,0
71372,25297633.01464788,0
71373,25297026.973224636,0
71374,25296420.48604295,0
71375,25295813.55644004,0
71376,25295206.179845445,0
71377,25294598.35782531,0
71378,25293990.086302575,0
71379,25293381.37135026,0
71380,25292772.211739622,0
71381,25292162.60572748,0
71382,25291552.549948253,0
71383,25290942.052915968,0
71384,25290331.10898641,0
71385,25289719.715597667,0
71386,25289107.87709858,0
71387,25288495.595115263,0
71388,25287882.862662315,0
71389,25287269.688421484,0
71390,25286656.06593204,0
71391,25286041.9935795,0
71392,25285427.479245253,0
71393,25284812.515036732,0
71394,25284197.10586157,0
71395,25283581.247089066,0
71396,25282964.944760285,0
71397,25282348.19385286,0
71398,25281730.995316155,0
71399,25281113.351199582,0
71400,25280495.26047748,0
71401,25279876.71996772,0
71402,25279257.73386548,0
71403,25278638.30048847,0
71404,25278018.420354363,0
71405,25277398.093388233,0
71406,25276777.317116126,0
71407,25276156.095911525,0
71408,25275534.422632873,0
71409,25274912.306406643,0
71410,25274289.739658292,0
71411,25273666.726308957,0
71412,25273043.26568486,0
71413,25272419.35309278,0
71414,25271794.996397935,0
71415,25271170.193304736,0
71416,25270544.93994164,0
71417,25269919.237439465,0
71418,25269293.091424692,0
71419,25268666.49060304,0
71420,25268039.44530343,0
71421,25267411.952733643,0
71422,25266784.008271918,0
71423,25266155.61700001,0
71424,25265526.778677005,0
71425,25264897.489405967,0
71426,25264267.753788047,0
71427,25263637.568475258,0
71428,25263006.934177212,0
71429,25262375.852021392,0
71430,25261744.318651713,0
71431,25261112.337821253,0
71432,25260479.908562206,0
71433,25259847.027117006,0
71434,25259213.702378143,0
71435,25258579.924913127,0
71436,25257945.699506372,0
71437,25257311.022853564,0
71438,25256675.900408056,0
71439,25256040.324796937,0
71440,25255404.30235337,0
71441,25254767.828036778,0
71442,25254130.906492926,0
71443,25253493.53235071,0
71444,25252855.709928915,0
71445,25252217.440420214,0
71446,25251578.71933305,0
71447,25250939.54814967,0
71448,25250299.926958233,0
71449,25249659.855898663,0
71450,25249019.336021964,0
71451,25248378.3661127,0
71452,25247736.94577664,0
71453,25247095.072964735,0
71454,25246452.74802661,0
71455,25245809.979514543,0
71456,25245166.757299043,0
71457,25244523.083547574,0
71458,25243878.961495794,0
71459,25243234.387324195,0
71460,25242589.36276243,0
71461,25241943.88820382,0
71462,25241297.961872626,0
71463,25240651.584308427,0
71464,25240004.757180206,0
71465,25239357.482014485,0
71466,25238709.7511847,0
71467,25238061.570809726,0
71468,25237412.939876553,0
71469,25236763.858938538,0
71470,25236114.32776243,0
71471,25235464.34171977,0
71472,25234813.90478137,0
71473,25234163.020713657,0
71474,25233511.681192704,0
71475,25232859.890711136,0
71476,25232207.65023499,0
71477,25231554.95689608,0
71478,25230901.81168786,0
71479,25230248.215708002,0
71480,25229594.167139016,0
71481,25228939.668241832,0
71482,25228284.718134917,0
71483,25227629.314700954,0
71484,25226973.458258737,0
71485,25226317.150892656,0
71486,25225660.390576243,0
71487,25225003.180430114,0
71488,25224345.514890447,0
71489,25223687.401103396,0
71490,25223028.832389545,0
71491,25222369.81104935,0
71492,25221710.338681143,0
71493,25221050.412366215,0
71494,25220390.034831613,0
71495,25219729.20421019,0
71496,25219067.921874397,0
71497,25218406.18521294,0
71498,25217743.997034244,0
71499,25217081.35483059,0
71500,25216418.259964865,0
71501,25215754.713197883,0
71502,25215090.712708347,0
71503,25214426.258645315,0
71504,25213761.351148047,0
71505,25213095.992432028,0
71506,25212430.179615926,0
71507,25211763.914628167,0
71508,25211097.194614798,0
71509,25210430.021097172,0
71510,25209762.395541318,0
71511,25209094.315691207,0
71512,25208425.781852257,0
71513,25207756.797394138,0
71514,25207087.355237085,0
71515,25206417.460411433,0
71516,25205747.111548215,0
71517,25205076.311476,0
71518,25204405.056199238,0
71519,25203733.34538009,0
71520,25203061.18252414,0
71521,25202388.563589975,0
71522,25201715.492638387,0
71523,25201041.967971426,0
71524,25200367.986448515,0
71525,25199693.55155295,0
71526,25199018.664718356,0
71527,25198343.32036046,0
71528,25197667.521997105,0
71529,25196991.269467257,0
71530,25196314.56245537,0
71531,25195637.402685102,0
71532,25194959.787005812,0
71533,25194281.71548973,0
71534,25193603.189756144,0
71535,25192924.210165936,0
71536,25192244.772884727,0
71537,25191564.884149607,0
71538,25190884.538851786,0
71539,25190203.738943905,0
71540,25189522.483580746,0
71541,25188840.772088226,0
71542,25188158.608510844,0
71543,25187475.984441895,0
71544,25186792.908574145,0
71545,25186109.378030814,0
71546,25185425.389202192,0
71547,25184740.947099067,0
71548,25184056.04803611,0
71549,25183370.694132846,0
71550,25182684.883503936,0
71551,25181998.620096345,0
71552,25181311.89886293,0
71553,25180624.721755147,0
71554,25179937.087537672,0
71555,25179248.99933033,0
71556,25178560.456008703,0
71557,25177871.453247633,0
71558,25177181.99461797,0
71559,25176492.081554018,0
71560,25175801.711902194,0
71561,25175110.888225533,0
71562,25174419.605050534,0
71563,25173727.86442854,0
71564,25173035.672190923,0
71565,25172343.019823734,0
71566,25171649.91122864,0
71567,25170956.34774126,0
71568,25170262.324481774,0
71569,25169567.84782129,0
71570,25168872.90920445,0
71571,25168177.518786483,0
71572,25167481.671512008,0
71573,25166785.36663918,0
71574,25166088.600968476,0
71575,25165391.381922763,0
71576,25164693.70553551,0
71577,25163995.570276923,0
71578,25163296.97956334,0
71579,25162597.932727337,0
71580,25161898.424084585,0
71581,25161198.4614441,0
71582,25160498.041068304,0
71583,25159797.1628586,0
71584,25159095.82555824,0
71585,25158394.032651152,0
71586,25157691.781267755,0
71587,25156989.072855707,0
71588,25156285.90458181,0
71589,25155582.282391574,0
71590,25154878.198841542,0
71591,25154173.65916007,0
71592,25153468.659022268,0
71593,25152763.201809973,0
71594,25152057.28739341,0
71595,25151350.91619252,0
71596,25150644.08396608,0
71597,25149936.79341832,0
71598,25149229.0475112,0
71599,25148520.840908933,0
71600,25147812.176384903,0
71601,25147103.05191718,0
71602,25146393.4705074,0
71603,25145683.43124444,0
71604,25144972.931973107,0
71605,25144261.974716872,0
71606,25143550.559726965,0
71607,25142838.682606507,0
71608,25142126.348654214,0
71609,25141413.55598062,0
71610,25140700.30349588,0
71611,25139986.593144506,0
71612,25139272.42418266,0
71613,25138557.793502446,0
71614,25137842.70546823,0
71615,25137127.15503956,0
71616,25136411.150268994,0
71617,25135694.685111467,0
71618,25134977.757749055,0
71619,25134260.37230652,0
71620,25133542.527449343,0
71621,25132824.224120684,0
71622,25132105.45964434,0
71623,25131386.23330094,0
71624,25130666.55179806,0
71625,25129946.408429705,0
71626,25129225.801933035,0
71627,25128504.740335703,0
71628,25127783.217524223,0
71629,25127061.23085561,0
71630,25126338.78954698,0
71631,25125615.88594256,0
71632,25124892.522249594,0
71633,25124168.69992688,0
71634,25123444.41451019,0
71635,25122719.67031509,0
71636,25121994.464899056,0
71637,25121268.801727753,0
71638,25120542.674186263,0
71639,25119816.086528584,0
71640,25119089.03901029,0
71641,25118361.53062381,0
71642,25117633.561656903,0
71643,25116905.13195274,0
71644,25116176.24380682,0
71645,25115446.890706524,0
71646,25114717.08006793,0
71647,25113986.805740457,0
71648,25113256.07125057,0
71649,25112524.876314938,0
71650,25111793.221912358,0
71651,25111061.105411295,0
71652,25110328.522984363,0
71653,25109595.482540045,0
71654,25108861.982216906,0
71655,25108128.018240683,0
71656,25107393.59276947,0
71657,25106658.707703218,0
71658,25105923.36017077,0
71659,25105187.549701307,0
71660,25104451.278561015,0
71661,25103714.54755965,0
71662,25102977.35028172,0
71663,25102239.693952885,0
71664,25101501.57549959,0
71665,25100762.99715565,0
71666,25100023.950946078,0
71667,25099284.44912925,0
71668,25098544.481525898,0
71669,25097804.05442835,0
71670,25097063.161787286,0
71671,25096321.805800855,0
71672,25095579.993734654,0
71673,25094837.713654894,0
71674,25094094.971161336,0
71675,25093351.769597694,0
71676,25092608.10427677,0
71677,25091863.974812184,0
71678,25091119.383280307,0
71679,25090374.331334982,0
71680,25089628.813244306,0
71681,25088882.834081557,0
71682,25088136.394200534,0
71683,25087389.48731149,0
71684,25086642.118233435,0
71685,25085894.287320256,0
71686,25085145.994270448,0
71687,25084397.236824777,0
71688,25083648.01638408,0
71689,25082898.33258188,0
71690,25082148.184860982,0
71691,25081397.57452267,0
71692,25080646.49941069,0
71693,25079894.961271282,0
71694,25079142.962728128,0
71695,25078390.4976565,0
71696,25077637.568272978,0
71697,25076884.175987292,0
71698,25076130.323301088,0
71699,25075376.00068682,0
71700,25074621.21855501,0
71701,25073865.970501136,0
71702,25073110.25965811,0
71703,25072354.08421827,0
71704,25071597.44365203,0
71705,25070840.34294963,0
71706,25070082.77580234,0
71707,25069324.742856927,0
71708,25068566.250240974,0
71709,25067807.287715457,0
71710,25067047.863028415,0
71711,25066287.974255987,0
71712,25065527.619810045,0
71713,25064766.801432773,0
71714,25064005.51907711,0
71715,25063243.772089507,0
71716,25062481.561306734,0
71717,25061718.883742608,0
71718,25060955.74332352,0
71719,25060192.135185234,0
71720,25059428.064649504,0
71721,25058663.52848094,0
71722,25057898.52427547,0
71723,25057133.06148128,0
71724,25056367.129643265,0
71725,25055600.734722063,0
71726,25054833.873371605,0
71727,25054066.54435026,0
71728,25053298.7533018,0
71729,25052530.494696926,0
71730,25051761.77331093,0
71731,25050992.58383712,0
71732,25050222.930003546,0
71733,25049452.810757566,0
71734,25048682.226068128,0
71735,25047911.174963847,0
71736,25047139.658695042,0
71737,25046367.67662794,0
71738,25045595.227545504,0
71739,25044822.312522266,0
71740,25044048.93189348,0
71741,25043275.086674362,0
71742,25042500.77555785,0
71743,25041725.995746937,0
71744,25040950.753849994,0
71745,25040175.04116861,0
71746,25039398.865294788,0
71747,25038622.22376525,0
71748,25037845.112628795,0
71749,25037067.53582999,0
71750,25036289.492059924,0
71751,25035510.98610924,0
71752,25034732.010579247,0
71753,25033952.56879224,0
71754,25033172.659605555,0
71755,25032392.283509627,0
71756,25031611.44103882,0
71757,25030830.132819593,0
71758,25030048.357842244,0
71759,25029266.111037284,0
71760,25028483.405097995,0
71761,25027700.226997867,0
71762,25026916.58316471,0
71763,25026132.472933844,0
71764,25025347.89378565,0
71765,25024562.848659564,0
71766,25023777.333985135,0
71767,25022991.355182998,0
71768,25022204.908412863,0
71769,25021417.992513753,0
71770,25020630.610074162,0
71771,25019842.760519978,0
71772,25019054.443135496,0
71773,25018265.658921197,0
71774,25017476.40482949,0
71775,25016686.6849755,0
71776,25015896.494953327,0
71777,25015105.836248875,0
71778,25014314.71384586,0
71779,25013523.121158276,0
71780,25012731.06158627,0
71781,25011938.53294431,0
71782,25011145.537028927,0
71783,25010352.07142769,0
71784,25009558.139427327,0
71785,25008763.73842488,0
71786,25007968.86861271,0
71787,25007173.529263504,0
71788,25006377.725346155,0
71789,25005581.450322583,0
71790,25004784.706235718,0
71791,25003987.492762614,0
71792,25003189.81439384,0
71793,25002391.664402254,0
71794,25001593.04648801,0
71795,25000793.960284717,0
71796,24999994.40631065,0
71797,24999194.380610537,0
71798,24998393.887025993,0
71799,24997592.924302116,0
71800,24996791.49350443,0
71801,24995989.593033765,0
71802,24995187.22406042,0
71803,24994384.38415827,0
71804,24993581.075869206,0
71805,24992777.298937917,0
71806,24991973.05265062,0
71807,24991168.3366796,0
71808,24990363.151209872,0
71809,24989557.49525216,0
71810,24988751.37163511,0
71811,24987944.778284747,0
71812,24987137.71510637,0
71813,24986330.181353133,0
71814,24985522.177093543,0
71815,24984713.70398179,0
71816,24983904.762518488,0
71817,24983095.34839975,0
71818,24982285.46665927,0
71819,24981475.11304321,0
71820,24980664.287900236,0
71821,24979852.998086996,0
71822,24979041.235358704,0
71823,24978229.00082924,0
71824,24977416.296509627,0
71825,24976603.125392437,0
71826,24975789.479572773,0
71827,24974975.36481608,0
71828,24974160.780592773,0
71829,24973345.7273569,0
71830,24972530.199023403,0
71831,24971714.202028003,0
71832,24970897.73457137,0
71833,24970080.798098598,0
71834,24969263.388155326,0
71835,24968445.508865822,0
71836,24967627.157820024,0
71837,24966808.336655904,0
71838,24965989.043485247,0
71839,24965169.280565917,0
71840,24964349.04528266,0
71841,24963528.33992188,0
71842,24962707.1642204,0
71843,24961885.515115052,0
71844,24961063.396776505,0
71845,24960240.80579415,0
71846,24959417.743191876,0
71847,24958594.21128627,0
71848,24957770.20711483,0
71849,24956945.728793245,0
71850,24956120.782924805,0
71851,24955295.361796495,0
71852,24954469.473201096,0
71853,24953643.109634954,0
71854,24952816.27321351,0
71855,24951988.969031163,0
71856,24951161.189353056,0
71857,24950332.938877814,0
71858,24949504.218480885,0
71859,24948675.024871003,0
71860,24947845.35798498,0
71861,24947015.21887101,0
71862,24946184.60898599,0
71863,24945353.52559817,0
71864,24944521.971110195,0
71865,24943689.94448753,0
71866,24942857.443088982,0
71867,24942024.472988795,0
71868,24941191.026698817,0
71869,24940357.10989843,0
71870,24939522.722329345,0
71871,24938687.858727623,0
71872,24937852.523820136,0
71873,24937016.717048887,0
71874,24936180.43653059,0
71875,24935343.68432563,0
71876,24934506.45838647,0
71877,24933668.758439533,0
71878,24932830.58597385,0
71879,24931991.942738615,0
71880,24931152.8262462,0
71881,24930313.234182186,0
71882,24929473.16985164,0
71883,24928632.634680193,0
71884,24927791.62320327,0
71885,24926950.13692467,0
71886,24926108.18122659,0
71887,24925265.751184206,0
71888,24924422.84590211,0
71889,24923579.469189327,0
71890,24922735.61847074,0
71891,24921891.293598372,0
71892,24921046.49434029,0
71893,24920201.225055438,0
71894,24919355.478148386,0
71895,24918509.25752562,0
71896,24917662.565924082,0
71897,24916815.39774099,0
71898,24915967.757649522,0
71899,24915119.64140215,0
71900,24914271.05084272,0
71901,24913421.98797889,0
71902,24912572.452780277,0
71903,24911722.441082057,0
71904,24910871.95289807,0
71905,24910020.995517664,0
71906,24909169.560717862,0
71907,24908317.650246773,0
71908,24907465.267564394,0
71909,24906612.407724913,0
71910,24905759.07698706,0
71911,24904905.270662747,0
71912,24904050.98974729,0
71913,24903196.233214784,0
71914,24902341.002641834,0
71915,24901485.29593871,0
71916,24900629.116817202,0
71917,24899772.462896932,0
71918,24898915.33145906,0
71919,24898057.725896016,0
71920,24897199.644952282,0
71921,24896341.09010657,0
71922,24895482.058812324,0
71923,24894622.553182617,0
71924,24893762.57385599,0
71925,24892902.118523803,0
71926,24892041.18585413,0
71927,24891179.781294506,0
71928,24890317.897527058,0
71929,24889455.54053887,0
71930,24888592.70861855,0
71931,24887729.398859244,0
71932,24886865.615705878,0
71933,24886001.355915267,0
71934,24885136.61924298,0
71935,24884271.408105947,0
71936,24883405.72302488,0
71937,24882539.56033726,0
71938,24881672.920974646,0
71939,24880805.804882035,0
71940,24879938.21603948,0
71941,24879070.14828669,0
71942,24878201.604614086,0
71943,24877332.586440362,0
71944,24876463.091875687,0
71945,24875593.12198837,0
71946,24874722.672633596,0
71947,24873851.748688694,0
71948,24872980.34902587,0
71949,24872108.472828873,0
71950,24871236.120605785,0
71951,24870363.2909772,0
71952,24869489.982075218,0
71953,24868616.201283142,0
71954,24867741.942425247,0
71955,24866867.205393646,0
71956,24865991.9926988,0
71957,24865116.30452365,0
71958,24864240.138159014,0
71959,24863363.49398435,0
71960,24862486.37431048,0
71961,24861608.77713223,0
71962,24860730.70129861,0
71963,24859852.149956353,0
71964,24858973.122161284,0
71965,24858093.616199013,0
71966,24857213.633407895,0
71967,24856333.173749402,0
71968,24855452.23627266,0
71969,24854570.818955828,0
71970,24853688.929348607,0
71971,24852806.55927486,0
71972,24851923.71251581,0
71973,24851040.386854667,0
71974,24850156.584460195,0
71975,24849272.30465228,0
71976,24848387.548358202,0
71977,24847502.31137199,0
71978,24846616.599603508,0
71979,24845730.408331208,0
71980,24844843.73798724,0
71981,24843956.5908489,0
71982,24843068.965933405,0
71983,24842180.86328342,0
71984,24841292.281807326,0
71985,24840403.22391421,0
71986,24839513.68517145,0
71987,24838623.67109799,0
71988,24837733.17545218,0
71989,24836842.20255177,0
71990,24835950.75189415,0
71991,24835058.82421347,0
71992,24834166.416552156,0
71993,24833273.530609153,0
71994,24832380.16799625,0
71995,24831486.323235173,0
71996,24830592.000309683,0
71997,24829697.202456627,0
71998,24828801.924105708,0
71999,24827906.16531128,0
72000,24827009.9274503,0
72001,24826113.212671228,0
72002,24825216.017148893,0
72003,24824318.34345955,0
72004,24823420.19169207,0
72005,24822521.560223926,0
72006,24821622.44935529,0
72007,24820722.861345995,0
72008,24819822.790625617,0
72009,24818922.243196588,0
72010,24818021.21682158,0
72011,24817119.70712105,0
72012,24816217.721353408,0
72013,24815315.256190725,0
72014,24814412.310176726,0
72015,24813508.884923924,0
72016,24812604.98310959,0
72017,24811700.59790168,0
72018,24810795.730864387,0
72019,24809890.390865255,0
72020,24808984.56788252,0
72021,24808078.264437795,0
72022,24807171.48109279,0
72023,24806264.2190858,0
72024,24805356.47565673,0
72025,24804448.252592158,0
72026,24803539.54934068,0
72027,24802630.365235187,0
72028,24801720.70189537,0
72029,24800810.56081684,0
72030,24799899.937343054,0
72031,24798988.83281126,0
72032,24798077.247938957,0
72033,24797165.183236636,0
72034,24796252.639158662,0
72035,24795339.614913784,0
72036,24794426.11063209,0
72037,24793512.121995416,0
72038,24792597.655332398,0
72039,24791682.708547402,0
72040,24790767.279040582,0
72041,24789851.370416023,0
72042,24788934.98102614,0
72043,24788018.110630848,0
72044,24787100.758029465,0
72045,24786182.925016977,0
72046,24785264.612253707,0
72047,24784345.81588824,0
72048,24783426.542352963,0
72049,24782506.786291793,0
72050,24781586.54933481,0
72051,24780665.829573,0
72052,24779744.62584835,0
72053,24778822.94828065,0
72054,24777900.78549275,0
72055,24776978.13885895,0
72056,24776055.013703644,0
72057,24775131.408393264,0
72058,24774207.318339083,0
72059,24773282.74745908,0
72060,24772357.695446264,0
72061,24771432.16532579,0
72062,24770506.148268778,0
72063,24769579.650243796,0
72064,24768652.673197623,0
72065,24767725.211085092,0
72066,24766797.269907348,0
72067,24765868.84486637,0
72068,24764939.937558923,0
72069,24764010.54998587,0
72070,24763080.679548394,0
72071,24762150.327219266,0
72072,24761219.49329679,0
72073,24760288.176925898,0
72074,24759356.375921268,0
72075,24758424.0921031,0
72076,24757491.33104834,0
72077,24756558.08368572,0
72078,24755624.353598993,0
72079,24754690.144848205,0
72080,24753755.450942572,0
72081,24752820.27347623,0
72082,24751884.61426234,0
72083,24750948.475353148,0
72084,24750011.850269854,0
72085,24749074.742031325,0
72086,24748137.153750446,0
72087,24747199.080095205,0
72088,24746260.525604457,0
72089,24745321.486989778,0
72090,24744381.962753788,0
72091,24743441.96105062,0
72092,24742501.47333636,0
72093,24741560.502214767,0
72094,24740619.047989614,0
72095,24739677.11213626,0
72096,24738734.691857744,0
72097,24737791.789430283,0
72098,24736848.401868816,0
72099,24735904.531959515,0
72100,24734960.17863201,0
72101,24734015.340807054,0
72102,24733070.01972801,0
72103,24732124.21883368,0
72104,24731177.9288362,0
72105,24730231.157350544,0
72106,24729283.903928917,0
72107,24728336.165620912,0
72108,24727387.94261667,0
72109,24726439.23439194,0
72110,24725490.044870347,0
72111,24724540.37093327,0
72112,24723590.21445144,0
72113,24722639.570496354,0
72114,24721688.444353357,0
72115,24720736.832594715,0
72116,24719784.737933703,0
72117,24718832.16194193,0
72118,24717879.09810499,0
72119,24716925.551106572,0
72120,24715971.5203171,0
72121,24715017.004319705,0
72122,24714062.004008327,0
72123,24713106.519292504,0
72124,24712150.549671795,0
72125,24711194.09608098,0
72126,24710237.15854442,0
72127,24709279.733820193,0
72128,24708321.826167587,0
72129,24707363.43504423,0
72130,24706404.558096923,0
72131,24705445.196854167,0
72132,24704485.349241663,0
72133,24703525.017128617,0
72134,24702564.202014863,0
72135,24701602.90128632,0
72136,24700641.11380714,0
72137,24699678.84042239,0
72138,24698716.08547379,0
72139,24697752.841432415,0
72140,24696789.116287928,0
72141,24695824.90204006,0
72142,24694860.206052277,0
72143,24693895.02409364,0
72144,24692929.355021175,0
72145,24691963.202759158,0
72146,24690996.562669322,0
72147,24690029.43665848,0
72148,24689061.82846294,0
72149,24688093.732436027,0
72150,24687125.151565783,0
72151,24686156.083863646,0
72152,24685186.530758794,0
72153,24684216.490660243,0
72154,24683245.968016274,0
72155,24682274.956748404,0
72156,24681303.461490896,0
72157,24680331.480759393,0
72158,24679359.01159142,0
72159,24678386.056492426,0
72160,24677412.616027042,0
72161,24676438.68916242,0
72162,24675464.274720162,0
72163,24674489.37834566,0
72164,24673513.99279097,0
72165,24672538.122338217,0
72166,24671561.76387413,0
72167,24670584.920604713,0
72168,24669607.591198646,0
72169,24668629.773210526,0
72170,24667651.468557682,0
72171,24666672.67884873,0
72172,24665693.403808024,0
72173,24664713.640667114,0
72174,24663733.389154635,0
72175,24662752.65338218,0
72176,24661771.43092917,0
72177,24660789.72154473,0
72178,24659807.52294246,0
72179,24658824.838608425,0
72180,24657841.667535555,0
72181,24656858.010159127,0
72182,24655873.866485853,0
72183,24654889.233249176,0
72184,24653904.11449583,0
72185,24652918.50630633,0
72186,24651932.415852185,0
72187,24650945.83487915,0
72188,24649958.765242305,0
72189,24648971.210098878,0
72190,24647983.168673143,0
72191,24646994.640312396,0
72192,24646005.618095618,0
72193,24645016.114179615,0
72194,24644026.121660747,0
72195,24643035.642871562,0
72196,24642044.674329024,0
72197,24641053.21793199,0
72198,24640061.273780677,0
72199,24639068.845200893,0
72200,24638075.925179355,0
72201,24637082.517566416,0
72202,24636088.623498663,0
72203,24635094.241281535,0
72204,24634099.370959178,0
72205,24633104.011750963,0
72206,24632108.16524129,0
72207,24631111.83401956,0
72208,24630115.009212308,0
72209,24629117.69751784,0
72210,24628119.899124775,0
72211,24627121.611453556,0
72212,24626122.83461869,0
72213,24625123.56948592,0
72214,24624123.81834779,0
72215,24623123.577732198,0
72216,24622122.848357674,0
72217,24621121.62866234,0
72218,24620119.926432107,0
72219,24619117.731202338,0
72220,24618115.045439143,0
72221,24617111.872519195,0
72222,24616108.210690834,0
72223,24615104.06181638,0
72224,24614099.422281038,0
72225,24613094.295946244,0
72226,24612088.678997826,0
72227,24611082.571674306,0
72228,24610075.977287665,0
72229,24609068.89536274,0
72230,24608061.322430585,0
72231,24607053.258848604,0
72232,24606044.70857165,0
72233,24605035.668740675,0
72234,24604026.13948072,0
72235,24603016.120783437,0
72236,24602005.61376539,0
72237,24600994.615653813,0
72238,24599983.1288198,0
72239,24598971.15176062,0
72240,24597958.68696861,0
72241,24596945.73151951,0
72242,24595932.286237203,0
72243,24594918.351115115,0
72244,24593903.92942948,0
72245,24592889.01611535,0
72246,24591873.611017734,0
72247,24590857.718858227,0
72248,24589841.33447471,0
72249,24588824.459809292,0
72250,24587807.098535165,0
72251,24586789.244980227,0
72252,24585770.90288498,0
72253,24584752.071032148,0
72254,24583732.745928265,0
72255,24582712.933675822,0
72256,24581692.630841058,0
72257,24580671.837822467,0
72258,24579650.55369765,0
72259,24578628.777554274,0
72260,24577606.51318279,0
72261,24576583.760324426,0
72262,24575560.514025018,0
72263,24574536.777823955,0
72264,24573512.553901155,0
72265,24572487.835713506,0
72266,24571462.6305081,0
72267,24570436.930614583,0
72268,24569410.74182713,0
72269,24568384.0633287,0
72270,24567356.894229565,0
72271,24566329.233060353,0
72272,24565301.083131846,0
72273,24564272.439019952,0
72274,24563243.305374518,0
72275,24562213.682816125,0
72276,24561183.56667016,0
72277,24560152.95940049,0
72278,24559121.86272174,0
72279,24558090.274259422,0
72280,24557058.194241874,0
72281,24556025.62384281,0
72282,24554992.560351804,0
72283,24553959.007987555,0
72284,24552924.96416311,0
72285,24551890.427235175,0
72286,24550855.399505746,0
72287,24549819.881552074,0
72288,24548783.87083604,0
72289,24547747.3681826,0
72290,24546710.374842614,0
72291,24545672.891581003,0
72292,24544634.914654333,0
72293,24543596.44658541,0
72294,24542557.485956475,0
72295,24541518.032960873,0
72296,24540478.09001407,0
72297,24539437.655134276,0
72298,24538396.728573862,0
72299,24537355.307143588,0
72300,24536313.39536776,0
72301,24535270.995906435,0
72302,24534228.09978522,0
72303,24533184.71095181,0
72304,24532140.83210403,0
72305,24531096.460257977,0
72306,24530051.597098846,0
72307,24529006.240180567,0
72308,24527960.39112679,0
72309,24526914.052020203,0
72310,24525867.220228575,0
72311,24524819.89341472,0
72312,24523772.074977912,0
72313,24522723.764213346,0
72314,24521674.96063014,0
72315,24520625.66542901,0
72316,24519575.87803264,0
72317,24518525.597977266,0
72318,24517474.8244773,0
72319,24516423.55713681,0
72320,24515371.798099652,0
72321,24514319.546096835,0
72322,24513266.80189259,0
72323,24512213.563751817,0
72324,24511159.83321543,0
72325,24510105.608763088,0
72326,24509050.892196666,0
72327,24507995.68279204,0
72328,24506939.981030807,0
72329,24505883.78465725,0
72330,24504827.0985442,0
72331,24503769.914133213,0
72332,24502712.23984512,0
72333,24501654.070993677,0
72334,24500595.40783411,0
72335,24499536.251895115,0
72336,24498476.60214972,0
72337,24497416.46010607,0
72338,24496355.825714268,0
72339,24495294.69577653,0
72340,24494233.07192477,0
72341,24493170.955807704,0
72342,24492108.346140534,0
72343,24491045.241940156,0
72344,24489981.64405028,0
72345,24488917.552835822,0
72346,24487852.965266917,0
72347,24486787.888642553,0
72348,24485722.314618487,0
72349,24484656.249163736,0
72350,24483589.688089155,0
72351,24482522.63385078,0
72352,24481455.08496033,0
72353,24480387.042934887,0
72354,24479318.502119012,0
72355,24478249.472697582,0
72356,24477179.945299823,0
72357,24476109.928103484,0
72358,24475039.413434755,0
72359,24473968.404797338,0
72360,24472896.90283941,0
72361,24471824.904422645,0
72362,24470752.415786,0
72363,24469679.427676793,0
72364,24468605.947461993,0
72365,24467531.972163267,0
72366,24466457.503523514,0
72367,24465382.537071988,0
72368,24464307.08010028,0
72369,24463231.125037074,0
72370,24462154.676576134,0
72371,24461077.734703273,0
72372,24460000.295462303,0
72373,24458922.36338056,0
72374,24457843.93552636,0
72375,24456765.01172364,0
72376,24455685.5944976,0
72377,24454605.68094664,0
72378,24453525.273512125,0
72379,24452444.371002834,0
72380,24451362.97142745,0
72381,24450281.079498246,0
72382,24449198.69082943,0
72383,24448115.805217788,0
72384,24447032.426858295,0
72385,24445948.55247432,0
72386,24444864.182907905,0
72387,24443779.317169428,0
72388,24442693.95838533,0
72389,24441608.102336884,0
72390,24440521.74878917,0
72391,24439434.901155747,0
72392,24438347.559422947,0
72393,24437259.722247895,0
72394,24436171.388869777,0
72395,24435082.55611693,0
72396,24433993.22883202,0
72397,24432903.408136185,0
72398,24431813.09052056,0
72399,24430722.279523578,0
72400,24429630.9700939,0
72401,24428539.16515089,0
72402,24427446.865006253,0
72403,24426354.068426855,0
72404,24425260.77449118,0
72405,24424166.985128198,0
72406,24423072.697519965,0
72407,24421977.916904453,0
72408,24420882.640996724,0
72409,24419786.86500272,0
72410,24418690.59630198,0
72411,24417593.828629225,0
72412,24416496.566225745,0
72413,24415398.805096593,0
72414,24414300.550808698,0
72415,24413201.796996295,0
72416,24412102.548931655,0
72417,24411002.803174395,0
72418,24409902.562297165,0
72419,24408801.823200025,0
72420,24407700.585188374,0
72421,24406598.85401518,0
72422,24405496.62530871,0
72423,24404393.900965042,0
72424,24403290.67727844,0
72425,24402186.95731898,0
72426,24401082.740774423,0
72427,24399978.029655676,0
72428,24398872.81666475,0
72429,24397767.112586387,0
72430,24396660.905982573,0
72431,24395554.20546768,0
72432,24394447.006262742,0
72433,24393339.310860317,0
72434,24392231.118699007,0
72435,24391122.428685788,0
72436,24390013.239895865,0
72437,24388903.556338597,0
72438,24387793.374793448,0
72439,24386682.69571146,0
72440,24385571.516323972,0
72441,24384459.84354251,0
72442,24383347.67011741,0
72443,24382235.002269663,0
72444,24381121.835374266,0
72445,24380008.171843186,0
72446,24378894.00994197,0
72447,24377779.348009136,0
72448,24376664.191658113,0
72449,24375548.53658512,0
72450,24374432.3819454,0
72451,24373315.73238656,0
72452,24372198.582792304,0
72453,24371080.935510047,0
72454,24369962.791099768,0
72455,24368844.146562435,0
72456,24367725.007440757,0
72457,24366605.367548056,0
72458,24365485.23141518,0
72459,24364364.595834825,0
72460,24363243.463208098,0
72461,24362121.83257849,0
72462,24360999.70173138,0
72463,24359877.07453628,0
72464,24358753.94612138,0
72465,24357630.323826484,0
72466,24356506.19823162,0
72467,24355381.576408792,0
72468,24354256.457334664,0
72469,24353130.83860491,0
72470,24352004.720363047,0
72471,24350878.105131883,0
72472,24349750.988362372,0
72473,24348623.377647884,0
72474,24347495.266690534,0
72475,24346366.658463646,0
72476,24345237.548545737,0
72477,24344107.94021391,0
72478,24342977.835275676,0
72479,24341847.22566349,0
72480,24340716.122822817,0
72481,24339584.52141302,0
72482,24338452.416373305,0
72483,24337319.814535376,0
72484,24336186.715605922,0
72485,24335053.114563834,0
72486,24333919.017581977,0
72487,24332784.419189885,0
72488,24331649.321000904,0
72489,24330513.72576585,0
72490,24329377.628868185,0
72491,24328241.034243125,0
72492,24327103.940354284,0
72493,24325966.34565371,0
72494,24324828.2544072,0
72495,24323689.660363704,0
72496,24322550.568487104,0
72497,24321410.9752556,0
72498,24320270.88473649,0
72499,24319130.294751465,0
72500,24317989.20502716,0
72501,24316847.615467496,0
72502,24315705.5231801,0
72503,24314562.93385449,0
72504,24313419.84410967,0
72505,24312276.25667363,0
72506,24311132.168579888,0
72507,24309987.578105275,0
72508,24308842.489492435,0
72509,24307696.900775753,0
72510,24306550.811385587,0
72511,24305404.221811358,0
72512,24304257.135201216,0
72513,24303109.545299,0
72514,24301961.45545901,0
72515,24300812.869698077,0
72516,24299663.77716328,0
72517,24298514.185679,0
72518,24297364.097986855,0
72519,24296213.505111836,0
72520,24295062.416685376,0
72521,24293910.825533893,0
72522,24292758.734922793,0
72523,24291606.140526857,0
72524,24290453.048724055,0
72525,24289299.45590382,0
72526,24288145.363225058,0
72527,24286990.768575564,0
72528,24285835.67380233,0
72529,24284680.078969225,0
72530,24283523.98128448,0
72531,24282367.385979403,0
72532,24281210.286656883,0
72533,24280052.689052258,0
72534,24278894.58822064,0
72535,24277735.988982957,0
72536,24276576.88829495,0
72537,24275417.28384548,0
72538,24274257.182669144,0
72539,24273096.57767225,0
72540,24271935.474236697,0
72541,24270773.865540184,0
72542,24269611.7585691,0
72543,24268449.149421707,0
72544,24267286.04033834,0
72545,24266122.426350474,0
72546,24264958.31470679,0
72547,24263793.70305956,0
72548,24262628.5873466,0
72549,24261462.96886601,0
72550,24260296.852370057,0
72551,24259130.23329628,0
72552,24257963.11240442,0
72553,24256795.49150202,0
72554,24255627.367953308,0
72555,24254458.7389963,0
72556,24253289.614027794,0
72557,24252119.98551518,0
72558,24250949.85348026,0
72559,24249779.22404691,0
72560,24248608.089233432,0
72561,24247436.453983646,0
72562,24246264.315125316,0
72563,24245091.675362773,0
72564,24243918.53424083,0
72565,24242744.89143203,0
72566,24241570.74587714,0
72567,24240396.099962838,0
72568,24239220.952437606,0
72569,24238045.298993263,0
72570,24236869.14299316,0
72571,24235692.489481114,0
72572,24234515.33034542,0
72573,24233337.67111975,0
72574,24232159.509238526,0
72575,24230980.844480027,0
72576,24229801.676852897,0
72577,24228622.009208176,0
72578,24227441.835105658,0
72579,24226261.16348012,0
72580,24225079.985732354,0
72581,24223898.30796602,0
72582,24222716.124873485,0
72583,24221533.44242431,0
72584,24220350.25695432,0
72585,24219166.56574193,0
72586,24217982.373820737,0
72587,24216797.680277757,0
72588,24215612.48273722,0
72589,24214426.781064216,0
72590,24213240.580678154,0
72591,24212053.874674883,0
72592,24210866.666580174,0
72593,24209678.95437894,0
72594,24208490.741324667,0
72595,24207302.020202838,0
72596,24206112.80323894,0
72597,24204923.0779317,0
72598,24203732.851317406,0
72599,24202542.121585988,0
72600,24201350.89011432,0
72601,24200159.154541366,0
72602,24198966.91420889,0
72603,24197774.172646943,0
72604,24196580.92956578,0
72605,24195387.177257225,0
72606,24194192.925320808,0
72607,24192998.171552557,0
72608,24191802.909570288,0
72609,24190607.148966044,0
72610,24189410.88040898,0
72611,24188214.112043254,0
72612,24187016.83929225,0
72613,24185819.063093234,0
72614,24184620.782604095,0
72615,24183422.000294685,0
72616,24182222.714063153,0
72617,24181022.92356591,0
72618,24179822.62562135,0
72619,24178621.828730155,0
72620,24177420.526754837,0
72621,24176218.7193723,0
72622,24175016.409791794,0
72623,24173813.595469013,0
72624,24172610.277453583,0
72625,24171406.454271667,0
72626,24170202.127021555,0
72627,24168997.298634764,0
72628,24167791.96411204,0
72629,24166586.12639086,0
72630,24165379.7852813,0
72631,24164172.939234734,0
72632,24162965.58722402,0
72633,24161757.73092551,0
72634,24160549.372485377,0
72635,24159340.50856338,0
72636,24158131.14158365,0
72637,24156921.26874679,0
72638,24155710.893467095,0
72639,24154500.010631386,0
72640,24153288.62810883,0
72641,24152076.734397266,0
72642,24150864.34158506,0
72643,24149651.440511044,0
72644,24148438.03941153,0
72645,24147224.130019438,0
72646,24146009.717121463,0
72647,24144794.79826307,0
72648,24143579.37775959,0
72649,24142363.45006591,0
72650,24141147.016830314,0
72651,24139930.08048263,0
72652,24138712.63787037,0
72653,24137494.691158522,0
72654,24136276.23995228,0
72655,24135057.28377382,0
72656,24133837.822537567,0
72657,24132617.85595489,0
72658,24131397.383540142,0
72659,24130176.408480886,0
72660,24128954.92700572,0
72661,24127732.939869735,0
72662,24126510.447515313,0
72663,24125287.44694031,0
72664,24124063.945826452,0
72665,24122839.937434748,0
72666,24121615.423932403,0
72667,24120390.408282366,0
72668,24119164.884886242,0
72669,24117938.853838276,0
72670,24116712.31949645,0
72671,24115485.278382856,0
72672,24114257.734119304,0
72673,24113029.681895364,0
72674,24111801.124185942,0
72675,24110572.06275573,0
72676,24109342.49385995,0
72677,24108112.420415264,0
72678,24106881.841389127,0
72679,24105650.759198,0
72680,24104419.1662002,0
72681,24103187.067742158,0
72682,24101954.464000683,0
72683,24100721.354173403,0
72684,24099487.743304085,0
72685,24098253.62280707,0
72686,24097018.99476927,0
72687,24095783.863030564,0
72688,24094548.2250261,0
72689,24093312.08105948,0
72690,24092075.431682717,0
72691,24090838.272171866,0
72692,24089600.611447453,0
72693,24088362.44211201,0
72694,24087123.766291264,0
72695,24085884.58627329,0
72696,24084644.897746585,0
72697,24083404.70386268,0
72698,24082164.0040045,0
72699,24080922.79661133,0
72700,24079681.08470181,0
72701,24078438.864196185,0
72702,24077196.140366312,0
72703,24075952.906492297,0
72704,24074709.166655365,0
72705,24073464.92213795,0
72706,24072220.170733392,0
72707,24070974.909463026,0
72708,24069729.14694789,0
72709,24068482.873980686,0
72710,24067236.094855417,0
72711,24065988.80869931,0
72712,24064741.01745581,0
72713,24063492.717140254,0
72714,24062243.91011079,0
72715,24060994.598592773,0
72716,24059744.779337693,0
72717,24058494.453595307,0
72718,24057243.619171742,0
72719,24055992.277659222,0
72720,24054740.430531356,0
72721,24053488.07654451,0
72722,24052235.21541324,0
72723,24050981.846706044,0
72724,24049727.968506496,0
72725,24048473.58671479,0
72726,24047218.69702109,0
72727,24045963.297715925,0
72728,24044707.395457704,0
72729,24043450.980927635,0
72730,24042194.06287199,0
72731,24040936.635607634,0
72732,24039678.699896935,0
72733,24038420.2588422,0
72734,24037161.310973845,0
72735,24035901.85236816,0
72736,24034641.88885867,0
72737,24033381.415402554,0
72738,24032120.43791434,0
72739,24030858.950186018,0
72740,24029596.956508797,0
72741,24028334.45286306,0
72742,24027071.444047287,0
72743,24025807.925664507,0
72744,24024543.897900697,0
72745,24023279.367356475,0
72746,24022014.327435553,0
72747,24020748.7761292,0
72748,24019482.719747316,0
72749,24018216.15696803,0
72750,24016949.083504435,0
72751,24015681.501948234,0
72752,24014413.413895972,0
72753,24013144.81626101,0
72754,24011875.714577954,0
72755,24010606.1001162,0
72756,24009335.979933932,0
72757,24008065.349155523,0
72758,24006794.210440874,0
72759,24005522.56665165,0
72760,24004250.41358946,0
72761,24002977.751539838,0
72762,24001704.57815565,0
72763,24000430.901317686,0
72764,23999156.712403543,0
72765,23997882.017913144,0
72766,23996606.815154426,0
72767,23995331.103512764,0
72768,23994054.88152883,0
72769,23992778.15076631,0
72770,23991500.91457394,0
72771,23990223.166607235,0
72772,23988944.912042532,0
72773,23987666.148665473,0
72774,23986386.87547908,0
72775,23985107.09566326,0
72776,23983826.805931307,0
72777,23982546.007603757,0
72778,23981264.700612456,0
72779,23979982.882840857,0
72780,23978700.556709606,0
72781,23977417.722884547,0
72782,23976134.382925414,0
72783,23974850.531047665,0
72784,23973566.170050308,0
72785,23972281.2984139,0
72786,23970995.921953578,0
72787,23969710.032310862,0
72788,23968423.635958377,0
72789,23967136.730466634,0
72790,23965849.315787297,0
72791,23964561.390784655,0
72792,23963272.958138008,0
72793,23961984.01406869,0
72794,23960694.56188861,0
72795,23959404.600521546,0
72796,23958114.129128087,0
72797,23956823.147570703,0
72798,23955531.6621286,0
72799,23954239.662168954,0
72800,23952947.15503044,0
72801,23951654.137309268,0
72802,23950360.609802973,0
72803,23949066.574004464,0
72804,23947772.02799873,0
72805,23946476.97026594,0
72806,23945181.407435145,0
72807,23943885.331816353,0
72808,23942588.745462406,0
72809,23941291.65138217,0
72810,23939994.04676031,0
72811,23938695.93485237,0
72812,23937397.310489703,0
72813,23936098.174807686,0
72814,23934798.53354336,0
72815,23933498.38064818,0
72816,23932197.718171734,0
72817,23930896.543640703,0
72818,23929594.862458553,0
72819,23928292.671024073,0
72820,23926989.966882654,0
72821,23925686.754419517,0
72822,23924383.032461494,0
72823,23923078.797776587,0
72824,23921774.0545938,0
72825,23920468.801762756,0
72826,23919163.037049856,0
72827,23917856.763547778,0
72828,23916549.978273295,0
72829,23915242.68840489,0
72830,23913934.88245694,0
72831,23912626.565865822,0
72832,23911317.742672753,0
72833,23910008.405297056,0
72834,23908698.560221568,0
72835,23907388.203828797,0
72836,23906077.336467482,0
72837,23904765.958756115,0
72838,23903454.072911832,0
72839,23902141.673373096,0
72840,23900828.765978634,0
72841,23899515.343658477,0
72842,23898201.413995788,0
72843,23896886.97353055,0
72844,23895572.02309734,0
72845,23894256.558905113,0
72846,23892940.587219987,0
72847,23891624.10317223,0
72848,23890307.109636642,0
72849,23888989.603255354,0
72850,23887671.584652565,0
72851,23886353.05824097,0
72852,23885034.02018408,0
72853,23883714.47164611,0
72854,23882394.41340515,0
72855,23881073.840800673,0
72856,23879752.75906082,0
72857,23878431.16570921,0
72858,23877109.06230073,0
72859,23875786.44575974,0
72860,23874463.31989511,0
72861,23873139.682303675,0
72862,23871815.533645306,0
72863,23870490.873161674,0
72864,23869165.701157518,0
72865,23867840.020916466,0
72866,23866513.82605748,0
72867,23865187.122163557,0
72868,23863859.905019473,0
72869,23862532.177175798,0
72870,23861203.938501693,0
72871,23859875.189240154,0
72872,23858545.925751172,0
72873,23857216.151645638,0
72874,23855885.865842454,0
72875,23854555.070051808,0
72876,23853223.759713884,0
72877,23851891.941109933,0
72878,23850559.610237118,0
72879,23849226.76668988,0
72880,23847893.410754465,0
72881,23846559.544667725,0
72882,23845225.16552597,0
72883,23843890.2749639,0
72884,23842554.87526691,0
72885,23841218.95964588,0
72886,23839882.534054197,0
72887,23838545.596618857,0
72888,23837208.146985028,0
72889,23835870.185669497,0
72890,23834531.711427096,0
72891,23833192.726376347,0
72892,23831853.230502892,0
72893,23830513.22188311,0
72894,23829172.698419012,0
72895,23827831.666855883,0
72896,23826490.12241954,0
72897,23825148.062984105,0
72898,23823805.492615584,0
72899,23822462.41149727,0
72900,23821118.817805663,0
72901,23819774.710206036,0
72902,23818430.092920322,0
72903,23817084.96133539,0
72904,23815739.319165688,0
72905,23814393.159965068,0
72906,23813046.492063317,0
72907,23811699.312475313,0
72908,23810351.61853712,0
72909,23809003.41596967,0
72910,23807654.69665883,0
72911,23806305.46561059,0
72912,23804955.724466395,0
72913,23803605.467608962,0
72914,23802254.698916137,0
72915,23800903.417530615,0
72916,23799551.625407673,0
72917,23798199.319239717,0
72918,23796846.500564605,0
72919,23795493.169127744,0
72920,23794139.325458154,0
72921,23792784.966086693,0
72922,23791430.09925335,0
72923,23790074.71608719,0
72924,23788718.820417423,0
72925,23787362.410023537,0
72926,23786005.488135595,0
72927,23784648.054638688,0
72928,23783290.10753952,0
72929,23781931.647847936,0
72930,23780572.67354736,0
72931,23779213.188314028,0
72932,23777853.18766067,0
72933,23776492.675579663,0
72934,23775131.650661092,0
72935,23773770.11132301,0
72936,23772408.05861923,0
72937,23771045.493291896,0
72938,23769682.41693698,0
72939,23768318.824799486,0
72940,23766954.72084964,0
72941,23765590.1024685,0
72942,23764224.96957902,0
72943,23762859.32605517,0
72944,23761493.167213798,0
72945,23760126.495159928,0
72946,23758759.312909342,0
72947,23757391.614139326,0
72948,23756023.4005004,0
72949,23754654.673553716,0
72950,23753285.434950504,0
72951,23751915.682358354,0
72952,23750545.417606525,0
72953,23749174.63746353,0
72954,23747803.34342425,0
72955,23746431.538804308,0
72956,23745059.21562879,0
72957,23743686.383536555,0
72958,23742313.03472647,0
72959,23740939.172325607,0
72960,23739564.795246545,0
72961,23738189.908166315,0
72962,23736814.505239073,0
72963,23735438.586348675,0
72964,23734062.15632369,0
72965,23732685.21022973,0
72966,23731307.75275894,0
72967,23729929.7774699,0
72968,23728551.292588647,0
72969,23727172.288253397,0
72970,23725792.77474179,0
72971,23724412.74593325,0
72972,23723032.20400467,0
72973,23721651.14599696,0
72974,23720269.574761458,0
72975,23718887.490057193,0
72976,23717504.89052499,0
72977,23716121.77570793,0
72978,23714738.147494044,0
72979,23713354.00570482,0
72980,23711969.350994647,0
72981,23710584.181759667,0
72982,23709198.495380823,0
72983,23707812.294006508,0
72984,23706425.580841675,0
72985,23705038.35208,0
72986,23703650.60916469,0
72987,23702262.35218893,0
72988,23700873.58064872,0
72989,23699484.292413965,0
72990,23698094.492801175,0
72991,23696704.178085465,0
72992,23695313.35064268,0
72993,23693922.0044241,0
72994,23692530.145791557,0
72995,23691137.77083143,0
72996,23689744.883958004,0
72997,23688351.479681417,0
72998,23686957.56237747,0
72999,23685563.129133787,0
73000,23684168.1821454,0
73001,23682772.7189562,0
73002,23681376.7442796,0
73003,23679980.250141494,0
73004,23678583.24297881,0
73005,23677185.72249924,0
73006,23675787.687706303,0
73007,23674389.133703,0
73008,23672990.0677928,0
73009,23671590.48682841,0
73010,23670190.38883317,0
73011,23668789.777329236,0
73012,23667388.653316274,0
73013,23665987.010667525,0
73014,23664584.85282352,0
73015,23663182.18172889,0
73016,23661778.99448496,0
73017,23660375.292873096,0
73018,23658971.07567805,0
73019,23657566.340720925,0
73020,23656161.096338965,0
73021,23654755.331938453,0
73022,23653349.052786276,0
73023,23651942.260545645,0
73024,23650534.949516434,0
73025,23649127.125755563,0
73026,23647718.784977853,0
73027,23646309.9316455,0
73028,23644900.561359815,0
73029,23643490.67435055,0
73030,23642080.272088986,0
73031,23640669.353801847,0
73032,23639257.921884183,0
73033,23637845.974278416,0
73034,23636433.509594765,0
73035,23635020.53023122,0
73036,23633607.034451574,0
73037,23632193.024065573,0
73038,23630778.496901616,0
73039,23629363.456504937,0
73040,23627947.898415804,0
73041,23626531.824852575,0
73042,23625115.235020667,0
73043,23623698.12962164,0
73044,23622280.508930225,0
73045,23620862.371979147,0
73046,23619443.71987452,0
73047,23618024.55298546,0
73048,23616604.866486784,0
73049,23615184.66567672,0
73050,23613763.949658312,0
73051,23612342.717077408,0
73052,23610920.9687358,0
73053,23609498.7042873,0
73054,23608075.92515062,0
73055,23606652.628663186,0
73056,23605228.816327475,0
73057,23603804.48785894,0
73058,23602379.641562924,0
73059,23600954.279382575,0
73060,23599528.40575997,0
73061,23598102.008167647,0
73062,23596675.100490037,0
73063,23595247.67356083,0
73064,23593819.733272392,0
73065,23592391.273498733,0
73066,23590962.300854445,0
73067,23589532.808881134,0
73068,23588102.802721906,0
73069,23586672.277487498,0
73070,23585241.2383115,0
73071,23583809.679401454,0
73072,23582377.60835285,0
73073,23580945.01763709,0
73074,23579511.911915343,0
73075,23578078.289989192,0
73076,23576644.150288627,0
73077,23575209.49338594,0
73078,23573774.3213732,0
73079,23572338.631880518,0
73080,23570902.4280961,0
73081,23569465.704822462,0
73082,23568028.4658295,0
73083,23566590.710891224,0
73084,23565152.438140552,0
73085,23563713.650491104,0
73086,23562274.34428611,0
73087,23560834.521614604,0
73088,23559394.18105694,0
73089,23557953.32593022,0
73090,23556511.95261781,0
73091,23555070.06091584,0
73092,23553627.655005407,0
73093,23552184.731279545,0
73094,23550741.292203527,0
73095,23549297.33258141,0
73096,23547852.858790983,0
73097,23546407.867909063,0
73098,23544962.356955666,0
73099,23543516.33237634,0
73100,23542069.79127495,0
73101,23540622.727724526,0
73102,23539175.15162062,0
73103,23537727.05829627,0
73104,23536278.447023638,0
73105,23534829.318271093,0
73106,23533379.67291057,0
73107,23531929.51065221,0
73108,23530478.829225462,0
73109,23529027.6316091,0
73110,23527575.917500585,0
73111,23526123.686807662,0
73112,23524670.93599698,0
73113,23523217.669661395,0
73114,23521763.88289958,0
73115,23520309.582746796,0
73116,23518854.762748268,0
73117,23517399.427573398,0
73118,23515943.575120695,0
73119,23514487.201055538,0
73120,23513030.315234806,0
73121,23511572.907118887,0
73122,23510114.98409646,0
73123,23508656.542745765,0
73124,23507197.584637772,0
73125,23505738.106539372,0
73126,23504278.110772166,0
73127,23502817.600690804,0
73128,23501356.567369767,0
73129,23499895.02180135,0
73130,23498432.957082003,0
73131,23496970.372777257,0
73132,23495507.276027013,0
73133,23494043.657356586,0
73134,23492579.52036474,0
73135,23491114.86696049,0
73136,23489649.694574054,0
73137,23488184.005437814,0
73138,23486717.79832067,0
73139,23485251.070193958,0
73140,23483783.829214133,0
73141,23482316.06814263,0
73142,23480847.787172876,0
73143,23479378.990296867,0
73144,23477909.674511254,0
73145,23476439.842329554,0
73146,23474969.49109381,0
73147,23473498.621515594,0
73148,23472027.233081616,0
73149,23470555.32963921,0
73150,23469082.90397551,0
73151,23467609.963249948,0
73152,23466136.503455352,0
73153,23464662.52273409,0
73154,23463188.028348044,0
73155,23461713.014602676,0
73156,23460237.48041891,0
73157,23458761.43014367,0
73158,23457284.859085713,0
73159,23455807.773024186,0
73160,23454330.164706063,0
73161,23452852.041340906,0
73162,23451373.399743862,0
73163,23449894.238441005,0
73164,23448414.556300312,0
73165,23446934.359290525,0
73166,23445453.64235557,0
73167,23443972.409111045,0
73168,23442490.65433895,0
73169,23441008.382529568,0
73170,23439525.59229667,0
73171,23438042.28148033,0
73172,23436558.45529842,0
73173,23435074.1077004,0
73174,23433589.243318,0
73175,23432103.859827567,0
73176,23430617.958564647,0
73177,23429131.53642393,0
73178,23427644.597185027,0
73179,23426157.139713302,0
73180,23424669.163771495,0
73181,23423180.6670682,0
73182,23421691.65323335,0
73183,23420202.116659075,0
73184,23418712.06808692,0
73185,23417221.49483204,0
73186,23415730.405267432,0
73187,23414238.7991343,0
73188,23412746.669789825,0
73189,23411254.022387087,0
73190,23409760.85711377,0
73191,23408267.171982646,0
73192,23406772.970052984,0
73193,23405278.247387744,0
73194,23403783.0070721,0
73195,23402287.247774616,0
73196,23400790.96540958,0
73197,23399294.168802645,0
73198,23397796.849132966,0
73199,23396299.01445738,0
73200,23394800.657083344,0
73201,23393301.782002732,0
73202,23391802.39183186,0
73203,23390302.47818132,0
73204,23388802.042878598,0
73205,23387301.09382376,0
73206,23385799.62098004,0
73207,23384297.62949054,0
73208,23382795.122077417,0
73209,23381292.093649562,0
73210,23379788.545411974,0
73211,23378284.47559672,0
73212,23376779.889419354,0
73213,23375274.785405602,0
73214,23373769.15783351,0
73215,23372263.015113533,0
73216,23370756.349415395,0
73217,23369249.1643715,0
73218,23367741.46147074,0
73219,23366233.24053473,0
73220,23364724.498371813,0
73221,23363215.237701017,0
73222,23361705.454889443,0
73223,23360195.153842945,0
73224,23358684.33543643,0
73225,23357172.99280142,0
73226,23355661.133746203,0
73227,23354148.755261146,0
73228,23352635.854997173,0
73229,23351122.4377772,0
73230,23349608.49908545,0
73231,23348094.042260926,0
73232,23346579.063028444,0
73233,23345063.565385778,0
73234,23343547.550760686,0
73235,23342031.012731317,0
73236,23340513.956206758,0
73237,23338996.379380763,0
73238,23337478.281462047,0
73239,23335959.664914805,0
73240,23334440.528793555,0
73241,23332920.873146642,0
73242,23331400.698994942,0
73243,23329880.00191688,0
73244,23328358.787087236,0
73245,23326837.051214244,0
73246,23325314.79625794,0
73247,23323792.019724432,0
73248,23322268.7233882,0
73249,23320744.906095754,0
73250,23319220.5735039,0
73251,23317695.71672649,0
73252,23316170.34009819,0
73253,23314644.443794157,0
73254,23313118.02558608,0
73255,23311591.091433115,0
73256,23310063.63396736,0
73257,23308535.656168215,0
73258,23307007.16044073,0
73259,23305478.144071378,0
73260,23303948.606880188,0
73261,23302418.54775805,0
73262,23300887.969739567,0
73263,23299356.87268216,0
73264,23297825.25513945,0
73265,23296293.115042463,0
73266,23294760.456322946,0
73267,23293227.277535554,0
73268,23291693.576737143,0
73269,23290159.35537414,0
73270,23288624.61711023,0
73271,23287089.35404958,0
73272,23285553.574684057,0
73273,23284017.272233773,0
73274,23282480.449853007,0
73275,23280943.106114645,0
73276,23279405.243512843,0
73277,23277866.859067686,0
73278,23276327.958352767,0
73279,23274788.52969936,0
73280,23273248.585962836,0
73281,23271708.118185703,0
73282,23270167.13220902,0
73283,23268625.624559857,0
73284,23267083.5963275,0
73285,23265541.04757394,0
73286,23263997.978616323,0
73287,23262454.38964657,0
73288,23260910.276326507,0
73289,23259365.644146502,0
73290,23257820.492793705,0
73291,23256274.82069694,0
73292,23254728.6264369,0
73293,23253181.913640298,0
73294,23251634.67806868,0
73295,23250086.91991319,0
73296,23248538.644783203,0
73297,23246989.84566427,0
73298,23245440.52563825,0
73299,23243890.686472286,0
73300,23242340.32570854,0
73301,23240789.44354364,0
73302,23239238.041075204,0
73303,23237686.118625134,0
73304,23236133.67325689,0
73305,23234580.70785903,0
73306,23233027.221405137,0
73307,23231473.21388372,0
73308,23229918.686364736,0
73309,23228363.63494586,0
73310,23226808.065250836,0
73311,23225251.971658874,0
73312,23223695.359688908,0
73313,23222138.224812586,0
73314,23220580.572502006,0
73315,23219022.394620135,0
73316,23217463.69648474,0
73317,23215904.476403747,0
73318,23214344.736821014,0
73319,23212784.477805253,0
73320,23211223.69485897,0
73321,23209662.38935529,0
73322,23208100.5643771,0
73323,23206538.22138773,0
73324,23204975.35331451,0
73325,23203411.963351283,0
73326,23201848.052929796,0
73327,23200283.62104882,0
73328,23198718.666991815,0
73329,23197153.194755606,0
73330,23195587.197943266,0
73331,23194020.68169434,0
73332,23192453.641950984,0
73333,23190886.082659673,0
73334,23189318.000292182,0
73335,23187749.397836484,0
73336,23186180.274061814,0
73337,23184610.626713935,0
73338,23183040.46172519,0
73339,23181469.770040117,0
73340,23179898.560107384,0
73341,23178326.82913073,0
73342,23176754.57538596,0
73343,23175181.798983864,0
73344,23173608.501744583,0
73345,23172034.682866618,0
73346,23170460.343823336,0
73347,23168885.48142551,0
73348,23167310.097875766,0
73349,23165734.19303972,0
73350,23164157.764768228,0
73351,23162580.81507883,0
73352,23161003.345267992,0
73353,23159425.352643713,0
73354,23157846.838294193,0
73355,23156267.802184258,0
73356,23154688.245436035,0
73357,23153108.166004885,0
73358,23151527.563314453,0
73359,23149946.441118587,0
73360,23148364.797352053,0
73361,23146782.62802734,0
73362,23145199.941291872,0
73363,23143616.728286244,0
73364,23142032.996833917,0
73365,23140448.740062483,0
73366,23138863.965898234,0
73367,23137278.666481823,0
73368,23135692.84441626,0
73369,23134106.50314791,0
73370,23132519.640827972,0
73371,23130932.253044322,0
73372,23129344.34395515,0
73373,23127755.913680684,0
73374,23126166.96139412,0
73375,23124577.48705294,0
73376,23122987.48827967,0
73377,23121396.97008665,0
73378,23119805.928759217,0
73379,23118214.365033742,0
73380,23116622.2792216,0
73381,23115029.673316624,0
73382,23113436.54208929,0
73383,23111842.88851701,0
73384,23110248.712517813,0
73385,23108654.019830987,0
73386,23107058.799651932,0
73387,23105463.0588725,0
73388,23103866.796097632,0
73389,23102270.012524005,0
73390,23100672.703484476,0
73391,23099074.871651307,0
73392,23097476.520021662,0
73393,23095877.643752918,0
73394,23094278.247830603,0
73395,23092678.326558683,0
73396,23091077.88549755,0
73397,23089476.92105927,0
73398,23087875.432900935,0
73399,23086273.42403994,0
73400,23084670.890682645,0
73401,23083067.8382453,0
73402,23081464.263032317,0
73403,23079860.16471866,0
73404,23078255.542511392,0
73405,23076650.39641708,0
73406,23075044.73004815,0
73407,23073438.540691447,0
73408,23071831.828702297,0
73409,23070224.595463134,0
73410,23068616.8369284,0
73411,23067008.559323628,0
73412,23065399.755787928,0
73413,23063790.42963417,0
73414,23062180.583213154,0
73415,23060570.21364542,0
73416,23058959.32133138,0
73417,23057347.90561529,0
73418,23055735.966356486,0
73419,23054123.5052574,0
73420,23052510.523887493,0
73421,23050897.015829235,0
73422,23049282.98556593,0
73423,23047668.434248783,0
73424,23046053.358231083,0
73425,23044437.76113427,0
73426,23042821.642000925,0
73427,23041204.998687018,0
73428,23039587.832919333,0
73429,23037970.145657167,0
73430,23036351.934186682,0
73431,23034733.19770504,0
73432,23033113.94343669,0
73433,23031494.161426418,0
73434,23029873.85820625,0
73435,23028253.031358134,0
73436,23026631.682867356,0
73437,23025009.81326681,0
73438,23023387.41526728,0
73439,23021764.498753093,0
73440,23020141.05709458,0
73441,23018517.091979682,0
73442,23016892.605393864,0
73443,23015267.59765617,0
73444,23013642.062400937,0
73445,23012016.006916463,0
73446,23010389.429937825,0
73447,23008762.327705782,0
73448,23007134.701863173,0
73449,23005506.55232517,0
73450,23003877.880906038,0
73451,23002248.686221648,0
73452,23000618.9697305,0
73453,22998988.729671918,0
73454,22997357.964608658,0
73455,22995726.678742625,0
73456,22994094.86910334,0
73457,22992462.534317657,0
73458,22990829.675892044,0
73459,22989196.2972232,0
73460,22987562.395243194,0
73461,22985927.966759376,0
73462,22984293.016968973,0
73463,22982657.545726657,0
73464,22981021.546822045,0
73465,22979385.028826684,0
73466,22977747.985067483,0
73467,22976110.41898361,0
73468,22974472.331513397,0
73469,22972833.716372773,0
73470,22971194.58065691,0
73471,22969554.92187423,0
73472,22967914.736481834,0
73473,22966274.03212274,0
73474,22964632.800951146,0
73475,22962991.04680922,0
73476,22961348.77085279,0
73477,22959705.971216816,0
73478,22958062.647745892,0
73479,22956418.799637813,0
73480,22954774.42956976,0
73481,22953129.534298155,0
73482,22951484.11738262,0
73483,22949838.175610382,0
73484,22948191.71224576,0
73485,22946544.723299246,0
73486,22944897.214470427,0
73487,22943249.17747319,0
73488,22941600.616582505,0
73489,22939951.534993302,0
73490,22938301.930373535,0
73491,22936651.800236344,0
73492,22935001.14511888,0
73493,22933349.968966898,0
73494,22931698.269816242,0
73495,22930046.045306,0
73496,22928393.297604464,0
73497,22926740.025161937,0
73498,22925086.22930784,0
73499,22923431.90990831,0
73500,22921777.069440033,0
73501,22920121.704014864,0
73502,22918465.812192664,0
73503,22916809.398948092,0
73504,22915152.459551055,0
73505,22913494.99889673,0
73506,22911837.01364086,0
73507,22910178.50508248,0
73508,22908519.471965306,0
73509,22906859.918040138,0
73510,22905199.835612442,0
73511,22903539.231824968,0
73512,22901878.10266154,0
73513,22900216.448271114,0
73514,22898554.27498186,0
73515,22896891.575884666,0
73516,22895228.352547057,0
73517,22893564.603548225,0
73518,22891900.330728676,0
73519,22890235.536498986,0
73520,22888570.216027778,0
73521,22886904.375508487,0
73522,22885238.007462468,0
73523,22883571.115316324,0
73524,22881903.70141312,0
73525,22880235.76299396,0
73526,22878567.299163606,0
73527,22876898.31322408,0
73528,22875228.799163457,0
73529,22873558.76581573,0
73530,22871888.204136,0
73531,22870217.124189507,0
73532,22868545.51566186,0
73533,22866873.383125573,0
73534,22865200.726825427,0
73535,22863527.547829777,0
73536,22861853.844394803,0
73537,22860179.617040716,0
73538,22858504.864853192,0
73539,22856829.58814746,0
73540,22855153.789704196,0
73541,22853477.462457802,0
73542,22851800.61617514,0
73543,22850123.243056584,0
73544,22848445.34594711,0
73545,22846766.925471455,0
73546,22845087.978854742,0
73547,22843408.50921775,0
73548,22841728.51593685,0
73549,22840047.99770254,0
73550,22838366.95574875,0
73551,22836685.39020619,0
73552,22835003.298831057,0
73553,22833320.68370892,0
73554,22831637.544583175,0
73555,22829953.880398843,0
73556,22828269.69370419,0
73557,22826584.98112266,0
73558,22824899.74399417,0
73559,22823213.981952816,0
73560,22821527.69914696,0
73561,22819840.88890031,0
73562,22818153.55483728,0
73563,22816465.697630458,0
73564,22814777.313904736,0
73565,22813088.40604616,0
73566,22811398.97406744,0
73567,22809709.018100258,0
73568,22808018.53857624,0
73569,22806327.534487344,0
73570,22804636.00527875,0
73571,22802943.949251015,0
73572,22801251.373428036,0
73573,22799558.269610975,0
73574,22797864.642245308,0
73575,22796170.491639305,0
73576,22794475.81600456,0
73577,22792780.613422025,0
73578,22791084.889796548,0
73579,22789388.638358146,0
73580,22787691.8666387,0
73581,22785994.566062696,0
73582,22784296.744137473,0
73583,22782598.39579456,0
73584,22780899.523235746,0
73585,22779200.124872606,0
73586,22777500.20395375,0
73587,22775799.759161316,0
73588,22774098.78758486,0
73589,22772397.29286089,0
73590,22770695.2724343,0
73591,22768992.728352703,0
73592,22767289.6581985,0
73593,22765586.065044012,0
73594,22763881.946713924,0
73595,22762177.303806305,0
73596,22760472.134071067,0
73597,22758766.443382144,0
73598,22757060.224960927,0
73599,22755353.482747115,0
73600,22753646.218674637,0
73601,22751938.42678411,0
73602,22750230.11048953,0
73603,22748521.268865846,0
73604,22746811.9029095,0
73605,22745102.014628418,0
73606,22743391.598165546,0
73607,22741680.657251634,0
73608,22739969.192497425,0
73609,22738257.204358645,0
73610,22736544.68945991,0
73611,22734831.65179845,0
73612,22733118.086983338,0
73613,22731403.99703692,0
73614,22729689.386596948,0
73615,22727974.245377813,0
73616,22726258.581994567,0
73617,22724542.39509847,0
73618,22722825.68275357,0
73619,22721108.4436251,0
73620,22719390.682580244,0
73621,22717672.39386668,0
73622,22715953.58438822,0
73623,22714234.244958747,0
73624,22712514.381313954,0
73625,22710793.994552583,0
73626,22709073.083682004,0
73627,22707351.645377267,0
73628,22705629.684173536,0
73629,22703907.19933214,0
73630,22702184.186159022,0
73631,22700460.649307493,0
73632,22698736.588918876,0
73633,22697011.999419414,0
73634,22695286.888418626,0
73635,22693561.25139463,0
73636,22691835.089332428,0
73637,22690108.402955193,0
73638,22688381.190989327,0
73639,22686653.453997105,0
73640,22684925.192537956,0
73641,22683196.405317917,0
73642,22681467.094388165,0
73643,22679737.25614689,0
73644,22678006.896094322,0
73645,22676276.00870995,0
73646,22674544.596260548,0
73647,22672812.658102416,0
73648,22671080.196260866,0
73649,22669347.20864905,0
73650,22667613.69625294,0
73651,22665879.657226104,0
73652,22664145.095889103,0
73653,22662410.008201987,0
73654,22660674.396279212,0
73655,22658938.25564528,0
73656,22657201.592135414,0
73657,22655464.405817773,0
73658,22653726.689673338,0
73659,22651988.453822915,0
73660,22650249.6895561,0
73661,22648510.399776794,0
73662,22646770.583310783,0
73663,22645030.2451042,0
73664,22643289.380443014,0
73665,22641547.990806077,0
73666,22639806.075874656,0
73667,22638063.634151306,0
73668,22636320.670310777,0
73669,22634577.17888171,0
73670,22632833.16273922,0
73671,22631088.62062178,0
73672,22629343.554592423,0
73673,22627597.960156538,0
73674,22625851.845521506,0
73675,22624105.2043291,0
73676,22622358.03571596,0
73677,22620610.34257286,0
73678,22618862.124358788,0
73679,22617113.381169397,0
73680,22615364.11082576,0
73681,22613614.31775935,0
73682,22611863.997658685,0
73683,22610113.152364444,0
73684,22608361.78341473,0
73685,22606609.885799687,0
73686,22604857.464913752,0
73687,22603104.516929563,0
73688,22601351.04672055,0
73689,22599597.050207194,0
73690,22597842.528223306,0
73691,22596087.48097055,0
73692,22594331.908267274,0
73693,22592575.807531256,0
73694,22590819.18504883,0
73695,22589062.034632627,0
73696,22587304.35955471,0
73697,22585546.161064252,0
73698,22583787.435277294,0
73699,22582028.18467919,0
73700,22580268.408344414,0
73701,22578508.105424184,0
73702,22576747.279699735,0
73703,22574985.924937192,0
73704,22573224.046595972,0
73705,22571461.64438574,0
73706,22569698.715072397,0
73707,22567935.25944684,0
73708,22566171.279345844,0
73709,22564406.774997957,0
73710,22562641.743819624,0
73711,22560876.18598905,0
73712,22559110.104342993,0
73713,22557343.49652932,0
73714,22555576.362264514,0
73715,22553808.70717736,0
73716,22552040.521959607,0
73717,22550271.813261464,0
73718,22548502.57664789,0
73719,22546732.815295182,0
73720,22544962.52916442,0
73721,22543191.717388045,0
73722,22541420.380416512,0
73723,22539648.516501788,0
73724,22537876.12921426,0
73725,22536103.21500984,0
73726,22534329.776868116,0
73727,22532555.811364472,0
73728,22530781.319693904,0
73729,22529006.304213356,0
73730,22527230.760709934,0
73731,22525454.69301208,0
73732,22523678.101047438,0
73733,22521900.982502434,0
73734,22520123.33790599,0
73735,22518345.16943022,0
73736,22516566.47316729,0
73737,22514787.252293307,0
73738,22513007.503851455,0
73739,22511227.23224684,0
73740,22509446.43273879,0
73741,22507665.109272845,0
73742,22505883.260906365,0
73743,22504100.884601284,0
73744,22502317.9839552,0
73745,22500534.558768205,0
73746,22498750.605495498,0
73747,22496966.12946985,0
73748,22495181.124863498,0
73749,22493395.595792543,0
73750,22491609.54141717,0
73751,22489822.960540455,0
73752,22488035.854768544,0
73753,22486248.221684456,0
73754,22484460.06228975,0
73755,22482671.38029833,0
73756,22480882.172243215,0
73757,22479092.43845926,0
73758,22477302.17967634,0
73759,22475511.39074793,0
73760,22473720.07878065,0
73761,22471928.242131837,0
73762,22470135.87863839,0
73763,22468342.989552595,0
73764,22466549.574175484,0
73765,22464755.631834812,0
73766,22462961.16764328,0
73767,22461166.175270952,0
73768,22459370.655840416,0
73769,22457574.614356015,0
73770,22455778.04508011,0
73771,22453980.949710783,0
73772,22452183.327771205,0
73773,22450385.181643475,0
73774,22448586.507984504,0
73775,22446787.309168387,0
73776,22444987.58633436,0
73777,22443187.335015003,0
73778,22441386.56066813,0
73779,22439585.259231266,0
73780,22437783.43114095,0
73781,22435981.080764312,0
73782,22434178.19927636,0
73783,22432374.795321807,0
73784,22430570.86433274,0
73785,22428766.40905337,0
73786,22426961.425542206,0
73787,22425155.916541953,0
73788,22423349.8843221,0
73789,22421543.322665256,0
73790,22419736.237740207,0
73791,22417928.62665446,0
73792,22416120.489421554,0
73793,22414311.826426703,0
73794,22412502.637372643,0
73795,22410692.92309325,0
73796,22408882.681596983,0
73797,22407071.916158166,0
73798,22405260.622461982,0
73799,22403448.803745992,0
73800,22401636.459723733,0
73801,22399823.59040853,0
73802,22398010.195878014,0
73803,22396196.273085784,0
73804,22394381.824975148,0
73805,22392566.85183197,0
73806,22390751.351209287,0
73807,22388935.32536765,0
73808,22387118.77484637,0
73809,22385301.697647594,0
73810,22383484.098057684,0
73811,22381665.968639135,0
73812,22379847.3137822,0
73813,22378028.129899688,0
73814,22376208.4262048,0
73815,22374388.19115822,0
73816,22372567.435020316,0
73817,22370746.149400257,0
73818,22368924.33763429,0
73819,22367102.00402352,0
73820,22365279.141799096,0
73821,22363455.751011077,0
73822,22361631.83835435,0
73823,22359807.396115664,0
73824,22357982.431746073,0
73825,22356156.939904172,0
73826,22354330.922094233,0
73827,22352504.38038407,0
73828,22350677.307761174,0
73829,22348849.71325152,0
73830,22347021.59265992,0
73831,22345192.943068974,0
73832,22343363.77002703,0
73833,22341534.072597176,0
73834,22339703.847441535,0
73835,22337873.09431903,0
73836,22336041.818304736,0
73837,22334210.015736196,0
73838,22332377.68453974,0
73839,22330544.830539517,0
73840,22328711.448157635,0
73841,22326877.540089525,0
73842,22325043.108336728,0
73843,22323208.149005163,0
73844,22321372.663264066,0
73845,22319536.652815185,0
73846,22317700.115912575,0
73847,22315863.053422317,0
73848,22314025.465205353,0
73849,22312187.3502449,0
73850,22310348.70817073,0
73851,22308509.540776502,0
73852,22306669.84974113,0
73853,22304829.629389517,0
73854,22302988.88398876,0
73855,22301147.61385997,0
73856,22299305.81497379,0
73857,22297463.493444238,0
73858,22295620.644494075,0
73859,22293777.269361306,0
73860,22291933.36965102,0
73861,22290088.943467934,0
73862,22288243.991200488,0
73863,22286398.510126762,0
73864,22284552.505450014,0
73865,22282705.974158153,0
73866,22280858.91847455,0
73867,22279011.333160054,0
73868,22277163.22572088,0
73869,22275314.591474608,0
73870,22273465.429622486,0
73871,22271615.742867578,0
73872,22269765.53132648,0
73873,22267914.79130354,0
73874,22266063.527566068,0
73875,22264211.7370047,0
73876,22262359.418878227,0
73877,22260506.57502031,0
73878,22258653.2078389,0
73879,22256799.308658734,0
73880,22254944.888542913,0
73881,22253089.943754684,0
73882,22251234.47232834,0
73883,22249378.47138554,0
73884,22247521.945715524,0
73885,22245664.893870138,0
73886,22243807.317676336,0
73887,22241949.215038884,0
73888,22240090.58536689,0
73889,22238231.42939459,0
73890,22236371.749054745,0
73891,22234511.540991202,0
73892,22232650.80783623,0
73893,22230789.548911862,0
73894,22228927.7615964,0
73895,22227065.451071784,0
73896,22225202.613745708,0
73897,22223339.248942666,0
73898,22221475.35953882,0
73899,22219610.94446144,0
73900,22217746.00456106,0
73901,22215880.535729166,0
73902,22214014.542433508,0
73903,22212148.022963945,0
73904,22210280.9776119,0
73905,22208413.405780368,0
73906,22206545.307618484,0
73907,22204676.683657903,0
73908,22202807.535109676,0
73909,22200937.857714754,0
73910,22199067.657734197,0
73911,22197196.927943707,0
73912,22195325.674345717,0
73913,22193453.89542708,0
73914,22191581.591148358,0
73915,22189708.754886348,0
73916,22187835.399703473,0
73917,22185961.515301257,0
73918,22184087.10434274,0
73919,22182212.169099383,0
73920,22180336.705460805,0
73921,22178460.71776805,0
73922,22176584.204866502,0
73923,22174707.16328663,0
73924,22172829.598281797,0
73925,22170951.50528291,0
73926,22169072.887290083,0
73927,22167193.744597346,0
73928,22165314.07211654,0
73929,22163433.876990877,0
73930,22161553.155229785,0
73931,22159671.90672032,0
73932,22157790.131566793,0
73933,22155907.832206022,0
73934,22154025.00448026,0
73935,22152141.652680133,0
73936,22150257.776403613,0
73937,22148373.371087994,0
73938,22146488.440077763,0
73939,22144602.984143235,0
73940,22142717.00049814,0
73941,22140830.493190717,0
73942,22138943.458058104,0
73943,22137055.897525825,0
73944,22135167.81157558,0
73945,22133279.198690426,0
73946,22131390.061025027,0
73947,22129500.39689354,0
73948,22127610.205799785,0
73949,22125719.486820165,0
73950,22123828.24640757,0
73951,22121936.477805268,0
73952,22120044.18487582,0
73953,22118151.363403797,0
73954,22116258.017271247,0
73955,22114364.14626269,0
73956,22112469.746307142,0
73957,22110574.822970573,0
73958,22108679.37184688,0
73959,22106783.395709123,0
73960,22104886.89275235,0
73961,22102989.865152184,0
73962,22101092.31196238,0
73963,22099194.2302961,0
73964,22097295.62437916,0
73965,22095396.49514716,0
73966,22093496.835107,0
73967,22091596.651114427,0
73968,22089695.940109905,0
73969,22087794.70577478,0
73970,22085892.94397232,0
73971,22083990.65423743,0
73972,22082087.842028383,0
73973,22080184.50246113,0
73974,22078280.633260265,0
73975,22076376.244445316,0
73976,22074471.32512843,0
73977,22072565.883577824,0
73978,22070659.91186629,0
73979,22068753.41774559,0
73980,22066846.393910106,0
73981,22064938.84937784,0
73982,22063030.774992354,0
73983,22061122.17693299,0
73984,22059213.049716555,0
73985,22057303.399508674,0
73986,22055393.223750345,0
73987,22053482.519217085,0
73988,22051571.290762454,0
73989,22049659.536202915,0
73990,22047747.25320568,0
73991,22045834.447576687,0
73992,22043921.11666426,0
73993,22042007.254998446,0
73994,22040092.873777743,0
73995,22038177.961780895,0
73996,22036262.528234158,0
73997,22034346.56452686,0
73998,22032430.075305384,0
73999,22030513.063208714,0
74000,22028595.523896225,0
74001,22026677.457414158,0
74002,22024758.864827085,0
74003,22022839.74929342,0
74004,22020920.103630215,0
74005,22018999.936459724,0
74006,22017079.23793684,0
74007,22015158.019550823,0
74008,22013236.272097033,0
74009,22011313.99864213,0
74010,22009391.202818945,0
74011,22007467.875009887,0
74012,22005544.02833066,0
74013,22003619.64935366,0
74014,22001694.75003249,0
74015,21999769.320449,0
74016,21997843.36568344,0
74017,21995916.887756307,0
74018,21993989.88351129,0
74019,21992062.350957304,0
74020,21990134.295197394,0
74021,21988205.712885115,0
74022,21986276.605126716,0
74023,21984346.969319012,0
74024,21982416.810230937,0
74025,21980486.12391467,0
74026,21978554.91116781,0
74027,21976623.174800016,0
74028,21974690.911141586,0
74029,21972758.12088142,0
74030,21970824.806770246,0
74031,21968890.965550628,0
74032,21966956.599265948,0
74033,21965021.708260115,0
74034,21963086.28745707,0
74035,21961150.3446282,0
74036,21959213.87474851,0
74037,21957276.880086593,0
74038,21955339.35766713,0
74039,21953401.310617346,0
74040,21951462.73843221,0
74041,21949523.6405367,0
74042,21947584.015425798,0
74043,21945643.86331009,0
74044,21943703.189358704,0
74045,21941761.990340304,0
74046,21939820.263360627,0
74047,21937878.0084825,0
74048,21935935.232222717,0
74049,21933991.925830867,0
74050,21932048.094644744,0
74051,21930103.740190357,0
74052,21928158.859837305,0
74053,21926213.451465383,0
74054,21924267.519860376,0
74055,21922321.0610625,0
74056,21920374.076364387,0
74057,21918426.56760357,0
74058,21916478.53255859,0
74059,21914529.970343735,0
74060,21912580.88391932,0
74061,21910631.269380342,0
74062,21908681.134079967,0
74063,21906730.46835603,0
74064,21904779.27858185,0
74065,21902827.565243322,0
74066,21900875.32324934,0
74067,21898922.556583557,0
74068,21896969.265002113,0
74069,21895015.446475547,0
74070,21893061.10376563,0
74071,21891106.236659475,0
74072,21889150.8423626,0
74073,21887194.921219915,0
74074,21885238.47483562,0
74075,21883281.504697558,0
74076,21881324.005569227,0
74077,21879365.986236777,0
74078,21877407.437019754,0
74079,21875448.36250742,0
74080,21873488.765915144,0
74081,21871528.639796153,0
74082,21869567.98909734,0
74083,21867606.81579296,0
74084,21865645.111892916,0
74085,21863682.886302486,0
74086,21861720.133848626,0
74087,21859756.85438078,0
74088,21857793.051638372,0
74089,21855828.72255826,0
74090,21853863.866563693,0
74091,21851898.48638009,0
74092,21849932.58068107,0
74093,21847966.151424587,0
74094,21845999.19440895,0
74095,21844031.712514486,0
74096,21842063.70559126,0
74097,21840095.173108935,0
74098,21838126.114419177,0
74099,21836156.530192897,0
74100,21834186.423539344,0
74101,21832215.786668897,0
74102,21830244.627686728,0
74103,21828272.939832754,0
74104,21826300.73135415,0
74105,21824327.99299475,0
74106,21822354.734449804,0
74107,21820380.943027988,0
74108,21818406.630557284,0
74109,21816431.79331893,0
74110,21814456.429641303,0
74111,21812480.53992314,0
74112,21810504.128286812,0
74113,21808527.188522387,0
74114,21806549.721783936,0
74115,21804571.73274094,0
74116,21802593.2174029,0
74117,21800614.174869604,0
74118,21798634.607763242,0
74119,21796654.517930254,0
74120,21794673.90065817,0
74121,21792692.755837046,0
74122,21790711.09074586,0
74123,21788728.89523695,0
74124,21786746.17825762,0
74125,21784762.933384866,0
74126,21782779.165394865,0
74127,21780794.871090535,0
74128,21778810.053672016,0
74129,21776824.705010567,0
74130,21774838.83578879,0
74131,21772852.440762065,0
74132,21770865.52097235,0
74133,21768878.07450238,0
74134,21766890.101548996,0
74135,21764901.60818509,0
74136,21762912.587259617,0
74137,21760923.039616585,0
74138,21758932.966776256,0
74139,21756942.37028263,0
74140,21754951.246509917,0
74141,21752959.601247534,0
74142,21750967.42796124,0
74143,21748974.729032572,0
74144,21746981.50658255,0
74145,21744987.75930576,0
74146,21742993.4860594,0
74147,21740998.686294977,0
74148,21739003.36485147,0
74149,21737007.515277084,0
74150,21735011.140517008,0
74151,21733014.24055698,0
74152,21731016.81644142,0
74153,21729018.867759477,0
74154,21727020.39310655,0
74155,21725021.395488504,0
74156,21723021.868343063,0
74157,21721021.820206154,0
74158,21719021.243054934,0
74159,21717020.14573388,0
74160,21715018.521479804,0
74161,21713016.372258525,0
74162,21711013.69540364,0
74163,21709010.495434623,0
74164,21707006.77230372,0
74165,21705002.52259936,0
74166,21702997.746299177,0
74167,21700992.444694605,0
74168,21698986.620736953,0
74169,21696980.27186674,0
74170,21694973.395734336,0
74171,21692965.998112064,0
74172,21690958.0718875,0
74173,21688949.62291848,0
74174,21686940.649478324,0
74175,21684931.149213992,0
74176,21682921.1263319,0
74177,21680910.576412976,0
74178,21678899.499698784,0
74179,21676887.902156007,0
74180,21674875.777652778,0
74181,21672863.12974341,0
74182,21670849.955264024,0
74183,21668836.25556166,0
74184,21666822.033003077,0
74185,21664807.283776756,0
74186,21662792.01028005,0
74187,21660776.21276577,0
74188,21658759.890255492,0
74189,21656743.04362386,0
74190,21654725.669339854,0
74191,21652707.770637326,0
74192,21650689.350287654,0
74193,21648670.403893806,0
74194,21646650.93220315,0
74195,21644630.93538988,0
74196,21642610.415464267,0
74197,21640589.368955094,0
74198,21638567.798639778,0
74199,21636545.700868633,0
74200,21634523.082484502,0
74201,21632499.937764205,0
74202,21630476.27013404,0
74203,21628452.074201386,0
74204,21626427.354824543,0
74205,21624402.111271698,0
74206,21622376.344813474,0
74207,21620350.050444555,0
74208,21618323.232718956,0
74209,21616295.892400794,0
74210,21614268.025162775,0
74211,21612239.63320524,0
74212,21610210.716177512,0
74213,21608181.27752549,0
74214,21606151.312676083,0
74215,21604120.821194857,0
74216,21602089.808242682,0
74217,21600058.26894682,0
74218,21598026.204782616,0
74219,21595993.617300652,0
74220,21593960.50524446,0
74221,21591926.866998,0
74222,21589892.70739974,0
74223,21587858.02012841,0
74224,21585822.809685156,0
74225,21583787.075894807,0
74226,21581750.815496523,0
74227,21579714.031829968,0
74228,21577676.723582014,0
74229,21575638.890110407,0
74230,21573600.533131145,0
74231,21571561.65197055,0
74232,21569522.2458973,0
74233,21567482.31595974,0
74234,21565441.861129228,0
74235,21563400.882517274,0
74236,21561359.37615823,0
74237,21559317.350579105,0
74238,21557274.79697265,0
74239,21555231.721274294,0
74240,21553188.119924057,0
74241,21551143.993652165,0
74242,21549099.34608042,0
74243,21547054.17134914,0
74244,21545008.472742993,0
74245,21542962.25196398,0
74246,21540915.501978643,0
74247,21538868.231894925,0
74248,21536820.437097296,0
74249,21534772.115892146,0
74250,21532723.27248849,0
74251,21530673.906122096,0
74252,21528624.01239235,0
74253,21526573.597324755,0
74254,21524522.65519889,0
74255,21522471.193046242,0
74256,21520419.199714005,0
74257,21518366.68993919,0
74258,21516313.651909564,0
74259,21514260.08872107,0
74260,21512206.004497528,0
74261,21510151.393149428,0
74262,21508096.261681117,0
74263,21506040.602893032,0
74264,21503984.419620443,0
74265,21501927.71574649,0
74266,21499870.485677335,0
74267,21497812.73354338,0
74268,21495754.454131544,0
74269,21493695.648757495,0
74270,21491636.32444343,0
74271,21489576.475899886,0
74272,21487516.098999504,0
74273,21485455.201704714,0
74274,21483393.780358292,0
74275,21481331.833750058,0
74276,21479269.36584361,0
74277,21477206.370473977,0
74278,21475142.852437913,0
74279,21473078.80968855,0
74280,21471014.243801653,0
74281,21468949.155416705,0
74282,21466883.541762177,0
74283,21464817.40328771,0
74284,21462750.74354553,0
74285,21460683.558331355,0
74286,21458615.849095736,0
74287,21456547.617905486,0
74288,21454478.860200487,0
74289,21452409.579677083,0
74290,21450339.776962843,0
74291,21448269.44782323,0
74292,21446198.595953062,0
74293,21444127.21981437,0
74294,21442055.321936633,0
74295,21439982.899973344,0
74296,21437909.952074155,0
74297,21435836.480909325,0
74298,21433762.489306487,0
74299,21431687.971723977,0
74300,21429612.929970223,0
74301,21427537.364538465,0
74302,21425461.27627714,0
74303,21423384.662091363,0
74304,21421307.527225707,0
74305,21419229.86904395,0
74306,21417151.68567366,0
74307,21415072.979623605,0
74308,21412993.750071537,0
74309,21410913.993562598,0
74310,21408833.717997056,0
74311,21406752.916439086,0
74312,21404671.59191551,0
74313,21402589.74699143,0
74314,21400507.37161248,0
74315,21398424.47818202,0
74316,21396341.05983964,0
74317,21394257.118378866,0
74318,21392172.65116987,0
74319,21390087.66354093,0
74320,21388002.152531907,0
74321,21385916.11564279,0
74322,21383829.5591534,0
74323,21381742.476560853,0
74324,21379654.868807748,0
74325,21377566.741223585,0
74326,21375478.089546632,0
74327,21373388.912183434,0
74328,21371299.213054016,0
74329,21369208.99144306,0
74330,21367118.249567296,0
74331,21365026.979176413,0
74332,21362935.18541189,0
74333,21360842.869377084,0
74334,21358750.03133295,0
74335,21356656.67190626,0
74336,21354562.787432157,0
74337,21352468.376402963,0
74338,21350373.44615781,0
74339,21348277.991044838,0
74340,21346182.014879815,0
74341,21344085.51167324,0
74342,21341988.48977263,0
74343,21339890.94036214,0
74344,21337792.872454196,0
74345,21335694.27736913,0
74346,21333595.161541384,0
74347,21331495.521782693,0
74348,21329395.361911327,0
74349,21327294.675429765,0
74350,21325193.465486977,0
74351,21323091.73352705,0
74352,21320989.48112339,0
74353,21318886.698887702,0
74354,21316783.402273506,0
74355,21314679.577389326,0
74356,21312575.234216746,0
74357,21310470.36538094,0
74358,21308364.970456,0
74359,21306259.054936558,0
74360,21304152.617362216,0
74361,21302045.655794233,0
74362,21299938.17188664,0
74363,21297830.166338474,0
74364,21295721.637322254,0
74365,21293612.58461224,0
74366,21291503.009749588,0
74367,21289392.911021687,0
74368,21287282.29014377,0
74369,21285171.146800116,0
74370,21283059.482438862,0
74371,21280947.292941116,0
74372,21278834.581543457,0
74373,21276721.347463854,0
74374,21274607.590160027,0
74375,21272493.310750645,0
74376,21270378.509705942,0
74377,21268263.18431321,0
74378,21266147.335862756,0
74379,21264030.965449076,0
74380,21261914.0742366,0
74381,21259796.658246744,0
74382,21257678.719741967,0
74383,21255560.258340582,0
74384,21253441.27836868,0
74385,21251321.77006592,0
74386,21249201.743486103,0
74387,21247081.194540907,0
74388,21244960.11940857,0
74389,21242838.524273496,0
74390,21240716.407291852,0
74391,21238593.76492926,0
74392,21236470.601716783,0
74393,21234346.917888865,0
74394,21232222.710796095,0
74395,21230097.980879597,0
74396,21227972.72996261,0
74397,21225846.9529903,0
74398,21223720.656854227,0
74399,21221593.839252874,0
74400,21219466.495916873,0
74401,21217338.63434743,0
74402,21215210.24602399,0
74403,21213081.337209392,0
74404,21210951.907272257,0
74405,21208821.954757236,0
74406,21206691.479066122,0
74407,21204560.48266498,0
74408,21202428.96273171,0
74409,21200296.922604676,0
74410,21198164.35815346,0
74411,21196031.27183821,0
74412,21193897.66358008,0
74413,21191763.53467159,0
74414,21189628.881790847,0
74415,21187493.707132597,0
74416,21185358.010637585,0
74417,21183221.793801904,0
74418,21181085.052354667,0
74419,21178947.790248066,0
74420,21176810.006836765,0
74421,21174671.701119702,0
74422,21172532.872455053,0
74423,21170393.52258565,0
74424,21168253.650393274,0
74425,21166113.255736902,0
74426,21163972.3402781,0
74427,21161830.903990712,0
74428,21159688.94239262,0
74429,21157546.46007862,0
74430,21155403.455402065,0
74431,21153259.934812773,0
74432,21151115.88801433,0
74433,21148971.316423,0
74434,21146826.228320513,0
74435,21144680.615944445,0
74436,21142534.4817039,0
74437,21140387.826006282,0
74438,21138240.64750517,0
74439,21136092.94944857,0
74440,21133944.729076184,0
74441,21131795.98656294,0
74442,21129646.722576145,0
74443,21127496.93845832,0
74444,21125346.631106794,0
74445,21123195.802321393,0
74446,21121044.452175234,0
74447,21118892.579724304,0
74448,21116740.187386513,0
74449,21114587.27023811,0
74450,21112433.83522871,0
74451,21110279.878114127,0
74452,21108125.39873764,0
74453,21105970.397914723,0
74454,21103814.87638872,0
74455,21101658.833416335,0
74456,21099502.266034666,0
74457,21097345.18114801,0
74458,21095187.572518483,0
74459,21093029.44536496,0
74460,21090870.79475114,0
74461,21088711.621484622,0
74462,21086551.929588705,0
74463,21084391.713964913,0
74464,21082230.981034055,0
74465,21080069.722931508,0
74466,21077907.94450256,0
74467,21075745.64625252,0
74468,21073582.826964695,0
74469,21071419.485285457,0
74470,21069255.62197956,0
74471,21067091.238704097,0
74472,21064926.333745375,0
74473,21062760.907236658,0
74474,21060594.959361855,0
74475,21058428.49321875,0
74476,21056261.50476665,0
74477,21054093.9940986,0
74478,21051925.965091687,0
74479,21049757.410385698,0
74480,21047588.337909393,0
74481,21045418.744455308,0
74482,21043248.62949396,0
74483,21041077.99296555,0
74484,21038906.836437546,0
74485,21036735.158799026,0
74486,21034562.961094644,0
74487,21032390.24040199,0
74488,21030216.99852341,0
74489,21028043.239667173,0
74490,21025868.959962506,0
74491,21023694.156569768,0
74492,21021518.830941394,0
74493,21019342.9891928,0
74494,21017166.624018308,0
74495,21014989.738030106,0
74496,21012812.331243396,0
74497,21010634.404764257,0
74498,21008455.957632635,0
74499,21006276.992019527,0
74500,21004097.50221148,0
74501,21001917.49166311,0
74502,20999736.96206468,0
74503,20997555.912254773,0
74504,20995374.341014706,0
74505,20993192.25010825,0
74506,20991009.63809907,0
74507,20988826.506020993,0
74508,20986642.851149593,0
74509,20984458.6807367,0
74510,20982273.985747997,0
74511,20980088.773188706,0
74512,20977903.04007293,0
74513,20975716.781659212,0
74514,20973530.008104615,0
74515,20971342.712158624,0
74516,20969154.897243477,0
74517,20966966.55872775,0
74518,20964777.704199135,0
74519,20962588.3272159,0
74520,20960398.432913,0
74521,20958208.01619015,0
74522,20956017.07690251,0
74523,20953825.618731245,0
74524,20951633.64158139,0
74525,20949441.14487149,0
74526,20947248.125734035,0
74527,20945054.589867253,0
74528,20942860.531294286,0
74529,20940665.953938242,0
74530,20938470.856036227,0
74531,20936275.239069484,0
74532,20934079.100381173,0
74533,20931882.442122746,0
74534,20929685.26420999,0
74535,20927487.564180598,0
74536,20925289.348623402,0
74537,20923090.611447573,0
74538,20920891.353232287,0
74539,20918691.577683028,0
74540,20916491.277363777,0
74541,20914290.461126685,0
74542,20912089.12445499,0
74543,20909887.268549547,0
74544,20907684.89159028,0
74545,20905481.994959265,0
74546,20903278.580093723,0
74547,20901074.646020822,0
74548,20898870.190643806,0
74549,20896665.214425493,0
74550,20894459.72034542,0
74551,20892253.70592731,0
74552,20890047.17183788,0
74553,20887840.120349176,0
74554,20885632.545912966,0
74555,20883424.455598116,0
74556,20881215.844984945,0
74557,20879006.712283432,0
74558,20876797.06180287,0
74559,20874586.89159817,0
74560,20872376.200911053,0
74561,20870164.99275827,0
74562,20867953.264302704,0
74563,20865741.015600488,0
74564,20863528.24660101,0
74565,20861314.96163593,0
74566,20859101.156004768,0
74567,20856886.832428157,0
74568,20854671.98616665,0
74569,20852456.625993945,0
74570,20850240.74300976,0
74571,20848024.340491265,0
74572,20845807.41780952,0
74573,20843589.975964706,0
74574,20841372.019463155,0
74575,20839153.539356142,0
74576,20836934.543270983,0
74577,20834715.026391782,0
74578,20832494.98960637,0
74579,20830274.434052244,0
74580,20828053.36167694,0
74581,20825831.76715017,0
74582,20823609.657265075,0
74583,20821387.026773717,0
74584,20819163.876040522,0
74585,20816940.206691634,0
74586,20814716.02243771,0
74587,20812491.314030524,0
74588,20810266.08927697,0
74589,20808040.34667906,0
74590,20805814.08232894,0
74591,20803587.30067309,0
74592,20801360.00323163,0
74593,20799132.181546938,0
74594,20796903.845847625,0
74595,20794674.988449793,0
74596,20792445.613431353,0
74597,20790215.71915411,0
74598,20787985.30720268,0
74599,20785754.37833341,0
74600,20783522.927969847,0
74601,20781290.95776659,0
74602,20779058.471621096,0
74603,20776825.46796911,0
74604,20774591.94471111,0
74605,20772357.902860004,0
74606,20770123.341594398,0
74607,20767888.26197885,0
74608,20765652.66477669,0
74609,20763416.54766821,0
74610,20761179.917630382,0
74611,20758942.761064123,0
74612,20756705.0928391,0
74613,20754466.902409386,0
74614,20752228.196432438,0
74615,20749988.972187184,0
74616,20747749.22569916,0
74617,20745508.96651628,0
74618,20743268.187038872,0
74619,20741026.887602296,0
74620,20738785.074482102,0
74621,20736542.735114794,0
74622,20734299.8831805,0
74623,20732056.514063038,0
74624,20729812.625518307,0
74625,20727568.219335508,0
74626,20725323.295577023,0
74627,20723077.85085116,0
74628,20720831.890260976,0
74629,20718585.41251327,0
74630,20716338.417927045,0
74631,20714090.90351655,0
74632,20711842.870594077,0
74633,20709594.320280734,0
74634,20707345.252954375,0
74635,20705095.66800208,0
74636,20702845.56451032,0
74637,20700594.94203601,0
74638,20698343.803284124,0
74639,20696092.148129903,0
74640,20693839.975071445,0
74641,20691587.281598747,0
74642,20689334.07375847,0
74643,20687080.34465585,0
74644,20684826.10203433,0
74645,20682571.33914947,0
74646,20680316.058281504,0
74647,20678060.262761515,0
74648,20675803.94750087,0
74649,20673547.11648742,0
74650,20671289.76774338,0
74651,20669031.900945358,0
74652,20666773.514283855,0
74653,20664514.615246937,0
74654,20662255.19615803,0
74655,20659995.259080894,0
74656,20657734.8047058,0
74657,20655473.8347697,0
74658,20653212.34875075,0
74659,20650950.34247987,0
74660,20648687.820405833,0
74661,20646424.778824504,0
74662,20644161.22251546,0
74663,20641897.14786404,0
74664,20639632.557511434,0
74665,20637367.45147763,0
74666,20635101.824564166,0
74667,20632835.682193648,0
74668,20630569.023990743,0
74669,20628301.847070955,0
74670,20626034.154680267,0
74671,20623765.944033943,0
74672,20621497.217906244,0
74673,20619227.973569997,0
74674,20616958.21221349,0
74675,20614687.93693799,0
74676,20612417.143450245,0
74677,20610145.831098493,0
74678,20607874.001313042,0
74679,20605601.658070408,0
74680,20603328.797321834,0
74681,20601055.41748949,0
74682,20598781.524080504,0
74683,20596507.112023093,0
74684,20594232.184603084,0
74685,20591956.741596278,0
74686,20589680.78027521,0
74687,20587404.30176645,0
74688,20585127.30882513,0
74689,20582849.798079565,0
74690,20580571.772418626,0
74691,20578293.226125084,0
74692,20576014.167715576,0
74693,20573734.59385114,0
74694,20571454.498691805,0
74695,20569173.88996706,0
74696,20566892.765418045,0
74697,20564611.125813622,0
74698,20562328.967302065,0
74699,20560046.29196409,0
74700,20557763.102866,0
74701,20555479.396345332,0
74702,20553195.174741503,0
74703,20550910.43571829,0
74704,20548625.18132443,0
74705,20546339.410099268,0
74706,20544053.124986894,0
74707,20541766.320841536,0
74708,20539479.001480088,0
74709,20537191.168417007,0
74710,20534902.817250706,0
74711,20532613.94913377,0
74712,20530324.563592304,0
74713,20528034.669692855,0
74714,20525744.25449421,0
74715,20523453.324933406,0
74716,20521161.880243562,0
74717,20518869.916514143,0
74718,20516577.43900965,0
74719,20514284.44569334,0
74720,20511990.94056174,0
74721,20509696.915159024,0
74722,20507402.374614216,0
74723,20505107.316383556,0
74724,20502811.74567352,0
74725,20500515.661032,0
74726,20498219.058434665,0
74727,20495921.939963102,0
74728,20493624.30560917,0
74729,20491326.159293912,0
74730,20489027.495885447,0
74731,20486728.314991202,0
74732,20484428.618886344,0
74733,20482128.410913695,0
74734,20479827.683989193,0
74735,20477526.444592454,0
74736,20475224.686483968,0
74737,20472922.417547695,0
74738,20470619.628471863,0
74739,20468316.326511614,0
74740,20466012.511099704,0
74741,20463708.17816652,0
74742,20461403.33149511,0
74743,20459097.967882734,0
74744,20456792.09064691,0
74745,20454485.698992297,0
74746,20452178.792465106,0
74747,20449871.369095918,0
74748,20447563.433771253,0
74749,20445254.980511397,0
74750,20442946.015358392,0
74751,20440636.53077425,0
74752,20438326.535514284,0
74753,20436016.02417428,0
74754,20433704.997754376,0
74755,20431393.456454966,0
74756,20429081.401651513,0
74757,20426768.829176508,0
74758,20424455.74563791,0
74759,20422142.144673895,0
74760,20419828.030776523,0
74761,20417513.40273732,0
74762,20415198.259975545,0
74763,20412882.59968533,0
74764,20410566.43024245,0
74765,20408249.742655262,0
74766,20405932.5403141,0
74767,20403614.82340519,0
74768,20401296.595815863,0
74769,20398977.8502038,0
74770,20396658.59132557,0
74771,20394338.81700513,0
74772,20392018.53042004,0
74773,20389697.72789501,0
74774,20387376.413812034,0
74775,20385054.58372065,0
74776,20382732.23804805,0
74777,20380409.37920213,0
74778,20378086.008057572,0
74779,20375762.121318124,0
74780,20373437.718850475,0
74781,20371112.80505346,0
74782,20368787.378872864,0
74783,20366461.434041742,0
74784,20364134.9777183,0
74785,20361808.007553514,0
74786,20359480.52209573,0
74787,20357152.52521574,0
74788,20354824.012800284,0
74789,20352494.987726495,0
74790,20350165.44533025,0
74791,20347835.39404767,0
74792,20345504.826874062,0
74793,20343173.744539004,0
74794,20340842.15133177,0
74795,20338510.044013675,0
74796,20336177.422098845,0
74797,20333844.286890265,0
74798,20331510.63823275,0
74799,20329176.47560878,0
74800,20326841.802430764,0
74801,20324506.611657802,0
74802,20322170.90912563,0
74803,20319834.691586323,0
74804,20317497.963336494,0
74805,20315160.720531322,0
74806,20312822.96513672,0
74807,20310484.695681814,0
74808,20308145.912979476,0
74809,20305806.61774918,0
74810,20303466.808091972,0
74811,20301126.48781332,0
74812,20298785.65294199,0
74813,20296444.304458935,0
74814,20294102.44357517,0
74815,20291760.06922773,0
74816,20289417.179874435,0
74817,20287073.78239154,0
74818,20284729.868561454,0
74819,20282385.439659532,0
74820,20280040.501798056,0
74821,20277695.04945732,0
74822,20275349.086428434,0
74823,20273002.607967176,0
74824,20270655.618264314,0
74825,20268308.11697623,0
74826,20265960.100979812,0
74827,20263611.570193846,0
74828,20261262.53057809,0
74829,20258912.978298403,0
74830,20256562.909320302,0
74831,20254212.33240982,0
74832,20251861.23995345,0
74833,20249509.635364175,0
74834,20247157.521536086,0
74835,20244804.8908745,0
74836,20242451.750028927,0
74837,20240098.0963239,0
74838,20237743.931887783,0
74839,20235389.25365919,0
74840,20233034.061491493,0
74841,20230678.35965393,0
74842,20228322.14498877,0
74843,20225965.418485593,0
74844,20223608.177631345,0
74845,20221250.428219907,0
74846,20218892.16415056,0
74847,20216533.386816047,0
74848,20214174.100641917,0
74849,20211814.30103071,0
74850,20209453.988240194,0
74851,20207093.165838093,0
74852,20204731.82996176,0
74853,20202369.981092382,0
74854,20200007.62023961,0
74855,20197644.75447518,0
74856,20195281.369502205,0
74857,20192917.475175418,0
74858,20190553.067754198,0
74859,20188188.150198825,0
74860,20185822.723316748,0
74861,20183456.78228339,0
74862,20181090.325124424,0
74863,20178723.362580154,0
74864,20176355.888393756,0
74865,20173987.89921796,0
74866,20171619.400721617,0
74867,20169250.389439877,0
74868,20166880.86828269,0
74869,20164510.835988633,0
74870,20162140.290489715,0
74871,20159769.23285827,0
74872,20157397.66626193,0
74873,20155025.589229103,0
74874,20152652.99872718,0
74875,20150279.89739725,0
74876,20147906.284839768,0
74877,20145532.161792215,0
74878,20143157.527836826,0
74879,20140782.383707423,0
74880,20138406.726399887,0
74881,20136030.559761316,0
74882,20133653.881439194,0
74883,20131276.69281272,0
74884,20128898.99108016,0
74885,20126520.78250536,0
74886,20124142.057277385,0
74887,20121762.82605104,0
74888,20119383.08251745,0
74889,20117002.827975504,0
74890,20114622.061674103,0
74891,20112240.789527204,0
74892,20109859.002933457,0
74893,20107476.705780517,0
74894,20105093.89715298,0
74895,20102710.57942363,0
74896,20100326.751128115,0
74897,20097942.412277427,0
74898,20095557.563915487,0
74899,20093172.202812187,0
74900,20090786.33225234,0
74901,20088399.952706628,0
74902,20086013.061735146,0
74903,20083625.66104306,0
74904,20081237.750522677,0
74905,20078849.3271016,0
74906,20076460.396628655,0
74907,20074070.953872945,0
74908,20071681.002668828,0
74909,20069290.540702734,0
74910,20066899.566485055,0
74911,20064508.08697246,0
74912,20062116.092936702,0
74913,20059723.589416258,0
74914,20057330.57731111,0
74915,20054937.05792165,0
74916,20052543.025906567,0
74917,20050148.484011237,0
74918,20047753.430908028,0
74919,20045357.869855803,0
74920,20042961.797713023,0
74921,20040565.21836898,0
74922,20038168.12854981,0
74923,20035770.529977616,0
74924,20033372.418713946,0
74925,20030973.79961491,0
74926,20028574.67167831,0
74927,20026175.034194663,0
74928,20023774.887400728,0
74929,20021374.228234924,0
74930,20018973.062466264,0
74931,20016571.387127366,0
74932,20014169.201761816,0
74933,20011766.507163517,0
74934,20009363.304035563,0
74935,20006959.590369277,0
74936,20004555.369096912,0
74937,20002150.637440495,0
74938,19999745.398545247,0
74939,19997339.648924295,0
74940,19994933.39051074,0
74941,19992526.62380442,0
74942,19990119.345073614,0
74943,19987711.562049177,0
74944,19985303.268474974,0
74945,19982894.466299,0
74946,19980485.15414112,0
74947,19978075.334209003,0
74948,19975665.00214474,0
74949,19973254.166532207,0
74950,19970842.818994436,0
74951,19968430.96270595,0
74952,19966018.59927018,0
74953,19963605.729613528,0
74954,19961192.34540082,0
74955,19958778.455579672,0
74956,19956364.05811358,0
74957,19953949.15033701,0
74958,19951533.734646093,0
74959,19949117.813341502,0
74960,19946701.37864822,0
74961,19944284.4399673,0
74962,19941866.99141738,0
74963,19939449.033963785,0
74964,19937030.568585485,0
74965,19934611.59670944,0
74966,19932192.11599916,0
74967,19929772.12737417,0
74968,19927351.62818199,0
74969,19924930.622764226,0
74970,19922509.11167397,0
74971,19920087.08831847,0
74972,19917664.559165888,0
74973,19915241.52354237,0
74974,19912817.97564737,0
74975,19910393.923243646,0
74976,19907969.36520582,0
74977,19905544.294834144,0
74978,19903118.718812373,0
74979,19900692.635131795,0
74980,19898266.043856945,0
74981,19895838.9447098,0
74982,19893411.338735443,0
74983,19890983.225737832,0
74984,19888554.60207769,0
74985,19886125.473226313,0
74986,19883695.837361794,0
74987,19881265.695025876,0
74988,19878835.041931726,0
74989,19876403.882785656,0
74990,19873972.215843476,0
74991,19871540.04403716,0
74992,19869107.363658994,0
74993,19866674.175893065,0
74994,19864240.482579034,0
74995,19861806.28057216,0
74996,19859371.57352641,0
74997,19856936.356556416,0
74998,19854500.63460201,0
74999,19852064.403722994,0
75000,19849627.66640156,0
75001,19847190.42440633,0
75002,19844752.672324356,0
75003,19842314.417471394,0
75004,19839875.651658703,0
75005,19837436.382508,0
75006,19834996.60481048,0
75007,19832556.319471963,0
75008,19830115.53104165,0
75009,19827674.234555725,0
75010,19825232.428143334,0
75011,19822790.117985655,0
75012,19820347.301983714,0
75013,19817903.979621757,0
75014,19815460.15041925,0
75015,19813015.812915858,0
75016,19810570.97116726,0
75017,19808125.62214604,0
75018,19805679.76730383,0
75019,19803233.406191975,0
75020,19800786.53819199,0
75021,19798339.167113394,0
75022,19795891.286946878,0
75023,19793442.90290317,0
75024,19790994.010709133,0
75025,19788544.612004895,0
75026,19786094.70783437,0
75027,19783644.301501613,0
75028,19781193.382719997,0
75029,19778741.963024445,0
75030,19776290.03618898,0
75031,19773837.603256196,0
75032,19771384.664716866,0
75033,19768931.22032668,0
75034,19766477.271154802,0
75035,19764022.81655237,0
75036,19761567.85606114,0
75037,19759112.38884911,0
75038,19756656.41696749,0
75039,19754199.93912178,0
75040,19751742.957579445,0
75041,19749285.46932706,0
75042,19746827.476183236,0
75043,19744368.976483133,0
75044,19741909.972068626,0
75045,19739450.46368731,0
75046,19736990.449766096,0
75047,19734529.92874655,0
75048,19732068.90428217,0
75049,19729607.373887718,0
75050,19727145.339108333,0
75051,19724682.799904823,0
75052,19722219.75482398,0
75053,19719756.206760455,0
75054,19717292.15140464,0
75055,19714827.593212966,0
75056,19712362.528993472,0
75057,19709896.95874012,0
75058,19707430.883002743,0
75059,19704964.307000753,0
75060,19702497.22469522,0
75061,19700029.636524204,0
75062,19697561.544012226,0
75063,19695092.946657363,0
75064,19692623.844478413,0
75065,19690154.240581542,0
75066,19687684.129647832,0
75067,19685213.5156693,0
75068,19682742.395950206,0
75069,19680270.77542235,0
75070,19677798.64629253,0
75071,19675326.014088433,0
75072,19672852.877570394,0
75073,19670379.2374098,0
75074,19667905.09543359,0
75075,19665430.446177408,0
75076,19662955.294238355,0
75077,19660479.638095595,0
75078,19658003.47755783,0
75079,19655526.814472053,0
75080,19653049.647071782,0
75081,19650571.974442422,0
75082,19648093.800435122,0
75083,19645615.119794015,0
75084,19643135.937791158,0
75085,19640656.252151474,0
75086,19638176.061708234,0
75087,19635695.36643586,0
75088,19633214.16810646,0
75089,19630732.47077568,0
75090,19628250.266755685,0
75091,19625767.55894034,0
75092,19623284.34733443,0
75093,19620800.633033726,0
75094,19618316.415596876,0
75095,19615831.695452675,0
75096,19613346.47068037,0
75097,19610860.743957266,0
75098,19608374.514530394,0
75099,19605887.77878604,0
75100,19603400.54304917,0
75101,19600912.802842874,0
75102,19598424.560800247,0
75103,19595935.815651644,0
75104,19593446.56653961,0
75105,19590956.81460969,0
75106,19588466.560930595,0
75107,19585975.805913758,0
75108,19583484.545305654,0
75109,19580992.783570655,0
75110,19578500.51900675,0
75111,19576007.752426125,0
75112,19573514.481231254,0
75113,19571020.709233493,0
75114,19568526.43284388,0
75115,19566031.656362098,0
75116,19563536.375691652,0
75117,19561040.59431491,0
75118,19558544.310052536,0
75119,19556047.52288279,0
75120,19553550.233650524,0
75121,19551052.44310554,0
75122,19548554.149043478,0
75123,19546055.353531923,0
75124,19543556.05532313,0
75125,19541056.257283885,0
75126,19538555.955151826,0
75127,19536055.151185915,0
75128,19533553.845195595,0
75129,19531052.041278817,0
75130,19528549.72681378,0
75131,19526046.91818316,0
75132,19523543.605834693,0
75133,19521039.79291955,0
75134,19518535.475714788,0
75135,19516030.658632103,0
75136,19513525.338862095,0
75137,19511019.52047464,0
75138,19508513.196870655,0
75139,19506006.372228123,0
75140,19503499.0485863,0
75141,19500991.221282605,0
75142,19498482.895689655,0
75143,19495974.066275373,0
75144,19493464.735049404,0
75145,19490954.903162144,0
75146,19488444.570262797,0
75147,19485933.738176506,0
75148,19483422.404082995,0
75149,19480910.566658955,0
75150,19478398.230744783,0
75151,19475885.39321392,0
75152,19473372.055122122,0
75153,19470858.214130692,0
75154,19468343.875226635,0
75155,19465829.036139052,0
75156,19463313.692385565,0
75157,19460797.850462586,0
75158,19458281.507474955,0
75159,19455764.664147634,0
75160,19453247.31838854,0
75161,19450729.477042403,0
75162,19448211.130083565,0
75163,19445692.28510024,0
75164,19443172.93884221,0
75165,19440653.09356555,0
75166,19438132.745701425,0
75167,19435611.898233376,0
75168,19433090.552560024,0
75169,19430568.706136838,0
75170,19428046.35817734,0
75171,19425523.510649033,0
75172,19423000.164438836,0
75173,19420476.315949913,0
75174,19417951.9707046,0
75175,19415427.122365024,0
75176,19412901.776274968,0
75177,19410375.92790842,0
75178,19407849.583950557,0
75179,19405322.736873016,0
75180,19402795.39114809,0
75181,19400267.543741368,0
75182,19397739.19919102,0
75183,19395210.3555035,0
75184,19392681.01008459,0
75185,19390151.166946582,0
75186,19387620.82532219,0
75187,19385089.981586378,0
75188,19382558.64086691,0
75189,19380026.79868683,0
75190,19377494.45989986,0
75191,19374961.61877174,0
75192,19372428.28193316,0
75193,19369894.445846755,0
75194,19367360.106434144,0
75195,19364825.270579915,0
75196,19362289.937683553,0
75197,19359754.102987487,0
75198,19357217.769251596,0
75199,19354680.93942379,0
75200,19352143.60917374,0
75201,19349605.779451393,0
75202,19347067.451838728,0
75203,19344528.62714816,0
75204,19341989.300449792,0
75205,19339449.476659212,0
75206,19336909.155325327,0
75207,19334368.336559992,0
75208,19331827.016595658,0
75209,19329285.1990692,0
75210,19326742.884000216,0
75211,19324200.07069539,0
75212,19321656.759631045,0
75213,19319112.948130168,0
75214,19316568.641261872,0
75215,19314023.833441,0
75216,19311478.52775022,0
75217,19308932.7262531,0
75218,19306386.42533455,0
75219,19303839.627262134,0
75220,19301292.330351844,0
75221,19298744.535401788,0
75222,19296196.242683504,0
75223,19293647.453425255,0
75224,19291098.16422944,0
75225,19288548.38031043,0
75226,19285998.0964423,0
75227,19283447.31766115,0
75228,19280896.04009665,0
75229,19278344.264161784,0
75230,19275791.99083777,0
75231,19273239.220485605,0
75232,19270685.954404753,0
75233,19268132.189331584,0
75234,19265577.92517984,0
75235,19263023.167193223,0
75236,19260467.91080722,0
75237,19257912.15671382,0
75238,19255355.904930625,0
75239,19252799.156604767,0
75240,19250241.914227158,0
75241,19247684.170836218,0
75242,19245125.93360563,0
75243,19242567.19958538,0
75244,19240007.96730711,0
75245,19237448.237549994,0
75246,19234888.01360922,0
75247,19232327.291165482,0
75248,19229766.07148229,0
75249,19227204.35827451,0
75250,19224642.145522553,0
75251,19222079.43608309,0
75252,19219516.23023007,0
75253,19216952.53156695,0
75254,19214388.333584677,0
75255,19211823.640590824,0
75256,19209258.45059421,0
75257,19206692.762721755,0
75258,19204126.582591873,0
75259,19201559.903668,0
75260,19198992.73011835,0
75261,19196425.059920505,0
75262,19193856.894500695,0
75263,19191288.232785445,0
75264,19188719.075155016,0
75265,19186149.418710355,0
75266,19183579.27319819,0
75267,19181008.625115387,0
75268,19178437.486053567,0
75269,19175865.84895497,0
75270,19173293.718240388,0
75271,19170721.08876903,0
75272,19168147.969341636,0
75273,19165574.3492149,0
75274,19163000.236492522,0
75275,19160425.62629284,0
75276,19157850.52458766,0
75277,19155274.922167726,0
75278,19152698.82634968,0
75279,19150122.240660336,0
75280,19147545.15336212,0
75281,19144967.574681442,0
75282,19142389.501543105,0
75283,19139810.929881655,0
75284,19137231.865966395,0
75285,19134652.307105597,0
75286,19132072.252118994,0
75287,19129491.70445054,0
75288,19126910.66022594,0
75289,19124329.12035697,0
75290,19121747.089120895,0
75291,19119164.560949337,0
75292,19116581.539053757,0
75293,19113998.02306911,0
75294,19111414.01291315,0
75295,19108829.505937126,0
75296,19106244.50881253,0
75297,19103659.015107322,0
75298,19101073.025385227,0
75299,19098486.545777418,0
75300,19095899.567742404,0
75301,19093312.098325085,0
75302,19090724.133132227,0
75303,19088135.676292647,0
75304,19085546.722999845,0
75305,19082957.277717765,0
75306,19080367.33524345,0
75307,19077776.90393469,0
75308,19075185.97667523,0
75309,19072594.554521903,0
75310,19070002.642743073,0
75311,19067410.233588222,0
75312,19064817.33064254,0
75313,19062223.938085925,0
75314,19059630.050184164,0
75315,19057035.667206913,0
75316,19054440.790764503,0
75317,19051845.422058906,0
75318,19049249.56117244,0
75319,19046653.20685696,0
75320,19044056.36157149,0
75321,19041459.018767957,0
75322,19038861.183795117,0
75323,19036262.85758364,0
75324,19033664.03948551,0
75325,19031064.72632187,0
75326,19028464.920350783,0
75327,19025864.62190879,0
75328,19023263.831140436,0
75329,19020662.547688395,0
75330,19018060.77112078,0
75331,19015458.502636783,0
75332,19012855.740941104,0
75333,19010252.48663123,0
75334,19007648.74105703,0
75335,19005044.50312354,0
75336,19002439.77122819,0
75337,18999834.549279574,0
75338,18997228.8343821,0
75339,18994622.62642918,0
75340,18992015.9259545,0
75341,18989408.734983638,0
75342,18986801.0514069,0
75343,18984192.875863694,0
75344,18981584.20966152,0
75345,18978975.047667593,0
75346,18976365.397884984,0
75347,18973755.254379675,0
75348,18971144.61893636,0
75349,18968533.492677808,0
75350,18965921.876969762,0
75351,18963309.765299004,0
75352,18960697.166118085,0
75353,18958084.073623896,0
75354,18955470.48891558,0
75355,18952856.415550668,0
75356,18950241.84718526,0
75357,18947626.790232647,0
75358,18945011.240919612,0
75359,18942395.202870943,0
75360,18939778.67230239,0
75361,18937161.649349708,0
75362,18934544.138643686,0
75363,18931926.132626493,0
75364,18929307.638014067,0
75365,18926688.652766306,0
75366,18924069.17469402,0
75367,18921449.208661977,0
75368,18918828.749506712,0
75369,18916207.80076038,0
75370,18913586.364212494,0
75371,18910964.432801228,0
75372,18908342.013906874,0
75373,18905719.105020992,0
75374,18903095.7008903,0
75375,18900471.812362738,0
75376,18897847.430450596,0
75377,18895222.55896614,0
75378,18892597.19751593,0
75379,18889971.345801793,0
75380,18887345.004596442,0
75381,18884718.171324015,0
75382,18882090.85124586,0
75383,18879463.038103312,0
75384,18876834.739993617,0
75385,18874205.94666798,0
75386,18871576.66611296,0
75387,18868946.897195116,0
75388,18866316.634523675,0
75389,18863685.88559711,0
75390,18861054.644997586,0
75391,18858422.916779105,0
75392,18855790.69826238,0
75393,18853157.993070237,0
75394,18850524.79612903,0
75395,18847891.109165058,0
75396,18845256.93394659,0
75397,18842622.271136913,0
75398,18839987.116789266,0
75399,18837351.473523926,0
75400,18834715.344083335,0
75401,18832078.722563528,0
75402,18829441.614206325,0
75403,18826804.01560795,0
75404,18824165.930857617,0
75405,18821527.35310718,0
75406,18818888.287183933,0
75407,18816248.73624096,0
75408,18813608.695463367,0
75409,18810968.165890794,0
75410,18808327.148033604,0
75411,18805685.64005164,0
75412,18803043.647271905,0
75413,18800401.163470205,0
75414,18797758.191209804,0
75415,18795114.730788656,0
75416,18792470.785698947,0
75417,18789826.34872735,0
75418,18787181.42372624,0
75419,18784536.013888396,0
75420,18781890.1130765,0
75421,18779243.726891704,0
75422,18776596.849276617,0
75423,18773949.48692204,0
75424,18771301.63782743,0
75425,18768653.29747434,0
75426,18766004.472017057,0
75427,18763355.156144314,0
75428,18760705.35844492,0
75429,18758055.070931446,0
75430,18755404.29324933,0
75431,18752753.031715404,0
75432,18750101.28058271,0
75433,18747449.042284247,0
75434,18744796.319006614,0
75435,18742143.107219834,0
75436,18739489.409363482,0
75437,18736835.22340639,0
75438,18734180.55261523,0
75439,18731525.391430914,0
75440,18728869.745770194,0
75441,18726213.613305915,0
75442,18723556.99349332,0
75443,18720899.886853445,0
75444,18718242.294707168,0
75445,18715584.21592523,0
75446,18712925.65057741,0
75447,18710266.595428247,0
75448,18707607.059564993,0
75449,18704947.033596907,0
75450,18702286.524398927,0
75451,18699625.52695518,0
75452,18696964.04359869,0
75453,18694302.072663855,0
75454,18691639.616409548,0
75455,18688976.67766477,0
75456,18686313.25024636,0
75457,18683649.33390615,0
75458,18680984.93832222,0
75459,18678320.052600328,0
75460,18675654.681993302,0
75461,18672988.82502849,0
75462,18670322.485285062,0
75463,18667655.65671712,0
75464,18664988.344162054,0
75465,18662320.54453971,0
75466,18659652.262637302,0
75467,18656983.493807625,0
75468,18654314.238910586,0
75469,18651644.50356056,0
75470,18648974.27777412,0
75471,18646303.567310352,0
75472,18643632.373606116,0
75473,18640960.69487671,0
75474,18638288.530859463,0
75475,18635615.883422244,0
75476,18632942.748742994,0
75477,18630269.13078343,0
75478,18627595.027431503,0
75479,18624920.441266835,0
75480,18622245.369342744,0
75481,18619569.81120327,0
75482,18616893.769330848,0
75483,18614217.244733106,0
75484,18611540.231981125,0
75485,18608862.741393697,0
75486,18606184.76150808,0
75487,18603506.30028859,0
75488,18600827.354536954,0
75489,18598147.923021656,0
75490,18595468.008708846,0
75491,18592787.611046974,0
75492,18590106.72801684,0
75493,18587425.36348732,0
75494,18584743.51358405,0
75495,18582061.17994459,0
75496,18579378.361689184,0
75497,18576695.0622692,0
75498,18574011.276821338,0
75499,18571327.009895887,0
75500,18568642.25637493,0
75501,18565957.02586233,0
75502,18563271.308851603,0
75503,18560585.10655266,0
75504,18557898.420791395,0
75505,18555211.255100776,0
75506,18552523.60529392,0
75507,18549835.472160824,0
75508,18547146.858683698,0
75509,18544457.757030856,0
75510,18541768.175024115,0
75511,18539078.111342676,0
75512,18536387.563926075,0
75513,18533696.533578385,0
75514,18531005.02025378,0
75515,18528313.02792318,0
75516,18525620.54904848,0
75517,18522927.58923387,0
75518,18520234.147421617,0
75519,18517540.22248698,0
75520,18514845.81810413,0
75521,18512150.92931219,0
75522,18509455.5582228,0
75523,18506759.705946762,0
75524,18504063.370892923,0
75525,18501366.554353204,0
75526,18498669.257033166,0
75527,18495971.47583245,0
75528,18493273.21292672,0
75529,18490574.468035422,0
75530,18487875.24196906,0
75531,18485175.53483862,0
75532,18482475.34907465,0
75533,18479774.677657455,0
75534,18477073.526998598,0
75535,18474371.89334682,0
75536,18471669.782622654,0
75537,18468967.183535133,0
75538,18466264.10924034,0
75539,18463560.551430613,0
75540,18460856.513472073,0
75541,18458151.993834853,0
75542,18455446.99306336,0
75543,18452741.51179374,0
75544,18450035.55313552,0
75545,18447329.10824307,0
75546,18444622.18567601,0
75547,18441914.77993221,0
75548,18439206.895061724,0
75549,18436498.531675305,0
75550,18433789.68797963,0
75551,18431080.361531544,0
75552,18428370.555062793,0
75553,18425660.269895736,0
75554,18422949.50260325,0
75555,18420238.258103304,0
75556,18417526.531663567,0
75557,18414814.32319562,0
75558,18412101.63659133,0
75559,18409388.471019577,0
75560,18406674.82543484,0
75561,18403960.69890163,0
75562,18401246.09470185,0
75563,18398531.00877626,0
75564,18395815.44488964,0
75565,18393099.398466915,0
75566,18390382.875343043,0
75567,18387665.873435415,0
75568,18384948.39060352,0
75569,18382230.428754486,0
75570,18379511.987619642,0
75571,18376793.06828866,0
75572,18374073.670621872,0
75573,18371353.789166283,0
75574,18368633.434057336,0
75575,18365912.598248694,0
75576,18363191.282593545,0
75577,18360469.490086664,0
75578,18357747.21646492,0
75579,18355024.466743942,0
75580,18352301.23770763,0
75581,18349577.530105386,0
75582,18346853.345668875,0
75583,18344128.678271655,0
75584,18341403.534730714,0
75585,18338677.915750615,0
75586,18335951.810796965,0
75587,18333225.23700307,0
75588,18330498.18158182,0
75589,18327770.64723764,0
75590,18325042.636403773,0
75591,18322314.14628131,0
75592,18319585.177793432,0
75593,18316855.73499496,0
75594,18314125.81217526,0
75595,18311395.410035204,0
75596,18308664.532411143,0
75597,18305933.179226726,0
75598,18303201.344789036,0
75599,18300469.03392551,0
75600,18297736.247805342,0
75601,18295002.979569923,0
75602,18292269.23696675,0
75603,18289535.019842304,0
75604,18286800.324122395,0
75605,18284065.148172885,0
75606,18281329.498243272,0
75607,18278593.373116698,0
75608,18275856.76713717,0
75609,18273119.68724771,0
75610,18270382.130240645,0
75611,18267644.096888497,0
75612,18264905.58496999,0
75613,18262166.598615225,0
75614,18259427.13329726,0
75615,18256687.19517113,0
75616,18253946.77741444,0
75617,18251205.88444296,0
75618,18248464.519212786,0
75619,18245722.674189333,0
75620,18242980.351671033,0
75621,18240237.556249827,0
75622,18237494.281637076,0
75623,18234750.533231743,0
75624,18232006.308805242,0
75625,18229261.607956123,0
75626,18226516.430751167,0
75627,18223770.781414412,0
75628,18221024.65612168,0
75629,18218278.0527227,0
75630,18215530.975485463,0
75631,18212783.42194956,0
75632,18210035.39232145,0
75633,18207286.889818873,0
75634,18204537.910496775,0
75635,18201788.45594596,0
75636,18199038.529093217,0
75637,18196288.123084594,0
75638,18193537.245063175,0
75639,18190785.89445254,0
75640,18188034.06469698,0
75641,18185281.76131208,0
75642,18182528.981342245,0
75643,18179775.73128882,0
75644,18177022.00364106,0
75645,18174267.80369976,0
75646,18171513.128198378,0
75647,18168757.97784754,0
75648,18166002.355962116,0
75649,18163246.257665724,0
75650,18160489.68340762,0
75651,18157732.639897633,0
75652,18154975.116997037,0
75653,18152217.125733003,0
75654,18149458.655944917,0
75655,18146699.71407332,0
75656,18143940.3005779,0
75657,18141180.409902904,0
75658,18138420.048572052,0
75659,18135659.210076243,0
75660,18132897.901870504,0
75661,18130136.119409304,0
75662,18127373.863918256,0
75663,18124611.1339823,0
75664,18121847.93069004,0
75665,18119084.255387943,0
75666,18116320.105416115,0
75667,18113555.48500458,0
75668,18110790.390228476,0
75669,18108024.821484093,0
75670,18105258.78212275,0
75671,18102492.269803103,0
75672,18099725.28586892,0
75673,18096957.82643174,0
75674,18094189.894787237,0
75675,18091421.491724994,0
75676,18088652.61580222,0
75677,18085883.26826228,0
75678,18083113.44889408,0
75679,18080343.156666934,0
75680,18077572.391525883,0
75681,18074801.154172763,0
75682,18072029.44675202,0
75683,18069257.265924532,0
75684,18066484.613506835,0
75685,18063711.491528403,0
75686,18060937.895766024,0
75687,18058163.827373046,0
75688,18055389.28927723,0
75689,18052614.279724706,0
75690,18049838.79806583,0
75691,18047062.845279906,0
75692,18044286.41982085,0
75693,18041509.525461465,0
75694,18038732.1584223,0
75695,18035954.32152251,0
75696,18033176.01308856,0
75697,18030397.235356595,0
75698,18027617.983069517,0
75699,18024838.26050566,0
75700,18022058.06821714,0
75701,18019277.404518366,0
75702,18016496.271135,0
75703,18013714.668370683,0
75704,18010932.59398424,0
75705,18008150.05153896,0
75706,18005367.032982834,0
75707,18002583.547462635,0
75708,17999799.592932656,0
75709,17997015.166440576,0
75710,17994230.271537814,0
75711,17991444.904890463,0
75712,17988659.069374684,0
75713,17985872.764535144,0
75714,17983085.98820275,0
75715,17980298.743361026,0
75716,17977511.029559202,0
75717,17974722.84481243,0
75718,17971934.190357197,0
75719,17969145.067311183,0
75720,17966355.4762664,0
75721,17963565.413669173,0
75722,17960774.881906003,0
75723,17957983.88288525,0
75724,17955192.413120527,0
75725,17952400.47568684,0
75726,17949608.067918003,0
75727,17946815.1920212,0
75728,17944021.845529385,0
75729,17941228.03125767,0
75730,17938433.75052779,0
75731,17935638.99954874,0
75732,17932843.7791468,0
75733,17930048.090234708,0
75734,17927251.93522445,0
75735,17924455.31062845,0
75736,17921658.215958185,0
75737,17918860.656589955,0
75738,17916062.62816039,0
75739,17913264.128454685,0
75740,17910465.165091816,0
75741,17907665.732773118,0
75742,17904865.831912298,0
75743,17902065.459989063,0
75744,17899264.626593146,0
75745,17896463.321223043,0
75746,17893661.549597844,0
75747,17890859.313561518,0
75748,17888056.604892388,0
75749,17885253.43058593,0
75750,17882449.790808026,0
75751,17879645.68354975,0
75752,17876841.106778916,0
75753,17874036.063771,0
75754,17871230.55512392,0
75755,17868424.57995178,0
75756,17865618.13555004,0
75757,17862811.227195885,0
75758,17860003.849521633,0
75759,17857196.004751787,0
75760,17854387.698528692,0
75761,17851578.9212762,0
75762,17848769.67952853,0
75763,17845959.969983786,0
75764,17843149.794670913,0
75765,17840339.154139988,0
75766,17837528.045907687,0
75767,17834716.47449478,0
75768,17831904.433304142,0
75769,17829091.929911904,0
75770,17826278.95763407,0
75771,17823465.51783456,0
75772,17820651.61673438,0
75773,17817837.250477217,0
75774,17815022.415079463,0
75775,17812207.115551647,0
75776,17809391.353714313,0
75777,17806575.121049076,0
75778,17803758.428379696,0
75779,17800941.26703315,0
75780,17798123.64279639,0
75781,17795305.552034143,0
75782,17792486.994416438,0
75783,17789667.976018526,0
75784,17786848.491127644,0
75785,17784028.54208706,0
75786,17781208.12764344,0
75787,17778387.248140745,0
75788,17775565.90379999,0
75789,17772744.09752385,0
75790,17769921.82565649,0
75791,17767099.088565916,0
75792,17764275.88724615,0
75793,17761452.2221798,0
75794,17758628.092645053,0
75795,17755803.50082505,0
75796,17752978.443857457,0
75797,17750152.923739765,0
75798,17747326.937741123,0
75799,17744500.49024021,0
75800,17741673.57693226,0
75801,17738846.202480637,0
75802,17736018.36334847,0
75803,17733190.062650423,0
75804,17730361.297648333,0
75805,17727532.065855578,0
75806,17724702.375844683,0
75807,17721872.220411994,0
75808,17719041.600940533,0
75809,17716210.5195341,0
75810,17713378.97543034,0
75811,17710546.96891349,0
75812,17707714.49928992,0
75813,17704881.567190155,0
75814,17702048.171938438,0
75815,17699214.31584566,0
75816,17696379.99570044,0
75817,17693545.212806057,0
75818,17690709.967937984,0
75819,17687874.261195056,0
75820,17685038.09334421,0
75821,17682201.46204164,0
75822,17679364.369275067,0
75823,17676526.81511174,0
75824,17673688.797537398,0
75825,17670850.320537,0
75826,17668011.377051692,0
75827,17665171.976013787,0
75828,17662332.115876965,0
75829,17659491.78894571,0
75830,17656651.003530692,0
75831,17653809.75706854,0
75832,17650968.047505412,0
75833,17648125.878263436,0
75834,17645283.247071758,0
75835,17642440.155538093,0
75836,17639596.60221664,0
75837,17636752.588768493,0
75838,17633908.112992685,0
75839,17631063.17892857,0
75840,17628217.78257179,0
75841,17625371.926181946,0
75842,17622525.607773166,0
75843,17619678.831816748,0
75844,17616831.59456944,0
75845,17613983.89848062,0
75846,17611135.73869918,0
75847,17608287.12122381,0
75848,17605438.04426443,0
75849,17602588.50366195,0
75850,17599738.50666636,0
75851,17596888.05029482,0
75852,17594037.13454317,0
75853,17591185.75311755,0
75854,17588333.91846093,0
75855,17585481.623206176,0
75856,17582628.868019987,0
75857,17579775.65470442,0
75858,17576921.977848228,0
75859,17574067.84512657,0
75860,17571213.25151199,0
75861,17568358.20203462,0
75862,17565502.692249328,0
75863,17562646.724805012,0
75864,17559790.29661222,0
75865,17556933.40991791,0
75866,17554076.06257595,0
75867,17551218.260020792,0
75868,17548359.99783857,0
75869,17545501.277381003,0
75870,17542642.098023377,0
75871,17539782.46211445,0
75872,17536922.36538897,0
75873,17534061.812757432,0
75874,17531200.802564394,0
75875,17528339.334026285,0
75876,17525477.403962262,0
75877,17522615.02049488,0
75878,17519752.17786547,0
75879,17516888.878489796,0
75880,17514025.121233035,0
75881,17511160.904144682,0
75882,17508296.2319093,0
75883,17505431.102271494,0
75884,17502565.515675906,0
75885,17499699.471887417,0
75886,17496832.969491854,0
75887,17493966.013553184,0
75888,17491098.59479726,0
75889,17488230.72354316,0
75890,17485362.396715578,0
75891,17482493.61065311,0
75892,17479624.36837897,0
75893,17476754.671529707,0
75894,17473884.516584978,0
75895,17471013.905880235,0
75896,17468142.83619003,0
75897,17465271.314448528,0
75898,17462399.334743537,0
75899,17459526.897214424,0
75900,17456654.006596386,0
75901,17453780.6599957,0
75902,17450906.857053354,0
75903,17448032.596543044,0
75904,17445157.880944327,0
75905,17442282.71338306,0
75906,17439407.086233065,0
75907,17436531.003261603,0
75908,17433654.46856357,0
75909,17430777.478363987,0
75910,17427900.0292958,0
75911,17425022.12885252,0
75912,17422143.771645114,0
75913,17419264.96026936,0
75914,17416385.693383083,0
75915,17413505.973093722,0
75916,17410625.79647868,0
75917,17407745.16688915,0
75918,17404864.080896918,0
75919,17401982.542997364,0
75920,17399100.548169173,0
75921,17396218.098970532,0
75922,17393335.197168633,0
75923,17390451.840620138,0
75924,17387568.03041808,0
75925,17384683.766016,0
75926,17381799.048203677,0
75927,17378913.87747657,0
75928,17376028.252726093,0
75929,17373142.171535496,0
75930,17370255.639460422,0
75931,17367368.65500324,0
75932,17364481.214617178,0
75933,17361593.320360847,0
75934,17358704.97620985,0
75935,17355816.177519843,0
75936,17352926.925425235,0
75937,17350037.22235962,0
75938,17347147.06149475,0
75939,17344256.452696137,0
75940,17341365.388215728,0
75941,17338473.872730825,0
75942,17335581.90309419,0
75943,17332689.482098952,0
75944,17329796.608172767,0
75945,17326903.282315493,0
75946,17324009.506605234,0
75947,17321115.275421705,0
75948,17318220.59648335,0
75949,17315325.4594837,0
75950,17312429.87477088,0
75951,17309533.836498864,0
75952,17306637.345251717,0
75953,17303740.404734943,0
75954,17300843.012028314,0
75955,17297945.1710025,0
75956,17295046.875447173,0
75957,17292148.129394945,0
75958,17289248.927352346,0
75959,17286349.279179245,0
75960,17283449.181083,0
75961,17280548.628677662,0
75962,17277647.628227387,0
75963,17274746.174380396,0
75964,17271844.270858925,0
75965,17268941.915543895,0
75966,17266039.112192236,0
75967,17263135.85808886,0
75968,17260232.151303254,0
75969,17257327.99664104,0
75970,17254423.389598805,0
75971,17251518.33382073,0
75972,17248612.82780021,0
75973,17245706.87292485,0
75974,17242800.4674026,0
75975,17239893.61268036,0
75976,17236986.30621754,0
75977,17234078.550780762,0
75978,17231170.34763799,0
75979,17228261.692135748,0
75980,17225352.589110542,0
75981,17222443.03680913,0
75982,17219533.03418945,0
75983,17216622.58300208,0
75984,17213711.682934616,0
75985,17210800.333620742,0
75986,17207888.535936594,0
75987,17204976.290965606,0
75988,17202063.593594946,0
75989,17199150.451019995,0
75990,17196236.85853687,0
75991,17193322.816387083,0
75992,17190408.32956099,0
75993,17187493.390041403,0
75994,17184578.005117465,0
75995,17181662.172177944,0
75996,17178745.892155755,0
75997,17175829.16167638,0
75998,17172911.984129507,0
75999,17169994.360092662,0
76000,17167076.285744384,0
76001,17164157.767706044,0
76002,17161238.79842807,0
76003,17158319.38287861,0
76004,17155399.518458985,0
76005,17152479.2115189,0
76006,17149558.45423041,0
76007,17146637.24956999,0
76008,17143715.59842303,0
76009,17140793.50319952,0
76010,17137870.95585656,0
76011,17134947.96576573,0
76012,17132024.5275978,0
76013,17129100.64386759,0
76014,17126176.310429517,0
76015,17123251.535840835,0
76016,17120326.3133154,0
76017,17117400.640178446,0
76018,17114474.525402527,0
76019,17111547.96517888,0
76020,17108620.956822243,0
76021,17105693.504145335,0
76022,17102765.60497431,0
76023,17099837.259561498,0
76024,17096908.470635455,0
76025,17093979.233678743,0
76026,17091049.550259463,0
76027,17088119.425637785,0
76028,17085188.853037164,0
76029,17082257.836618837,0
76030,17079326.37519776,0
76031,17076394.468648244,0
76032,17073462.115253314,0
76033,17070529.31936487,0
76034,17067596.076113135,0
76035,17064662.39079438,0
76036,17061728.260246143,0
76037,17058793.686968416,0
76038,17055858.66845027,0
76039,17052923.20645276,0
76040,17049987.296505637,0
76041,17047050.945078693,0
76042,17044114.146552097,0
76043,17041176.90692948,0
76044,17038239.224479266,0
76045,17035301.09700925,0
76046,17032362.52806452,0
76047,17029423.515040956,0
76048,17026484.05562128,0
76049,17023544.153899457,0
76050,17020603.810537037,0
76051,17017663.022009227,0
76052,17014721.791591614,0
76053,17011780.118345056,0
76054,17008838.002422325,0
76055,17005895.44104015,0
76056,17002952.43861803,0
76057,17000008.995086756,0
76058,16997065.109215148,0
76059,16994120.77771188,0
76060,16991176.008723386,0
76061,16988230.79337094,0
76062,16985285.136625953,0
76063,16982339.03814784,0
76064,16979392.497043595,0
76065,16976445.514527176,0
76066,16973498.090834662,0
76067,16970550.22442471,0
76068,16967601.915907368,0
76069,16964653.16815355,0
76070,16961703.97546217,0
76071,16958754.34270658,0
76072,16955804.26816834,0
76073,16952853.754223038,0
76074,16949902.800336573,0
76075,16946951.40227489,0
76076,16943999.5650401,0
76077,16941047.286061548,0
76078,16938094.565457247,0
76079,16935141.406402163,0
76080,16932187.8053282,0
76081,16929233.76473284,0
76082,16926279.282910846,0
76083,16923324.362627707,0
76084,16920369.001113486,0
76085,16917413.19839135,0
76086,16914456.954413682,0
76087,16911500.273181107,0
76088,16908543.153485566,0
76089,16905585.590657443,0
76090,16902627.58959134,0
76091,16899669.14979912,0
76092,16896710.268871374,0
76093,16893750.94810101,0
76094,16890791.190590657,0
76095,16887830.99322456,0
76096,16884870.356099952,0
76097,16881909.28138808,0
76098,16878947.765906256,0
76099,16875985.812157013,0
76100,16873023.42090136,0
76101,16870060.587166287,0
76102,16867097.320742436,0
76103,16864133.61284289,0
76104,16861169.464745034,0
76105,16858204.879885536,0
76106,16855239.85888047,0
76107,16852274.39646809,0
76108,16849308.498307806,0
76109,16846342.161576673,0
76110,16843375.38734662,0
76111,16840408.173625164,0
76112,16837440.52543437,0
76113,16834472.436877877,0
76114,16831503.912515905,0
76115,16828534.95208146,0
76116,16825565.55146467,0
76117,16822595.715016328,0
76118,16819625.44250928,0
76119,16816654.73336238,0
76120,16813683.587284304,0
76121,16810712.002132785,0
76122,16807739.98157234,0
76123,16804767.523308128,0
76124,16801794.63231089,0
76125,16798821.2999944,0
76126,16795847.533524036,0
76127,16792873.331520505,0
76128,16789898.692889333,0
76129,16786923.616801806,0
76130,16783948.107007686,0
76131,16780972.161868077,0
76132,16777995.778769307,0
76133,16775018.962660952,0
76134,16772041.708982665,0
76135,16769064.021390442,0
76136,16766085.896506181,0
76137,16763107.338052291,0
76138,16760128.341559427,0
76139,16757148.912517594,0
76140,16754169.049130537,0
76141,16751188.751198154,0
76142,16748208.016301671,0
76143,16745226.849344486,0
76144,16742245.245970841,0
76145,16739263.207622617,0
76146,16736280.736428384,0
76147,16733297.829605503,0
76148,16730314.490027523,0
76149,16727330.71477917,0
76150,16724346.507273663,0
76151,16721361.865932219,0
76152,16718376.787233325,0
76153,16715391.277972268,0
76154,16712405.33460733,0
76155,16709418.958658032,0
76156,16706432.148860719,0
76157,16703444.90264622,0
76158,16700457.227348227,0
76159,16697469.11758613,0
76160,16694480.575443162,0
76161,16691491.597743055,0
76162,16688502.190617764,0
76163,16685512.348698758,0
76164,16682522.07606354,0
76165,16679531.36983038,0
76166,16676540.229340056,0
76167,16673548.656849742,0
76168,16670556.653922677,0
76169,16667564.218188856,0
76170,16664571.35026063,0
76171,16661578.050329845,0
76172,16658584.318766097,0
76173,16655590.155848878,0
76174,16652595.561907467,0
76175,16649600.53125124,0
76176,16646605.076250702,0
76177,16643609.185620164,0
76178,16640612.863952179,0
76179,16637616.111488653,0
76180,16634618.93017499,0
76181,16631621.315966617,0
76182,16628623.270042723,0
76183,16625624.795509916,0
76184,16622625.890323745,0
76185,16619626.554010741,0
76186,16616626.785283862,0
76187,16613626.587601937,0
76188,16610625.960144278,0
76189,16607624.902552545,0
76190,16604623.413358198,0
76191,16601621.495332787,0
76192,16598619.14651089,0
76193,16595616.368899377,0
76194,16592613.160886884,0
76195,16589609.52337242,0
76196,16586605.456604268,0
76197,16583600.960966986,0
76198,16580596.035635613,0
76199,16577590.682420261,0
76200,16574584.899041755,0
76201,16571578.685662877,0
76202,16568572.04385156,0
76203,16565564.976667322,0
76204,16562557.47521723,0
76205,16559549.547626026,0
76206,16556541.19072591,0
76207,16553532.408514708,0
76208,16550523.197235242,0
76209,16547513.554468103,0
76210,16544503.485467583,0
76211,16541492.989272658,0
76212,16538482.064607572,0
76213,16535470.709331984,0
76214,16532458.93232735,0
76215,16529446.725832593,0
76216,16526434.088818032,0
76217,16523421.026085924,0
76218,16520407.537151165,0
76219,16517393.620024905,0
76220,16514379.2754467,0
76221,16511364.505005043,0
76222,16508349.307146098,0
76223,16505333.680483079,0
76224,16502317.629176889,0
76225,16499301.151143985,0
76226,16496284.246574199,0
76227,16493266.918195162,0
76228,16490249.161240865,0
76229,16487230.977767777,0
76230,16484212.369824901,0
76231,16481193.332750825,0
76232,16478173.87142081,0
76233,16475153.985543199,0
76234,16472133.674232896,0
76235,16469112.93463339,0
76236,16466091.773865515,0
76237,16463070.1832196,0
76238,16460048.16994347,0
76239,16457025.73060671,0
76240,16454002.866038024,0
76241,16450979.578416528,0
76242,16447955.86028603,0
76243,16444931.724963931,0
76244,16441907.163029412,0
76245,16438882.173207369,0
76246,16435856.761980144,0
76247,16432830.925910149,0
76248,16429804.665599532,0
76249,16426777.980761142,0
76250,16423750.871790348,0
76251,16420723.340298664,0
76252,16417695.384955153,0
76253,16414667.004635192,0
76254,16411638.201810034,0
76255,16408608.97364448,0
76256,16405579.324801795,0
76257,16402549.248704398,0
76258,16399518.754573276,0
76259,16396487.834585013,0
76260,16393456.489199277,0
76261,16390424.72568721,0
76262,16387392.536797626,0
76263,16384359.925889961,0
76264,16381326.892606843,0
76265,16378293.436043456,0
76266,16375259.55940571,0
76267,16372225.2580627,0
76268,16369190.534418069,0
76269,16366155.39098708,0
76270,16363119.824135637,0
76271,16360083.837019445,0
76272,16357047.425196033,0
76273,16354010.597041395,0
76274,16350973.342211764,0
76275,16347935.666538605,0
76276,16344897.571993347,0
76277,16341859.054975783,0
76278,16338820.116875133,0
76279,16335780.759361614,0
76280,16332740.98159435,0
76281,16329700.780927563,0
76282,16326660.158327062,0
76283,16323619.115892403,0
76284,16320577.65508635,0
76285,16317535.773370598,0
76286,16314493.470461473,0
76287,16311450.74853408,0
76288,16308407.605776876,0
76289,16305364.043281073,0
76290,16302320.059670197,0
76291,16299275.658979448,0
76292,16296230.839684645,0
76293,16293185.59747514,0
76294,16290139.93802054,0
76295,16287093.859492466,0
76296,16284047.357800595,0
76297,16281000.444054838,0
76298,16277953.105989525,0
76299,16274905.350931551,0
76300,16271857.175152587,0
76301,16268808.58400809,0
76302,16265759.5714597,0
76303,16262710.143011505,0
76304,16259660.295531375,0
76305,16256610.029128598,0
76306,16253559.346639004,0
76307,16250508.2431462,0
76308,16247456.72199636,0
76309,16244404.786380714,0
76310,16241352.43287584,0
76311,16238299.661566647,0
76312,16235246.470514087,0
76313,16232192.863061007,0
76314,16229138.83722809,0
76315,16226084.398448817,0
76316,16223029.538403144,0
76317,16219974.263159623,0
76318,16216918.571035296,0
76319,16213862.460582066,0
76320,16210805.93692942,0
76321,16207748.993477346,0
76322,16204691.637836356,0
76323,16201633.863223366,0
76324,16198575.672043191,0
76325,16195517.067609334,0
76326,16192458.044062486,0
76327,16189398.606264101,0
76328,16186338.753659613,0
76329,16183278.48409693,0
76330,16180217.799903408,0
76331,16177156.700939884,0
76332,16174095.184197463,0
76333,16171033.254042212,0
76334,16167970.909573592,0
76335,16164908.14980685,0
76336,16161844.97580814,0
76337,16158781.38774789,0
76338,16155717.38185799,0
76339,16152652.963597193,0
76340,16149588.130246205,0
76341,16146522.883249298,0
76342,16143457.223722707,0
76343,16140391.148117946,0
76344,16137324.660480812,0
76345,16134257.757759826,0
76346,16131190.441223385,0
76347,16128122.70908146,0
76348,16125054.567981875,0
76349,16121986.009799585,0
76350,16118917.039077554,0
76351,16115847.658312978,0
76352,16112777.863595901,0
76353,16109707.65422319,0
76354,16106637.03114292,0
76355,16103566.000686316,0
76356,16100494.552036157,0
76357,16097422.691284174,0
76358,16094350.41867612,0
76359,16091277.736915018,0
76360,16088204.639468165,0
76361,16085131.132742465,0
76362,16082057.212553719,0
76363,16078982.882232925,0
76364,16075908.139553355,0
76365,16072832.984793011,0
76366,16069757.42213965,0
76367,16066681.442531392,0
76368,16063605.055744536,0
76369,16060528.255616855,0
76370,16057451.044518335,0
76371,16054373.423085202,0
76372,16051295.393026212,0
76373,16048216.948138742,0
76374,16045138.095549306,0
76375,16042058.83215138,0
76376,16038979.159214549,0
76377,16035899.074421756,0
76378,16032818.582416005,0
76379,16029737.67877534,0
76380,16026656.36339107,0
76381,16023574.641346054,0
76382,16020492.507104274,0
76383,16017409.965779742,0
76384,16014327.015073068,0
76385,16011243.653068727,0
76386,16008159.882798145,0
76387,16005075.706119047,0
76388,16001991.116225295,0
76389,15998906.118276233,0
76390,15995820.712788837,0
76391,15992734.902030727,0
76392,15989648.676619425,0
76393,15986562.045949673,0
76394,15983475.00776694,0
76395,15980387.561474856,0
76396,15977299.704534965,0
76397,15974211.442675058,0
76398,15971122.771051787,0
76399,15968033.694057493,0
76400,15964944.209342895,0
76401,15961854.315191261,0
76402,15958764.017059265,0
76403,15955673.306733385,0
76404,15952582.193247635,0
76405,15949490.672862902,0
76406,15946398.744282776,0
76407,15943306.410944303,0
76408,15940213.667079678,0
76409,15937120.517858583,0
76410,15934026.964495232,0
76411,15930933.003008716,0
76412,15927838.637297565,0
76413,15924743.865752973,0
76414,15921648.686687903,0
76415,15918553.101605762,0
76416,15915457.111106714,0
76417,15912360.716684552,0
76418,15909263.916055009,0
76419,15906166.708155079,0
76420,15903069.097109608,0
76421,15899971.081512628,0
76422,15896872.659216303,0
76423,15893773.832672857,0
76424,15890674.602697521,0
76425,15887574.968782237,0
76426,15884474.928718368,0
76427,15881374.484052543,0
76428,15878273.635224817,0
76429,15875172.384094905,0
76430,15872070.727627942,0
76431,15868968.668279016,0
76432,15865866.20050784,0
76433,15862763.333633453,0
76434,15859660.065174585,0
76435,15856556.39018283,0
76436,15853452.312851747,0
76437,15850347.83008846,0
76438,15847242.946628863,0
76439,15844137.658871748,0
76440,15841031.968159478,0
76441,15837925.878313046,0
76442,15834819.384721657,0
76443,15831712.485844476,0
76444,15828605.185695605,0
76445,15825497.483506083,0
76446,15822389.381887574,0
76447,15819280.875057522,0
76448,15816171.96747551,0
76449,15813062.656583946,0
76450,15809952.94620096,0
76451,15806842.835479772,0
76452,15803732.320503766,0
76453,15800621.405442636,0
76454,15797510.092567837,0
76455,15794398.37311312,0
76456,15791286.254998805,0
76457,15788173.736426681,0
76458,15785060.81666083,0
76459,15781947.497549366,0
76460,15778833.779473174,0
76461,15775719.657607237,0
76462,15772605.135131503,0
76463,15769490.215815905,0
76464,15766374.895999284,0
76465,15763259.174268134,0
76466,15760143.05554565,0
76467,15757026.535773553,0
76468,15753909.617663803,0
76469,15750792.30018213,0
76470,15747674.583712157,0
76471,15744556.465732913,0
76472,15741437.95176904,0
76473,15738319.037712675,0
76474,15735199.725345453,0
76475,15732080.013735216,0
76476,15728959.905082524,0
76477,15725839.397908622,0
76478,15722718.490140982,0
76479,15719597.189335246,0
76480,15716475.48670232,0
76481,15713353.384543134,0
76482,15710230.890248641,0
76483,15707107.995450996,0
76484,15703984.701142898,0
76485,15700861.012259101,0
76486,15697736.925374066,0
76487,15694612.440083003,0
76488,15691487.561735103,0
76489,15688362.2812702,0
76490,15685236.609202897,0
76491,15682110.539688176,0
76492,15678984.069206765,0
76493,15675857.207071153,0
76494,15672729.948791068,0
76495,15669602.292283654,0
76496,15666474.241013011,0
76497,15663345.791983625,0
76498,15660216.948539909,0
76499,15657087.7105344,0
76500,15653958.07682178,0
76501,15650828.047673281,0
76502,15647697.622854931,0
76503,15644566.803671818,0
76504,15641435.588163117,0
76505,15638303.977551222,0
76506,15635171.973118495,0
76507,15632039.576556005,0
76508,15628906.783703152,0
76509,15625773.59726993,0
76510,15622640.016151551,0
76511,15619506.039084196,0
76512,15616371.668943357,0
76513,15613236.90482885,0
76514,15610101.747382563,0
76515,15606966.19779126,0
76516,15603830.253675854,0
76517,15600693.91845736,0
76518,15597557.18675196,0
76519,15594420.062519351,0
76520,15591282.545547498,0
76521,15588144.637867585,0
76522,15585006.335727422,0
76523,15581867.640873259,0
76524,15578728.553980509,0
76525,15575589.07629337,0
76526,15572449.204276957,0
76527,15569308.94129146,0
76528,15566168.28617971,0
76529,15563027.242795307,0
76530,15559885.801790638,0
76531,15556743.970985211,0
76532,15553601.748043409,0
76533,15550459.136544386,0
76534,15547316.134350253,0
76535,15544172.74181481,0
76536,15541028.957030332,0
76537,15537884.778405175,0
76538,15534740.212312788,0
76539,15531595.25462293,0
76540,15528449.907747054,0
76541,15525304.169347947,0
76542,15522158.04125044,0
76543,15519011.523422383,0
76544,15515864.617242623,0
76545,15512717.32060044,0
76546,15509569.63205508,0
76547,15506421.557010045,0
76548,15503273.090919346,0
76549,15500124.235692037,0
76550,15496974.993026754,0
76551,15493825.361063074,0
76552,15490675.337480662,0
76553,15487524.927925402,0
76554,15484374.131142432,0
76555,15481222.94267584,0
76556,15478071.36671251,0
76557,15474919.404342879,0
76558,15471767.052855605,0
76559,15468614.314715879,0
76560,15465461.186700447,0
76561,15462307.672219908,0
76562,15459153.770197624,0
76563,15455999.481101697,0
76564,15452844.80593218,0
76565,15449689.74155063,0
76566,15446534.289254088,0
76567,15443378.453241466,0
76568,15440222.22929369,0
76569,15437065.618769538,0
76570,15433908.61994731,0
76571,15430751.23832945,0
76572,15427593.468225416,0
76573,15424435.311893022,0
76574,15421276.773316126,0
76575,15418117.844793698,0
76576,15414958.53216297,0
76577,15411798.83518521,0
76578,15408638.751851505,0
76579,15405478.281887708,0
76580,15402317.428393137,0
76581,15399156.188632587,0
76582,15395994.565164357,0
76583,15392832.559187388,0
76584,15389670.165170616,0
76585,15386507.388917062,0
76586,15383344.226324236,0
76587,15380180.681306506,0
76588,15377016.749528319,0
76589,15373852.438641403,0
76590,15370687.740517821,0
76591,15367522.659234744,0
76592,15364357.196017737,0
76593,15361191.348728508,0
76594,15358025.116470689,0
76595,15354858.501752919,0
76596,15351691.50775314,0
76597,15348524.12621154,0
76598,15345356.36218408,0
76599,15342188.218828766,0
76600,15339019.692454949,0
76601,15335850.782420844,0
76602,15332681.490749236,0
76603,15329511.81691604,0
76604,15326341.76138648,0
76605,15323171.323355053,0
76606,15320000.504582733,0
76607,15316829.306050003,0
76608,15313657.725416463,0
76609,15310485.761240998,0
76610,15307313.41920088,0
76611,15304140.69431611,0
76612,15300967.587728176,0
76613,15297794.102518322,0
76614,15294620.235904468,0
76615,15291445.988096338,0
76616,15288271.35941843,0
76617,15285096.35461555,0
76618,15281920.968142096,0
76619,15278745.200051598,0
76620,15275569.05611504,0
76621,15272392.529119004,0
76622,15269215.621206434,0
76623,15266038.33782834,0
76624,15262860.67341679,0
76625,15259682.631150527,0
76626,15256504.210599473,0
76627,15253325.40942496,0
76628,15250146.230280679,0
76629,15246966.673700564,0
76630,15243786.738841705,0
76631,15240606.42516582,0
76632,15237425.733362967,0
76633,15234244.66458592,0
76634,15231063.215868998,0
76635,15227881.390756832,0
76636,15224699.188675154,0
76637,15221516.608427411,0
76638,15218333.651643204,0
76639,15215150.319426682,0
76640,15211966.608842729,0
76641,15208782.517942842,0
76642,15205598.05749775,0
76643,15202413.215647323,0
76644,15199227.998599855,0
76645,15196042.405891651,0
76646,15192856.435896056,0
76647,15189670.09202351,0
76648,15186483.373374011,0
76649,15183296.273554109,0
76650,15180108.803878684,0
76651,15176920.957050433,0
76652,15173732.734271122,0
76653,15170544.137775423,0
76654,15167355.164856212,0
76655,15164165.817400208,0
76656,15160976.095985312,0
76657,15157785.999662008,0
76658,15154595.52769072,0
76659,15151404.683828967,0
76660,15148213.46401338,0
76661,15145021.87011327,0
76662,15141829.906659914,0
76663,15138637.564002495,0
76664,15135444.851883614,0
76665,15132251.764196964,0
76666,15129058.302425094,0
76667,15125864.469131108,0
76668,15122670.263960395,0
76669,15119475.684831742,0
76670,15116280.732281594,0
76671,15113085.406800708,0
76672,15109889.712553365,0
76673,15106693.639978848,0
76674,15103497.202335292,0
76675,15100300.39027665,0
76676,15097103.202668244,0
76677,15093905.648412053,0
76678,15090707.720107792,0
76679,15087509.42157512,0
76680,15084310.752039833,0
76681,15081111.708334865,0
76682,15077912.297159249,0
76683,15074712.514145996,0
76684,15071512.358660815,0
76685,15068311.83699831,0
76686,15065110.943529295,0
76687,15061909.677853338,0
76688,15058708.042545557,0
76689,15055506.038631013,0
76690,15052303.66272107,0
76691,15049100.918392755,0
76692,15045897.80627878,0
76693,15042694.323163332,0
76694,15039490.471241852,0
76695,15036286.249032766,0
76696,15033081.658466687,0
76697,15029876.700274885,0
76698,15026671.37321234,0
76699,15023465.676330132,0
76700,15020259.614854284,0
76701,15017053.18094579,0
76702,15013846.38074158,0
76703,15010639.213817114,0
76704,15007431.677454686,0
76705,15004223.773500599,0
76706,15001015.502912033,0
76707,14997806.866946097,0
76708,14994597.860983396,0
76709,14991388.487740966,0
76710,14988178.75181849,0
76711,14984968.644080255,0
76712,14981758.173219215,0
76713,14978547.334096095,0
76714,14975336.129581977,0
76715,14972124.558698168,0
76716,14968912.62055367,0
76717,14965700.321641907,0
76718,14962487.650461506,0
76719,14959274.618379403,0
76720,14956061.217751652,0
76721,14952847.453230847,0
76722,14949633.326454103,0
76723,14946418.832493994,0
76724,14943203.972496474,0
76725,14939988.749358058,0
76726,14936773.159357153,0
76727,14933557.20903305,0
76728,14930340.89263656,0
76729,14927124.212041767,0
76730,14923907.169017255,0
76731,14920689.757159585,0
76732,14917471.987782171,0
76733,14914253.85456753,0
76734,14911035.353850255,0
76735,14907816.494393112,0
76736,14904597.26909337,0
76737,14901377.682708677,0
76738,14898157.731960472,0
76739,14894937.423185859,0
76740,14891716.74533992,0
76741,14888495.709731255,0
76742,14885274.310938213,0
76743,14882052.551721513,0
76744,14878830.428431606,0
76745,14875607.942916911,0
76746,14872385.098551014,0
76747,14869161.890454058,0
76748,14865938.324984282,0
76749,14862714.398013497,0
76750,14859490.106532302,0
76751,14856265.456901588,0
76752,14853040.446977174,0
76753,14849815.074134061,0
76754,14846589.344663609,0
76755,14843363.25415786,0
76756,14840136.799247952,0
76757,14836909.991185723,0
76758,14833682.817994665,0
76759,14830455.288687084,0
76760,14827227.401287526,0
76761,14823999.152036158,0
76762,14820770.543830492,0
76763,14817541.580269892,0
76764,14814312.25277908,0
76765,14811082.570758037,0
76766,14807852.52754352,0
76767,14804622.128283322,0
76768,14801391.37023783,0
76769,14798160.253845114,0
76770,14794928.778618716,0
76771,14791696.948995568,0
76772,14788464.759384148,0
76773,14785232.213470068,0
76774,14781999.311360255,0
76775,14778766.051160503,0
76776,14775532.432935242,0
76777,14772298.460305346,0
76778,14769064.130002722,0
76779,14765829.442668797,0
76780,14762594.400088644,0
76781,14759359.001429087,0
76782,14756123.24764967,0
76783,14752887.13708306,0
76784,14749650.671759184,0
76785,14746413.849425832,0
76786,14743176.673637742,0
76787,14739939.142125504,0
76788,14736701.256025879,0
76789,14733463.015867319,0
76790,14730224.419548688,0
76791,14726985.468013445,0
76792,14723746.161800776,0
76793,14720506.504042435,0
76794,14717266.492646342,0
76795,14714026.125008436,0
76796,14710785.40347063,0
76797,14707544.330672173,0
76798,14704302.903199684,0
76799,14701061.124526082,0
76800,14697818.9892382,0
76801,14694576.503909893,0
76802,14691333.665137464,0
76803,14688090.471601898,0
76804,14684846.92808419,0
76805,14681603.032146502,0
76806,14678358.784371765,0
76807,14675114.183375232,0
76808,14671869.230565969,0
76809,14668623.927301103,0
76810,14665378.274170438,0
76811,14662132.268939894,0
76812,14658885.909686524,0
76813,14655639.202009333,0
76814,14652392.142030898,0
76815,14649144.732479151,0
76816,14645896.972143564,0
76817,14642648.861381967,0
76818,14639400.400201365,0
76819,14636151.589131735,0
76820,14632902.427889759,0
76821,14629652.918451691,0
76822,14626403.05835333,0
76823,14623152.847900173,0
76824,14619902.291570181,0
76825,14616651.383919027,0
76826,14613400.126800377,0
76827,14610148.52276072,0
76828,14606896.568744509,0
76829,14603644.265632303,0
76830,14600391.614096323,0
76831,14597138.61584806,0
76832,14593885.27285439,0
76833,14590631.577731375,0
76834,14587377.535992527,0
76835,14584123.14690585,0
76836,14580868.411593992,0
76837,14577613.329336185,0
76838,14574357.897590216,0
76839,14571102.121732086,0
76840,14567846.000948125,0
76841,14564589.530339718,0
76842,14561332.710273733,0
76843,14558075.548582278,0
76844,14554818.044169609,0
76845,14551560.189466083,0
76846,14548301.98923285,0
76847,14545043.444890633,0
76848,14541784.553961447,0
76849,14538525.318427501,0
76850,14535265.739704562,0
76851,14532005.81398891,0
76852,14528745.54545844,0
76853,14525484.930115517,0
76854,14522223.973175526,0
76855,14518962.67046722,0
76856,14515701.022573488,0
76857,14512439.035361933,0
76858,14509176.698852478,0
76859,14505914.024523592,0
76860,14502651.003306255,0
76861,14499387.640044028,0
76862,14496123.932522679,0
76863,14492859.883486409,0
76864,14489595.492093487,0
76865,14486330.7565972,0
76866,14483065.681987392,0
76867,14479800.26247715,0
76868,14476534.500204211,0
76869,14473268.40193316,0
76870,14470001.956433818,0
76871,14466735.171186615,0
76872,14463468.043600265,0
76873,14460200.576960217,0
76874,14456932.768775223,0
76875,14453664.617240965,0
76876,14450396.129366718,0
76877,14447127.29735382,0
76878,14443858.126527797,0
76879,14440588.616255261,0
76880,14437318.768647822,0
76881,14434048.577001553,0
76882,14430778.046300864,0
76883,14427507.178720402,0
76884,14424235.96756439,0
76885,14420964.419868575,0
76886,14417692.53349714,0
76887,14414420.311090048,0
76888,14411147.746330235,0
76889,14407874.842517084,0
76890,14404601.602305,0
76891,14401328.024907425,0
76892,14398054.107253002,0
76893,14394779.854277162,0
76894,14391505.262008348,0
76895,14388230.334128018,0
76896,14384955.069029253,0
76897,14381679.466966186,0
76898,14378403.52383256,0
76899,14375127.249509588,0
76900,14371850.636608666,0
76901,14368573.686402446,0
76902,14365296.40059942,0
76903,14362018.77918355,0
76904,14358740.820709761,0
76905,14355462.530500574,0
76906,14352183.900662629,0
76907,14348904.93618353,0
76908,14345625.639493642,0
76909,14342346.005869843,0
76910,14339066.03802955,0
76911,14335785.736041024,0
76912,14332505.096893415,0
76913,14329224.124946443,0
76914,14325942.81918491,0
76915,14322661.179722948,0
76916,14319379.206007482,0
76917,14316096.899500614,0
76918,14312814.259038534,0
76919,14309531.285357706,0
76920,14306247.981756272,0
76921,14302964.342190046,0
76922,14299680.367063813,0
76923,14296396.064879684,0
76924,14293111.427820979,0
76925,14289826.45921968,0
76926,14286541.15685356,0
76927,14283255.523903979,0
76928,14279969.561536692,0
76929,14276683.265632583,0
76930,14273396.638610367,0
76931,14270109.681033866,0
76932,14266822.393022142,0
76933,14263534.773763187,0
76934,14260246.821815317,0
76935,14256958.54145601,0
76936,14253669.931850692,0
76937,14250380.992268743,0
76938,14247091.72034277,0
76939,14243802.120556086,0
76940,14240512.18942425,0
76941,14237221.929669105,0
76942,14233931.34613358,0
76943,14230640.427110687,0
76944,14227349.180064682,0
76945,14224057.604604831,0
76946,14220765.705451943,0
76947,14217473.472094318,0
76948,14214180.913078293,0
76949,14210888.026424488,0
76950,14207594.81270821,0
76951,14204301.271131268,0
76952,14201007.40078653,0
76953,14197713.203483542,0
76954,14194418.68330788,0
76955,14191123.830209723,0
76956,14187828.65379649,0
76957,14184533.148943687,0
76958,14181237.3214376,0
76959,14177941.166299975,0
76960,14174644.682815794,0
76961,14171347.874601789,0
76962,14168050.74330691,0
76963,14164753.287493333,0
76964,14161455.501708943,0
76965,14158157.39666037,0
76966,14154858.960552992,0
76967,14151560.20166524,0
76968,14148261.120928846,0
76969,14144961.713272037,0
76970,14141661.98406599,0
76971,14138361.930930395,0
76972,14135061.552150497,0
76973,14131760.852270808,0
76974,14128459.825858492,0
76975,14125158.47698183,0
76976,14121856.807738071,0
76977,14118554.813780325,0
76978,14115252.497649066,0
76979,14111949.857733168,0
76980,14108646.898382224,0
76981,14105343.616569862,0
76982,14102040.009076523,0
76983,14098736.08201803,0
76984,14095431.834434701,0
76985,14092127.26669874,0
76986,14088822.374751544,0
76987,14085517.165386245,0
76988,14082211.63337111,0
76989,14078905.780776594,0
76990,14075599.610018747,0
76991,14072293.112396529,0
76992,14068986.299385376,0
76993,14065679.169386243,0
76994,14062371.716026284,0
76995,14059063.944584908,0
76996,14055755.850084146,0
76997,14052447.440385023,0
76998,14049138.713461773,0
76999,14045829.664360046,0
77000,14042520.299379006,0
77001,14039210.612866541,0
77002,14035900.610158999,0
77003,14032590.291805709,0
77004,14029279.64986407,0
77005,14025968.695467819,0
77006,14022657.419603972,0
77007,14019345.829559647,0
77008,14016033.923416672,0
77009,14012721.696705924,0
77010,14009409.157815676,0
77011,14006096.299103241,0
77012,14002783.12448905,0
77013,13999469.635443032,0
77014,13996155.829184994,0
77015,13992841.707605002,0
77016,13989527.270882333,0
77017,13986212.517750213,0
77018,13982897.450041825,0
77019,13979582.067425232,0
77020,13976266.373079617,0
77021,13972950.361500623,0
77022,13969634.03442548,0
77023,13966317.395090526,0
77024,13963000.442647437,0
77025,13959683.172911214,0
77026,13956365.591969844,0
77027,13953047.699491736,0
77028,13949729.490065664,0
77029,13946410.969708465,0
77030,13943092.13583149,0
77031,13939772.98933071,0
77032,13936453.529382084,0
77033,13933133.758187497,0
77034,13929813.676852712,0
77035,13926493.28187655,0
77036,13923172.575110767,0
77037,13919851.557240333,0
77038,13916530.226983946,0
77039,13913208.586317906,0
77040,13909886.635627942,0
77041,13906564.374295652,0
77042,13903241.801651321,0
77043,13899918.921222735,0
77044,13896595.728442816,0
77045,13893272.225230405,0
77046,13889948.413302809,0
77047,13886624.288981251,0
77048,13883299.8598702,0
77049,13879975.11887365,0
77050,13876650.069280654,0
77051,13873324.711562062,0
77052,13869999.045145255,0
77053,13866673.070270732,0
77054,13863346.78712877,0
77055,13860020.19555416,0
77056,13856693.296726467,0
77057,13853366.092554485,0
77058,13850038.575844666,0
77059,13846710.75994524,0
77060,13843382.629765825,0
77061,13840054.19421483,0
77062,13836725.455601098,0
77063,13833396.407643195,0
77064,13830067.05336358,0
77065,13826737.394301629,0
77066,13823407.429581044,0
77067,13820077.159977425,0
77068,13816746.580098873,0
77069,13813415.701739196,0
77070,13810084.51676895,0
77071,13806753.023235809,0
77072,13803421.229150515,0
77073,13800089.129049568,0
77074,13796756.726059245,0
77075,13793424.016236227,0
77076,13790091.004752684,0
77077,13786757.689586617,0
77078,13783424.070235778,0
77079,13780090.146648424,0
77080,13776755.921762237,0
77081,13773421.394935321,0
77082,13770086.565141626,0
77083,13766751.431848634,0
77084,13763415.995542644,0
77085,13760080.259435618,0
77086,13756744.21963162,0
77087,13753407.881382143,0
77088,13750071.241189282,0
77089,13746734.296994807,0
77090,13743397.050815836,0
77091,13740059.508427858,0
77092,13736721.663310759,0
77093,13733383.517451683,0
77094,13730045.07045164,0
77095,13726706.327550719,0
77096,13723367.282860268,0
77097,13720027.93633809,0
77098,13716688.292310534,0
77099,13713348.349746287,0
77100,13710008.109747484,0
77101,13706667.566948669,0
77102,13703326.727184638,0
77103,13699985.589965433,0
77104,13696644.15525931,0
77105,13693302.419079434,0
77106,13689960.389604948,0
77107,13686618.060740937,0
77108,13683275.434956301,0
77109,13679932.511274133,0
77110,13676589.2906804,0
77111,13673245.776327355,0
77112,13669901.960489618,0
77113,13666557.854581503,0
77114,13663213.44801618,0
77115,13659868.747171197,0
77116,13656523.74975208,0
77117,13653178.45865109,0
77118,13649832.870585594,0
77119,13646486.988930978,0
77120,13643140.811257841,0
77121,13639794.339732075,0
77122,13636447.571727201,0
77123,13633100.511722932,0
77124,13629753.15782421,0
77125,13626405.509767806,0
77126,13623057.568756757,0
77127,13619709.332519347,0
77128,13616360.80523026,0
77129,13613011.984920727,0
77130,13609662.868734859,0
77131,13606313.465573521,0
77132,13602963.768148204,0
77133,13599613.77470484,0
77134,13596263.494758053,0
77135,13592912.919515276,0
77136,13589562.052976552,0
77137,13586210.898037666,0
77138,13582859.451483142,0
77139,13579507.71067148,0
77140,13576155.68094856,0
77141,13572803.360341854,0
77142,13569450.75282672,0
77143,13566097.853575513,0
77144,13562744.665925758,0
77145,13559391.187142313,0
77146,13556037.416473163,0
77147,13552683.360695466,0
77148,13549329.012599152,0
77149,13545974.379009211,0
77150,13542619.455530368,0
77151,13539264.243259843,0
77152,13535908.744457116,0
77153,13532552.958042085,0
77154,13529196.883311348,0
77155,13525840.51969518,0
77156,13522483.870202323,0
77157,13519126.931938265,0
77158,13515769.710794143,0
77159,13512412.200467123,0
77160,13509054.404540075,0
77161,13505696.321948066,0
77162,13502337.953396715,0
77163,13498979.299721895,0
77164,13495620.360718077,0
77165,13492261.135633875,0
77166,13488901.627801154,0
77167,13485541.833819577,0
77168,13482181.754288018,0
77169,13478821.391404008,0
77170,13475460.74365159,0
77171,13472099.813747332,0
77172,13468738.59767099,0
77173,13465377.09941282,0
77174,13462015.318181485,0
77175,13458653.25253996,0
77176,13455290.906304672,0
77177,13451928.27397558,0
77178,13448565.363694817,0
77179,13445202.166919846,0
77180,13441838.689650705,0
77181,13438474.93017983,0
77182,13435110.892543951,0
77183,13431746.569929369,0
77184,13428381.967979873,0
77185,13425017.084778482,0
77186,13421651.920070691,0
77187,13418286.477254152,0
77188,13414920.752060276,0
77189,13411554.746201903,0
77190,13408188.461402947,0
77191,13404821.899688622,0
77192,13401455.055515436,0
77193,13398087.934214467,0
77194,13394720.532160275,0
77195,13391352.852871219,0
77196,13387984.895292263,0
77197,13384616.65661477,0
77198,13381248.145455947,0
77199,13377879.352047315,0
77200,13374510.280000966,0
77201,13371140.93646176,0
77202,13367771.312090108,0
77203,13364401.410042701,0
77204,13361031.234127259,0
77205,13357660.778183986,0
77206,13354290.048600731,0
77207,13350919.045025771,0
77208,13347547.761419686,0
77209,13344176.20469284,0
77210,13340804.371853948,0
77211,13337432.262023633,0
77212,13334059.881250637,0
77213,13330687.224097114,0
77214,13327314.293636652,0
77215,13323941.088361865,0
77216,13320567.608636828,0
77217,13317193.853663154,0
77218,13313819.82601865,0
77219,13310445.528032567,0
77220,13307070.954506753,0
77221,13303696.107819373,0
77222,13300320.989892025,0
77223,13296945.599915886,0
77224,13293569.937517773,0
77225,13290194.002115041,0
77226,13286817.796422344,0
77227,13283441.318717232,0
77228,13280064.570231037,0
77229,13276687.549189908,0
77230,13273310.2589507,0
77231,13269932.699983798,0
77232,13266554.867096022,0
77233,13263176.766515153,0
77234,13259798.393698918,0
77235,13256419.755408075,0
77236,13253040.84533165,0
77237,13249661.665326178,0
77238,13246282.216379432,0
77239,13242902.498873886,0
77240,13239522.517483585,0
77241,13236142.261517474,0
77242,13232761.739249643,0
77243,13229380.95112648,0
77244,13225999.895674188,0
77245,13222618.570324266,0
77246,13219236.980256084,0
77247,13215855.12189188,0
77248,13212473.0007073,0
77249,13209090.608791383,0
77250,13205707.950944828,0
77251,13202325.02916712,0
77252,13198941.841473527,0
77253,13195558.388809385,0
77254,13192174.669393409,0
77255,13188790.68654461,0
77256,13185406.438198574,0
77257,13182021.924882326,0
77258,13178637.148679633,0
77259,13175252.108127471,0
77260,13171866.803248955,0
77261,13168481.23509513,0
77262,13165095.40475172,0
77263,13161709.311994316,0
77264,13158322.95397631,0
77265,13154936.33138472,0
77266,13151549.453707902,0
77267,13148162.308058912,0
77268,13144774.904406259,0
77269,13141387.23639155,0
77270,13137999.30653342,0
77271,13134611.116777461,0
77272,13131222.6650802,0
77273,13127833.955476152,0
77274,13124444.984639267,0
77275,13121055.750327671,0
77276,13117666.258557037,0
77277,13114276.509552523,0
77278,13110886.496637829,0
77279,13107496.224794108,0
77280,13104105.695755493,0
77281,13100714.91090038,0
77282,13097323.86326296,0
77283,13093932.557090012,0
77284,13090540.995827874,0
77285,13087149.174249755,0
77286,13083757.095236048,0
77287,13080364.761610132,0
77288,13076972.169713804,0
77289,13073579.319132617,0
77290,13070186.213873029,0
77291,13066792.852254549,0
77292,13063399.23511768,0
77293,13060005.361699434,0
77294,13056611.230803419,0
77295,13053216.84701034,0
77296,13049822.207382997,0
77297,13046427.311536662,0
77298,13043032.164323783,0
77299,13039636.761169514,0
77300,13036241.10325251,0
77301,13032845.190126253,0
77302,13029449.026938481,0
77303,13026052.607762674,0
77304,13022655.937246947,0
77305,13019259.012266558,0
77306,13015861.834994117,0
77307,13012464.40491019,0
77308,13009066.724522255,0
77309,13005668.788907146,0
77310,13002270.60362968,0
77311,12998872.17108444,0
77312,12995473.478702689,0
77313,12992074.54085875,0
77314,12988675.353608988,0
77315,12985275.911532473,0
77316,12981876.224098116,0
77317,12978476.284887642,0
77318,12975076.095652347,0
77319,12971675.655614289,0
77320,12968274.96646163,0
77321,12964874.029902909,0
77322,12961472.84661107,0
77323,12958071.409605222,0
77324,12954669.730266886,0
77325,12951267.797906177,0
77326,12947865.621838972,0
77327,12944463.196332114,0
77328,12941060.524385385,0
77329,12937657.607148008,0
77330,12934254.439602057,0
77331,12930851.029127628,0
77332,12927447.369170656,0
77333,12924043.466072546,0
77334,12920639.315970933,0
77335,12917234.919634212,0
77336,12913830.279440485,0
77337,12910425.395440385,0
77338,12907020.26560429,0
77339,12903614.892606426,0
77340,12900209.27189823,0
77341,12896803.410894431,0
77342,12893397.306524994,0
77343,12889990.956873355,0
77344,12886584.36360808,0
77345,12883177.530531343,0
77346,12879770.453552479,0
77347,12876363.13191892,0
77348,12872955.572033348,0
77349,12869547.766813742,0
77350,12866139.72184785,0
77351,12862731.435173538,0
77352,12859322.909187859,0
77353,12855914.139701389,0
77354,12852505.131809387,0
77355,12849095.881462034,0
77356,12845686.393215928,0
77357,12842276.66293504,0
77358,12838866.69670499,0
77359,12835456.487853397,0
77360,12832046.04289974,0
77361,12828635.356382836,0
77362,12825224.432869367,0
77363,12821813.273212941,0
77364,12818401.871899309,0
77365,12814990.233911317,0
77366,12811578.357656859,0
77367,12808166.2461377,0
77368,12804753.898814334,0
77369,12801341.312213195,0
77370,12797928.49049814,0
77371,12794515.431687606,0
77372,12791102.139406824,0
77373,12787688.609768197,0
77374,12784274.845732326,0
77375,12780860.846569268,0
77376,12777446.611311805,0
77377,12774032.140705666,0
77378,12770617.437129643,0
77379,12767202.502147438,0
77380,12763787.330588253,0
77381,12760371.927811971,0
77382,12756956.288484436,0
77383,12753540.416202383,0
77384,12750124.313471287,0
77385,12746707.978396943,0
77386,12743291.41316734,0
77387,12739874.613008928,0
77388,12736457.580119649,0
77389,12733040.317946197,0
77390,12729622.82319712,0
77391,12726205.098785272,0
77392,12722787.14639417,0
77393,12719368.961047612,0
77394,12715950.544668484,0
77395,12712531.901900262,0
77396,12709113.02614761,0
77397,12705693.922393393,0
77398,12702274.589948993,0
77399,12698855.02757039,0
77400,12695435.240097594,0
77401,12692015.22251698,0
77402,12688594.97637797,0
77403,12685174.502022505,0
77404,12681753.803935241,0
77405,12678332.873723881,0
77406,12674911.72067259,0
77407,12671490.34146443,0
77408,12668068.733700978,0
77409,12664646.900403952,0
77410,12661224.844394105,0
77411,12657802.560363745,0
77412,12654380.051394315,0
77413,12650957.316907654,0
77414,12647534.358281653,0
77415,12644111.1773532,0
77416,12640687.770390123,0
77417,12637264.138455356,0
77418,12633840.287355399,0
77419,12630416.207417915,0
77420,12626991.907896766,0
77421,12623567.386214549,0
77422,12620142.640128685,0
77423,12616717.672321657,0
77424,12613292.48396847,0
77425,12609867.073030647,0
77426,12606441.439079275,0
77427,12603015.589388862,0
77428,12599589.51421752,0
77429,12596163.219700104,0
77430,12592736.707900232,0
77431,12589309.973030074,0
77432,12585883.019678071,0
77433,12582455.845887404,0
77434,12579028.454200529,0
77435,12575600.842864452,0
77436,12572173.012998464,0
77437,12568744.967025172,0
77438,12565316.701122845,0
77439,12561888.21949686,0
77440,12558459.515055796,0
77441,12555030.60089287,0
77442,12551601.464936018,0
77443,12548172.113919467,0
77444,12544742.547815671,0
77445,12541312.763203567,0
77446,12537882.76481687,0
77447,12534452.55163197,0
77448,12531022.121152395,0
77449,12527591.476793667,0
77450,12524160.618048666,0
77451,12520729.546093037,0
77452,12517298.257535491,0
77453,12513866.758790128,0
77454,12510435.046025094,0
77455,12507003.11665319,0
77456,12503570.97697561,0
77457,12500138.624130834,0
77458,12496706.057978941,0
77459,12493273.282282045,0
77460,12489840.293533545,0
77461,12486407.095007334,0
77462,12482973.682272896,0
77463,12479540.061208796,0
77464,12476106.22777722,0
77465,12472672.183946993,0
77466,12469237.930393236,0
77467,12465803.46931155,0
77468,12462368.797779417,0
77469,12458933.915825194,0
77470,12455498.825344382,0
77471,12452063.528905,0
77472,12448628.020324038,0
77473,12445192.304917453,0
77474,12441756.38363473,0
77475,12438320.25402466,0
77476,12434883.916366123,0
77477,12431447.373363055,0
77478,12428010.621601664,0
77479,12424573.667344028,0
77480,12421136.503566204,0
77481,12417699.13629492,0
77482,12414261.562717738,0
77483,12410823.78646343,0
77484,12407385.80166835,0
77485,12403947.613574013,0
77486,12400509.224782819,0
77487,12397070.628885122,0
77488,12393631.828742092,0
77489,12390192.82599458,0
77490,12386753.619100163,0
77491,12383314.212887004,0
77492,12379874.601595405,0
77493,12376434.787916565,0
77494,12372994.774204994,0
77495,12369554.55759463,0
77496,12366114.139311925,0
77497,12362673.52405233,0
77498,12359232.702100158,0
77499,12355791.686969137,0
77500,12352350.465466676,0
77501,12348909.047267929,0
77502,12345467.429050991,0
77503,12342025.610091949,0
77504,12338583.594599055,0
77505,12335141.379898012,0
77506,12331698.966347318,0
77507,12328256.357000997,0
77508,12324813.54612827,0
77509,12321370.541572455,0
77510,12317927.336661737,0
77511,12314483.938872738,0
77512,12311040.342629315,0
77513,12307596.552059643,0
77514,12304152.561397484,0
77515,12300708.378173558,0
77516,12297263.99920635,0
77517,12293819.427306494,0
77518,12290374.656606693,0
77519,12286929.694647323,0
77520,12283484.537353875,0
77521,12280039.187010542,0
77522,12276593.643282507,0
77523,12273147.907377152,0
77524,12269701.977944242,0
77525,12266255.85282285,0
77526,12262809.540526826,0
77527,12259363.034655614,0
77528,12255916.335822446,0
77529,12252469.447481306,0
77530,12249022.36490287,0
77531,12245575.095861344,0
77532,12242127.635457955,0
77533,12238679.98239719,0
77534,12235232.140827537,0
77535,12231784.112924345,0
77536,12228335.891913831,0
77537,12224887.483508592,0
77538,12221438.885462424,0
77539,12217990.101900395,0
77540,12214541.128911609,0
77541,12211091.967439039,0
77542,12207642.621034134,0
77543,12204193.088238912,0
77544,12200743.366198432,0
77545,12197293.456701333,0
77546,12193843.365201926,0
77547,12190393.086315867,0
77548,12186942.621086404,0
77549,12183491.971269423,0
77550,12180041.136075813,0
77551,12176590.118406761,0
77552,12173138.915562477,0
77553,12169687.528430171,0
77554,12166235.959564934,0
77555,12162784.204096586,0
77556,12159332.266608635,0
77557,12155880.150639134,0
77558,12152427.845886845,0
77559,12148975.36426372,0
77560,12145522.699018471,0
77561,12142069.853822097,0
77562,12138616.826797238,0
77563,12135163.618328396,0
77564,12131710.232363006,0
77565,12128256.663149307,0
77566,12124802.916787373,0
77567,12121348.987298295,0
77568,12117894.88122009,0
77569,12114440.596278507,0
77570,12110986.134561596,0
77571,12107531.49433995,0
77572,12104076.673051253,0
77573,12100621.674337253,0
77574,12097166.503275415,0
77575,12093711.152790982,0
77576,12090255.623914609,0
77577,12086799.922155824,0
77578,12083344.04318356,0
77579,12079887.98557006,0
77580,12076431.758768661,0
77581,12072975.353974672,0
77582,12069518.773064615,0
77583,12066062.02035257,0
77584,12062605.094100237,0
77585,12059147.990289237,0
77586,12055690.717661612,0
77587,12052233.26935703,0
77588,12048775.647965325,0
77589,12045317.854986023,0
77590,12041859.893264545,0
77591,12038401.755333725,0
77592,12034943.45039328,0
77593,12031484.96904175,0
77594,12028026.32251937,0
77595,12024567.50286501,0
77596,12021108.515676921,0
77597,12017649.355368394,0
77598,12014190.027555257,0
77599,12010730.529298125,0
77600,12007270.863652933,0
77601,12003811.030632686,0
77602,12000351.027322162,0
77603,11996890.856419714,0
77604,11993430.521150397,0
77605,11989970.017337091,0
77606,11986509.34609697,0
77607,11983048.50846106,0
77608,11979587.503430927,0
77609,11976126.333574245,0
77610,11972664.998843396,0
77611,11969203.499162406,0
77612,11965741.836115668,0
77613,11962280.009353768,0
77614,11958818.013269994,0
77615,11955355.858585663,0
77616,11951893.538532132,0
77617,11948431.054934105,0
77618,11944968.410423834,0
77619,11941505.604180947,0
77620,11938042.63331552,0
77621,11934579.502232535,0
77622,11931116.2098488,0
77623,11927652.75533626,0
77624,11924189.140084153,0
77625,11920725.365727548,0
77626,11917261.429738961,0
77627,11913797.336404262,0
77628,11910333.082692936,0
77629,11906868.671141066,0
77630,11903404.098121796,0
77631,11899939.368453724,0
77632,11896474.479645073,0
77633,11893009.436583929,0
77634,11889544.231974613,0
77635,11886078.873530177,0
77636,11882613.35732006,0
77637,11879147.686683996,0
77638,11875681.858148359,0
77639,11872215.874682488,0
77640,11868749.736026077,0
77641,11865283.440681962,0
77642,11861816.992174827,0
77643,11858350.388904613,0
77644,11854883.634432117,0
77645,11851416.723753914,0
77646,11847949.662081402,0
77647,11844482.447092518,0
77648,11841015.07871931,0
77649,11837547.557668936,0
77650,11834079.88563468,0
77651,11830612.06215353,0
77652,11827144.089839244,0
77653,11823675.961977879,0
77654,11820207.687128503,0
77655,11816739.261349928,0
77656,11813270.685571618,0
77657,11809801.961491078,0
77658,11806333.088457696,0
77659,11802864.065197464,0
77660,11799394.897728011,0
77661,11795925.578599248,0
77662,11792456.113206834,0
77663,11788986.49899597,0
77664,11785516.739039911,0
77665,11782046.832841184,0
77666,11778576.779920561,0
77667,11775106.58369227,0
77668,11771636.24013238,0
77669,11768165.750551088,0
77670,11764695.11824261,0
77671,11761224.341116643,0
77672,11757753.418731194,0
77673,11754282.35092385,0
77674,11750811.140183752,0
77675,11747339.79161287,0
77676,11743868.296979489,0
77677,11740396.66011674,0
77678,11736924.88136186,0
77679,11733452.963019416,0
77680,11729980.899045216,0
77681,11726508.700253483,0
77682,11723036.358151698,0
77683,11719563.874191076,0
77684,11716091.252234925,0
77685,11712618.489322169,0
77686,11709145.591078293,0
77687,11705672.552280972,0
77688,11702199.374441946,0
77689,11698726.057200236,0
77690,11695252.604049183,0
77691,11691779.01545712,0
77692,11688305.2889987,0
77693,11684831.42670395,0
77694,11681357.426128738,0
77695,11677883.292388413,0
77696,11674409.022052348,0
77697,11670934.616000481,0
77698,11667460.076371728,0
77699,11663985.40080072,0
77700,11660510.591894014,0
77701,11657035.65075749,0
77702,11653560.57562357,0
77703,11650085.370003795,0
77704,11646610.029567698,0
77705,11643134.554530315,0
77706,11639658.952907786,0
77707,11636183.2157934,0
77708,11632707.350397158,0
77709,11629231.355636876,0
77710,11625755.22619684,0
77711,11622278.969836533,0
77712,11618802.583991019,0
77713,11615326.068151081,0
77714,11611849.424315415,0
77715,11608372.653330317,0
77716,11604895.75137679,0
77717,11601418.724885164,0
77718,11597941.56998745,0
77719,11594464.288719917,0
77720,11590986.88040722,0
77721,11587509.343506765,0
77722,11584031.683234895,0
77723,11580553.897501212,0
77724,11577075.989016475,0
77725,11573597.953315305,0
77726,11570119.793137023,0
77727,11566641.508972503,0
77728,11563163.103525812,0
77729,11559684.574855415,0
77730,11556205.922194976,0
77731,11552727.144490594,0
77732,11549248.250154702,0
77733,11545769.229144476,0
77734,11542290.090583285,0
77735,11538810.8300087,0
77736,11535331.449907824,0
77737,11531851.947703093,0
77738,11528372.32820566,0
77739,11524892.587134806,0
77740,11521412.729599116,0
77741,11517932.750803174,0
77742,11514452.656281518,0
77743,11510972.443491371,0
77744,11507492.112680107,0
77745,11504011.666237013,0
77746,11500531.098999579,0
77747,11497050.421089783,0
77748,11493569.62391826,0
77749,11490088.713735886,0
77750,11486607.686522473,0
77751,11483126.546264423,0
77752,11479645.289354159,0
77753,11476163.92134581,0
77754,11472682.437295794,0
77755,11469200.839765532,0
77756,11465719.131446954,0
77757,11462237.310547054,0
77758,11458755.378184102,0
77759,11455273.334358249,0
77760,11451791.178303022,0
77761,11448308.911827076,0
77762,11444826.533514962,0
77763,11441344.048264135,0
77764,11437861.45102055,0
77765,11434378.746054051,0
77766,11430895.929326685,0
77767,11427413.008397853,0
77768,11423929.976466991,0
77769,11420446.837331451,0
77770,11416963.593544442,0
77771,11413480.23994846,0
77772,11409996.781962262,0
77773,11406513.215480192,0
77774,11403029.547886062,0
77775,11399545.76989881,0
77776,11396061.888877667,0
77777,11392577.905230552,0
77778,11389093.815012226,0
77779,11385609.62548455,0
77780,11382125.327468308,0
77781,11378640.926978486,0
77782,11375156.42623998,0
77783,11371671.822912395,0
77784,11368187.116839847,0
77785,11364702.312998528,0
77786,11361217.404279025,0
77787,11357732.397031797,0
77788,11354247.290048989,0
77789,11350762.081850633,0
77790,11347276.776703056,0
77791,11343791.370908739,0
77792,11340305.867454985,0
77793,11336820.266295133,0
77794,11333334.566660523,0
77795,11329848.769588163,0
77796,11326362.878310598,0
77797,11322876.886465415,0
77798,11319390.80116227,0
77799,11315904.622572485,0
77800,11312418.346318321,0
77801,11308931.976001853,0
77802,11305445.511329269,0
77803,11301958.949700614,0
77804,11298472.298577685,0
77805,11294985.553172246,0
77806,11291498.715684561,0
77807,11288011.785090195,0
77808,11284524.76209667,0
77809,11281037.648749024,0
77810,11277550.443610229,0
77811,11274063.147544013,0
77812,11270575.762888275,0
77813,11267088.285288988,0
77814,11263600.722914152,0
77815,11260113.070369815,0
77816,11256625.326368514,0
77817,11253137.498422008,0
77818,11249649.578911493,0
77819,11246161.574437326,0
77820,11242673.481175555,0
77821,11239185.302711336,0
77822,11235697.037651815,0
77823,11232208.685687942,0
77824,11228720.249856587,0
77825,11225231.731386285,0
77826,11221743.126491548,0
77827,11218254.438072946,0
77828,11214765.665433565,0
77829,11211276.812788056,0
77830,11207787.872980973,0
77831,11204298.853023281,0
77832,11200809.752463175,0
77833,11197320.570437005,0
77834,11193831.306179103,0
77835,11190341.960132165,0
77836,11186852.53592042,0
77837,11183363.033450613,0
77838,11179873.449347457,0
77839,11176383.786730293,0
77840,11172894.045460053,0
77841,11169404.22643378,0
77842,11165914.33206742,0
77843,11162424.357808793,0
77844,11158934.306749575,0
77845,11155444.181054426,0
77846,11151953.97797287,0
77847,11148463.699127503,0
77848,11144973.347269837,0
77849,11141482.92087506,0
77850,11137992.419769697,0
77851,11134501.844880791,0
77852,11131011.197018202,0
77853,11127520.478311533,0
77854,11124029.685800156,0
77855,11120538.820329811,0
77856,11117047.880433593,0
77857,11113556.876202635,0
77858,11110065.7977919,0
77859,11106574.648783077,0
77860,11103083.430360464,0
77861,11099592.143300103,0
77862,11096100.788492028,0
77863,11092609.363373486,0
77864,11089117.871721763,0
77865,11085626.3113002,0
77866,11082134.684819296,0
77867,11078642.990257239,0
77868,11075151.228523739,0
77869,11071659.402333982,0
77870,11068167.513531731,0
77871,11064675.557559742,0
77872,11061183.535981223,0
77873,11057691.452495087,0
77874,11054199.303897891,0
77875,11050707.092864264,0
77876,11047214.818275873,0
77877,11043722.483898632,0
77878,11040230.085721621,0
77879,11036737.627689134,0
77880,11033245.105765156,0
77881,11029752.52791224,0
77882,11026259.886619953,0
77883,11022767.18637622,0
77884,11019274.428243285,0
77885,11015781.609708773,0
77886,11012288.735474328,0
77887,11008795.80263284,0
77888,11005302.812065009,0
77889,11001809.76512609,0
77890,10998316.660416381,0
77891,10994823.502179354,0
77892,10991330.28663422,0
77893,10987837.017159091,0
77894,10984343.693439653,0
77895,10980850.311584974,0
77896,10977356.880483655,0
77897,10973863.394664897,0
77898,10970369.859416373,0
77899,10966876.267472511,0
77900,10963382.624964798,0
77901,10959888.932340235,0
77902,10956395.186747253,0
77903,10952901.392375883,0
77904,10949407.5466722,0
77905,10945913.651488423,0
77906,10942419.710442394,0
77907,10938925.716706773,0
77908,10935431.678429194,0
77909,10931937.591133866,0
77910,10928443.452994965,0
77911,10924949.274757266,0
77912,10921455.046188869,0
77913,10917960.77140059,0
77914,10914466.451746901,0
77915,10910972.08967904,0
77916,10907477.681448244,0
77917,10903983.23067746,0
77918,10900488.734158365,0
77919,10896994.194532596,0
77920,10893499.61308088,0
77921,10890004.991752928,0
77922,10886510.327010464,0
77923,10883015.622625196,0
77924,10879520.8744818,0
77925,10876026.088903427,0
77926,10872531.262177983,0
77927,10869036.394222397,0
77928,10865541.493516382,0
77929,10862046.549985783,0
77930,10858551.570893263,0
77931,10855056.552911658,0
77932,10851561.497423818,0
77933,10848066.407547025,0
77934,10844571.281113917,0
77935,10841076.119346304,0
77936,10837580.92276287,0
77937,10834085.690918984,0
77938,10830590.427301876,0
77939,10827095.127572224,0
77940,10823599.795893116,0
77941,10820104.431357604,0
77942,10816609.034196613,0
77943,10813113.606873395,0
77944,10809618.148328261,0
77945,10806122.65754307,0
77946,10802627.138689063,0
77947,10799131.58692522,0
77948,10795636.010768488,0
77949,10792140.40167889,0
77950,10788644.765750254,0
77951,10785149.10369149,0
77952,10781653.41389217,0
77953,10778157.697019884,0
77954,10774661.954750458,0
77955,10771166.18394106,0
77956,10767670.39193355,0
77957,10764174.572970051,0
77958,10760678.728317738,0
77959,10757182.860257823,0
77960,10753686.973286226,0
77961,10750191.059439806,0
77962,10746695.122527234,0
77963,10743199.163792377,0
77964,10739703.187283108,0
77965,10736207.186765617,0
77966,10732711.168602716,0
77967,10729215.128507726,0
77968,10725719.067904305,0
77969,10722222.990712551,0
77970,10718726.89519014,0
77971,10715230.783818841,0
77972,10711734.650418479,0
77973,10708238.50084946,0
77974,10704742.338640897,0
77975,10701246.15846539,0
77976,10697749.964867273,0
77977,10694253.75451088,0
77978,10690757.527077211,0
77979,10687261.29034278,0
77980,10683765.038982043,0
77981,10680268.773491688,0
77982,10676772.496898139,0
77983,10673276.209128898,0
77984,10669779.908315437,0
77985,10666283.597897388,0
77986,10662787.27755021,0
77987,10659290.944833064,0
77988,10655794.605940664,0
77989,10652298.25580267,0
77990,10648801.900170399,0
77991,10645305.533583049,0
77992,10641809.16251501,0
77993,10638312.783008782,0
77994,10634816.398772301,0
77995,10631320.006594084,0
77996,10627823.611233398,0
77997,10624327.210862892,0
77998,10620830.805092642,0
77999,10617334.397173515,0
78000,10613837.984633626,0
78001,10610341.57253727,0
78002,10606845.15675286,0
78003,10603348.736795325,0
78004,10599852.318191355,0
78005,10596355.899046373,0
78006,10592859.479360748,0
78007,10589363.062168987,0
78008,10585866.643240755,0
78009,10582370.227894528,0
78010,10578873.812679535,0
78011,10575377.401463065,0
78012,10571880.994335346,0
78013,10568384.587275712,0
78014,10564888.187169414,0
78015,10561391.792139787,0
78016,10557895.400611162,0
78017,10554399.016069148,0
78018,10550902.637103448,0
78019,10547406.263614316,0
78020,10543909.901866088,0
78021,10540413.543569246,0
78022,10536917.196850318,0
78023,10533420.85609623,0
78024,10529924.527024113,0
78025,10526428.206657294,0
78026,10522931.897302054,0
78027,10519435.597332032,0
78028,10515939.312400557,0
78029,10512443.03531132,0
78030,10508946.773961946,0
78031,10505450.525459884,0
78032,10501954.292484198,0
78033,10498458.069375686,0
78034,10494961.861517433,0
78035,10491465.671404678,0
78036,10487969.494749624,0
78037,10484473.338934792,0
78038,10480977.19265531,0
78039,10477481.071415856,0
78040,10473984.967620678,0
78041,10470488.878593892,0
78042,10466992.80984814,0
78043,10463496.759349365,0
78044,10460000.73325726,0
78045,10456504.72314457,0
78046,10453008.736578,0
78047,10449512.774076805,0
78048,10446016.829449013,0
78049,10442520.909514653,0
78050,10439025.014076255,0
78051,10435529.143320862,0
78052,10432033.295299277,0
78053,10428537.475417089,0
78054,10425041.67711268,0
78055,10421545.905547092,0
78056,10418050.161410807,0
78057,10414554.448006283,0
78058,10411058.759121992,0
78059,10407563.099588906,0
78060,10404067.467710098,0
78061,10400571.867000856,0
78062,10397076.296856115,0
78063,10393580.755155813,0
78064,10390085.244711373,0
78065,10386589.769071382,0
78066,10383094.322830075,0
78067,10379598.911875626,0
78068,10376103.5321255,0
78069,10372608.188173601,0
78070,10369112.877613189,0
78071,10365617.6033436,0
78072,10362122.363654923,0
78073,10358627.158307023,0
78074,10355131.991493061,0
78075,10351636.86444561,0
78076,10348141.774247015,0
78077,10344646.720575659,0
78078,10341151.708502777,0
78079,10337656.734884925,0
78080,10334161.801069394,0
78081,10330666.907974644,0
78082,10327172.056432668,0
78083,10323677.250720557,0
78084,10320182.479427865,0
78085,10316687.756706746,0
78086,10313193.080605783,0
78087,10309698.441268094,0
78088,10306203.850844642,0
78089,10302709.306578645,0
78090,10299214.806831775,0
78091,10295720.3537829,0
78092,10292225.948938543,0
78093,10288731.588280125,0
78094,10285237.279478515,0
78095,10281743.018164635,0
78096,10278248.805683456,0
78097,10274754.645020196,0
78098,10271260.534422059,0
78099,10267766.474565094,0
78100,10264272.466924226,0
78101,10260778.51002883,0
78102,10257284.606199253,0
78103,10253790.756469052,0
78104,10250296.962132419,0
78105,10246803.220662639,0
78106,10243309.535993848,0
78107,10239815.906067668,0
78108,10236322.3335838,0
78109,10232828.820044741,0
78110,10229335.359784234,0
78111,10225841.961340474,0
78112,10222348.618852353,0
78113,10218855.335876938,0
78114,10215362.114431756,0
78115,10211868.95154492,0
78116,10208375.852684315,0
78117,10204882.81329892,0
78118,10201389.839173114,0
78119,10197896.92507159,0
78120,10194404.075699324,0
78121,10190911.290244244,0
78122,10187418.570981594,0
78123,10183925.913975636,0
78124,10180433.324653763,0
78125,10176940.803259134,0
78126,10173448.348474879,0
78127,10169955.959959326,0
78128,10166463.642425526,0
78129,10162971.388890103,0
78130,10159479.20682375,0
78131,10155987.098829312,0
78132,10152495.058332952,0
78133,10149003.090501444,0
78134,10145511.194437433,0
78135,10142019.368223218,0
78136,10138527.618855184,0
78137,10135035.942957327,0
78138,10131544.340303313,0
78139,10128052.812607242,0
78140,10124561.361928476,0
78141,10121069.986878775,0
78142,10117578.685421713,0
78143,10114087.468153391,0
78144,10110596.322589008,0
78145,10107105.260387545,0
78146,10103614.274804877,0
78147,10100123.371715048,0
78148,10096632.547105717,0
78149,10093141.804118147,0
78150,10089651.142734693,0
78151,10086160.563420331,0
78152,10082670.067495301,0
78153,10079179.655335639,0
78154,10075689.328655291,0
78155,10072199.087708687,0
78156,10068708.92888845,0
78157,10065218.86039742,0
78158,10061728.874291366,0
78159,10058238.97873961,0
78160,10054749.171028387,0
78161,10051259.451992383,0
78162,10047769.820333121,0
78163,10044280.280890476,0
78164,10040790.830938494,0
78165,10037301.472032132,0
78166,10033812.20467156,0
78167,10030323.032084765,0
78168,10026833.950747732,0
78169,10023344.963251632,0
78170,10019856.070949558,0
78171,10016367.273718784,0
78172,10012878.569467906,0
78173,10009389.96492731,0
78174,10005901.455790482,0
78175,10002413.044762636,0
78176,9998924.73201537,0
78177,9995436.519934207,0
78178,9991948.404731663,0
78179,9988460.389035698,0
78180,9984972.476877617,0
78181,9981484.665140357,0
78182,9977996.954483798,0
78183,9974509.346442392,0
78184,9971021.842932813,0
78185,9967534.442780016,0
78186,9964047.15155293,0
78187,9960559.958083598,0
78188,9957072.874960361,0
78189,9953585.899248512,0
78190,9950099.027809527,0
78191,9946612.266804066,0
78192,9943125.61501902,0
78193,9939639.071318869,0
78194,9936152.637663092,0
78195,9932666.314689692,0
78196,9929180.101895368,0
78197,9925694.001107251,0
78198,9922208.014672445,0
78199,9918722.14124285,0
78200,9915236.37998683,0
78201,9911750.732563445,0
78202,9908265.203303419,0
78203,9904779.788377918,0
78204,9901294.488242934,0
78205,9897809.308105314,0
78206,9894324.245626485,0
78207,9890839.301472463,0
78208,9887354.474114085,0
78209,9883869.767619176,0
78210,9880385.184436755,0
78211,9876900.719737992,0
78212,9873416.378161412,0
78213,9869932.158597138,0
78214,9866448.062263083,0
78215,9862964.089304967,0
78216,9859480.24280016,0
78217,9855996.51846629,0
78218,9852512.922924992,0
78219,9849029.452994626,0
78220,9845546.109632066,0
78221,9842062.895801457,0
78222,9838579.808360916,0
78223,9835096.854258817,0
78224,9831614.0253343,0
78225,9828131.330153985,0
78226,9824648.764987312,0
78227,9821166.332756441,0
78228,9817684.031389704,0
78229,9814201.865818765,0
78230,9810719.833645722,0
78231,9807237.934771815,0
78232,9803756.171564013,0
78233,9800274.548045436,0
78234,9796793.057052635,0
78235,9793311.705486309,0
78236,9789830.49230071,0
78237,9786349.416811366,0
78238,9782868.483134866,0
78239,9779387.688673671,0
78240,9775907.034872858,0
78241,9772426.523097107,0
78242,9768946.153643418,0
78243,9765465.927307054,0
78244,9761985.846054588,0
78245,9758505.90777861,0
78246,9755026.11580066,0
78247,9751546.467652239,0
78248,9748066.969232053,0
78249,9744587.616256487,0
78250,9741108.410418145,0
78251,9737629.354031883,0
78252,9734150.448777903,0
78253,9730671.690237794,0
78254,9727193.08591356,0
78255,9723714.632682662,0
78256,9720236.330620188,0
78257,9716758.181057276,0
78258,9713280.18728533,0
78259,9709802.345683834,0
78260,9706324.66156642,0
78261,9702847.131387837,0
78262,9699369.758680932,0
78263,9695892.542321058,0
78264,9692415.48624191,0
78265,9688938.586367525,0
78266,9685461.846260993,0
78267,9681985.267524559,0
78268,9678508.8509087,0
78269,9675032.592642495,0
78270,9671556.498845946,0
78271,9668080.564673861,0
78272,9664604.798382228,0
78273,9661129.194378592,0
78274,9657653.756890405,0
78275,9654178.484635,0
78276,9650703.3813726,0
78277,9647228.442901665,0
78278,9643753.671682157,0
78279,9640279.071108941,0
78280,9636804.640688876,0
78281,9633330.380319351,0
78282,9629856.290657906,0
78283,9626382.372261463,0
78284,9622908.628008205,0
78285,9619435.054484604,0
78286,9615961.655511754,0
78287,9612488.431815494,0
78288,9609015.383739999,0
78289,9605542.512056282,0
78290,9602069.819387473,0
78291,9598597.303494176,0
78292,9595124.963687109,0
78293,9591652.806323739,0
78294,9588180.825417267,0
78295,9584709.027619256,0
78296,9581237.408529809,0
78297,9577765.976250779,0
78298,9574294.723105142,0
78299,9570823.656605551,0
78300,9567352.773572057,0
78301,9563882.074342946,0
78302,9560411.562210033,0
78303,9556941.236379111,0
78304,9553471.098885637,0
78305,9550001.15036389,0
78306,9546531.387764648,0
78307,9543061.816957783,0
78308,9539592.434592007,0
78309,9536123.247669473,0
78310,9532654.249405248,0
78311,9529185.445752872,0
78312,9525716.835782595,0
78313,9522248.417399237,0
78314,9518780.198313273,0
78315,9515312.172820995,0
78316,9511844.344653765,0
78317,9508376.71212087,0
78318,9504909.28087956,0
78319,9501442.04604988,0
78320,9497975.010755837,0
78321,9494508.176334755,0
78322,9491041.544692457,0
78323,9487575.115701683,0
78324,9484108.887717783,0
78325,9480642.861189885,0
78326,9477177.04346676,0
78327,9473711.429570071,0
78328,9470246.022960892,0
78329,9466780.820689725,0
78330,9463315.825100437,0
78331,9459851.039648,0
78332,9456386.461387867,0
78333,9452922.093289461,0
78334,9449457.939354016,0
78335,9445993.996046301,0
78336,9442530.26276297,0
78337,9439066.74240867,0
78338,9435603.438474197,0
78339,9432140.348379971,0
78340,9428677.469536655,0
78341,9425214.811620956,0
78342,9421752.36879288,0
78343,9418290.14482329,0
78344,9414828.13837467,0
78345,9411366.355072144,0
78346,9407904.785807697,0
78347,9404443.44087239,0
78348,9400982.317185212,0
78349,9397521.414812969,0
78350,9394060.738725645,0
78351,9390600.283718672,0
78352,9387140.058681497,0
78353,9383680.05529519,0
78354,9380220.277963506,0
78355,9376760.729965905,0
78356,9373301.411006289,0
78357,9369842.319166508,0
78358,9366383.456034988,0
78359,9362924.82734055,0
78360,9359466.429251472,0
78361,9356008.259149967,0
78362,9352550.3280805,0
78363,9349092.627524976,0
78364,9345635.164824678,0
78365,9342177.93389994,0
78366,9338720.941013316,0
78367,9335264.186855877,0
78368,9331807.66765662,0
78369,9328351.390055582,0
78370,9324895.351387968,0
78371,9321439.552592551,0
78372,9317983.994534982,0
78373,9314528.680221459,0
78374,9311073.609248959,0
78375,9307618.779635804,0
78376,9304164.198462002,0
78377,9300709.860489955,0
78378,9297255.77006706,0
78379,9293801.926086806,0
78380,9290348.328295048,0
78381,9286894.98175465,0
78382,9283441.883918084,0
78383,9279989.03744728,0
78384,9276536.4422471,0
78385,9273084.100384256,0
78386,9269632.00851822,0
78387,9266180.173779396,0
78388,9262728.591707032,0
78389,9259277.267008929,0
78390,9255826.195916954,0
78391,9252375.383424595,0
78392,9248924.830521017,0
78393,9245474.53393165,0
78394,9242024.500734394,0
78395,9238574.726910582,0
78396,9235125.214796921,0
78397,9231675.963899998,0
78398,9228226.976446128,0
78399,9224778.255783426,0
78400,9221329.796104738,0
78401,9217881.603206513,0
78402,9214433.679123333,0
78403,9210986.020311296,0
78404,9207538.631389052,0
78405,9204091.513167394,0
78406,9200644.66210499,0
78407,9197198.084389903,0
78408,9193751.777353268,0
78409,9190305.744987823,0
78410,9186859.98414319,0
78411,9183414.499949306,0
78412,9179969.289859368,0
78413,9176524.354398428,0
78414,9173079.700098617,0
78415,9169635.320539057,0
78416,9166191.219955485,0
78417,9162747.401838886,0
78418,9159303.864210172,0
78419,9155860.604816709,0
78420,9152417.6283921,0
78421,9148974.939338502,0
78422,9145532.532600725,0
78423,9142090.407676067,0
78424,9138648.571701234,0
78425,9135207.02317225,0
78426,9131765.759632798,0
78427,9128324.790760338,0
78428,9124884.105314918,0
78429,9121443.712563537,0
78430,9118003.611401508,0
78431,9114563.801569618,0
78432,9111124.285256453,0
78433,9107685.062833626,0
78434,9104246.135559963,0
78435,9100807.505969316,0
78436,9097369.172504744,0
78437,9093931.135360068,0
78438,9090493.395953177,0
78439,9087055.957362602,0
78440,9083618.820875218,0
78441,9080181.981457788,0
78442,9076745.44579573,0
78443,9073309.216043316,0
78444,9069873.289004607,0
78445,9066437.662971158,0
78446,9063002.349026661,0
78447,9059567.337448014,0
78448,9056132.63480232,0
78449,9052698.242192011,0
78450,9049264.157122703,0
78451,9045830.382761642,0
78452,9042396.922274476,0
78453,9038963.772061294,0
78454,9035530.933557158,0
78455,9032098.411194533,0
78456,9028666.205477515,0
78457,9025234.313966123,0
78458,9021802.736160947,0
78459,9018371.480789322,0
78460,9014940.544025248,0
78461,9011509.926329516,0
78462,9008079.628794901,0
78463,9004649.653080774,0
78464,9001219.9984054,0
78465,8997790.669445246,0
78466,8994361.663449463,0
78467,8990932.983235223,0
78468,8987504.628556255,0
78469,8984076.603901554,0
78470,8980648.903701646,0
78471,8977221.535084426,0
78472,8973794.497951467,0
78473,8970367.789164908,0
78474,8966941.414455062,0
78475,8963515.370099,0
78476,8960089.660825083,0
78477,8956664.288340567,0
78478,8953239.248430941,0
78479,8949814.547532072,0
78480,8946390.1832491,0
78481,8942966.158393761,0
78482,8939542.472577233,0
78483,8936119.128827643,0
78484,8932696.12475901,0
78485,8929273.463655856,0
78486,8925851.147061894,0
78487,8922429.172570823,0
78488,8919007.547902944,0
78489,8915586.264586838,0
78490,8912165.332036493,0
78491,8908744.747232093,0
78492,8905324.51227059,0
78493,8901904.628307024,0
78494,8898485.093689736,0
78495,8895065.909443311,0
78496,8891647.08155245,0
78497,8888228.60680892,0
78498,8884810.487909038,0
78499,8881392.725834196,0
78500,8877975.322149994,0
78501,8874558.273198191,0
78502,8871141.585107869,0
78503,8867725.257398454,0
78504,8864309.289333299,0
78505,8860893.68545512,0
78506,8857478.444169642,0
78507,8854063.568918036,0
78508,8850649.055054942,0
78509,8847234.909582995,0
78510,8843821.128905492,0
78511,8840407.71847881,0
78512,8836994.676422361,0
78513,8833582.002722822,0
78514,8830169.701544968,0
78515,8826757.774530038,0
78516,8823346.221705383,0
78517,8819935.039042512,0
78518,8816524.234370902,0
78519,8813113.80524329,0
78520,8809703.750206247,0
78521,8806294.078735625,0
78522,8802884.781103263,0
78523,8799475.867318623,0
78524,8796067.33297678,0
78525,8792659.183118058,0
78526,8789251.414858215,0
78527,8785844.032294154,0
78528,8782437.034336412,0
78529,8779030.423145346,0
78530,8775624.197961636,0
78531,8772218.362114765,0
78532,8768812.914417416,0
78533,8765407.858760897,0
78534,8762003.194866858,0
78535,8758598.921501692,0
78536,8755195.045667028,0
78537,8751791.560860405,0
78538,8748388.473327266,0
78539,8744985.780482145,0
78540,8741583.488274898,0
78541,8738181.594953403,0
78542,8734780.099821249,0
78543,8731379.006447393,0
78544,8727978.313449498,0
78545,8724578.025086788,0
78546,8721178.140077837,0
78547,8717778.661174553,0
78548,8714379.587257797,0
78549,8710980.920314414,0
78550,8707582.660107408,0
78551,8704184.814136235,0
78552,8700787.373973321,0
78553,8697390.349474398,0
78554,8693993.735261787,0
78555,8690597.531364677,0
78556,8687201.747807926,0
78557,8683806.377349546,0
78558,8680411.423792183,0
78559,8677016.886370359,0
78560,8673622.771182423,0
78561,8670229.07253863,0
78562,8666835.798643785,0
78563,8663442.944682732,0
78564,8660050.513430884,0
78565,8656658.507993301,0
78566,8653266.925805073,0
78567,8649875.77183484,0
78568,8646485.046739994,0
78569,8643094.748509219,0
78570,8639704.877807999,0
78571,8636315.440607883,0
78572,8632926.434882758,0
78573,8629537.862692168,0
78574,8626149.723761175,0
78575,8622762.021619534,0
78576,8619374.75455687,0
78577,8615987.92488127,0
78578,8612601.533750989,0
78579,8609215.578083972,0
78580,8605830.070076201,0
78581,8602445.003793951,0
78582,8599060.3806842,0
78583,8595676.204062916,0
78584,8592292.469232751,0
78585,8588909.179575859,0
78586,8585526.343417736,0
78587,8582143.947086697,0
78588,8578762.006158954,0
78589,8575380.514859779,0
78590,8571999.473665323,0
78591,8568618.888256205,0
78592,8565238.754002519,0
78593,8561859.077484034,0
78594,8558479.855351038,0
78595,8555101.088114332,0
78596,8551722.783236615,0
78597,8548344.93943425,0
78598,8544967.553548243,0
78599,8541590.628568273,0
78600,8538214.168399457,0
78601,8534838.172614394,0
78602,8531462.639605837,0
78603,8528087.579264212,0
78604,8524712.978946267,0
78605,8521338.851604778,0
78606,8517965.194747869,0
78607,8514592.005396288,0
78608,8511219.290551467,0
78609,8507847.047214828,0
78610,8504475.280008085,0
78611,8501103.98760854,0
78612,8497733.174535992,0
78613,8494362.83521045,0
78614,8490992.976810575,0
78615,8487623.59857982,0
78616,8484254.703081414,0
78617,8480886.28906882,0
78618,8477518.35597067,0
78619,8474150.91237362,0
78620,8470783.952966288,0
78621,8467417.481617285,0
78622,8464051.494892921,0
78623,8460686.000427028,0
78624,8457320.998320581,0
78625,8453956.4856212,0
78626,8450592.46811208,0
78627,8447228.943110108,0
78628,8443865.91296669,0
78629,8440503.37988272,0
78630,8437141.34481805,0
78631,8433779.808920326,0
78632,8430418.773119368,0
78633,8427058.239908433,0
78634,8423698.204387184,0
78635,8420338.677640796,0
78636,8416979.65479164,0
78637,8413621.136594865,0
78638,8410263.126801657,0
78639,8406905.625012873,0
78640,8403548.634798331,0
78641,8400192.151987866,0
78642,8396836.18268296,0
78643,8393480.7284577,0
78644,8390125.785901517,0
78645,8386771.360720167,0
78646,8383417.451135454,0
78647,8380064.061302191,0
78648,8376711.190463045,0
78649,8373358.838560993,0
78650,8370007.01080742,0
78651,8366655.705473286,0
78652,8363304.921210917,0
78653,8359954.666203266,0
78654,8356604.939695738,0
78655,8353255.735080625,0
78656,8349907.063650636,0
78657,8346558.920021712,0
78658,8343211.30879704,0
78659,8339864.231909306,0
78660,8336517.68802628,0
78661,8333171.67702875,0
78662,8329826.204390431,0
78663,8326481.269399985,0
78664,8323136.874123318,0
78665,8319793.020565575,0
78666,8316449.705326388,0
78667,8313106.935028057,0
78668,8309764.70528941,0
78669,8306423.022977284,0
78670,8303081.887674148,0
78671,8299741.300130913,0
78672,8296401.260396628,0
78673,8293061.772127646,0
78674,8289722.834185627,0
78675,8286384.449307822,0
78676,8283046.618522689,0
78677,8279709.3431830965,0
78678,8276372.620371487,0
78679,8273036.461326827,0
78680,8269700.8597199,0
78681,8266365.819239683,0
78682,8263031.336026726,0
78683,8259697.41618636,0
78684,8256364.066187756,0
78685,8253031.275321954,0
78686,8249699.055454833,0
78687,8246367.401945251,0
78688,8243036.317187808,0
78689,8239705.80110784,0
78690,8236375.860869922,0
78691,8233046.490755076,0
78692,8229717.698259823,0
78693,8226389.478083921,0
78694,8223061.834983117,0
78695,8219734.774227603,0
78696,8216408.28822526,0
78697,8213082.386470798,0
78698,8209757.064610717,0
78699,8206432.328697534,0
78700,8203108.17591317,0
78701,8199784.6086639585,0
78702,8196461.629047686,0
78703,8193139.238143616,0
78704,8189817.436821019,0
78705,8186496.228205559,0
78706,8183175.612681716,0
78707,8179855.591527123,0
78708,8176536.162791639,0
78709,8173217.332184301,0
78710,8169899.09853366,0
78711,8166581.465588728,0
78712,8163264.429911276,0
78713,8159948.000238519,0
78714,8156632.173800734,0
78715,8153316.950523364,0
78716,8150002.331865609,0
78717,8146688.32094687,0
78718,8143374.920607711,0
78719,8140062.128585381,0
78720,8136749.949561197,0
78721,8133438.381528354,0
78722,8130127.428528189,0
78723,8126817.089541271,0
78724,8123507.366255639,0
78725,8120198.262976128,0
78726,8116889.780112294,0
78727,8113581.913835905,0
78728,8110274.672635132,0
78729,8106968.054104589,0
78730,8103662.06056052,0
78731,8100356.692254114,0
78732,8097051.954535588,0
78733,8093747.841290553,0
78734,8090444.363297086,0
78735,8087141.513930677,0
78736,8083839.296390488,0
78737,8080537.714362375,0
78738,8077236.76754328,0
78739,8073936.45947977,0
78740,8070636.790083464,0
78741,8067337.757802226,0
78742,8064039.37071076,0
78743,8060741.6236842675,0
78744,8057444.520017834,0
78745,8054148.063823934,0
78746,8050852.251850784,0
78747,8047557.090622118,0
78748,8044262.580526449,0
78749,8040968.718109179,0
78750,8037675.508440592,0
78751,8034382.9528626185,0
78752,8031091.052799368,0
78753,8027799.809559861,0
78754,8024509.223573307,0
78755,8021219.299211547,0
78756,8017930.034682697,0
78757,8014641.430745826,0
78758,8011353.492522332,0
78759,8008066.217500166,0
78760,8004779.610870215,0
78761,8001493.67075865,0
78762,7998208.401429199,0
78763,7994923.802636734,0
78764,7991639.87622152,0
78765,7988356.621773238,0
78766,7985074.044732538,0
78767,7981792.1417069575,0
78768,7978510.919360529,0
78769,7975230.377046369,0
78770,7971950.51110865,0
78771,7968671.329086475,0
78772,7965392.833997542,0
78773,7962115.021254851,0
78774,7958837.8959315615,0
78775,7955561.459336804,0
78776,7952285.709486541,0
78777,7949010.652644156,0
78778,7945736.289450949,0
78779,7942462.6194393495,0
78780,7939189.643503978,0
78781,7935917.364899433,0
78782,7932645.785300448,0
78783,7929374.905488368,0
78784,7926104.724323967,0
78785,7922835.2485108,0
78786,7919566.477326801,0
78787,7916298.411682003,0
78788,7913031.053879512,0
78789,7909764.400930585,0
78790,7906498.460727306,0
78791,7903233.230841803,0
78792,7899968.716261683,0
78793,7896704.913165985,0
78794,7893441.828964199,0
78795,7890179.460282412,0
78796,7886917.810417068,0
78797,7883656.8870573165,0
78798,7880396.679035934,0
78799,7877137.196450909,0
78800,7873878.439000249,0
78801,7870620.408512188,0
78802,7867363.104299815,0
78803,7864106.531620073,0
78804,7860850.687942127,0
78805,7857595.57855155,0
78806,7854341.201576486,0
78807,7851087.56332633,0
78808,7847834.65975305,0
78809,7844582.495976946,0
78810,7841331.07295963,0
78811,7838080.390173379,0
78812,7834830.451891928,0
78813,7831581.256042676,0
78814,7828332.809101649,0
78815,7825085.10801689,0
78816,7821838.15780546,0
78817,7818591.957928543,0
78818,7815346.509945559,0
78819,7812101.817286098,0
78820,7808857.880577789,0
78821,7805614.698496731,0
78822,7802372.276822749,0
78823,7799130.617019585,0
78824,7795889.717253547,0
78825,7792649.580055779,0
78826,7789410.209207818,0
78827,7786171.60359081,0
78828,7782933.764878435,0
78829,7779696.699277889,0
78830,7776460.402319742,0
78831,7773224.8768800255,0
78832,7769990.127689726,0
78833,7766756.153132058,0
78834,7763522.957500368,0
78835,7760290.538870751,0
78836,7757058.903276604,0
78837,7753828.0502881035,0
78838,7750597.977880961,0
78839,7747368.693371668,0
78840,7744140.195982896,0
78841,7740912.485427284,0
78842,7737685.567309547,0
78843,7734459.439542738,0
78844,7731234.103262275,0
78845,7728009.563926685,0
78846,7724785.821445654,0
78847,7721562.87593332,0
78848,7718340.73319961,0
78849,7715119.38750215,0
78850,7711898.848169167,0
78851,7708679.10971567,0
78852,7705460.180624096,0
78853,7702242.058345445,0
78854,7699024.745693331,0
78855,7695808.245025858,0
78856,7692592.55723981,0
78857,7689377.68409113,0
78858,7686163.624028075,0
78859,7682950.383606492,0
78860,7679737.9624165725,0
78861,7676526.360798963,0
78862,7673315.583492384,0
78863,7670105.631775028,0
78864,7666896.502074988,0
78865,7663688.203250275,0
78866,7660480.729790063,0
78867,7657274.088529175,0
78868,7654068.282011714,0
78869,7650863.308143913,0
78870,7647659.168048268,0
78871,7644455.867989287,0
78872,7641253.405721058,0
78873,7638051.783310731,0
78874,7634851.004691377,0
78875,7631651.071219842,0
78876,7628451.983747893,0
78877,7625253.742059208,0
78878,7622056.348020735,0
78879,7618859.806340838,0
78880,7615664.117597717,0
78881,7612469.282689344,0
78882,7609275.303796668,0
78883,7606082.181230635,0
78884,7602889.918630893,0
78885,7599698.517265826,0
78886,7596507.979659943,0
78887,7593318.308094344,0
78888,7590129.502286359,0
78889,7586941.560193788,0
78890,7583754.4873633655,0
78891,7580568.286436734,0
78892,7577382.959748898,0
78893,7574198.507872308,0
78894,7571014.933651612,0
78895,7567832.232466118,0
78896,7564650.415076053,0
78897,7561469.47825234,0
78898,7558289.424341735,0
78899,7555110.253618399,0
78900,7551931.973202229,0
78901,7548754.578364116,0
78902,7545578.078366854,0
78903,7542402.46487515,0
78904,7539227.747249822,0
78905,7536053.922425432,0
78906,7532880.99713195,0
78907,7529708.972736461,0
78908,7526537.845425177,0
78909,7523367.620876297,0
78910,7520198.301954939,0
78911,7517029.888590315,0
78912,7513862.381786776,0
78913,7510695.784344264,0
78914,7507530.0986175,0
78915,7504365.324238702,0
78916,7501201.466550756,0
78917,7498038.525286285,0
78918,7494876.501413719,0
78919,7491715.398105918,0
78920,7488555.215767401,0
78921,7485395.955065079,0
78922,7482237.625726484,0
78923,7479080.219567435,0
78924,7475923.742941871,0
78925,7472768.199110496,0
78926,7469613.5838956125,0
78927,7466459.903696485,0
78928,7463307.1622855505,0
78929,7460155.356716385,0
78930,7457004.492522775,0
78931,7453854.567136853,0
78932,7450705.586607181,0
78933,7447557.551745843,0
78934,7444410.462411168,0
78935,7441264.32436649,0
78936,7438119.137687721,0
78937,7434974.899118928,0
78938,7431831.616516001,0
78939,7428689.291480218,0
78940,7425547.924303021,0
78941,7422407.515184136,0
78942,7419268.069458216,0
78943,7416129.586542108,0
78944,7412992.068485685,0
78945,7409855.517720769,0
78946,7406719.93787926,0
78947,7403585.325426128,0
78948,7400451.68627234,0
78949,7397319.024165572,0
78950,7394187.336089441,0
78951,7391056.627209367,0
78952,7387926.899251823,0
78953,7384798.152656615,0
78954,7381670.387096194,0
78955,7378543.612600579,0
78956,7375417.821022372,0
78957,7372293.020707906,0
78958,7369169.210771968,0
78959,7366046.396762306,0
78960,7362924.573927784,0
78961,7359803.752207231,0
78962,7356683.928512835,0
78963,7353565.10250324,0
78964,7350447.2825130075,0
78965,7347330.464678924,0
78966,7344214.652821531,0
78967,7341099.85230205,0
78968,7337986.060220916,0
78969,7334873.281688314,0
78970,7331761.514884574,0
78971,7328650.76618494,0
78972,7325541.032964427,0
78973,7322432.322596619,0
78974,7319324.632070236,0
78975,7316217.9654526105,0
78976,7313112.3247238975,0
78977,7310007.711019523,0
78978,7306904.127509075,0
78979,7303801.57459517,0
78980,7300700.054548032,0
78981,7297599.570196845,0
78982,7294500.12415354,0
78983,7291401.7166121695,0
78984,7288304.3472785065,0
78985,7285208.026677725,0
78986,7282112.7502091965,0
78987,7279018.516970677,0
78988,7275925.333267285,0
78989,7272833.200624288,0
78990,7269742.120547466,0
78991,7266652.098709817,0
78992,7263563.130559736,0
78993,7260475.219920006,0
78994,7257388.373819455,0
78995,7254302.588053026,0
78996,7251217.86553391,0
78997,7248134.211520551,0
78998,7245051.62626887,0
78999,7241970.111364036,0
79000,7238889.667083715,0
79001,7235810.300679287,0
79002,7232732.008667056,0
79003,7229654.79677289,0
79004,7226578.664037909,0
79005,7223503.613508049,0
79006,7220429.649109147,0
79007,7217356.768000711,0
79008,7214284.979040353,0
79009,7211214.278946579,0
79010,7208144.672485706,0
79011,7205076.160231456,0
79012,7202008.743952403,0
79013,7198942.429267165,0
79014,7195877.2128749285,0
79015,7192813.098067629,0
79016,7189750.087683787,0
79017,7186688.187627991,0
79018,7183627.395066886,0
79019,7180567.714344542,0
79020,7177509.143229485,0
79021,7174451.690558288,0
79022,7171395.351891965,0
79023,7168340.13486523,0
79024,7165286.038141953,0
79025,7162233.064146678,0
79026,7159181.214101888,0
79027,7156130.493506746,0
79028,7153080.902655825,0
79029,7150032.440143017,0
79030,7146985.115695241,0
79031,7143938.922478417,0
79032,7140893.868805273,0
79033,7137849.95585139,0
79034,7134807.1837702,0
79035,7131765.55663845,0
79036,7128725.074744267,0
79037,7125685.740678517,0
79038,7122647.555961525,0
79039,7119610.526792254,0
79040,7116574.648689381,0
79041,7113539.929102415,0
79042,7110506.364036724,0
79043,7107473.9657438295,0
79044,7104442.726345474,0
79045,7101412.654333156,0
79046,7098383.749078541,0
79047,7095356.009025401,0
79048,7092329.445258615,0
79049,7089304.051439663,0
79050,7086279.833364968,0
79051,7083256.79705256,0
79052,7080234.938659311,0
79053,7077214.261627882,0
79054,7074194.766596596,0
79055,7071176.457876038,0
79056,7068159.340528292,0
79057,7065143.412581068,0
79058,7062128.678431827,0
79059,7059115.136801467,0
79060,7056102.791242664,0
79061,7053091.649603529,0
79062,7050081.706024556,0
79063,7047072.967327045,0
79064,7044065.432801527,0
79065,7041059.107203036,0
79066,7038053.990495209,0
79067,7035050.086913181,0
79068,7032047.396220201,0
79069,7029045.924554051,0
79070,7026045.669805042,0
79071,7023046.63719127,0
79072,7020048.825342993,0
79073,7017052.243056024,0
79074,7014056.884541796,0
79075,7011062.75742876,0
79076,7008069.860891657,0
79077,7005078.199856794,0
79078,7002087.771699746,0
79079,6999098.58706551,0
79080,6996110.640360293,0
79081,6993123.937743322,0
79082,6990138.481254875,0
79083,6987154.268200285,0
79084,6984171.309736923,0
79085,6981189.600527172,0
79086,6978209.146518901,0
79087,6975229.944676932,0
79088,6972252.007430315,0
79089,6969275.328003359,0
79090,6966299.911671284,0
79091,6963325.762453733,0
79092,6960352.875748401,0
79093,6957381.264643372,0
79094,6954410.92427345,0
79095,6951441.854688775,0
79096,6948474.066564136,0
79097,6945507.554808055,0
79098,6942542.321991165,0
79099,6939578.378252826,0
79100,6936615.714969441,0
79101,6933654.344092273,0
79102,6930694.259967636,0
79103,6927735.469083134,0
79104,6924777.973981761,0
79105,6921821.775133662,0
79106,6918866.872926987,0
79107,6915913.2754989285,0
79108,6912960.983347168,0
79109,6910009.994972564,0
79110,6907060.318835995,0
79111,6904111.948194892,0
79112,6901164.894476701,0
79113,6898219.155668769,0
79114,6895274.736048816,0
79115,6892331.633409287,0
79116,6889389.852712139,0
79117,6886449.39979406,0
79118,6883510.272973923,0
79119,6880572.475344687,0
79120,6877636.007963695,0
79121,6874700.879308645,0
79122,6871767.080835939,0
79123,6868834.626316861,0
79124,6865903.509469879,0
79125,6862973.738945854,0
79126,6860045.312401276,0
79127,6857118.233530748,0
79128,6854192.505145878,0
79129,6851268.13420608,0
79130,6848345.113736683,0
79131,6845423.453053437,0
79132,6842503.153345072,0
79133,6839584.213184451,0
79134,6836666.635439278,0
79135,6833750.430029148,0
79136,6830835.591850688,0
79137,6827922.1272028275,0
79138,6825010.036404603,0
79139,6822099.324554689,0
79140,6819189.987410015,0
79141,6816282.0326399375,0
79142,6813375.462483761,0
79143,6810470.2785508605,0
79144,6807566.481044937,0
79145,6804664.077204117,0
79146,6801763.068392104,0
79147,6798863.453187239,0
79148,6795965.237070668,0
79149,6793068.422721664,0
79150,6790173.007958739,0
79151,6787279.00142923,0
79152,6784386.403238008,0
79153,6781495.212959277,0
79154,6778605.43777303,0
79155,6775717.080547997,0
79156,6772830.136626304,0
79157,6769944.61440854,0
79158,6767060.5158098,0
79159,6764177.839712255,0
79160,6761296.5944864,0
79161,6758416.777686464,0
79162,6755538.39461381,0
79163,6752661.443102976,0
79164,6749785.932828132,0
79165,6746911.86150387,0
79166,6744039.23220714,0
79167,6741168.049340192,0
79168,6738298.310446489,0
79169,6735430.027085601,0
79170,6732563.189849803,0
79171,6729697.808514758,0
79172,6726833.8868015325,0
79173,6723971.423911544,0
79174,6721110.422152773,0
79175,6718250.887684125,0
79176,6715392.816921252,0
79177,6712536.219650396,0
79178,6709681.092439232,0
79179,6706827.441139779,0
79180,6703975.266727978,0
79181,6701124.5720283585,0
79182,6698275.361882813,0
79183,6695427.632127672,0
79184,6692581.392169022,0
79185,6689736.643087384,0
79186,6686893.387202582,0
79187,6684051.623705268,0
79188,6681211.35894897,0
79189,6678372.593947842,0
79190,6675535.332177341,0
79191,6672699.577121207,0
79192,6669865.3271582825,0
79193,6667032.588981932,0
79194,6664201.3624334745,0
79195,6661371.653772982,0
79196,6658543.462110069,0
79197,6655716.788445411,0
79198,6652891.640124229,0
79199,6650068.017578296,0
79200,6647245.925175476,0
79201,6644425.359798401,0
79202,6641606.330521701,0
79203,6638788.836062291,0
79204,6635972.883584752,0
79205,6633158.467466728,0
79206,6630345.599623019,0
79207,6627534.274350781,0
79208,6624724.49936049,0
79209,6621916.277795037,0
79210,6619109.608373838,0
79211,6616304.498127513,0
79212,6613500.944308026,0
79213,6610698.954001371,0
79214,6607898.528669244,0
79215,6605099.672407807,0
79216,6602302.38345204,0
79217,6599506.667127093,0
79218,6596712.526353929,0
79219,6593919.965824209,0
79220,6591128.983037594,0
79221,6588339.583753088,0
79222,6585551.773984527,0
79223,6582765.5475171115,0
79224,6579980.913948169,0
79225,6577197.876371155,0
79226,6574416.43342926,0
79227,6571636.589185125,0
79228,6568858.348381211,0
79229,6566081.710412095,0
79230,6563306.6825686535,0
79231,6560533.259626248,0
79232,6557761.450462597,0
79233,6554991.259098853,0
79234,6552222.684076439,0
79235,6549455.728771455,0
79236,6546690.396064539,0
79237,6543926.693797752,0
79238,6541164.6141099455,0
79239,6538404.170674824,0
79240,6535645.35944287,0
79241,6532888.183024693,0
79242,6530132.648753328,0
79243,6527378.75550649,0
79244,6524626.504974224,0
79245,6521875.906583989,0
79246,6519126.954789472,0
79247,6516379.65464787,0
79248,6513634.015095194,0
79249,6510890.030885723,0
79250,6508147.709634703,0
79251,6505407.050226101,0
79252,6502668.058582863,0
79253,6499930.7359474655,0
79254,6497195.08713661,0
79255,6494461.112271575,0
79256,6491728.814251609,0
79257,6488998.196882037,0
79258,6486269.263371488,0
79259,6483542.016369123,0
79260,6480816.455012759,0
79261,6478092.586927774,0
79262,6475370.4135167645,0
79263,6472649.936547184,0
79264,6469931.16043385,0
79265,6467214.088422879,0
79266,6464498.716772059,0
79267,6461785.05755232,0
79268,6459073.108733457,0
79269,6456362.872066001,0
79270,6453654.353433323,0
79271,6450947.551805384,0
79272,6448242.473837106,0
79273,6445539.120808967,0
79274,6442837.496353237,0
79275,6440137.60367465,0
79276,6437439.439438695,0
79277,6434743.013886005,0
79278,6432048.326830165,0
79279,6429355.385022304,0
79280,6426664.183028143,0
79281,6423974.730403589,0
79282,6421287.028724144,0
79283,6418601.081810979,0
79284,6415916.886461695,0
79285,6413234.452854349,0
79286,6410553.777886686,0
79287,6407874.873420992,0
79288,6405197.7315577725,0
79289,6402522.362378817,0
79290,6399848.764799913,0
79291,6397176.942960537,0
79292,6394506.899787218,0
79293,6391838.639401667,0
79294,6389172.161634128,0
79295,6386507.474243168,0
79296,6383844.575898103,0
79297,6381183.46991447,0
79298,6378524.160398884,0
79299,6375866.64921402,0
79300,6373210.940931565,0
79301,6370557.035972415,0
79302,6367904.940099875,0
79303,6365254.6567817535,0
79304,6362606.182272497,0
79305,6359959.52643387,0
79306,6357314.6888906555,0
79307,6354671.6740634935,0
79308,6352030.48423751,0
79309,6349391.12190655,0
79310,6346753.591642265,0
79311,6344117.893012631,0
79312,6341484.031626395,0
79313,6338852.0123164235,0
79314,6336221.834806739,0
79315,6333593.50009967,0
79316,6330967.017021328,0
79317,6328342.383764166,0
79318,6325719.605815233,0
79319,6323098.684535653,0
79320,6320479.621870626,0
79321,6317862.422941762,0
79322,6315247.0893227495,0
79323,6312633.628856784,0
79324,6310022.037976145,0
79325,6307412.320538302,0
79326,6304804.483051139,0
79327,6302198.524497041,0
79328,6299594.451643121,0
79329,6296992.264505392,0
79330,6294391.969527696,0
79331,6291793.565117291,0
79332,6289197.058835272,0
79333,6286602.448686208,0
79334,6284009.741457339,0
79335,6281418.938548015,0
79336,6278830.045323851,0
79337,6276243.061177653,0
79338,6273657.989310274,0
79339,6271074.836316648,0
79340,6268493.603756417,0
79341,6265914.29028662,0
79342,6263336.906696338,0
79343,6260761.449803107,0
79344,6258187.927230682,0
79345,6255616.336761919,0
79346,6253046.682859952,0
79347,6250478.973469666,0
79348,6247913.208528701,0
79349,6245349.388242401,0
79350,6242787.516555744,0
79351,6240227.599929296,0
79352,6237669.640400414,0
79353,6235113.638831994,0
79354,6232559.599391816,0
79355,6230007.525256714,0
79356,6227457.419386777,0
79357,6224909.287905029,0
79358,6222363.125378659,0
79359,6219818.942662914,0
79360,6217276.7419537315,0
79361,6214736.523088905,0
79362,6212198.2906991,0
79363,6209662.049562991,0
79364,6207127.800784462,0
79365,6204595.548225262,0
79366,6202065.294060094,0
79367,6199537.040770712,0
79368,6197010.795609611,0
79369,6194486.5573744625,0
79370,6191964.32824873,0
79371,6189444.115847749,0
79372,6186925.921306122,0
79373,6184409.747218299,0
79374,6181895.596538594,0
79375,6179383.472393831,0
79376,6176873.377144832,0
79377,6174365.318826095,0
79378,6171859.292274654,0
79379,6169355.309402885,0
79380,6166853.366461811,0
79381,6164353.467003506,0
79382,6161855.6200006725,0
79383,6159359.824379337,0
79384,6156866.081949215,0
79385,6154374.396112782,0
79386,6151884.775469869,0
79387,6149397.218426203,0
79388,6146911.728890809,0
79389,6144428.307371104,0
79390,6141946.959966256,0
79391,6139467.694927895,0
79392,6136990.503861158,0
79393,6134515.399966387,0
79394,6132042.379257074,0
79395,6129571.450676607,0
79396,6127102.612837182,0
79397,6124635.872205444,0
79398,6122171.233154291,0
79399,6119708.693056021,0
79400,6117248.2583351685,0
79401,6114789.934198921,0
79402,6112333.719324605,0
79403,6109879.62176347,0
79404,6107427.641832471,0
79405,6104977.782339042,0
79406,6102530.048166983,0
79407,6100084.440913747,0
79408,6097640.966565732,0
79409,6095199.6282777265,0
79410,6092760.420978304,0
79411,6090323.359620928,0
79412,6087888.440511624,0
79413,6085455.667827052,0
79414,6083025.046897077,0
79415,6080596.577137755,0
79416,6078170.266419619,0
79417,6075746.113953196,0
79418,6073324.123097363,0
79419,6070904.302994065,0
79420,6068486.64846491,0
79421,6066071.166729841,0
79422,6063657.864764889,0
79423,6061246.739046358,0
79424,6058837.798508328,0
79425,6056431.04126986,0
79426,6054026.471559295,0
79427,6051624.097937509,0
79428,6049223.916308448,0
79429,6046825.934104332,0
79430,6044430.155899038,0
79431,6042036.581189001,0
79432,6039645.217020526,0
79433,6037256.06525426,0
79434,6034869.124729645,0
79435,6032484.404744133,0
79436,6030101.904485073,0
79437,6027721.630998796,0
79438,6025343.586254837,0
79439,6022967.771207427,0
79440,6020594.19079677,0
79441,6018222.850718098,0
79442,6015853.749293733,0
79443,6013486.8951725485,0
79444,6011122.285555961,0
79445,6008759.926646982,0
79446,6006399.825181429,0
79447,6004041.978840852,0
79448,6001686.398021747,0
79449,5999333.075293189,0
79450,5996982.025257693,0
79451,5994633.243860436,0
79452,5992286.7351949345,0
79453,5989942.506695503,0
79454,5987600.557943079,0
79455,5985260.893984965,0
79456,5982923.516255716,0
79457,5980588.429117587,0
79458,5978255.638155062,0
79459,5975925.143392292,0
79460,5973596.947881838,0
79461,5971271.056571383,0
79462,5968947.476941439,0
79463,5966626.204938155,0
79464,5964307.247288085,0
79465,5961990.607880338,0
79466,5959676.287895058,0
79467,5957364.292864167,0
79468,5955054.6243433,0
79469,5952747.286477111,0
79470,5950442.282007797,0
79471,5948139.619164369,0
79472,5945839.292633108,0
79473,5943541.311644508,0
79474,5941245.679839917,0
79475,5938952.3952230755,0
79476,5936661.468439859,0
79477,5934372.898296961,0
79478,5932086.6890079575,0
79479,5929802.846699817,0
79480,5927521.367509763,0
79481,5925242.26088046,0
79482,5922965.529871596,0
79483,5920691.177022737,0
79484,5918419.20173801,0
79485,5916149.6158394795,0
79486,5913882.415340025,0
79487,5911617.607501115,0
79488,5909355.192280475,0
79489,5907095.177585019,0
79490,5904837.563500048,0
79491,5902582.353162694,0
79492,5900329.555412482,0
79493,5898079.164791658,0
79494,5895831.191237799,0
79495,5893585.634412731,0
79496,5891342.501343318,0
79497,5889101.79160349,0
79498,5886863.5125618335,0
79499,5884627.664826664,0
79500,5882394.2540814,0
79501,5880163.282497642,0
79502,5877934.751059046,0
79503,5875708.667105793,0
79504,5873485.030416072,0
79505,5871263.846978775,0
79506,5869045.118600179,0
79507,5866828.852259715,0
79508,5864615.046749179,0
79509,5862403.7096408745,0
79510,5860194.8387607355,0
79511,5857988.4444774985,0
79512,5855784.525653873,0
79513,5853583.088491381,0
79514,5851384.130201793,0
79515,5849187.663800628,0
79516,5846993.68518851,0
79517,5844802.19960618,0
79518,5842613.212973728,0
79519,5840426.725664134,0
79520,5838242.743370555,0
79521,5836061.269088895,0
79522,5833882.306846045,0
79523,5831705.855665805,0
79524,5829531.923234945,0
79525,5827360.514034819,0
79526,5825191.62560625,0
79527,5823025.269285311,0
79528,5820861.444124844,0
79529,5818700.152550187,0
79530,5816541.401202408,0
79531,5814385.190327542,0
79532,5812231.52649347,0
79533,5810080.412329368,0
79534,5807931.848915622,0
79535,5805785.84350643,0
79536,5803642.395999502,0
79537,5801501.511622428,0
79538,5799363.192654095,0
79539,5797227.445967243,0
79540,5795094.270420157,0
79541,5792963.671963014,0
79542,5790835.654052652,0
79543,5788710.219435256,0
79544,5786587.374006291,0
79545,5784467.117578349,0
79546,5782349.454007386,0
79547,5780234.3901454285,0
79548,5778121.926349256,0
79549,5776012.070621535,0
79550,5773904.817444079,0
79551,5771800.180060849,0
79552,5769698.157825013,0
79553,5767598.750349022,0
79554,5765501.96527614,0
79555,5763407.811108558,0
79556,5761316.280757058,0
79557,5759227.384839582,0
79558,5757141.1276491955,0
79559,5755057.504496622,0
79560,5752976.530246728,0
79561,5750898.198189414,0
79562,5748822.516251454,0
79563,5746749.4922736995,0
79564,5744679.11952235,0
79565,5742611.412717635,0
79566,5740546.366230906,0
79567,5738483.990259718,0
79568,5736424.2851371225,0
79569,5734367.253355147,0
79570,5732312.899784387,0
79571,5730261.228893212,0
79572,5728212.2413684325,0
79573,5726165.943327857,0
79574,5724122.338211579,0
79575,5722081.427369258,0
79576,5720043.218237676,0
79577,5718007.709546991,0
79578,5715974.908569794,0
79579,5713944.815850354,0
79580,5711917.4380167015,0
79581,5709892.776510703,0
79582,5707870.8325142255,0
79583,5705851.6156436205,0
79584,5703835.126524432,0
79585,5701821.367861087,0
79586,5699810.344633996,0
79587,5697802.0571620185,0
79588,5695796.512090669,0
79589,5693793.713005796,0
79590,5691793.661302607,0
79591,5689796.359475093,0
79592,5687801.81789801,0
79593,5685810.032105872,0
79594,5683821.009507318,0
79595,5681834.753967697,0
79596,5679851.26762349,0
79597,5677870.555659983,0
79598,5675892.619520999,0
79599,5673917.465274219,0
79600,5671945.09428918,0
79601,5669975.507687452,0
79602,5668008.713487378,0
79603,5666044.716631437,0
79604,5664083.51611225,0
79605,5662125.116321036,0
79606,5660169.520272596,0
79607,5658216.735528164,0
79608,5656266.763153265,0
79609,5654319.604790708,0
79610,5652375.266063693,0
79611,5650433.753653845,0
79612,5648495.061290575,0
79613,5646559.20415065,0
79614,5644626.177423655,0
79615,5642695.988639822,0
79616,5640768.640684493,0
79617,5638844.134408354,0
79618,5636922.477924904,0
79619,5635003.672943225,0
79620,5633087.719527399,0
79621,5631174.630134364,0
79622,5629264.397452884,0
79623,5627357.030533559,0
79624,5625452.535536606,0
79625,5623550.9098729305,0
79626,5621652.160312142,0
79627,5619756.292688094,0
79628,5617863.303124631,0
79629,5615973.206119381,0
79630,5614085.997344449,0
79631,5612201.679162963,0
79632,5610320.259846104,0
79633,5608441.743395947,0
79634,5606566.128396488,0
79635,5604693.425220033,0
79636,5602823.62768129,0
79637,5600956.748139566,0
79638,5599092.787403469,0
79639,5597231.745579381,0
79640,5595373.633482645,0
79641,5593518.44961907,0
79642,5591666.196088198,0
79643,5589816.878825492,0
79644,5587970.503018893,0
79645,5586127.068234417,0
79646,5584286.583311546,0
79647,5582449.048463238,0
79648,5580614.464316865,0
79649,5578782.840605585,0
79650,5576954.174305756,0
79651,5575128.478004521,0
79652,5573305.745587463,0
79653,5571485.983827171,0
79654,5569669.197929275,0
79655,5567855.3922843505,0
79656,5566044.56875855,0
79657,5564236.730926958,0
79658,5562431.878311095,0
79659,5560630.024958621,0
79660,5558831.163627831,0
79661,5557035.301645628,0
79662,5555242.443051849,0
79663,5553452.5954170795,0
79664,5551665.7555973055,0
79665,5549881.928809681,0
79666,5548101.121868534,0
79667,5546323.335532904,0
79668,5544548.570183842,0
79669,5542776.8349916395,0
79670,5541008.134208915,0
79671,5539242.464151331,0
79672,5537479.835564018,0
79673,5535720.247008618,0
79674,5533963.707170769,0
79675,5532210.212428049,0
79676,5530459.7742104335,0
79677,5528712.391027093,0
79678,5526968.067008791,0
79679,5525226.8063300485,0
79680,5523488.615368721,0
79681,5521753.491346833,0
79682,5520021.440505446,0
79683,5518292.467706212,0
79684,5516566.580190322,0
79685,5514843.771324172,0
79686,5513124.0537805,0
79687,5511407.426721191,0
79688,5509693.894779085,0
79689,5507983.459131872,0
79690,5506276.128770033,0
79691,5504571.902881786,0
79692,5502870.785606216,0
79693,5501172.781631628,0
79694,5499477.892331558,0
79695,5497786.123358938,0
79696,5496097.47606064,0
79697,5494411.958610607,0
79698,5492729.566855403,0
79699,5491050.31120954,0
79700,5489374.191720213,0
79701,5487701.213267222,0
79702,5486031.3792045275,0
79703,5484364.689820064,0
79704,5482701.155102658,0
79705,5481040.773077947,0
79706,5479383.548512592,0
79707,5477729.485984711,0
79708,5476078.586925189,0
79709,5474430.858450451,0
79710,5472786.299459403,0
79711,5471144.918983296,0
79712,5469506.71597266,0
79713,5467871.693682988,0
79714,5466239.860200349,0
79715,5464611.215173567,0
79716,5462985.760963402,0
79717,5461363.50370916,0
79718,5459744.445808095,0
79719,5458128.5924412375,0
79720,5456515.943370239,0
79721,5454906.5043337,0
79722,5453300.284185741,0
79723,5451697.276387023,0
79724,5450097.487562319,0
79725,5448500.924319674,0
79726,5446907.590297093,0
79727,5445317.485450648,0
79728,5443730.615616239,0
79729,5442146.981542981,0
79730,5440566.591218516,0
79731,5438989.4425818315,0
79732,5437415.544735079,0
79733,5435844.895490268,0
79734,5434277.50181821,0
79735,5432713.367612815,0
79736,5431152.495671058,0
79737,5429594.887553509,0
79738,5428040.548014546,0
79739,5426489.479683918,0
79740,5424941.688858477,0
79741,5423397.175300614,0
79742,5421855.944570977,0
79743,5420318.001217114,0
79744,5418783.343515421,0
79745,5417251.9800161645,0
79746,5415723.913615836,0
79747,5414199.144157588,0
79748,5412677.679003529,0
79749,5411159.522078855,0
79750,5409644.670090423,0
79751,5408133.1339413645,0
79752,5406624.915084059,0
79753,5405120.011756384,0
79754,5403618.434141298,0
79755,5402120.182444392,0
79756,5400625.260158744,0
79757,5399133.672177828,0
79758,5397645.4200325925,0
79759,5396160.507424384,0
79760,5394678.940627333,0
79761,5393200.716146189,0
79762,5391725.846191728,0
79763,5390254.327562138,0
79764,5388786.165250323,0
79765,5387321.365498161,0
79766,5385859.9259391315,0
79767,5384401.8554853555,0
79768,5382947.155747092,0
79769,5381495.825758063,0
79770,5380047.878303676,0
79771,5378603.306949361,0
79772,5377162.119987803,0
79773,5375724.319111954,0
79774,5374289.910987903,0
79775,5372858.894865668,0
79776,5371431.276190097,0
79777,5370007.056155024,0
79778,5368586.240124267,0
79779,5367168.832694801,0
79780,5365754.833200577,0
79781,5364344.24910109,0
79782,5362937.079107805,0
79783,5361533.332498235,0
79784,5360133.008078158,0
79785,5358736.107916409,0
79786,5357342.640826309,0
79787,5355952.604810619,0
79788,5354566.005440156,0
79789,5353182.8458819,0
79790,5351803.129162787,0
79791,5350426.8610076215,0
79792,5349054.040467305,0
79793,5347684.670910239,0
79794,5346318.760637758,0
79795,5344956.307615496,0
79796,5343597.319403616,0
79797,5342241.796018357,0
79798,5340889.739133547,0
79799,5339541.158369925,0
79800,5338196.0522007095,0
79801,5336854.423990927,0
79802,5335516.279836968,0
79803,5334181.615890995,0
79804,5332850.446708788,0
79805,5331522.764057191,0
79806,5330198.577296391,0
79807,5328877.892381072,0
79808,5327560.705885164,0
79809,5326247.024583712,0
79810,5324936.851223158,0
79811,5323630.188384936,0
79812,5322327.038551631,0
79813,5321027.408440807,0
79814,5319731.29464011,0
79815,5318438.709248704,0
79816,5317149.649991068,0
79817,5315864.118667008,0
79818,5314582.121116743,0
79819,5313303.659734572,0
79820,5312028.738920042,0
79821,5310757.3594207615,0
79822,5309489.527238425,0
79823,5308225.241926949,0
79824,5306964.511869957,0
79825,5305707.3339865785,0
79826,5304453.7166747255,0
79827,5303203.657348188,0
79828,5301957.166407196,0
79829,5300714.239052711,0
79830,5299474.886975163,0
79831,5298239.105979167,0
79832,5297006.903064536,0
79833,5295778.280631484,0
79834,5294553.240801118,0
79835,5293331.787338954,0
79836,5292113.9226651415,0
79837,5290899.651116658,0
79838,5289688.9741369365,0
79839,5288481.896089756,0
79840,5287278.420931009,0
79841,5286078.547363762,0
79842,5284882.2864413345,0
79843,5283689.634223155,0
79844,5282500.595166397,0
79845,5281315.172029715,0
79846,5280133.36862634,0
79847,5278955.192322387,0
79848,5277780.637861738,0
79849,5276609.71335535,0
79850,5275442.423605557,0
79851,5274278.764347296,0
79852,5273118.746611125,0
79853,5271962.370673066,0
79854,5270809.634367674,0
79855,5269660.547122712,0
79856,5268515.111845943,0
79857,5267373.32779021,0
79858,5266235.197876562,0
79859,5265100.730570197,0
79860,5263969.924553631,0
79861,5262842.7824633885,0
79862,5261719.306271507,0
79863,5260599.503221755,0
79864,5259483.3731270265,0
79865,5258370.920051027,0
79866,5257262.144937324,0
79867,5256157.054758907,0
79868,5255055.646536844,0
79869,5253957.930128779,0
79870,5252863.9016135875,0
79871,5251773.568177926,0
79872,5250686.934912804,0
79873,5249604.001457152,0
79874,5248524.76577548,0
79875,5247449.237828424,0
79876,5246377.420363003,0
79877,5245309.311126165,0
79878,5244244.9164822055,0
79879,5243184.242946312,0
79880,5242127.287243235,0
79881,5241074.052272843,0
79882,5240024.544518508,0
79883,5238978.764095845,0
79884,5237936.716301717,0
79885,5236898.402525216,0
79886,5235863.825077391,0
79887,5234832.987494719,0
79888,5233805.889241336,0
79889,5232782.542760627,0
79890,5231762.939559607,0
79891,5230747.090513445,0
79892,5229734.993880099,0
79893,5228726.652570689,0
79894,5227722.069215875,0
79895,5226721.249804932,0
79896,5225724.195519287,0
79897,5224730.908801585,0
79898,5223741.39145731,0
79899,5222755.646221216,0
79900,5221773.675901662,0
79901,5220795.487370524,0
79902,5219821.076538332,0
79903,5218850.450275641,0
79904,5217883.610735773,0
79905,5216920.559381552,0
79906,5215961.303501392,0
79907,5215005.8382701585,0
79908,5214054.170864406,0
79909,5213106.305157979,0
79910,5212162.2408236265,0
79911,5211221.978932682,0
79912,5210285.5306334365,0
79913,5209352.890148554,0
79914,5208424.0599321695,0
79915,5207499.047655824,0
79916,5206577.855697485,0
79917,5205660.479011081,0
79918,5204746.929898616,0
79919,5203837.207431776,0
79920,5202931.313132523,0
79921,5202029.248444804,0
79922,5201131.017878923,0
79923,5200236.626699671,0
79924,5199346.071118466,0
79925,5198459.358393022,0
79926,5197576.490685898,0
79927,5196697.469266301,0
79928,5195822.295178812,0
79929,5194950.974296582,0
79930,5194083.507964128,0
79931,5193219.896523423,0
79932,5192360.145271157,0
79933,5191504.256257163,0
79934,5190652.230735951,0
79935,5189804.07230925,0
79936,5188959.786544029,0
79937,5188119.366008013,0
79938,5187282.823868775,0
79939,5186450.156774816,0
79940,5185621.370187377,0
79941,5184796.462986827,0
79942,5183975.441874799,0
79943,5183158.304284524,0
79944,5182345.057310654,0
79945,5181535.70160171,0
79946,5180730.238370783,0
79947,5179928.671948148,0
79948,5179131.003269353,0
79949,5178337.233829565,0
79950,5177547.371330009,0
79951,5176761.412489951,0
79952,5175979.359712566,0
79953,5175201.218295977,0
79954,5174426.989922665,0
79955,5173656.677504024,0
79956,5172890.278327681,0
79957,5172127.801729885,0
79958,5171369.24517731,0
79959,5170614.614244596,0
79960,5169863.907008843,0
79961,5169117.133345156,0
79962,5168374.286085466,0
