epoch,phase
53491,49201471.85856189
53492,49200273.44788588
53493,49199074.87654031
53494,49197876.14732793
53495,49196677.25685136
53496,49195478.20623802
53497,49194278.99477947
53498,49193079.6231524
53499,49191880.092569344
53500,49190680.40192156
53501,49189480.55622529
53502,49188280.54697762
53503,49187080.3786894
53504,49185880.050331935
53505,49184679.565167986
53506,49183478.919697545
53507,49182278.11914032
53508,49181077.15579012
53509,49179876.03262238
53510,49178674.75575247
53511,49177473.31509668
53512,49176271.71947917
53513,49175069.96449948
53514,49173868.05087606
53515,49172665.97939034
53516,49171463.75044952
53517,49170261.36295352
53518,49169058.81849369
53519,49167856.11583485
53520,49166653.25471091
53521,49165450.23851031
53522,49164247.06132807
53523,49163043.729990706
53524,49161840.2394731
53525,49160636.5920293
53526,49159432.78867777
53527,49158228.82741959
53528,49157024.71102998
53529,49155820.43583031
53530,49154616.006207764
53531,49153411.41625812
53532,49152206.670938216
53533,49151001.77310716
53534,49149796.71776141
53535,49148591.5037002
53536,49147386.133385144
53537,49146180.60846156
53538,49144974.93080522
53539,49143769.09193015
53540,49142563.09915727
53541,49141356.95365497
53542,49140150.64913663
53543,49138944.18870003
53544,49137737.57897523
53545,49136530.808460385
53546,49135323.88226387
53547,49134116.80608406
53548,49132909.569663554
53549,49131702.18083409
53550,49130494.63758602
53551,49129286.94235499
53552,49128079.08989797
53553,49126871.080338255
53554,49125662.92131928
53555,49124454.601845175
53556,49123246.13545304
53557,49122037.512295455
53558,49120828.73491281
53559,49119619.802138336
53560,49118410.7175598
53561,49117201.47758334
53562,49115992.08610402
53563,49114782.540262006
53564,49113572.841217995
53565,49112362.99035123
53566,49111152.984069
53567,49109942.827142544
53568,49108732.51434776
53569,49107522.05209379
53570,49106311.4341819
53571,49105100.66326688
53572,49103889.74137125
53573,49102678.66574084
53574,49101467.43976366
53575,49100256.05937921
53576,49099044.530283265
53577,49097832.845130615
53578,49096621.010378495
53579,49095409.02041476
53580,49094196.88332391
53581,49092984.5924334
53582,49091772.15135623
53583,49090559.557101496
53584,49089346.81235169
53585,49088133.9152383
53586,49086920.86829364
53587,49085707.66865195
53588,49084494.3170259
53589,49083280.8175779
53590,49082067.16608952
53591,49080853.36061444
53592,49079639.41000282
53593,49078425.30968649
53594,49077211.05357846
53595,49075996.649636015
53596,49074782.093228646
53597,49073567.38959989
53598,49072352.53694333
53599,49071137.53157508
53600,49069922.376677886
53601,49068707.07509448
53602,49067491.619466834
53603,49066276.01569572
53604,49065060.2644208
53605,49063844.36160127
53606,49062628.31038526
53607,49061412.110772304
53608,49060195.76076558
53609,49058979.261359006
53610,49057762.61633948
53611,49056545.820637286
53612,49055328.874843866
53613,49054111.78246759
53614,49052894.539758526
53615,49051677.148121744
53616,49050459.612553835
53617,49049241.92500265
53618,49048024.090613075
53619,49046806.107729055
53620,49045587.97713737
53621,49044369.69915203
53622,49043151.27316692
53623,49041932.70066676
53624,49040713.97873798
53625,49039495.1109692
53626,49038276.095486
53627,49037056.92934449
53628,49035837.62209728
53629,49034618.164323464
53630,49033398.56009074
53631,49032178.80970329
53632,49030958.91083689
53633,49029738.867465995
53634,49028518.67503836
53635,49027298.33748497
53636,49026077.855894916
53637,49024857.22552251
53638,49023636.44967752
53639,49022415.52692814
53640,49021194.46021642
53641,49019973.24564962
53642,49018751.88652855
53643,49017530.38093321
53644,49016308.72990546
53645,49015086.93432808
53646,49013864.99418542
53647,49012642.90572598
53648,49011420.67410293
53649,49010198.29692379
53650,49008975.774536975
53651,49007753.10951157
53652,49006530.295249134
53653,49005307.34017129
53654,49004084.23847359
53655,49002860.99445648
53656,49001637.604204215
53657,49000414.07113974
53658,48999190.39238241
53659,48997966.56932025
53660,48996742.60357137
53661,48995518.4933459
53662,48994294.23747268
53663,48993069.84132243
53664,48991845.29939688
53665,48990620.614622794
53666,48989395.78534005
53667,48988170.813185275
53668,48986945.69807227
53669,48985720.43763711
53670,48984495.039244145
53671,48983269.49836718
53672,48982043.80988828
53673,48980817.97978291
53674,48979592.00818189
53675,48978365.89217217
53676,48977139.63480377
53677,48975913.23531817
53678,48974686.69303153
53679,48973460.00911652
53680,48972233.183697835
53681,48971006.215759344
53682,48969779.107137315
53683,48968551.85518413
53684,48967324.45935159
53685,48966096.92564679
53686,48964869.24846324
53687,48963641.429208905
53688,48962413.472870655
53689,48961185.373141825
53690,48959957.1313292
53691,48958728.749397315
53692,48957500.2254346
53693,48956271.56075403
53694,48955042.756727874
53695,48953813.813174546
53696,48952584.72638617
53697,48951355.49828864
53698,48950126.13342647
53699,48948896.62784347
53700,48947666.98048775
53701,48946437.19415049
53702,48945207.26459009
53703,48943977.19959415
53704,48942746.99278174
53705,48941516.64775565
53706,48940286.16080839
53707,48939055.535851054
53708,48937824.77243505
53709,48936593.867994346
53710,48935362.82650814
53711,48934131.6424939
53712,48932900.32504198
53713,48931668.861560166
53714,48930437.26697227
53715,48929205.52854901
53716,48927973.65218004
53717,48926741.639833584
53718,48925509.48821471
53719,48924277.1978817
53720,48923044.76906881
53721,48921812.20022717
53722,48920579.496452935
53723,48919346.65174953
53724,48918113.67310045
53725,48916880.555164024
53726,48915647.298663825
53727,48914413.9039217
53728,48913180.37448443
53729,48911946.70900605
53730,48910712.90230685
53731,48909478.959142
53732,48908244.88016915
53733,48907010.66450251
53734,48905776.309543274
53735,48904541.8198519
53736,48903307.194248766
53737,48902072.43158571
53738,48900837.53457638
53739,48899602.497208856
53740,48898367.32474457
53741,48897132.017305814
53742,48895896.57117389
53743,48894660.992302805
53744,48893425.276622355
53745,48892189.424767055
53746,48890953.43978877
53747,48889717.31642805
53748,48888481.05631516
53749,48887244.66265768
53750,48886008.13380209
53751,48884771.47084704
53752,48883534.672138475
53753,48882297.73828838
53754,48881060.66791815
53755,48879823.46503801
53756,48878586.12676485
53757,48877348.65503957
53758,48876111.047153406
53759,48874873.303092174
53760,48873635.42650066
53761,48872397.41793618
53762,48871159.27297557
53763,48869920.99421733
53764,48868682.58208429
53765,48867444.037276626
53766,48866205.3553408
53767,48864966.54522823
53768,48863727.59568289
53769,48862488.51663558
53770,48861249.301615804
53771,48860009.95382457
53772,48858770.47512811
53773,48857530.86092151
53774,48856291.1162914
53775,48855051.237252176
53776,48853811.22497717
53777,48852571.081576
53778,48851330.80567156
53779,48850090.395283364
53780,48848849.853074774
53781,48847609.180359736
53782,48846368.37440129
53783,48845127.43561526
53784,48843886.367251545
53785,48842645.163690954
53786,48841403.831822395
53787,48840162.36435221
53788,48838920.768955365
53789,48837679.039505765
53790,48836437.180234246
53791,48835195.1868962
53792,48833953.06886138
53793,48832710.81369041
53794,48831468.43007861
53795,48830225.9124771
53796,48828983.268020846
53797,48827740.49096289
53798,48826497.58277328
53799,48825254.54729728
53800,48824011.37792888
53801,48822768.079185605
53802,48821524.65110515
53803,48820281.09074683
53804,48819037.402861364
53805,48817793.58396327
53806,48816549.63535168
53807,48815305.5578577
53808,48814061.348384134
53809,48812817.01071921
53810,48811572.54363472
53811,48810327.947249524
53812,48809083.22341708
53813,48807838.36750376
53814,48806593.38480415
53815,48805348.27130345
53816,48804103.02855051
53817,48802857.65754795
53818,48801612.15856823
53819,48800366.53152677
53820,48799120.77736365
53821,48797874.89319696
53822,48796628.87926423
53823,48795382.739193104
53824,48794136.46872294
53825,48792890.07167551
53826,48791643.548210196
53827,48790396.89494939
53828,48789150.115164876
53829,48787903.206532374
53830,48786656.170653954
53831,48785409.00795715
53832,48784161.71831588
53833,48782914.30087372
53834,48781666.75521321
53835,48780419.084517784
53836,48779171.28469332
53837,48777923.36061614
53838,48776675.308069736
53839,48775427.127340674
53840,48774178.82746032
53841,48772930.392906435
53842,48771681.834827416
53843,48770433.15324008
53844,48769184.340148985
53845,48767935.40352578
53846,48766686.34247712
53847,48765437.15403905
53848,48764187.83998918
53849,48762938.40014567
53850,48761688.835745685
53851,48760439.1469758
53852,48759189.32776432
53853,48757939.38897876
53854,48756689.32325945
53855,48755439.12960854
53856,48754188.814138286
53857,48752938.3722822
53858,48751687.80453913
53859,48750437.11664054
53860,48749186.30002569
53861,48747935.35954102
53862,48746684.294211395
53863,48745433.10762144
53864,48744181.79441341
53865,48742930.357917994
53866,48741678.79690539
53867,48740427.11065874
53868,48739175.29935465
53869,48737923.37024484
53870,48736671.31413232
53871,48735419.13489939
53872,48734166.83324776
53873,48732914.40534054
53874,48731661.85650317
53875,48730409.18346779
53876,48729156.38594165
53877,48727903.46732453
53878,48726650.42820588
53879,48725397.261856616
53880,48724143.976132065
53881,48722890.565205656
53882,48721637.03497948
53883,48720383.380117446
53884,48719129.602939546
53885,48717875.70509857
53886,48716621.68381037
53887,48715367.53996797
53888,48714113.27595948
53889,48712858.890088476
53890,48711604.38231028
53891,48710349.75126528
53892,48709095.0018769
53893,48707840.12664418
53894,48706585.13182877
53895,48705330.01676695
53896,48704074.78185273
53897,48702819.42454846
53898,48701563.9464217
53899,48700308.346570395
53900,48699052.62968606
53901,48697796.78856945
53902,48696540.82498551
53903,48695284.744669065
53904,48694028.54312819
53905,48692772.221835926
53906,48691515.77755778
53907,48690259.21525661
53908,48689002.533694446
53909,48687745.734510764
53910,48686488.81069264
53911,48685231.77084078
53912,48683974.609746985
53913,48682717.32864216
53914,48681459.92994749
53915,48680202.40892206
53916,48678944.77153575
53917,48677687.012572914
53918,48676429.1386914
53919,48675171.142723836
53920,48673913.03184366
53921,48672654.7971619
53922,48671396.446780734
53923,48670137.97697773
53924,48668879.38821297
53925,48667620.68294733
53926,48666361.85744858
53927,48665102.91524379
53928,48663843.85646801
53929,48662584.67572998
53930,48661325.37862027
53931,48660065.96432996
53932,48658806.4332205
53933,48657546.78415936
53934,48656287.017409526
53935,48655027.13174283
53936,48653767.129798785
53937,48652507.01269082
53938,48651246.77827192
53939,48649986.42588324
53940,48648725.957031325
53941,48647465.37094312
53942,48646204.66742723
53943,48644943.847692735
53944,48643682.913557865
53945,48642421.86121977
53946,48641160.691587396
53947,48639899.40881919
53948,48638638.00858877
53949,48637376.491878785
53950,48636114.85962826
53951,48634853.10970126
53952,48633591.24740207
53953,48632329.2668978
53954,48631067.17410951
53955,48629804.962568216
53956,48628542.63640989
53957,48627280.19679688
53958,48626017.63856483
53959,48624754.968599364
53960,48623492.18434552
53961,48622229.28216478
53962,48620966.266021736
53963,48619703.1354929
53964,48618439.89015722
53965,48617176.531765744
53966,48615913.057829954
53967,48614649.4707724
53968,48613385.76910323
53969,48612121.9543666
53970,48610858.02318394
53971,48609593.97935756
53972,48608329.82344663
53973,48607065.552201465
53974,48605801.16664353
53975,48604536.66940355
53976,48603272.0570864
53977,48602007.332407735
53978,48600742.49627061
53979,48599477.54359471
53980,48598212.4793591
53981,48596947.30292841
53982,48595682.01130059
53983,48594416.61075983
53984,48593151.096247405
53985,48591885.47053863
53986,48590619.72881039
53987,48589353.87700959
53988,48588087.91256122
53989,48586821.838012576
53990,48585555.648258485
53991,48584289.34539586
53992,48583022.93584291
53993,48581756.409708135
53994,48580489.77440777
53995,48579223.02663557
53996,48577956.171193704
53997,48576689.20065254
53998,48575422.11954702
53999,48574154.92705427
54000,48572887.623359606
54001,48571620.20804467
54002,48570352.68340752
54003,48569085.04676041
54004,48567817.299835384
54005,48566549.44288746
54006,48565281.478251174
54007,48564013.39750814
54008,48562745.21060556
54009,48561476.91321376
54010,48560208.50336311
54011,48558939.983250745
54012,48557671.35486563
54013,48556402.61748816
54014,48555133.77169332
54015,48553864.813324
54016,48552595.74539423
54017,48551326.568200275
54018,48550057.283016995
54019,48548787.88784269
54020,48547518.38373154
54021,48546248.76954424
54022,48544979.04746875
54023,48543709.217803895
54024,48542439.2766929
54025,48541169.228966765
54026,48539899.072819136
54027,48538628.807872765
54028,48537358.435061514
54029,48536087.95084433
54030,48534817.36084332
54031,48533546.66533634
54032,48532275.85968051
54033,48531004.9430677
54034,48529733.92160457
54035,48528462.79366005
54036,48527191.55625112
54037,48525920.211866446
54038,48524648.75925298
54039,48523377.20168959
54040,48522105.53447804
54041,48520833.76109597
54042,48519561.879887566
54043,48518289.89456136
54044,48517017.79935472
54045,48515745.59890832
54046,48514473.29276842
54047,48513200.87664112
54048,48511928.357291296
54049,48510655.72918689
54050,48509382.997361965
54051,48508110.16018434
54052,48506837.21233163
54053,48505564.163148396
54054,48504291.00771516
54055,48503017.74411491
54056,48501744.374788955
54057,48500470.9005161
54058,48499197.32049815
54059,48497923.639431305
54060,48496649.847627014
54061,48495375.951258935
54062,48494101.951983236
54063,48492827.846896686
54064,48491553.637573324
54065,48490279.325770125
54066,48489004.904934116
54067,48487730.3805373
54068,48486455.75280113
54069,48485181.02059338
54070,48483906.182145104
54071,48482631.24171356
54072,48481356.19418131
54073,48480081.04449974
54074,48478805.79095832
54075,48477530.43509477
54076,48476254.971261576
54077,48474979.41068291
54078,48473703.74080379
54079,48472427.970631845
54080,48471152.093586996
54081,48469876.11802481
54082,48468600.03708904
54083,48467323.85155591
54084,48466047.56477816
54085,48464771.173168354
54086,48463494.68142754
54087,48462218.08688118
54088,48460941.38756865
54089,48459664.58889294
54090,48458387.68270675
54091,48457110.67900945
54092,48455833.57008617
54093,48454556.362910196
54094,48453279.05098137
54095,48452001.63772889
54096,48450724.12356144
54097,48449446.50575697
54098,48448168.790465586
54099,48446890.96858076
54100,48445613.046507075
54101,48444335.02319487
54102,48443056.89913547
54103,48441778.6755401
54104,48440500.34861
54105,48439221.92323373
54106,48437943.394436
54107,48436664.76598018
54108,48435386.03707617
54109,48434107.20716983
54110,48432828.27751348
54111,48431549.248870745
54112,48430270.116653584
54113,48428990.88569053
54114,48427711.555147775
54115,48426432.123381205
54116,48425152.591786616
54117,48423872.95921958
54118,48422593.23000031
54119,48421313.403031856
54120,48420033.473402
54121,48418753.44424725
54122,48417473.318828516
54123,48416193.089308135
54124,48414912.760758184
54125,48413632.33864558
54126,48412351.81492496
54127,48411071.191543005
54128,48409790.47034377
54129,48408509.647134654
54130,48407228.73019629
54131,48405947.712052405
54132,48404666.59785731
54133,48403385.38507345
54134,48402104.07126722
54135,48400822.66232865
54136,48399541.15289794
54137,48398259.54800606
54138,48396977.84400654
54139,48395696.04516305
54140,48394414.14356383
54141,48393132.148549974
54142,48391850.05628175
54143,48390567.86214692
54144,48389285.576527484
54145,48388003.191132754
54146,48386720.70828306
54147,48385438.13123626
54148,48384155.45600149
54149,48382872.68251447
54150,48381589.81253237
54151,48380306.845852725
54152,48379023.785544075
54153,48377740.62696495
54154,48376457.372566335
54155,48375174.02158538
54156,48373890.57489882
54157,48372607.03298855
54158,48371323.39337466
54159,48370039.661555484
54160,48368755.83003169
54161,48367471.905641824
54162,48366187.884495236
54163,48364903.76941048
54164,48363619.55804363
54165,48362335.25148629
54166,48361050.84828068
54167,48359766.35276277
54168,48358481.76319453
54169,48357197.07511492
54170,48355912.29569409
54171,48354627.41924225
54172,48353342.44906581
54173,48352057.385297015
54174,48350772.22572082
54175,48349486.97469922
54176,48348201.626091525
54177,48346916.18664104
54178,48345630.652399786
54179,48344345.02316855
54180,48343059.299879365
54181,48341773.48471956
54182,48340487.574361056
54183,48339201.57201731
54184,48337915.47550668
54185,48336629.285834014
54186,48335343.00465109
54187,48334056.62938571
54188,48332770.160888225
54189,48331483.59865822
54190,48330196.945710324
54191,48328910.19672932
54192,48327623.3592923
54193,48326336.42704953
54194,48325049.40194049
54195,48323762.285608225
54196,48322475.07772579
54197,48321187.77657142
54198,48319900.383402854
54199,48318612.89803061
54200,48317325.32109969
54201,48316037.653974995
54202,48314749.89296056
54203,48313462.04356682
54204,48312174.09837741
54205,48310886.06645918
54206,48309597.9406551
54207,48308309.724147454
54208,48307021.41693639
54209,48305733.01602379
54210,48304444.52932025
54211,48303155.949009426
54212,48301867.27849186
54213,48300578.5213883
54214,48299289.66534547
54215,48298000.72524008
54216,48296711.69189629
54217,48295422.5694619
54218,48294133.35663972
54219,48292844.05675331
54220,48291554.664589815
54221,48290265.180743344
54222,48288975.61056764
54223,48287685.94732115
54224,48286396.19716277
54225,48285106.35805101
54226,48283816.42687614
54227,48282526.40843639
54228,48281236.30138737
54229,48279946.104572035
54230,48278655.817708835
54231,48277365.446448915
54232,48276074.98007314
54233,48274784.42993881
54234,48273493.78911484
54235,48272203.05880626
54236,48270912.242823094
54237,48269621.33601876
54238,48268330.34327689
54239,48267039.26231974
54240,48265748.091265894
54241,48264456.83469862
54242,48263165.48840451
54243,48261874.05617572
54244,48260582.53554773
54245,48259290.92703425
54246,48257999.23014237
54247,48256707.450036705
54248,48255415.581333496
54249,48254123.62247071
54250,48252831.57770278
54251,48251539.447601005
54252,48250247.23080421
54253,48248954.926486894
54254,48247662.5350479
54255,48246370.056985654
54256,48245077.49319119
54257,48243784.842276506
54258,48242492.10460717
54259,48241199.282448
54260,48239906.37372109
54261,48238613.37960383
54262,48237320.29696014
54263,48236027.1328893
54264,48234733.878356405
54265,48233440.5432045
54266,48232147.12091522
54267,48230853.612216555
54268,48229560.016722135
54269,48228266.33935306
54270,48226972.57545665
54271,48225678.72748777
54272,48224384.792280026
54273,48223090.774270944
54274,48221796.66943213
54275,48220502.48103124
54276,48219208.210246876
54277,48217913.85334099
54278,48216619.410584174
54279,48215324.88453687
54280,48214030.27626888
54281,48212735.58254992
54282,48211440.805159666
54283,48210145.94438613
54284,48208850.99935412
54285,48207555.96950416
54286,48206260.85611379
54287,48204965.660533525
54288,48203670.38144562
54289,48202375.019433804
54290,48201079.57337527
54291,48199784.04490073
54292,48198488.433490366
54293,48197192.73815556
54294,48195896.96170933
54295,48194601.103105865
54296,48193305.158400156
54297,48192009.13266723
54298,48190713.026026554
54299,48189416.83498031
54300,48188120.56346367
54301,48186824.2086438
54302,48185527.771934874
54303,48184231.25387545
54304,48182934.654004835
54305,48181637.971793436
54306,48180341.210636914
54307,48179044.36476141
54308,48177747.43878834
54309,48176450.42864471
54310,48175153.34060122
54311,48173856.17103756
54312,48172558.92092099
54313,48171261.58618759
54314,48169964.1724437
54315,48168666.67992353
54316,48167369.10437074
54317,48166071.451466106
54318,48164773.714517765
54319,48163475.89750074
54320,48162178.001004964
54321,48160880.02444865
54322,48159581.96591971
54323,48158283.830932625
54324,48156985.61362253
54325,48155687.3181292
54326,48154388.94024927
54327,48153090.48583885
54328,48151791.950163186
54329,48150493.3347937
54330,48149194.64154682
54331,48147895.86480829
54332,48146597.01437306
54333,48145298.08205224
54334,48143999.071217805
54335,48142699.98062753
54336,48141400.811725065
54337,48140101.56688576
54338,48138802.241039075
54339,48137502.83781131
54340,48136203.355336905
54341,48134903.79088216
54342,48133604.1531224
54343,48132304.436260216
54344,48131004.641685195
54345,48129704.76894022
54346,48128404.81544647
54347,48127104.78716403
54348,48125804.68266807
54349,48124504.49567437
54350,48123204.2348746
54351,48121903.897641316
54352,48120603.48325443
54353,48119302.98635912
54354,48118002.41786662
54355,48116701.771162495
54356,48115401.04800449
54357,48114100.24612881
54358,48112799.36630401
54359,48111498.412734814
54360,48110197.38477464
54361,48108896.27682689
54362,48107595.09194228
54363,48106293.83403582
54364,48104992.498211734
54365,48103691.08375573
54366,48102389.596575014
54367,48101088.035583444
54368,48099786.3981755
54369,48098484.681635745
54370,48097182.888614245
54371,48095881.02369802
54372,48094579.08483326
54373,48093277.06858489
54374,48091974.97613937
54375,48090672.80926927
54376,48089370.568997934
54377,48088068.25288642
54378,48086765.86127483
54379,48085463.393743336
54380,48084160.8551252
54381,48082858.238909155
54382,48081555.549299546
54383,48080252.78559738
54384,48078949.94838923
54385,48077647.03695698
54386,48076344.04836812
54387,48075040.989738904
54388,48073737.85626365
54389,48072434.650285006
54390,48071131.367270365
54391,48069828.01315411
54392,48068524.58619747
54393,48067221.083980106
54394,48065917.510771364
54395,48064613.86122606
54396,48063310.142332576
54397,48062006.34861625
54398,48060702.48024128
54399,48059398.54065203
54400,48058094.528559305
54401,48056790.44399454
54402,48055486.28598561
54403,48054182.05731598
54404,48052877.7546295
54405,48051573.38128874
54406,48050268.93211015
54407,48048964.41542134
54408,48047659.82593966
54409,48046355.16167389
54410,48045050.42940438
54411,48043745.6241031
54412,48042440.74820038
54413,48041135.79766339
54414,48039830.77839206
54415,48038525.68654568
54416,48037220.5247189
54417,48035915.293170124
54418,48034609.98724021
54419,48033304.611401774
54420,48031999.165987775
54421,48030693.649023995
54422,48029388.06188194
54423,48028082.404067844
54424,48026776.67598825
54425,48025470.87687596
54426,48024165.0094946
54427,48022859.06969253
54428,48021553.06303645
54429,48020246.98288009
54430,48018940.83506584
54431,48017634.61679623
54432,48016328.326635644
54433,48015021.97074515
54434,48013715.5458178
54435,48012409.04705429
54436,48011102.4845705
54437,48009795.84814527
54438,48008489.144347854
54439,48007182.37132317
54440,48005875.5305007
54441,48004568.620139785
54442,48003261.63991132
54443,48001954.5917939
54444,48000647.47459143
54445,47999340.29221467
54446,47998033.03853885
54447,47996725.71648412
54448,47995418.32747963
54449,47994110.87069619
54450,47992803.34455484
54451,47991495.752518766
54452,47990188.09004101
54453,47988880.362671554
54454,47987572.56603179
54455,47986264.703925416
54456,47984956.77191526
54457,47983648.774233565
54458,47982340.7117782
54459,47981032.57803044
54460,47979724.37842921
54461,47978416.112900205
54462,47977107.77909493
54463,47975799.377458595
54464,47974490.91122234
54465,47973182.37699522
54466,47971873.780658424
54467,47970565.11382768
54468,47969256.38252356
54469,47967947.58484988
54470,47966638.72060144
54471,47965329.79127486
54472,47964020.79527982
54473,47962711.73368249
54474,47961402.605363026
54475,47960093.41443706
54476,47958784.15818877
54477,47957474.83273471
54478,47956165.445895754
54479,47954855.98904419
54480,47953546.47025781
54481,47952236.886395864
54482,47950927.23725285
54483,47949617.52479109
54484,47948307.7429301
54485,47946997.90154704
54486,47945687.99602671
54487,47944378.0218038
54488,47943067.98683634
54489,47941757.88588412
54490,47940447.72043934
54491,47939137.4920148
54492,47937827.19884809
54493,47936516.84018639
54494,47935206.4223903
54495,47933895.93726498
54496,47932585.38888289
54497,47931274.779547825
54498,47929964.10500013
54499,47928653.36789075
54500,47927342.565684885
54501,47926031.70274278
54502,47924720.77483901
54503,47923409.785187334
54504,47922098.73247923
54505,47920787.615210064
54506,47919476.43878139
54507,47918165.19784089
54508,47916853.89436216
54509,47915542.52930228
54510,47914231.10404508
54511,47912919.60973111
54512,47911608.05961616
54513,47910296.44669346
54514,47908984.76890075
54515,47907673.03300898
54516,47906361.233751856
54517,47905049.37108716
54518,47903737.44982818
54519,47902425.46853643
54520,47901113.42020162
54521,47899801.31518597
54522,47898489.14818025
54523,47897176.920052595
54524,47895864.63041524
54525,47894552.280861974
54526,47893239.86996156
54527,47891927.39928543
54528,47890614.86745288
54529,47889302.27463063
54530,47887989.62165468
54531,47886676.90682
54532,47885364.13529794
54533,47884051.30302245
54534,47882738.40704607
54535,47881425.45420471
54536,47880112.44408996
54537,47878799.368481845
54538,47877486.23765871
54539,47876173.04548603
54540,47874859.79633459
54541,47873546.48475441
54542,47872233.11556924
54543,47870919.686032504
54544,47869606.200137585
54545,47868292.65062517
54546,47866979.046095066
54547,47865665.382640995
54548,47864351.65984462
54549,47863037.87650857
54550,47861724.034700535
54551,47860410.137918234
54552,47859096.18334475
54553,47857782.1659532
54554,47856468.094033815
54555,47855153.96246691
54556,47853839.77383278
54557,47852525.52854221
54558,47851211.22309791
54559,47849896.86288149
54560,47848582.442289025
54561,47847267.96448857
54562,47845953.42997357
54563,47844638.83886998
54564,47843324.18862998
54565,47842009.4830792
54566,47840694.72221067
54567,47839379.90282743
54568,47838065.024270855
54569,47836750.09346535
54570,47835435.10286243
54571,47834120.05615388
54572,47832804.95422643
54573,47831489.7966884
54574,47830174.5814655
54575,47828859.31010239
54576,47827543.98311797
54577,47826228.598613285
54578,47824913.1614903
54579,47823597.665944315
54580,47822282.118243955
54581,47820966.51012116
54582,47819650.85155738
54583,47818335.13264579
54584,47817019.36092788
54585,47815703.5337785
54586,47814387.65079318
54587,47813071.716378756
54588,47811755.72326748
54589,47810439.67712651
54590,47809123.57674881
54591,47807807.41903632
54592,47806491.20860207
54593,47805174.94395488
54594,47803858.62332423
54595,47802542.24935157
54596,47801225.82212028
54597,47799909.34327328
54598,47798592.806172706
54599,47797276.21790247
54600,47795959.57372588
54601,47794642.87561408
54602,47793326.1277003
54603,47792009.32211702
54604,47790692.466381066
54605,47789375.556237385
54606,47788058.59159387
54607,47786741.575342275
54608,47785424.50367493
54609,47784107.38534681
54610,47782790.20737365
54611,47781472.97950854
54612,47780155.6988315
54613,47778838.36439824
54614,47777520.978819564
54615,47776203.54168953
54616,47774886.04985198
54617,47773568.50807239
54618,47772250.913551055
54619,47770933.26578527
54620,47769615.56852863
54621,47768297.816178106
54622,47766980.01689456
54623,47765662.1640612
54624,47764344.258416414
54625,47763026.30262588
54626,47761708.2926769
54627,47760390.2343112
54628,47759072.12463923
54629,47757753.96359478
54630,47756435.751049355
54631,47755117.48775667
54632,47753799.17683637
54633,47752480.81006632
54634,47751162.397790104
54635,47749843.931401424
54636,47748525.41551419
54637,47747206.84998516
54638,47745888.2349167
54639,47744569.56463388
54640,47743250.85149052
54641,47741932.08525523
54642,47740613.26946277
54643,47739294.40467756
54644,47737975.48797045
54645,47736656.522751145
54646,47735337.50841027
54647,47734018.445444845
54648,47732699.334356345
54649,47731380.172343396
54650,47730060.96183829
54651,47728741.70065218
54652,47727422.391988136
54653,47726103.03657707
54654,47724783.62978511
54655,47723464.17477546
54656,47722144.66896629
54657,47720825.12112013
54658,47719505.51913936
54659,47718185.87126428
54660,47716866.17528408
54661,47715546.43072501
54662,47714226.63818514
54663,47712906.79846518
54664,47711586.91117986
54665,47710266.975969374
54666,47708946.99336528
54667,47707626.96061441
54668,47706306.88336773
54669,47704986.75969731
54670,47703666.58502757
54671,47702346.36742931
54672,47701026.100161895
54673,47699705.78828312
54674,47698385.42686861
54675,47697065.020627245
54676,47695744.5673546
54677,47694424.068028376
54678,47693103.52244984
54679,47691782.929899134
54680,47690462.29020766
54681,47689141.60388212
54682,47687820.87650767
54683,47686500.09682003
54684,47685179.27429065
54685,47683858.4055991
54686,47682537.491372414
54687,47681216.530248776
54688,47679895.5261208
54689,47678574.47669288
54690,47677253.37674771
54691,47675932.237464756
54692,47674611.04987006
54693,47673289.820516914
54694,47671968.54427642
54695,47670647.221779294
54696,47669325.855997525
54697,47668004.44443699
54698,47666682.98778667
54699,47665361.490239486
54700,47664039.94629355
54701,47662718.35827375
54702,47661396.72249507
54703,47660075.04750417
54704,47658753.32720886
54705,47657431.56433754
54706,47656109.75659581
54707,47654787.90289121
54708,47653466.008201785
54709,47652144.06879678
54710,47650822.08887338
54711,47649500.06058345
54712,47648177.991422735
54713,47646855.878763445
54714,47645533.72234976
54715,47644211.52660364
54716,47642889.28452575
54717,47641567.00046085
54718,47640244.674404144
54719,47638922.30342545
54720,47637599.895057775
54721,47636277.43734634
54722,47634954.94451234
54723,47633632.4040728
54724,47632309.82292929
54725,47630987.20118416
54726,47629664.535427004
54727,47628341.83012192
54728,47627019.08116451
54729,47625696.291579016
54730,47624373.46035254
54731,47623050.58611422
54732,47621727.672852494
54733,47620404.716721855
54734,47619081.72066397
54735,47617758.680992186
54736,47616435.60375128
54737,47615112.48172872
54738,47613789.3197944
54739,47612466.11901297
54740,47611142.87799232
54741,47609819.59599653
54742,47608496.2727164
54743,47607172.91010364
54744,47605849.504476085
54745,47604526.06359748
54746,47603202.57934456
54747,47601879.05508381
54748,47600555.491679616
54749,47599231.88533723
54750,47597908.24436736
54751,47596584.56158351
54752,47595260.8394747
54753,47593937.07760106
54754,47592613.276121534
54755,47591289.4357735
54756,47589965.557115786
54757,47588641.636810146
54758,47587317.68035928
54759,47585993.68314033
54760,47584669.648477435
54761,47583345.57222185
54762,47582021.46170989
54763,47580697.31134519
54764,47579373.12216744
54765,47578048.89476734
54766,47576724.628220364
54767,47575400.32526497
54768,47574075.98485546
54769,47572751.6037179
54770,47571427.18772802
54771,47570102.7323357
54772,47568778.237542674
54773,47567453.70817194
54774,47566129.13830175
54775,47564804.53320562
54776,47563479.8917416
54777,47562155.21232745
54778,47560830.496533066
54779,47559505.74086251
54780,47558180.95040459
54781,47556856.12272148
54782,47555531.26009592
54783,47554206.35870054
54784,47552881.42026892
54785,47551556.44676735
54786,47550231.43606866
54787,47548906.39028851
54788,47547581.30741263
54789,47546256.187521204
54790,47544931.03322345
54791,47543605.84270795
54792,47542280.6163344
54793,47540955.353618525
54794,47539630.05680731
54795,47538304.72279875
54796,47536979.35414624
54797,47535653.950715624
54798,47534328.511978894
54799,47533003.03867537
54800,47531677.52885808
54801,47530351.985007554
54802,47529026.40656343
54803,47527700.79033566
54804,47526375.14309231
54805,47525049.46001511
54806,47523723.74191828
54807,47522397.99056216
54808,47521072.20346534
54809,47519746.383551344
54810,47518420.52685408
54811,47517094.63964273
54812,47515768.717791975
54813,47514442.76172088
54814,47513116.76969918
54815,47511790.74669724
54816,47510464.688379265
54817,47509138.59825525
54818,47507812.47478968
54819,47506486.31806276
54820,47505160.12730023
54821,47503833.90289692
54822,47502507.645302236
54823,47501181.35618688
54824,47499855.03642337
54825,47498528.67732723
54826,47497202.28973014
54827,47495875.87079031
54828,47494549.41855724
54829,47493222.9336
54830,47491896.4156541
54831,47490569.8643122
54832,47489243.284006834
54833,47487916.668877095
54834,47486590.02556866
54835,47485263.34836752
54836,47483936.6388233
54837,47482609.89719707
54838,47481283.12547683
54839,47479956.321166255
54840,47478629.48790236
54841,47477302.625049695
54842,47475975.72456302
54843,47474648.7959773
54844,47473321.83738799
54845,47471994.84592826
54846,47470667.825097084
54847,47469340.77404758
54848,47468013.69341692
54849,47466686.58023543
54850,47465359.4367096
54851,47464032.264274634
54852,47462705.06167358
54853,47461377.82701531
54854,47460050.56154293
54855,47458723.267019354
54856,47457395.9436529
54857,47456068.593006164
54858,47454741.20845707
54859,47453413.79754139
54860,47452086.35429934
54861,47450758.88378879
54862,47449431.38345649
54863,47448103.85212786
54864,47446776.29478184
54865,47445448.705333345
54866,47444121.088403225
54867,47442793.44420916
54868,47441465.7695661
54869,47440138.0662956
54870,47438810.333082534
54871,47437482.573691554
54872,47436154.78628808
54873,47434826.9711317
54874,47433499.12572608
54875,47432171.25042437
54876,47430843.34921348
54877,47429515.42267814
54878,47428187.46481227
54879,47426859.47928732
54880,47425531.46779798
54881,47424203.42680314
54882,47422875.362000085
54883,47421547.26797935
54884,47420219.146450214
54885,47418890.99720119
54886,47417562.81984715
54887,47416234.61817319
54888,47414906.388963014
54889,47413578.131874636
54890,47412249.84850649
54891,47410921.53795688
54892,47409593.200453274
54893,47408264.84038137
54894,47406936.44932204
54895,47405608.03516358
54896,47404279.59486842
54897,47402951.12568255
54898,47401622.63236766
54899,47400294.11080303
54900,47398965.56577663
54901,47397636.996846214
54902,47396308.39851289
54903,47394979.775698684
54904,47393651.12794538
54905,47392322.456636466
54906,47390993.75864381
54907,47389665.036756255
54908,47388336.28661207
54909,47387007.51587116
54910,47385678.71531556
54911,47384349.89261082
54912,47383021.046530195
54913,47381692.174458355
54914,47380363.27850907
54915,47379034.35588084
54916,47377705.41223171
54917,47376376.44080986
54918,47375047.446781576
54919,47373718.43326505
54920,47372389.39100752
54921,47371060.32463699
54922,47369731.23354582
54923,47368402.122378044
54924,47367072.98698476
54925,47365743.82629996
54926,47364414.64516196
54927,47363085.43777893
54928,47361756.20657608
54929,47360426.95314557
54930,47359097.67984291
54931,47357768.381112926
54932,47356439.059500396
54933,47355109.716163
54934,47353780.34802155
54935,47352450.95818888
54936,47351121.54692766
54937,47349792.113095134
54938,47348462.65596593
54939,47347133.17654114
54940,47345803.67661419
54941,47344474.15287528
54942,47343144.60751343
54943,47341815.04152605
54944,47340485.452761635
54945,47339155.84303595
54946,47337826.21077367
54947,47336496.55966556
54948,47335166.88456795
54949,47333837.18948492
54950,47332507.472501576
54951,47331177.7332786
54952,47329847.9766739
54953,47328518.19539588
54954,47327188.39472254
54955,47325858.57404495
54956,47324528.73218736
54957,47323198.87214482
54958,47321868.98729126
54959,47320539.08301153
54960,47319209.16194101
54961,47317879.21479404
54962,47316549.25225068
54963,47315219.26850458
54964,47313889.26549441
54965,47312559.24248609
54966,47311229.199511304
54967,47309899.13681489
54968,47308569.05482784
54969,47307238.95250788
54970,47305908.83288959
54971,47304578.68977347
54972,47303248.529463775
54973,47301918.35432455
54974,47300588.155849114
54975,47299257.94161475
54976,47297927.70586942
54977,47296597.451648965
54978,47295267.17820256
54979,47293936.888481796
54980,47292606.57810536
54981,47291276.25092812
54982,47289945.9046715
54983,47288615.541240536
54984,47287285.15866009
54985,47285954.759878896
54986,47284624.34142743
54987,47283293.90478308
54988,47281963.45147504
54989,47280632.97968687
54990,47279302.49053499
54991,47277971.987538
54992,47276641.46304618
54993,47275310.921752945
54994,47273980.36584508
54995,47272649.79006354
54996,47271319.19914569
54997,47269988.58949
54998,47268657.966227256
54999,47267327.32378258
55000,47265996.66572255
55001,47264665.989826895
55002,47263335.29912854
55003,47262004.58973944
55004,47260673.86956086
55005,47259343.127662286
55006,47258012.37287742
55007,47256681.59887889
55008,47255350.81021441
55009,47254020.00712772
55010,47252689.18825763
55011,47251358.353285745
55012,47250027.50487492
55013,47248696.636370294
55014,47247365.75552702
55015,47246034.86053514
55016,47244703.94680182
55017,47243373.02188175
55018,47242042.08065664
55019,47240711.12469123
55020,47239380.15359148
55021,47238049.169548176
55022,47236718.16641805
55023,47235387.15191679
55024,47234056.12403627
55025,47232725.08021756
55026,47231394.02269685
55027,47230062.94917638
55028,47228731.86697134
55029,47227400.76551468
55030,47226069.64990945
55031,47224738.52477808
55032,47223407.382076845
55033,47222076.22955228
55034,47220745.05927126
55035,47219413.88016876
55036,47218082.6832212
55037,47216751.47554164
55038,47215420.255613625
55039,47214089.02080153
55040,47212757.77386455
55041,47211426.51305476
55042,47210095.2416715
55043,47208763.957644045
55044,47207432.66083108
55045,47206101.34949754
55046,47204770.02668806
55047,47203438.68935527
55048,47202107.343853936
55049,47200775.98395962
55050,47199444.61180991
55051,47198113.228829876
55052,47196781.83571453
55053,47195450.427688114
55054,47194119.00831484
55055,47192787.57913471
55056,47191456.13856939
55057,47190124.68473356
55058,47188793.22003571
55059,47187461.7449648
55060,47186130.260301016
55061,47184798.759853706
55062,47183467.25325307
55063,47182135.734161146
55064,47180804.20353234
55065,47179472.66268981
55066,47178141.11343001
55067,47176809.551755145
55068,47175477.97883003
55069,47174146.39584297
55070,47172814.80396367
55071,47171483.201614276
55072,47170151.58844202
55073,47168819.96640543
55074,47167488.333207786
55075,47166156.68825563
55076,47164825.03940822
55077,47163493.37892146
55078,47162161.70743321
55079,47160830.02753435
55080,47159498.33742055
55081,47158166.63880415
55082,47156834.93136823
55083,47155503.21632712
55084,47154171.489488855
55085,47152839.75478735
55086,47151508.01097169
55087,47150176.2574743
55088,47148844.49951129
55089,47147512.73020394
55090,47146180.95229595
55091,47144849.166232705
55092,47143517.37297301
55093,47142185.57024145
55094,47140853.761231706
55095,47139521.9417737
55096,47138190.11497684
55097,47136858.28221928
55098,47135526.442444146
55099,47134194.593323976
55100,47132862.737331316
55101,47131530.872657835
55102,47130199.00344302
55103,47128867.12409478
55104,47127535.240512125
55105,47126203.34646965
55106,47124871.447989926
55107,47123539.54196592
55108,47122207.630880214
55109,47120875.71055955
55110,47119543.78559951
55111,47118211.85399772
55112,47116879.91593963
55113,47115547.9694036
55114,47114216.016884595
55115,47112884.06194376
55116,47111552.09889249
55117,47110220.12808314
55118,47108888.15438745
55119,47107556.17258254
55120,47106224.18411573
55121,47104892.19310547
55122,47103560.19571941
55123,47102228.19296616
55124,47100896.18420943
55125,47099564.17078963
55126,47098232.15460069
55127,47096900.127998106
55128,47095568.10056097
55129,47094236.06861701
55130,47092904.02940076
55131,47091571.98766278
55132,47090239.93959771
55133,47088907.88869617
55134,47087575.83109396
55135,47086243.76985064
55136,47084911.70667996
55137,47083579.63654984
55138,47082247.56550373
55139,47080915.4877326
55140,47079583.40719992
55141,47078251.325499095
55142,47076919.236340776
55143,47075587.142998874
55144,47074255.04947333
55145,47072922.950974196
55146,47071590.84734357
55147,47070258.74484443
55148,47068926.63741459
55149,47067594.5249746
55150,47066262.41110217
55151,47064930.29398531
55152,47063598.17531812
55153,47062266.05240566
55154,47060933.92759064
55155,47059601.79964901
55156,47058269.67276131
55157,47056937.53841567
55158,47055605.405115284
55159,47054273.26829403
55160,47052941.12704756
55161,47051608.98887021
55162,47050276.84586707
55163,47048944.70401166
55164,47047612.556109406
55165,47046280.41062779
55166,47044948.262393236
55167,47043616.11153779
55168,47042283.959808946
55169,47040951.80673443
55170,47039619.65319965
55171,47038287.49713374
55172,47036955.342850536
55173,47035623.1870613
55174,47034291.02770314
55175,47032958.870478384
55176,47031626.711650014
55177,47030294.552858755
55178,47028962.39239166
55179,47027630.231481045
55180,47026298.07170056
55181,47024965.91019348
55182,47023633.752929
55183,47022301.59223181
55184,47020969.431631126
55185,47019637.27098053
55186,47018305.11185802
55187,47016972.95273469
55188,47015640.79347579
55189,47014308.63532858
55190,47012976.47960693
55191,47011644.320293285
55192,47010312.16663471
55193,47008980.00906559
55194,47007647.85835861
55195,47006315.70155256
55196,47004983.552810155
55197,47003651.40138999
55198,47002319.25297692
55199,47000987.10558534
55200,46999654.9604741
55201,46998322.8137162
55202,46996990.6732076
55203,46995658.53282556
55204,46994326.39331226
55205,46992994.25721697
55206,46991662.12212955
55207,46990329.99101526
55208,46988997.86078234
55209,46987665.73297427
55210,46986333.60822951
55211,46985001.48618499
55212,46983669.36396775
55213,46982337.24994349
55214,46981005.133707084
55215,46979673.02132587
55216,46978340.915649936
55217,46977008.80755878
55218,46975676.704576224
55219,46974344.60637084
55220,46973012.51078585
55221,46971680.42035119
55222,46970348.33062537
55223,46969016.24594928
55224,46967684.16475279
55225,46966352.088514104
55226,46965020.01359272
55227,46963687.9442759
55228,46962355.87844596
55229,46961023.81754551
55230,46959691.761590585
55231,46958359.70925062
55232,46957027.66212543
55233,46955695.616762
55234,46954363.5776693
55235,46953031.5441135
55236,46951699.51383668
55237,46950367.4891497
55238,46949035.47058422
55239,46947703.455414064
55240,46946371.44622628
55241,46945039.44308577
55242,46943707.44409847
55243,46942375.452530816
55244,46941043.46371732
55245,46939711.47990628
55246,46938379.50385451
55247,46937047.53225424
55248,46935715.56790863
55249,46934383.611369714
55250,46933051.65711654
55251,46931719.7094455
55252,46930387.768561766
55253,46929055.8350443
55254,46927723.90813964
55255,46926391.98788078
55256,46925060.073013686
55257,46923728.16632966
55258,46922396.263693586
55259,46921064.37172092
55260,46919732.483179465
55261,46918400.603641264
55262,46917068.72966522
55263,46915736.865429536
55264,46914405.00462679
55265,46913073.15366517
55266,46911741.31036785
55267,46910409.47653409
55268,46909077.64681386
55269,46907745.825556785
55270,46906414.01361382
55271,46905082.209227555
55272,46903750.41125345
55273,46902418.62388403
55274,46901086.843190745
55275,46899755.07072118
55276,46898423.30624801
55277,46897091.55316671
55278,46895759.80513903
55279,46894428.064657964
55280,46893096.33867805
55281,46891764.618266135
55282,46890432.907304466
55283,46889101.204283535
55284,46887769.510609254
55285,46886437.82577549
55286,46885106.15085021
55287,46883774.486451454
55288,46882442.82951903
55289,46881111.18168685
55290,46879779.54586557
55291,46878447.91896769
55292,46877116.29965925
55293,46875784.69492964
55294,46874453.09671066
55295,46873121.507957764
55296,46871789.93180626
55297,46870458.365046345
55298,46869126.80949043
55299,46867795.263297625
55300,46866463.727823764
55301,46865132.202105194
55302,46863800.686767034
55303,46862469.183001146
55304,46861137.6905813
55305,46859806.2095647
55306,46858474.739017986
55307,46857143.28063779
55308,46855811.83116232
55309,46854480.39253205
55310,46853148.96792261
55311,46851817.55420833
55312,46850486.1518747
55313,46849154.75940044
55314,46847823.384906925
55315,46846492.01415173
55316,46845160.66071194
55317,46843829.318939015
55318,46842497.987997785
55319,46841166.66728748
55320,46839835.36362349
55321,46838504.06953691
55322,46837172.78684193
55323,46835841.518175535
55324,46834510.26102587
55325,46833179.01873861
55326,46831847.78810316
55327,46830516.56971424
55328,46829185.3661925
55329,46827854.17433542
55330,46826522.99887402
55331,46825191.82970456
55332,46823860.68026223
55333,46822529.539866574
55334,46821198.416591235
55335,46819867.302453406
55336,46818536.20726255
55337,46817205.12479084
55338,46815874.055013254
55339,46814542.9972222
55340,46813211.95735772
55341,46811880.93196567
55342,46810549.9185031
55343,46809218.91977442
55344,46807887.93694936
55345,46806556.9631676
55346,46805226.00945433
55347,46803895.06952571
55348,46802564.143207714
55349,46801233.233395115
55350,46799902.33887838
55351,46798571.457059406
55352,46797240.58926998
55353,46795909.741917625
55354,46794578.906323075
55355,46793248.084675364
55356,46791917.28226364
55357,46790586.49276449
55358,46789255.72151859
55359,46787924.96438254
55360,46786594.222303845
55361,46785263.49897361
55362,46783932.78857313
55363,46782602.098041385
55364,46781271.42016392
55365,46779940.75931873
55366,46778610.11681145
55367,46777279.48827802
55368,46775948.87739588
55369,46774618.28267547
55370,46773287.70486617
55371,46771957.14486014
55372,46770626.602181315
55373,46769296.07045279
55374,46767965.56605801
55375,46766635.070689745
55376,46765304.5966775
55377,46763974.136923
55378,46762643.69974259
55379,46761313.2740241
55380,46759982.871317945
55381,46758652.48246466
55382,46757322.11286325
55383,46755991.759985216
55384,46754661.42866875
55385,46753331.11158242
55386,46752000.81489137
55387,46750670.53280313
55388,46749340.273014136
55389,46748010.03162069
55390,46746679.80577367
55391,46745349.60229969
55392,46744019.414557144
55393,46742689.246503845
55394,46741359.09872711
55395,46740028.968276575
55396,46738698.85592015
55397,46737368.76624083
55398,46736038.69292016
55399,46734708.63700895
55400,46733378.60472902
55401,46732048.590902455
55402,46730718.59549154
55403,46729388.61701751
55404,46728058.66489565
55405,46726728.72992208
55406,46725398.81334486
55407,46724068.917761095
55408,46722739.0431106
55409,46721409.1850855
55410,46720079.35226731
55411,46718749.53710191
55412,46717419.7408285
55413,46716089.96938629
55414,46714760.21736588
55415,46713430.48348745
55416,46712100.77211296
55417,46710771.07979702
55418,46709441.41053486
55419,46708111.76150184
55420,46706782.13544514
55421,46705452.52831228
55422,46704122.943370946
55423,46702793.381202236
55424,46701463.8402316
55425,46700134.31814113
55426,46698804.81801236
55427,46697475.342765525
55428,46696145.88792259
55429,46694816.45552368
55430,46693487.043373555
55431,46692157.65571444
55432,46690828.288916945
55433,46689498.943554536
55434,46688169.62273166
55435,46686840.32338362
55436,46685511.044475675
55437,46684181.79229973
55438,46682852.55973906
55439,46681523.350966245
55440,46680194.16538335
55441,46678865.00402088
55442,46677535.86440514
55443,46676206.747216545
55444,46674877.65385771
55445,46673548.583693944
55446,46672219.54015691
55447,46670890.513971716
55448,46669561.51503308
55449,46668232.54031996
55450,46666903.587449424
55451,46665574.661632515
55452,46664245.755316935
55453,46662916.87634358
55454,46661588.021077275
55455,46660259.18913607
55456,46658930.38417132
55457,46657601.5992206
55458,46656272.841481
55459,46654944.10826695
55460,46653615.40096524
55461,46652286.71751959
55462,46650958.05738852
55463,46649629.42129327
55464,46648300.81275712
55465,46646972.23083687
55466,46645643.67038592
55467,46644315.13529594
55468,46642986.63070054
55469,46641658.14516915
55470,46640329.68845512
55471,46639001.25627252
55472,46637672.85016278
55473,46636344.47239348
55474,46635016.117178485
55475,46633687.78917555
55476,46632359.48553943
55477,46631031.21064669
55478,46629702.960706756
55479,46628374.73722931
55480,46627046.54167931
55481,46625718.370549545
55482,46624390.22786132
55483,46623062.110864036
55484,46621734.019463725
55485,46620405.95697642
55486,46619077.91963977
55487,46617749.90993674
55488,46616421.92741771
55489,46615093.97353534
55490,46613766.04498426
55491,46612438.14677417
55492,46611110.274172075
55493,46609782.42773876
55494,46608454.60988017
55495,46607126.81977052
55496,46605799.06007074
55497,46604471.32552166
55498,46603143.61722136
55499,46601815.93918562
55500,46600488.289849155
55501,46599160.666746795
55502,46597833.07288445
55503,46596505.5085454
55504,46595177.97330903
55505,46593850.46500879
55506,46592522.9884545
55507,46591195.535366446
55508,46589868.114213675
55509,46588540.72139281
55510,46587213.35931187
55511,46585886.025427885
55512,46584558.720841974
55513,46583231.44529556
55514,46581904.19851805
55515,46580576.98138474
55516,46579249.79572842
55517,46577922.636944436
55518,46576595.51090922
55519,46575268.410766006
55520,46573941.34354424
55521,46572614.30838934
55522,46571287.3006783
55523,46569960.31947613
55524,46568633.37465419
55525,46567306.45802892
55526,46565979.57089336
55527,46564652.71371154
55528,46563325.88641683
55529,46561999.093707256
55530,46560672.3301042
55531,46559345.59688269
55532,46558018.89504122
55533,46556692.22272758
55534,46555365.583173715
55535,46554038.9726107
55536,46552712.39855867
55537,46551385.85083777
55538,46550059.33704365
55539,46548732.85468046
55540,46547406.40266548
55541,46546079.9827034
55542,46544753.59641966
55543,46543427.23869319
55544,46542100.91756821
55545,46540774.6258852
55546,46539448.36528405
55547,46538122.13822123
55548,46536795.94296832
55549,46535469.78126089
55550,46534143.651662275
55551,46532817.5543845
55552,46531491.49169816
55553,46530165.456840456
55554,46528839.45890178
55555,46527513.49472856
55556,46526187.56329323
55557,46524861.66075612
55558,46523535.79624145
55559,46522209.9610025
55560,46520884.16208745
55561,46519558.396298714
55562,46518232.66298413
55563,46516906.9643025
55564,46515581.29815299
55565,46514255.66882012
55566,46512930.06979814
55567,46511604.506590486
55568,46510278.97712494
55569,46508953.48201175
55570,46507628.02198641
55571,46506302.595360376
55572,46504977.20571294
55573,46503651.84537355
55574,46502326.522556685
55575,46501001.23573338
55576,46499675.981147915
55577,46498350.7622249
55578,46497025.57855114
55579,46495700.43028681
55580,46494375.31760936
55581,46493050.23974181
55582,46491725.19649651
55583,46490400.188393526
55584,46489075.21607876
55585,46487750.281413674
55586,46486425.3780612
55587,46485100.51413317
55588,46483775.685334
55589,46482450.89184098
55590,46481126.13266963
55591,46479801.4149674
55592,46478476.728714414
55593,46477152.07925318
55594,46475827.464680254
55595,46474502.890590474
55596,46473178.3477402
55597,46471853.84686365
55598,46470529.38093644
55599,46469204.95089045
55600,46467880.56029521
55601,46466556.2031366
55602,46465231.88342757
55603,46463907.603619196
55604,46462583.35894938
55605,46461259.14977654
55606,46459934.98322672
55607,46458610.84981554
55608,46457286.756077714
55609,46455962.69852018
55610,46454638.678515226
55611,46453314.69783023
55612,46451990.753756784
55613,46450666.84858382
55614,46449342.98139984
55615,46448019.15160734
55616,46446695.36082988
55617,46445371.60722566
55618,46444047.89267408
55619,46442724.21816908
55620,46441400.58158027
55621,46440076.98102164
55622,46438753.42202272
55623,46437429.89931235
55624,46436106.420471564
55625,46434782.97677597
55626,46433459.57111297
55627,46432136.20660049
55628,46430812.882695146
55629,46429489.59555623
55630,46428166.34935547
55631,46426843.14061281
55632,46425519.974672295
55633,46424196.84614916
55634,46422873.75859101
55635,46421550.70976702
55636,46420227.701789945
55637,46418904.73399112
55638,46417581.80532437
55639,46416258.920421906
55640,46414936.06965071
55641,46413613.26415098
55642,46412290.497379124
55643,46410967.771828145
55644,46409645.08320895
55645,46408322.43940218
55646,46406999.83674349
55647,46405677.275324106
55648,46404354.75224668
55649,46403032.271393545
55650,46401709.83206838
55651,46400387.43281829
55652,46399065.07707434
55653,46397742.7611653
55654,46396420.487354614
55655,46395098.25584294
55656,46393776.06325257
55657,46392453.91451608
55658,46391131.80619656
55659,46389809.74064413
55660,46388487.71862859
55661,46387165.737588294
55662,46385843.79921999
55663,46384521.90243272
55664,46383200.04780575
55665,46381878.23738323
55666,46380556.46607184
55667,46379234.739504136
55668,46377913.05599677
55669,46376591.41334491
55670,46375269.81691329
55671,46373948.26096011
55672,46372626.74869461
55673,46371305.28000096
55674,46369983.85391147
55675,46368662.47133315
55676,46367341.13131375
55677,46366019.83753454
55678,46364698.58233042
55679,46363377.37458591
55680,46362056.209934816
55681,46360735.088804916
55682,46359414.01072524
55683,46358092.98105558
55684,46356771.991072655
55685,46355451.04498184
55686,46354130.14574325
55687,46352809.28865378
55688,46351488.47671234
55689,46350167.70873847
55690,46348846.98700263
55691,46347526.30831698
55692,46346205.67470346
55693,46344885.08820541
55694,46343564.54293493
55695,46342244.04668774
55696,46340923.5911985
55697,46339603.18222946
55698,46338282.82135136
55699,46336962.50283339
55700,46335642.2295985
55701,46334322.00486381
55702,46333001.82234884
55703,46331681.68641241
55704,46330361.599611945
55705,46329041.55682894
55706,46327721.55730728
55707,46326401.60731789
55708,46325081.701440014
55709,46323761.84204964
55710,46322442.02825503
55711,46321122.26125405
55712,46319802.542088054
55713,46318482.868839175
55714,46317163.24001642
55715,46315843.66076249
55716,46314524.12751615
55717,46313204.64093611
55718,46311885.20103524
55719,46310565.80793415
55720,46309246.46366841
55721,46307927.16563542
55722,46306607.9147005
55723,46305288.712487474
55724,46303969.5546242
55725,46302650.44800275
55726,46301331.38531807
55727,46300012.374179944
55728,46298693.40695497
55729,46297374.49120006
55730,46296055.6229473
55731,46294736.80050854
55732,46293418.0276493
55733,46292099.30543895
55734,46290780.62659058
55735,46289462.00022128
55736,46288143.422479905
55737,46286824.89040475
55738,46285506.40822937
55739,46284187.97418951
55740,46282869.58974502
55741,46281551.25477379
55742,46280232.96645065
55743,46278914.73206961
55744,46277596.54306308
55745,46276278.40218012
55746,46274960.315384954
55747,46273642.274912596
55748,46272324.28407512
55749,46271006.34488801
55750,46269688.451461636
55751,46268370.61139165
55752,46267052.81825055
55753,46265735.07699317
55754,46264417.384339996
55755,46263099.741482265
55756,46261782.15022159
55757,46260464.61093541
55758,46259147.12013004
55759,46257829.67899529
55760,46256512.29025119
55761,46255194.95196141
55762,46253877.664499626
55763,46252560.425013155
55764,46251243.23947861
55765,46249926.10517374
55766,46248609.019586354
55767,46247291.98460641
55768,46245975.00323905
55769,46244658.07239103
55770,46243341.19330376
55771,46242024.36464138
55772,46240707.58858251
55773,46239390.86426023
55774,46238074.18905999
55775,46236757.56747663
55776,46235440.999990135
55777,46234124.48179528
55778,46232808.01744656
55779,46231491.60445814
55780,46230175.24054369
55781,46228858.93290175
55782,46227542.67736385
55783,46226226.47270544
55784,46224910.32207071
55785,46223594.22273831
55786,46222278.17779492
55787,46220962.18431157
55788,46219646.245578304
55789,46218330.359088525
55790,46217014.52462797
55791,46215698.74601517
55792,46214383.01680386
55793,46213067.34254765
55794,46211751.72076356
55795,46210436.15324053
55796,46209120.64110883
55797,46207805.179542
55798,46206489.77354445
55799,46205174.42089134
55800,46203859.12308119
55801,46202543.87891844
55802,46201228.688669115
55803,46199913.55105534
55804,46198598.4695562
55805,46197283.44206518
55806,46195968.469986804
55807,46194653.54803844
55808,46193338.685735375
55809,46192023.875661746
55810,46190709.12111882
55811,46189394.42099718
55812,46188079.77751704
55813,46186765.18467547
55814,46185450.65223815
55815,46184136.1709917
55816,46182821.74782767
55817,46181507.379367724
55818,46180193.065675564
55819,46178878.808784544
55820,46177564.60698176
55821,46176250.46100948
55822,46174936.3681376
55823,46173622.33425852
55824,46172308.35545623
55825,46170994.4304374
55826,46169680.56517862
55827,46168366.75099616
55828,46167052.99897425
55829,46165739.30214903
55830,46164425.65895617
55831,46163112.07350993
55832,46161798.544962406
55833,46160485.07478178
55834,46159171.65665896
55835,46157858.299662694
55836,46156544.999648646
55837,46155231.754910275
55838,46153918.56868256
55839,46152605.438282356
55840,46151292.36451754
55841,46149979.35032888
55842,46148666.390638344
55843,46147353.48968753
55844,46146040.64846006
55845,46144727.86422213
55846,46143415.13618883
55847,46142102.467904374
55848,46140789.85647307
55849,46139477.30127774
55850,46138164.807443924
55851,46136852.371976525
55852,46135539.99286371
55853,46134227.671395965
55854,46132915.41088368
55855,46131603.20873312
55856,46130291.061891116
55857,46128978.97710269
55858,46127666.94978223
55859,46126354.98043392
55860,46125043.07045005
55861,46123731.22294754
55862,46122419.431225576
55863,46121107.69790857
55864,46119796.02674297
55865,46118484.41280379
55866,46117172.85963487
55867,46115861.3623596
55868,46114549.92909452
55869,46113238.556137666
55870,46111927.24207182
55871,46110615.98376339
55872,46109304.788440436
55873,46107993.65426974
55874,46106682.57879801
55875,46105371.56406559
55876,46104060.60674343
55877,46102749.714418665
55878,46101438.88167611
55879,46100128.1052748
55880,46098817.39339858
55881,46097506.741340734
55882,46096196.1526591
55883,46094885.62085096
55884,46093575.15131362
55885,46092264.7443487
55886,46090954.395960666
55887,46089644.11177206
55888,46088333.889148615
55889,46087023.723158464
55890,46085713.61983811
55891,46084403.58112698
55892,46083093.60349658
55893,46081783.686534606
55894,46080473.83191542
55895,46079164.037293226
55896,46077854.30637785
55897,46076544.6350208
55898,46075235.03102885
55899,46073925.48425701
55900,46072616.00321309
55901,46071306.58196427
55902,46069997.22503084
55903,46068687.930901214
55904,46067378.69695661
55905,46066069.52681418
55906,46064760.420508586
55907,46063451.375690885
55908,46062142.39417714
55909,46060833.478812434
55910,46059524.62004219
55911,46058215.830709435
55912,46056907.101368874
55913,46055598.435500875
55914,46054289.83495268
55915,46052981.29645755
55916,46051672.82318386
55917,46050364.409874216
55918,46049056.063426144
55919,46047747.781758554
55920,46046439.56130069
55921,46045131.40684804
55922,46043823.31643154
55923,46042515.28889711
55924,46041207.325127535
55925,46039899.4271599
55926,46038591.5949577
55927,46037283.82464728
55928,46035976.11966297
55929,46034668.480324715
55930,46033360.90351389
55931,46032053.394283764
55932,46030745.94911256
55933,46029438.56879773
55934,46028131.253313564
55935,46026824.00341069
55936,46025516.81889639
55937,46024209.701123394
55938,46022902.64355743
55939,46021595.65808424
55940,46020288.73453326
55941,46018981.87748567
55942,46017675.08584413
55943,46016368.36131299
55944,46015061.70226292
55945,46013755.10594138
55946,46012448.58256229
55947,46011142.1194318
55948,46009835.72448785
55949,46008529.39442815
55950,46007223.13313187
55951,46005916.93946132
55952,46004610.80917174
55953,46003304.74720361
55954,46001998.75077794
55955,46000692.82451022
55956,45999386.96061801
55957,45998081.16714766
55958,45996775.43820825
55959,45995469.77822841
55960,45994164.18501588
55961,45992858.65971495
55962,45991553.20108219
55963,45990247.80893116
55964,45988942.48721724
55965,45987637.229394615
55966,45986332.04128375
55967,45985026.92209676
55968,45983721.87062321
55969,45982416.88505224
55970,45981111.96992681
55971,45979807.12071777
55972,45978502.34218095
55973,45977197.63210274
55974,45975892.98738239
55975,45974588.4125964
55976,45973283.908368036
55977,45971979.4700347
55978,45970675.10482179
55979,45969370.80299363
55980,45968066.573137216
55981,45966762.40909934
55982,45965458.31824547
55983,45964154.29331103
55984,45962850.33990406
55985,45961546.454416186
55986,45960242.64069485
55987,45958938.89394653
55988,45957635.21727873
55989,45956331.61170611
55990,45955028.073274575
55991,45953724.60701478
55992,45952421.2104048
55993,45951117.88134038
55994,45949814.62411403
55995,45948511.437603645
55996,45947208.32110282
55997,45945905.273115665
55998,45944602.296057805
55999,45943299.39173803
56000,45941996.556169786
56001,45940693.79181412
56002,45939391.09772938
56003,45938088.474107206
56004,45936785.92191313
56005,45935483.44105914
56006,45934181.0286579
56007,45932878.69231171
56008,45931576.423512615
56009,45930274.22558498
56010,45928972.10135448
56011,45927670.04867784
56012,45926368.0653729
56013,45925066.15368926
56014,45923764.31418269
56015,45922462.55073696
56016,45921160.8512088
56017,45919859.22990289
56018,45918557.6776221
56019,45917256.19999988
56020,45915954.790677875
56021,45914653.45870897
56022,45913352.19453336
56023,45912051.00442925
56024,45910749.886841975
56025,45909448.84166505
56026,45908147.8696696
56027,45906846.97129725
56028,45905546.142239384
56029,45904245.389517605
56030,45902944.711072095
56031,45901644.101883456
56032,45900343.566966526
56033,45899043.10507906
56034,45897742.71732985
56035,45896442.405041486
56036,45895142.1622904
56037,45893841.99654739
56038,45892541.90104982
56039,45891241.88193125
56040,45889941.93583531
56041,45888642.06290035
56042,45887342.26546432
56043,45886042.53907004
56044,45884742.89104271
56045,45883443.31574983
56046,45882143.812952824
56047,45880844.38687494
56048,45879545.034162074
56049,45878245.75610281
56050,45876946.55110028
56051,45875647.42379294
56052,45874348.368026264
56053,45873049.39004937
56054,45871750.48656606
56055,45870451.65771159
56056,45869152.90235079
56057,45867854.22453765
56058,45866555.62216424
56059,45865257.09230537
56060,45863958.638495564
56061,45862660.264072955
56062,45861361.961106665
56063,45860063.73560782
56064,45858765.58634938
56065,45857467.512122944
56066,45856169.514830366
56067,45854871.59134758
56068,45853573.74553699
56069,45852275.97383489
56070,45850978.282476105
56071,45849680.66381877
56072,45848383.12682681
56073,45847085.65897216
56074,45845788.271785736
56075,45844490.96084132
56076,45843193.725704975
56077,45841896.568649314
56078,45840599.48979684
56079,45839302.48310747
56080,45838005.55500984
56081,45836708.70649518
56082,45835411.93657444
56083,45834115.24019233
56084,45832818.62549364
56085,45831522.08385629
56086,45830225.62000171
56087,45828929.23504085
56088,45827632.92825774
56089,45826336.69732513
56090,45825040.548234835
56091,45823744.475180924
56092,45822448.47809409
56093,45821152.56020846
56094,45819856.72175359
56095,45818560.962851845
56096,45817265.280215554
56097,45815969.675633416
56098,45814674.1515946
56099,45813378.70140802
56100,45812083.33472364
56101,45810788.04609846
56102,45809492.83578635
56103,45808197.70419154
56104,45806902.65151657
56105,45805607.67861143
56106,45804312.7837275
56107,45803017.96674215
56108,45801723.23170854
56109,45800428.57415223
56110,45799134.00002584
56111,45797839.50298478
56112,45796545.08298981
56113,45795250.74599013
56114,45793956.486595206
56115,45792662.31011134
56116,45791368.21126893
56117,45790074.1928542
56118,45788780.25606621
56119,45787486.40026547
56120,45786192.62177555
56121,45784898.923710234
56122,45783605.307360224
56123,45782311.77327975
56124,45781018.317279
56125,45779724.941035464
56126,45778431.64796041
56127,45777138.43344155
56128,45775845.30239407
56129,45774552.25209141
56130,45773259.28241462
56131,45771966.392010815
56132,45770673.58617945
56133,45769380.85920328
56134,45768088.214074284
56135,45766795.653091304
56136,45765503.169232495
56137,45764210.76856763
56138,45762918.450838186
56139,45761626.21590395
56140,45760334.05977224
56141,45759041.98916223
56142,45757749.99712685
56143,45756458.08970658
56144,45755166.266027234
56145,45753874.51928444
56146,45752582.85689135
56147,45751291.28149825
56148,45749999.7825049
56149,45748708.36950257
56150,45747417.04016899
56151,45746125.79204991
56152,45744834.62378411
56153,45743543.54356789
56154,45742252.54555226
56155,45740961.63063401
56156,45739670.794468544
56157,45738380.04715396
56158,45737089.37915895
56159,45735798.79803447
56160,45734508.29664123
56161,45733217.88173719
56162,45731927.550317235
56163,45730637.30260368
56164,45729347.13777636
56165,45728057.0562505
56166,45726767.05964818
56167,45725477.1494772
56168,45724187.3196802
56169,45722897.57486929
56170,45721607.916141525
56171,45720318.340881884
56172,45719028.84803803
56173,45717739.44356684
56174,45716450.11989992
56175,45715160.88380377
56176,45713871.73130102
56177,45712582.66487308
56178,45711293.68223624
56179,45710004.78518023
56180,45708715.97130841
56181,45707427.24614559
56182,45706138.60341433
56183,45704850.050448224
56184,45703561.57684919
56185,45702273.19158991
56186,45700984.89273615
56187,45699696.67923126
56188,45698408.54835283
56189,45697120.507558845
56190,45695832.55132089
56191,45694544.6799012
56192,45693256.89531586
56193,45691969.19622647
56194,45690681.58423555
56195,45689394.05858101
56196,45688106.61878532
56197,45686819.267092794
56198,45685531.998876974
56199,45684244.82077863
56200,45682957.72813508
56201,45681670.7208506
56202,45680383.79923369
56203,45679096.96912627
56204,45677810.22238925
56205,45676523.564131714
56206,45675236.993834764
56207,45673950.510658175
56208,45672664.11131737
56209,45671377.803887755
56210,45670091.58417829
56211,45668805.4470283
56212,45667519.401531436
56213,45666233.442463644
56214,45664947.57295336
56215,45663661.788071975
56216,45662376.092805825
56217,45661090.488322966
56218,45659804.96898434
56219,45658519.53703372
56220,45657234.19592449
56221,45655948.94086231
56222,45654663.77767504
56223,45653378.70017637
56224,45652093.710944764
56225,45650808.81153589
56226,45649524.00088803
56227,45648239.27835715
56228,45646954.6477901
56229,45645670.10364342
56230,45644385.64720064
56231,45643101.28157962
56232,45641817.00431326
56233,45640532.81814658
56234,45639248.721075594
56235,45637964.713533975
56236,45636680.79278949
56237,45635396.962979235
56238,45634113.22435982
56239,45632829.57642988
56240,45631546.01621965
56241,45630262.54760691
56242,45628979.1670484
56243,45627695.87913476
56244,45626412.67664466
56245,45625129.56672919
56246,45623846.55191904
56247,45622563.62155232
56248,45621280.784782946
56249,45619998.03767095
56250,45618715.38142747
56251,45617432.81494288
56252,45616150.33961143
56253,45614867.95558784
56254,45613585.66426837
56255,45612303.462548666
56256,45611021.350785896
56257,45609739.330923244
56258,45608457.403876826
56259,45607175.56499754
56260,45605893.82306163
56261,45604612.167737626
56262,45603330.60491846
56263,45602049.135398634
56264,45600767.75646711
56265,45599486.46919492
56266,45598205.272127435
56267,45596924.17149964
56268,45595643.16170746
56269,45594362.241029866
56270,45593081.41612653
56271,45591800.68192771
56272,45590520.0396902
56273,45589239.49036907
56274,45587959.03412549
56275,45586678.66999085
56276,45585398.40019646
56277,45584118.22080278
56278,45582838.134952016
56279,45581558.14266798
56280,45580278.24272007
56281,45578998.4334471
56282,45577718.72211949
56283,45576439.10159625
56284,45575159.5758731
56285,45573880.14174602
56286,45572600.803158194
56287,45571321.555995524
56288,45570042.40562759
56289,45568763.34683544
56290,45567484.37881469
56291,45566205.509559385
56292,45564926.73172718
56293,45563648.049449496
56294,45562369.46092684
56295,45561090.96441669
56296,45559812.56436813
56297,45558534.25850821
56298,45557256.04726932
56299,45555977.930287845
56300,45554699.90920057
56301,45553421.98090264
56302,45552144.14684629
56303,45550866.40927429
56304,45549588.76401821
56305,45548311.220197275
56306,45547033.76505928
56307,45545756.40804963
56308,45544479.14509642
56309,45543201.976821996
56310,45541924.90241775
56311,45540647.9276483
56312,45539371.047509536
56313,45538094.261787355
56314,45536817.57303758
56315,45535540.978043124
56316,45534264.48179064
56317,45532988.07672615
56318,45531711.77215252
56319,45530435.56054484
56320,45529159.44859473
56321,45527883.42928039
56322,45526607.50695377
56323,45525331.68230294
56324,45524055.95487613
56325,45522780.32502381
56326,45521504.78895953
56327,45520229.350132
56328,45518954.007878944
56329,45517678.76194649
56330,45516403.614216566
56331,45515128.56369992
56332,45513853.609815225
56333,45512578.75318822
56334,45511303.9935404
56335,45510029.33248195
56336,45508754.76712375
56337,45507480.30189874
56338,45506205.93235153
56339,45504931.65994239
56340,45503657.48566473
56341,45502383.40726889
56342,45501109.43263579
56343,45499835.54954693
56344,45498561.76814321
56345,45497288.0838186
56346,45496014.49577345
56347,45494741.00828644
56348,45493467.61976009
56349,45492194.32668996
56350,45490921.13552417
56351,45489648.03917725
56352,45488375.046200186
56353,45487102.15091952
56354,45485829.35171037
56355,45484556.65130974
56356,45483284.05224974
56357,45482011.55249426
56358,45480739.150246955
56359,45479466.8479352
56360,45478194.64399371
56361,45476922.53944001
56362,45475650.535805635
56363,45474378.63073472
56364,45473106.826270126
56365,45471835.11901634
56366,45470563.51352276
56367,45469292.00713857
56368,45468020.60326698
56369,45466749.29392607
56370,45465478.088034734
56371,45464206.981333844
56372,45462935.97767608
56373,45461665.07211752
56374,45460394.26525377
56375,45459123.56182839
56376,45457852.95666148
56377,45456582.453321666
56378,45455312.04858412
56379,45454041.747449964
56380,45452771.54769816
56381,45451501.446745284
56382,45450231.44649729
56383,45448961.54812654
56384,45447691.75222852
56385,45446422.05441506
56386,45445152.45809237
56387,45443882.96645997
56388,45442613.57311085
56389,45441344.2831346
56390,45440075.093824595
56391,45438806.00573433
56392,45437537.02124251
56393,45436268.138222724
56394,45434999.356224485
56395,45433730.676180676
56396,45432462.09777733
56397,45431193.620735444
56398,45429925.24897975
56399,45428656.97850746
56400,45427388.80709069
56401,45426120.74292619
56402,45424852.779166326
56403,45423584.91721569
56404,45422317.160438225
56405,45421049.50492464
56406,45419781.952929296
56407,45418514.501130715
56408,45417247.15548011
56409,45415979.90946182
56410,45414712.76914207
56411,45413445.73264148
56412,45412178.79704813
56413,45410911.96665441
56414,45409645.24021566
56415,45408378.61545342
56416,45407112.0942239
56417,45405845.67791551
56418,45404579.365347475
56419,45403313.157155216
56420,45402047.05109729
56421,45400781.04781221
56422,45399515.15394774
56423,45398249.36084507
56424,45396983.67038681
56425,45395718.085863076
56426,45394452.60825943
56427,45393187.23102431
56428,45391921.96089629
56429,45390656.79292442
56430,45389391.7324238
56431,45388126.773746885
56432,45386861.922820896
56433,45385597.1753886
56434,45384332.530581005
56435,45383067.99544081
56436,45381803.56240332
56437,45380539.23723045
56438,45379275.01467501
56439,45378010.897858284
56440,45376746.888730064
56441,45375482.979929976
56442,45374219.183975235
56443,45372955.48980735
56444,45371691.89917183
56445,45370428.4179016
56446,45369165.04084869
56447,45367901.76720311
56448,45366638.604952954
56449,45365375.54530319
56450,45364112.59291971
56451,45362849.74797736
56452,45361587.00835654
56453,45360324.376601495
56454,45359061.8479197
56455,45357799.42814934
56456,45356537.11644516
56457,45355274.90816573
56458,45354012.8079221
56459,45352750.816268325
56460,45351488.92988498
56461,45350227.15043994
56462,45348965.47936875
56463,45347703.91249689
56464,45346442.45573387
56465,45345181.10823275
56466,45343919.860542245
56467,45342658.727745876
56468,45341397.699653104
56469,45340136.78097729
56470,45338875.96930896
56471,45337615.26541277
56472,45336354.66737733
56473,45335094.17830295
56474,45333833.79724465
56475,45332573.52632221
56476,45331313.36416411
56477,45330053.30547178
56478,45328793.35834648
56479,45327533.51932529
56480,45326273.788025096
56481,45325014.167694
56482,45323754.653942704
56483,45322495.248730026
56484,45321235.95284231
56485,45319976.76403407
56486,45318717.6853523
56487,45317458.71662296
56488,45316199.85747588
56489,45314941.10593689
56490,45313682.46514327
56491,45312423.93231755
56492,45311165.50790339
56493,45309907.19699088
56494,45308648.99129594
56495,45307390.89827622
56496,45306132.91202617
56497,45304875.03715351
56498,45303617.27211896
56499,45302359.61655786
56500,45301102.07152753
56501,45299844.63834135
56502,45298587.312213816
56503,45297330.09889878
56504,45296072.99437266
56505,45294816.0012511
56506,45293559.11591042
56507,45292302.34508089
56508,45291045.680814184
56509,45289789.127362005
56510,45288532.68943898
56511,45287276.35835328
56512,45286020.141618975
56513,45284764.0322973
56514,45283508.03485018
56515,45282252.14921339
56516,45280996.37380372
56517,45279740.71256295
56518,45278485.158271804
56519,45277229.718663596
56520,45275974.388276204
56521,45274719.17158158
56522,45273464.06449295
56523,45272209.07184923
56524,45270954.18939203
56525,45269699.41947395
56526,45268444.76095773
56527,45267190.21412511
56528,45265935.78185906
56529,45264681.45771734
56530,45263427.24795856
56531,45262173.15036091
56532,45260919.165593676
56533,45259665.29254336
56534,45258411.53246817
56535,45257157.88623931
56536,45255904.35080866
56537,45254650.93007501
56538,45253397.61816042
56539,45252144.42555483
56540,45250891.341924556
56541,45249638.37106983
56542,45248385.51430547
56543,45247132.771530285
56544,45245880.13968977
56545,45244627.623976044
56546,45243375.22078431
56547,45242122.92882169
56548,45240870.75507026
56549,45239618.690921724
56550,45238366.74467865
56551,45237114.91010045
56552,45235863.18935962
56553,45234611.58060825
56554,45233360.08774569
56555,45232108.70740203
56556,45230857.44557437
56557,45229606.29319593
56558,45228355.25743531
56559,45227104.33720484
56560,45225853.52954609
56561,45224602.8374273
56562,45223352.26084215
56563,45222101.79882611
56564,45220851.45045214
56565,45219601.21696323
56566,45218351.09974977
56567,45217101.09560223
56568,45215851.206937104
56569,45214601.433874995
56570,45213351.77764555
56571,45212102.23378186
56572,45210852.80843761
56573,45209603.49635723
56574,45208354.30020993
56575,45207105.22009518
56576,45205856.2575331
56577,45204607.40711693
56578,45203358.67496603
56579,45202110.05798593
56580,45200861.558736295
56581,45199613.1745257
56582,45198364.90536876
56583,45197116.75179359
56584,45195868.71653215
56585,45194620.79568664
56586,45193372.9936735
56587,45192125.30510752
56588,45190877.73711064
56589,45189630.28351461
56590,45188382.947463095
56591,45187135.727295086
56592,45185888.62533446
56593,45184641.637909226
56594,45183394.77065821
56595,45182148.01873311
56596,45180901.38491374
56597,45179654.86782316
56598,45178408.465909824
56599,45177162.18500138
56600,45175916.01844295
56601,45174669.973468505
56602,45173424.04180613
56603,45172178.23035409
56604,45170932.536825195
56605,45169686.96109254
56606,45168441.50241892
56607,45167196.16252812
56608,45165950.93958529
56609,45164705.83579691
56610,45163460.84800979
56611,45162215.98334443
56612,45160971.23296098
56613,45159726.602221675
56614,45158482.09252916
56615,45157237.69443813
56616,45155993.42248529
56617,45154749.264155634
56618,45153505.22957702
56619,45152261.310290955
56620,45151017.50879291
56621,45149773.83261198
56622,45148530.26916128
56623,45147286.829534486
56624,45146043.50502625
56625,45144800.30230623
56626,45143557.216684796
56627,45142314.25509318
56628,45141071.40937089
56629,45139828.68450459
56630,45138586.07942634
56631,45137343.59232133
56632,45136101.22898002
56633,45134858.981990434
56634,45133616.8591334
56635,45132374.85073591
56636,45131132.96537006
56637,45129891.19918779
56638,45128649.55402988
56639,45127408.032008424
56640,45126166.62814095
56641,45124925.34299902
56642,45123684.18077964
56643,45122443.13967702
56644,45121202.21725809
56645,45119961.41681718
56646,45118720.736687295
56647,45117480.177192755
56648,45116239.740527146
56649,45114999.42542764
56650,45113759.22766204
56651,45112519.15494144
56652,45111279.20149239
56653,45110039.369377315
56654,45108799.66101106
56655,45107560.07260955
56656,45106320.605765365
56657,45105081.262001075
56658,45103842.03894209
56659,45102602.93587465
56660,45101363.95636217
56661,45100125.09769548
56662,45098886.36539092
56663,45097647.750673324
56664,45096409.25925329
56665,45095170.89034501
56666,45093932.64412806
56667,45092694.52306472
56668,45091456.520962246
56669,45090218.639927834
56670,45088980.883987315
56671,45087743.25231626
56672,45086505.74075122
56673,45085268.35397595
56674,45084031.09120162
56675,45082793.9491721
56676,45081556.92795213
56677,45080320.033393145
56678,45079083.26264385
56679,45077846.61484813
56680,45076610.08761617
56681,45075373.68699885
56682,45074137.407913454
56683,45072901.25547737
56684,45071665.22339661
56685,45070429.31539493
56686,45069193.53074567
56687,45067957.87174223
56688,45066722.33482612
56689,45065486.926228516
56690,45064251.63935757
56691,45063016.47634658
56692,45061781.43623107
56693,45060546.523689374
56694,45059311.73397936
56695,45058077.06621216
56696,45056842.52710891
56697,45055608.109758236
56698,45054373.81749654
56699,45053139.65244634
56700,45051905.60806018
56701,45050671.69076598
56702,45049437.89984436
56703,45048204.23308001
56704,45046970.68988434
56705,45045737.275461346
56706,45044503.98292993
56707,45043270.81651036
56708,45042037.77802092
56709,45040804.862008385
56710,45039572.07414968
56711,45038339.40986613
56712,45037106.8712569
56713,45035874.46040667
56714,45034642.173461445
56715,45033410.01270496
56716,45032177.97894387
56717,45030946.07078038
56718,45029714.28711484
56719,45028482.634782225
56720,45027251.10302082
56721,45026019.69995684
56722,45024788.42148757
56723,45023557.27328073
56724,45022326.24983603
56725,45021095.35170351
56726,45019864.58175239
56727,45018633.93865338
56728,45017403.42291284
56729,45016173.03404346
56730,45014942.77126888
56731,45013712.636568196
56732,45012482.628898576
56733,45011252.74798075
56734,45010022.99434561
56735,45008793.368212305
56736,45007563.86963475
56737,45006334.49816392
56738,45005105.25423448
56739,45003876.13907561
56740,45002647.1518595
56741,45001418.291726835
56742,45000189.5593679
56743,44998960.95414548
56744,44997732.47821704
56745,44996504.13015813
56746,44995275.909897625
56747,44994047.8198014
56748,44992819.85381065
56749,44991592.022830255
56750,44990364.31652451
56751,44989136.73670052
56752,44987909.28788524
56753,44986681.96786048
56754,44985454.77455854
56755,44984227.71303516
56756,44983000.77985571
56757,44981773.971793115
56758,44980547.296276465
56759,44979320.75172279
56760,44978094.33316411
56761,44976868.04478734
56762,44975641.88593669
56763,44974415.855648905
56764,44973189.95637178
56765,44971964.185033716
56766,44970738.54687285
56767,44969513.034617275
56768,44968287.65329221
56769,44967062.402407564
56770,44965837.28301192
56771,44964612.287647344
56772,44963387.42540493
56773,44962162.69590482
56774,44960938.09300993
56775,44959713.6236838
56776,44958489.28443916
56777,44957265.075063035
56778,44956040.992439575
56779,44954817.04410403
56780,44953593.227096096
56781,44952369.53988706
56782,44951145.98313115
56783,44949922.55784115
56784,44948699.26207045
56785,44947476.09719959
56786,44946253.06543248
56787,44945030.162636384
56788,44943807.392254
56789,44942584.75218601
56790,44941362.24489774
56791,44940139.8666035
56792,44938917.62426292
56793,44937695.50878857
56794,44936473.52712513
56795,44935251.67561963
56796,44934029.9588456
56797,44932808.37229206
56798,44931586.918982044
56799,44930365.59498785
56800,44929144.40543076
56801,44927923.34693331
56802,44926702.41980948
56803,44925481.628052905
56804,44924260.966201104
56805,44923040.43749751
56806,44921820.04182808
56807,44920599.777120106
56808,44919379.645539984
56809,44918159.64827296
56810,44916939.781290315
56811,44915720.04823661
56812,44914500.44946677
56813,44913280.98107525
56814,44912061.64915383
56815,44910842.44742278
56816,44909623.381322846
56817,44908404.445472285
56818,44907185.645616814
56819,44905966.97559492
56820,44904748.444582
56821,44903530.04362647
56822,44902311.77557153
56823,44901093.644075386
56824,44899875.64272143
56825,44898657.778125204
56826,44897440.0463322
56827,44896222.45066191
56828,44895004.987617746
56829,44893787.65668784
56830,44892570.460843615
56831,44891353.400398254
56832,44890136.475080125
56833,44888919.68305397
56834,44887703.02521593
56835,44886486.50182323
56836,44885270.116014816
56837,44884053.86020721
56838,44882837.74121343
56839,44881621.75926181
56840,44880405.908820145
56841,44879190.19559348
56842,44877974.61524693
56843,44876759.17280111
56844,44875543.8644063
56845,44874328.68920487
56846,44873113.65178184
56847,44871898.74882125
56848,44870683.98209439
56849,44869469.352676734
56850,44868254.85541331
56851,44867040.49688346
56852,44865826.27196613
56853,44864612.18300173
56854,44863398.23062289
56855,44862184.41360692
56856,44860970.733481415
56857,44859757.18777346
56858,44858543.77955961
56859,44857330.507438846
56860,44856117.370582774
56861,44854904.37251396
56862,44853691.51004584
56863,44852478.78185315
56864,44851266.19187753
56865,44850053.73915118
56866,44848841.424783014
56867,44847629.243740335
56868,44846417.200322
56869,44845205.2948042
56870,44843993.52639387
56871,44842781.895148486
56872,44841570.400205135
56873,44840359.04520186
56874,44839147.82471884
56875,44837936.74314465
56876,44836725.79547519
56877,44835514.99153814
56878,44834304.32067768
56879,44833093.78922512
56880,44831883.39595322
56881,44830673.13831823
56882,44829463.02146242
56883,44828253.036823645
56884,44827043.1957607
56885,44825833.489742175
56886,44824623.92549009
56887,44823414.497115016
56888,44822205.206112094
56889,44820996.05791658
56890,44819787.04236558
56891,44818578.166013986
56892,44817369.43297881
56893,44816160.83572609
56894,44814952.3760061
56895,44813744.05752255
56896,44812535.87489596
56897,44811327.833474465
56898,44810119.93133411
56899,44808912.167986915
56900,44807704.54210384
56901,44806497.056324326
56902,44805289.71052739
56903,44804082.50163712
56904,44802875.43594182
56905,44801668.506271526
56906,44800461.71900384
56907,44799255.06964896
56908,44798048.56252788
56909,44796842.191969104
56910,44795635.96448034
56911,44794429.87184936
56912,44793223.923888765
56913,44792018.11470377
56914,44790812.445717245
56915,44789606.91817947
56916,44788401.525118314
56917,44787196.27771675
56918,44785991.17226043
56919,44784786.20160097
56920,44783581.37576154
56921,44782376.68778653
56922,44781172.14141719
56923,44779967.73682851
56924,44778763.47527213
56925,44777559.348665565
56926,44776355.36702822
56927,44775151.52559238
56928,44773947.8263797
56929,44772744.267373905
56930,44771540.84836922
56931,44770337.56839245
56932,44769134.43538742
56933,44767931.44121629
56934,44766728.59122329
56935,44765525.87837591
56936,44764323.311864264
56937,44763120.88319364
56938,44761918.59831516
56939,44760716.455690645
56940,44759514.45067451
56941,44758312.59018011
56942,44757110.87423638
56943,44755909.29938969
56944,44754707.864363134
56945,44753506.57393225
56946,44752305.42632547
56947,44751104.41985301
56948,44749903.55426289
56949,44748702.83377808
56950,44747502.2538547
56951,44746301.81731488
56952,44745101.52685744
56953,44743901.372929454
56954,44742701.36771533
56955,44741501.502583034
56956,44740301.781967536
56957,44739102.20230476
56958,44737902.76887695
56959,44736703.47550236
56960,44735504.328477986
56961,44734305.321929105
56962,44733106.45879488
56963,44731907.74204146
56964,44730709.16715943
56965,44729510.73553546
56966,44728312.44752142
56967,44727114.3055533
56968,44725916.30401485
56969,44724718.44834089
56970,44723520.73795154
56971,44722323.169507585
56972,44721125.74418805
56973,44719928.46583423
56974,44718731.332123004
56975,44717534.340715006
56976,44716337.49456661
56977,44715140.79309683
56978,44713944.23601107
56979,44712747.82301255
56980,44711551.5516005
56981,44710355.431664445
56982,44709159.45282236
56983,44707963.61988489
56984,44706767.932402745
56985,44705572.38677722
56986,44704376.98953712
56987,44703181.736732215
56988,44701986.62797375
56989,44700791.66431068
56990,44699596.847129315
56991,44698402.176457636
56992,44697207.64954491
56993,44696013.267493166
56994,44694819.03352974
56995,44693624.943653844
56996,44692431.00211753
56997,44691237.202156246
56998,44690043.55325741
56999,44688850.04818678
57000,44687656.68553853
57001,44686463.47204782
57002,44685270.406186655
57003,44684077.4851754
57004,44682884.70878306
57005,44681692.08042379
57006,44680499.59849225
57007,44679307.2626731
57008,44678115.075646155
57009,44676923.03277716
57010,44675731.13652899
57011,44674539.388765305
57012,44673347.786650755
57013,44672156.33481121
57014,44670965.02435603
57015,44669773.86472882
57016,44668582.850962
57017,44667391.98413834
57018,44666201.26578216
57019,44665010.69396466
57020,44663820.27208067
57021,44662629.99283212
57022,44661439.8612214
57023,44660249.88454799
57024,44659060.048079915
57025,44657870.362674505
57026,44656680.82387865
57027,44655491.43356184
57028,44654302.19075239
57029,44653113.09561877
57030,44651924.150761865
57031,44650735.354027584
57032,44649546.702144705
57033,44648358.20288599
57034,44647169.851669565
57035,44645981.64505333
57036,44644793.587309204
57037,44643605.681616634
57038,44642417.923338294
57039,44641230.313570485
57040,44640042.851126306
57041,44638855.539069995
57042,44637668.37576512
57043,44636481.36095669
57044,44635294.495170206
57045,44634107.77783611
57046,44632921.21224588
57047,44631734.79283324
57048,44630548.52737795
57049,44629362.40493854
57050,44628176.43664798
57051,44626990.614366725
57052,44625804.94456576
57053,44624619.42351859
57054,44623434.051540494
57055,44622248.830935575
57056,44621063.76034239
57057,44619878.838144004
57058,44618694.06799868
57059,44617509.44436103
57060,44616324.97461649
57061,44615140.65216072
57062,44613956.48299154
57063,44612772.46209718
57064,44611588.59218811
57065,44610404.8713523
57066,44609221.30372627
57067,44608037.88223228
57068,44606854.61651336
57069,44605671.49912696
57070,44604488.533558585
57071,44603305.71726626
57072,44602123.05192423
57073,44600940.538398884
57074,44599758.177144825
57075,44598575.96571319
57076,44597393.906864904
57077,44596211.99828173
57078,44595030.24004814
57079,44593848.634118095
57080,44592667.18073606
57081,44591485.87655959
57082,44590304.725354746
57083,44589123.724678926
57084,44587942.87907854
57085,44586762.18213114
57086,44585581.63926857
57087,44584401.244792335
57088,44583221.00539949
57089,44582040.91881954
57090,44580860.98234027
57091,44579681.19719664
57092,44578501.5679601
57093,44577322.08674959
57094,44576142.76232528
57095,44574963.58645362
57096,44573784.56714068
57097,44572605.69716496
57098,44571426.98121282
57099,44570248.417365156
57100,44569070.00693896
57101,44567891.749233805
57102,44566713.64511745
57103,44565535.69263793
57104,44564357.89554737
57105,44563180.24789492
57106,44562002.75726634
57107,44560825.4180399
57108,44559648.233141325
57109,44558471.19988999
57110,44557294.32145527
57111,44556117.596363105
57112,44554941.02337729
57113,44553764.60723102
57114,44552588.34611351
57115,44551412.23428824
57116,44550236.27563037
57117,44549060.472303264
57118,44547884.825878434
57119,44546709.33272759
57120,44545533.991585724
57121,44544358.80772234
57122,44543183.773556896
57123,44542008.897427864
57124,44540834.174388245
57125,44539659.60701701
57126,44538485.19343549
57127,44537310.934801884
57128,44536136.829161145
57129,44534962.88097525
57130,44533789.085321836
57131,44532615.44648935
57132,44531441.96174187
57133,44530268.63039926
57134,44529095.45493831
57135,44527922.43620598
57136,44526749.57260824
57137,44525576.86101931
57138,44524404.308294065
57139,44523231.9111601
57140,44522059.66506852
57141,44520887.57935773
57142,44519715.64813713
57143,44518543.87271393
57144,44517372.252278075
57145,44516200.78792085
57146,44515029.47840405
57147,44513858.328970015
57148,44512687.330077305
57149,44511516.48835306
57150,44510345.807114296
57151,44509175.27714504
57152,44508004.90493334
57153,44506834.69139904
57154,44505664.63119408
57155,44504494.729355656
57156,44503324.98257621
57157,44502155.393383734
57158,44500985.960171334
57159,44499816.68401342
57160,44498647.569574706
57161,44497478.60302907
57162,44496309.7970922
57163,44495141.151393406
57164,44493972.65931323
57165,44492804.3249896
57166,44491636.14761732
57167,44490468.12810516
57168,44489300.265959956
57169,44488132.562544554
57170,44486965.013781145
57171,44485797.62533154
57172,44484630.391894296
57173,44483463.31717129
57174,44482296.39951738
57175,44481129.64364522
57176,44479963.04034244
57177,44478796.59708409
57178,44477630.31369857
57179,44476464.185072765
57180,44475298.21612785
57181,44474132.40479814
57182,44472966.75136114
57183,44471801.25907338
57184,44470635.92055185
57185,44469470.74355876
57186,44468305.724846974
57187,44467140.86555058
57188,44465976.16361103
57189,44464811.61880949
57190,44463647.23881812
57191,44462483.011937775
57192,44461318.94427827
57193,44460155.03777345
57194,44458991.28940291
57195,44457827.699351914
57196,44456664.269977756
57197,44455500.99913241
57198,44454337.88826753
57199,44453174.93506623
57200,44452012.1425769
57201,44450849.50880684
57202,44449687.03491033
57203,44448524.7205352
57204,44447362.56615974
57205,44446200.57192136
57206,44445038.73740135
57207,44443877.06378788
57208,44442715.547506444
57209,44441554.19268099
57210,44440392.99793837
57211,44439231.9635544
57212,44438071.090891585
57213,44436910.37468999
57214,44435749.82185568
57215,44434589.4282845
57216,44433429.19511697
57217,44432269.12176177
57218,44431109.21151846
57219,44429949.458018966
57220,44428789.86861377
57221,44427630.439587355
57222,44426471.171268895
57223,44425312.06387677
57224,44424153.11848289
57225,44422994.332085446
57226,44421835.70711729
57227,44420677.24330004
57228,44419518.9412574
57229,44418360.79971921
57230,44417202.819406115
57231,44416045.00235197
57232,44414887.348430306
57233,44413729.85176331
57234,44412572.51881399
57235,44411415.348936304
57236,44410258.335627474
57237,44409101.48987987
57238,44407944.803471446
57239,44406788.28093817
57240,44405631.919313096
57241,44404475.719542
57242,44403319.68285536
57243,44402163.80650977
57244,44401008.093108244
57245,44399852.54455573
57246,44398697.151681505
57247,44397541.9301859
57248,44396386.866456054
57249,44395231.9639123
57250,44394077.225382544
57251,44392922.65020684
57252,44391768.23816334
57253,44390613.99011063
57254,44389459.89984999
57255,44388305.98073352
57256,44387152.21819881
57257,44385998.62198584
57258,44384845.18538648
57259,44383691.91640883
57260,44382538.80846746
57261,44381385.86443107
57262,44380233.08241666
57263,44379080.46548664
57264,44377928.010978706
57265,44376775.72297028
57266,44375623.597253375
57267,44374471.633674204
57268,44373319.83203424
57269,44372168.201296896
57270,44371016.72925494
57271,44369865.41971027
57272,44368714.27798763
57273,44367563.300125
57274,44366412.48689164
57275,44365261.835873716
57276,44364111.350362256
57277,44362961.03094105
57278,44361810.87447139
57279,44360660.88203641
57280,44359511.051863894
57281,44358361.39152991
57282,44357211.89193309
57283,44356062.56100165
57284,44354913.39079249
57285,44353764.38817166
57286,44352615.54892833
57287,44351466.87527974
57288,44350318.36607521
57289,44349170.02443272
57290,44348021.84618765
57291,44346873.83227025
57292,44345725.98488275
57293,44344578.30277338
57294,44343430.78797082
57295,44342283.43662557
57296,44341136.25154513
57297,44339989.23146127
57298,44338842.37960362
57299,44337695.68880447
57300,44336549.16911024
57301,44335402.81329564
57302,44334256.62199647
57303,44333110.596942425
57304,44331964.740995005
57305,44330819.05023467
57306,44329673.525504924
57307,44328528.165417485
57308,44327382.971570306
57309,44326237.946760796
57310,44325093.0869748
57311,44323948.39378979
57312,44322803.86622731
57313,44321659.508068286
57314,44320515.315074936
57315,44319371.291008726
57316,44318227.429548815
57317,44317083.73900458
57318,44315940.21357951
57319,44314796.85421159
57320,44313653.664530165
57321,44312510.63886212
57322,44311367.78309041
57323,44310225.09373176
57324,44309082.57250618
57325,44307940.21653009
57326,44306798.033742204
57327,44305656.01264779
57328,44304514.16241303
57329,44303372.47827269
57330,44302230.96194778
57331,44301089.612988226
57332,44299948.4333144
57333,44298807.42193615
57334,44297666.577683985
57335,44296525.90127823
57336,44295385.39382797
57337,44294245.05547207
57338,44293104.88467951
57339,44291964.87978681
57340,44290825.04564584
57341,44289685.38079864
57342,44288545.883025885
57343,44287406.55403987
57344,44286267.39521934
57345,44285128.40310958
57346,44283989.57872939
57347,44282850.92584375
57348,44281712.44019867
57349,44280574.12588579
57350,44279435.977993704
57351,44278297.999932066
57352,44277160.19118659
57353,44276022.55601511
57354,44274885.08275721
57355,44273747.78326459
57356,44272610.65252601
57357,44271473.690963246
57358,44270336.89939688
57359,44269200.27627364
57360,44268063.82309932
57361,44266927.54074324
57362,44265791.42750851
57363,44264655.48399302
57364,44263519.711156785
57365,44262384.10645674
57366,44261248.673503846
57367,44260113.40911921
57368,44258978.31712128
57369,44257843.39389266
57370,44256708.643056676
57371,44255574.05837787
57372,44254439.64763514
57373,44253305.40634974
57374,44252171.33686431
57375,44251037.43485522
57376,44249903.706754364
57377,44248770.14819176
57378,44247636.7612051
57379,44246503.54246308
57380,44245370.49597777
57381,44244237.62272046
57382,44243104.91686621
57383,44241972.384871654
57384,44240840.02346921
57385,44239707.8338794
57386,44238575.812582396
57387,44237443.96605551
57388,44236312.29003434
57389,44235180.78429544
57390,44234049.45150073
57391,44232918.29106518
57392,44231787.29966499
57393,44230656.481544316
57394,44229525.83633257
57395,44228395.360632144
57396,44227265.059518665
57397,44226134.925860845
57398,44225004.96859576
57399,44223875.18312836
57400,44222745.56729079
57401,44221616.12567098
57402,44220486.85736308
57403,44219357.75788073
57404,44218228.834116876
57405,44217100.081845
57406,44215971.501186214
57407,44214843.09376994
57408,44213714.85799643
57409,44212586.79777676
57410,44211458.90661066
57411,44210331.19193224
57412,44209203.647617266
57413,44208076.27731605
57414,44206949.08012696
57415,44205822.056549326
57416,44204695.206499286
57417,44203568.52716392
57418,44202442.02173729
57419,44201315.68977376
57420,44200189.53454221
57421,44199063.54920131
57422,44197937.737974375
57423,44196812.101042666
57424,44195686.63818872
57425,44194561.34717131
57426,44193436.23085774
57427,44192311.28800087
57428,44191186.51992489
57429,44190061.92632052
57430,44188937.50743057
57431,44187813.25962899
57432,44186689.18833217
57433,44185565.29134425
57434,44184441.56702517
57435,44183318.019377835
57436,44182194.64263112
57437,44181071.44202556
57438,44179948.41594143
57439,44178825.567038834
57440,44177702.88963356
57441,44176580.38502795
57442,44175458.06143761
57443,44174335.90749402
57444,44173213.92968327
57445,44172092.127581686
57446,44170970.4986261
57447,44169849.04737683
57448,44168727.76960114
57449,44167606.66747552
57450,44166485.741978094
57451,44165364.98925669
57452,44164244.413502485
57453,44163124.01305325
57454,44162003.78849392
57455,44160883.7392064
57456,44159763.8639657
57457,44158644.165270634
57458,44157524.644997396
57459,44156405.293765716
57460,44155286.12633465
57461,44154167.13037432
57462,44153048.31213087
57463,44151929.668695115
57464,44150811.20314262
57465,44149692.91166102
57466,44148574.795436576
57467,44147456.857303046
57468,44146339.09682223
57469,44145221.51233086
57470,44144104.104195
57471,44142986.86992244
57472,44141869.81268487
57473,44140752.93629296
57474,44139636.23359193
57475,44138519.708163336
57476,44137403.35823313
57477,44136287.18874583
57478,44135171.19192065
57479,44134055.37525493
57480,44132939.73451923
57481,44131824.27123751
57482,44130708.98359526
57483,44129593.87433758
57484,44128478.944364585
57485,44127364.1897049
57486,44126249.6125789
57487,44125135.21397256
57488,44124020.99136349
57489,44122906.94645934
57490,44121793.08084815
57491,44120679.39203513
57492,44119565.881128974
57493,44118452.54671391
57494,44117339.39149675
57495,44116226.41623061
57496,44115113.6161329
57497,44114000.99338567
57498,44112888.55118219
57499,44111776.286697276
57500,44110664.202843316
57501,44109552.29384616
57502,44108440.56446712
57503,44107329.0130948
57504,44106217.63994499
57505,44105106.44791895
57506,44103995.432626896
57507,44102884.59480577
57508,44101773.93922862
57509,44100663.45972857
57510,44099553.15818795
57511,44098443.03777387
57512,44097333.095734105
57513,44096223.33353697
57514,44095113.74806029
57515,44094004.34425018
57516,44092895.12047803
57517,44091786.0721474
57518,44090677.206969455
57519,44089568.51881626
57520,44088460.013333544
57521,44087351.68470396
57522,44086243.53445583
57523,44085135.56612653
57524,44084027.77817084
57525,44082920.16664044
57526,44081812.73850036
57527,44080705.489352
57528,44079598.42201868
57529,44078491.53075733
57530,44077384.82269574
57531,44076278.292427875
57532,44075171.94473172
57533,44074065.77380312
57534,44072959.78634185
57535,44071853.97906702
57536,44070748.3519266
57537,44069642.90516599
57538,44068537.63870912
57539,44067432.55333709
57540,44066327.647834495
57541,44065222.923795044
57542,44064118.37920236
57543,44063014.01607137
57544,44061909.83498446
57545,44060805.8338268
57546,44059702.016208
57547,44058598.37851028
57548,44057494.9193884
57549,44056391.64534689
57550,44055288.55008889
57551,44054185.63573821
57552,44053082.904013075
57553,44051980.35502362
57554,44050877.98266477
57555,44049775.798774414
57556,44048673.79288711
57557,44047571.96744298
57558,44046470.32575295
57559,44045368.86711803
57560,44044267.58571809
57561,44043166.49033328
57562,44042065.57665989
57563,44040964.843789026
57564,44039864.29332668
57565,44038763.926974654
57566,44037663.738180235
57567,44036563.734662086
57568,44035463.9120152
57569,44034364.27467738
57570,44033264.81880298
57571,44032165.5460434
57572,44031066.45554137
57573,44029967.54513757
57574,44028868.820199616
57575,44027770.278759114
57576,44026671.91703576
57577,44025573.74050033
57578,44024475.74681825
57579,44023377.93349971
57580,44022280.30510395
57581,44021182.86280055
57582,44020085.599894516
57583,44018988.519376665
57584,44017891.624346845
57585,44016794.913273506
57586,44015698.38636732
57587,44014602.04094359
57588,44013505.879564404
57589,44012409.90020257
57590,44011314.10643808
57591,44010218.495178044
57592,44009123.06887418
57593,44008027.82532209
57594,44006932.76662848
57595,44005837.89178894
57596,44004743.20140269
57597,44003648.69507791
57598,44002554.373568475
57599,44001460.23297587
57600,44000366.27962141
57601,43999272.50885802
57602,43998178.92437416
57603,43997085.52095902
57604,43995992.3049694
57605,43994899.27400467
57606,43993806.4263651
57607,43992713.76348863
57608,43991621.28612508
57609,43990528.98958983
57610,43989436.881515905
57611,43988344.95967606
57612,43987253.221228786
57613,43986161.667385645
57614,43985070.30082751
57615,43983979.113722764
57616,43982888.11671766
57617,43981797.30323576
57618,43980706.67619304
57619,43979616.23357766
57620,43978525.975738004
57621,43977435.90517907
57622,43976346.01895063
57623,43975256.318669826
57624,43974166.805006735
57625,43973077.47740011
57626,43971988.32982553
57627,43970899.3756797
57628,43969810.60357476
57629,43968722.016680144
57630,43967633.6175551
57631,43966545.40536006
57632,43965457.377211496
57633,43964369.535975724
57634,43963281.880440764
57635,43962194.411768034
57636,43961107.12931627
57637,43960020.03394011
57638,43958933.124960825
57639,43957846.402612425
57640,43956759.86519088
57641,43955673.51717076
57642,43954587.35261195
57643,43953501.37815474
57644,43952415.58720505
57645,43951329.987650566
57646,43950244.57077935
57647,43949159.34246267
57648,43948074.29999115
57649,43946989.446420595
57650,43945904.77737828
57651,43944820.29769586
57652,43943736.00568833
57653,43942651.90217746
57654,43941567.9837279
57655,43940484.250002235
57656,43939400.70828358
57657,43938317.35378486
57658,43937234.187358856
57659,43936151.206264175
57660,43935068.4111443
57661,43933985.80797264
57662,43932903.39318854
57663,43931821.16391294
57664,43930739.12305894
57665,43929657.27128358
57666,43928575.60516301
57667,43927494.129693076
57668,43926412.84232632
57669,43925331.74086174
57670,43924250.828015864
57671,43923170.105134316
57672,43922089.56974325
57673,43921009.22198368
57674,43919929.065562375
57675,43918849.09772407
57676,43917769.31649843
57677,43916689.72597057
57678,43915610.321657896
57679,43914531.1081368
57680,43913452.080127016
57681,43912373.24503315
57682,43911294.597796835
57683,43910216.13890055
57684,43909137.87203539
57685,43908059.788544096
57686,43906981.899562456
57687,43905904.19930632
57688,43904826.686787024
57689,43903749.36290325
57690,43902672.22910914
57691,43901595.287350126
57692,43900518.53156899
57693,43899441.96672861
57694,43898365.59372345
57695,43897289.40794727
57696,43896213.41201375
57697,43895137.607283235
57698,43894061.99191881
57699,43892986.565915994
57700,43891911.33065697
57701,43890836.28296845
57702,43889761.429804735
57703,43888686.76425823
57704,43887612.28935121
57705,43886538.0050407
57706,43885463.911182545
57707,43884390.00777174
57708,43883316.29511737
57709,43882242.77164974
57710,43881169.440939724
57711,43880096.299859054
57712,43879023.3492703
57713,43877950.58967807
57714,43876878.01920631
57715,43875805.64142591
57716,43874733.45481207
57717,43873661.45801303
57718,43872589.65221227
57719,43871518.03891819
57720,43870446.61827864
57721,43869375.38435442
57722,43868304.344044335
57723,43867233.495375104
57724,43866162.83896291
57725,43865092.37269455
57726,43864022.09850644
57727,43862952.017356075
57728,43861882.12429409
57729,43860812.424704656
57730,43859742.91873606
57731,43858673.60023277
57732,43857604.47507016
57733,43856535.542786434
57734,43855466.80373817
57735,43854398.25304288
57736,43853329.89603896
57737,43852261.732989304
57738,43851193.762645304
57739,43850125.98267982
57740,43849058.394491635
57741,43847991.00064451
57742,43846923.797522746
57743,43845856.7870692
57744,43844789.96904664
57745,43843723.34488305
57746,43842656.91230511
57747,43841590.6715363
57748,43840524.62563496
57749,43839458.769988805
57750,43838393.109563276
57751,43837327.64133568
57752,43836262.365184225
57753,43835197.28327051
57754,43834132.39445079
57755,43833067.69661195
57756,43832003.19493126
57757,43830938.88727218
57758,43829874.76785453
57759,43828810.84670349
57760,43827747.115995705
57761,43826683.581173286
57762,43825620.23670283
57763,43824557.08846122
57764,43823494.13534373
57765,43822431.37134199
57766,43821368.80429146
57767,43820306.430211775
57768,43819244.247420035
57769,43818182.26365407
57770,43817120.46971328
57771,43816058.873366155
57772,43814997.46872861
57773,43813936.257524334
57774,43812875.241684236
57775,43811814.42129945
57776,43810753.79666875
57777,43809693.363000214
57778,43808633.12335487
57779,43807573.07961397
57780,43806513.230344094
57781,43805453.574447915
57782,43804394.11418128
57783,43803334.850323685
57784,43802275.77823237
57785,43801216.904454276
57786,43800158.22071384
57787,43799099.73514814
57788,43798041.44643262
57789,43796983.34873747
57790,43795925.44800458
57791,43794867.743026435
57792,43793810.2329999
57793,43792752.91717273
57794,43791695.7968891
57795,43790638.87281377
57796,43789582.1432612
57797,43788525.610259145
57798,43787469.27389119
57799,43786413.12899345
57800,43785357.18073089
57801,43784301.431436144
57802,43783245.87481707
57803,43782190.51568082
57804,43781135.35196033
57805,43780080.38318681
57806,43779025.611552335
57807,43777971.03380454
57808,43776916.6562914
57809,43775862.47337883
57810,43774808.48545819
57811,43773754.69386442
57812,43772701.09989288
57813,43771647.70013006
57814,43770594.49799181
57815,43769541.49402828
57816,43768488.685066395
57817,43767436.07256495
57818,43766383.65596207
57819,43765331.438260086
57820,43764279.413696736
57821,43763227.58898245
57822,43762175.96134609
57823,43761124.52969135
57824,43760073.293262385
57825,43759022.258404694
57826,43757971.41543803
57827,43756920.77209668
57828,43755870.32661594
57829,43754820.07806211
57830,43753770.02474216
57831,43752720.17137716
57832,43751670.51267848
57833,43750621.055195995
57834,43749571.79147588
57835,43748522.72723291
57836,43747473.859678924
57837,43746425.191029586
57838,43745376.718606375
57839,43744328.445587225
57840,43743280.36982408
57841,43742232.4908072
57842,43741184.811301485
57843,43740137.327790365
57844,43739090.04472919
57845,43738042.96015237
57846,43736996.073493764
57847,43735949.382770754
57848,43734902.89197075
57849,43733856.60037103
57850,43732810.50563941
57851,43731764.609664954
57852,43730718.911502965
57853,43729673.41198299
57854,43728628.11256436
57855,43727583.01180701
57856,43726538.10940248
57857,43725493.40584047
57858,43724448.899626784
57859,43723404.59168071
57860,43722360.48290607
57861,43721316.57616768
57862,43720272.86715934
57863,43719229.35310051
57864,43718186.0429139
57865,43717142.93187758
57866,43716100.01876325
57867,43715057.30443122
57868,43714014.79229287
57869,43712972.47844502
57870,43711930.36177892
57871,43710888.4445972
57872,43709846.73033399
57873,43708805.21252258
57874,43707763.89581712
57875,43706722.78072095
57876,43705681.86369312
57877,43704641.14478537
57878,43703600.62829147
57879,43702560.30892962
57880,43701520.192988135
57881,43700480.27459582
57882,43699440.55629404
57883,43698401.039525434
57884,43697361.72388241
57885,43696322.605312094
57886,43695283.69016567
57887,43694244.97555841
57888,43693206.458481535
57889,43692168.142412834
57890,43691130.029205896
57891,43690092.11629201
57892,43689054.40110447
57893,43688016.891086906
57894,43686979.57892438
57895,43685942.46758944
57896,43684905.55776556
57897,43683868.848188445
57898,43682832.340246305
57899,43681796.03286542
57900,43680759.92764346
57901,43679724.023158126
57902,43678688.3173407
57903,43677652.81500097
57904,43676617.51415123
57905,43675582.41412522
57906,43674547.51746448
57907,43673512.81788626
57908,43672478.32449566
57909,43671444.03147193
57910,43670409.937257275
57911,43669376.04873064
57912,43668342.35956353
57913,43667308.870982885
57914,43666275.58690836
57915,43665242.50190517
57916,43664209.620210215
57917,43663176.94141945
57918,43662144.465849124
57919,43661112.188753515
57920,43660080.116117075
57921,43659048.244138256
57922,43658016.57733328
57923,43656985.11093189
57924,43655953.84539283
57925,43654922.78219269
57926,43653891.92502957
57927,43652861.26923731
57928,43651830.81475999
57929,43650800.563459955
57930,43649770.51501613
57931,43648740.668176524
57932,43647711.02423973
57933,43646681.585881166
57934,43645652.346796826
57935,43644623.311964974
57936,43643594.48214965
57937,43642565.85207773
57938,43641537.42700309
57939,43640509.20719613
57940,43639481.18820772
57941,43638453.37207608
57942,43637425.75922465
57943,43636398.35056968
57944,43635371.145744085
57945,43634344.14271671
57946,43633317.34324051
57947,43632290.74880702
57948,43631264.35604481
57949,43630238.168915175
57950,43629212.184954755
57951,43628186.404409595
57952,43627160.82785768
57953,43626135.456978925
57954,43625110.28620283
57955,43624085.32276701
57956,43623060.5608445
57957,43622036.00374438
57958,43621011.65472161
57959,43619987.50679517
57960,43618963.56126768
57961,43617939.82236084
57962,43616916.286943726
57963,43615892.956285626
57964,43614869.82989709
57965,43613846.90917916
57966,43612824.191246904
57967,43611801.67957934
57968,43610779.37304787
57969,43609757.26871737
57970,43608735.370184325
57971,43607713.676056
57972,43606692.18806949
57973,43605670.902810454
57974,43604649.82741043
57975,43603628.95134746
57976,43602608.28191871
57977,43601587.820413746
57978,43600567.56275472
57979,43599547.51086055
57980,43598527.662221715
57981,43597508.02070072
57982,43596488.583912775
57983,43595469.35248405
57984,43594450.32470095
57985,43593431.50609338
57986,43592412.889562584
57987,43591394.4839764
57988,43590376.27943518
57989,43589358.28064127
57990,43588340.48999535
57991,43587322.90283911
57992,43586305.52245374
57993,43585288.351024345
57994,43584271.38133807
57995,43583254.620393224
57996,43582238.06517085
57997,43581221.71536144
57998,43580205.5713336
57999,43579189.635531016
58000,43578173.90506965
58001,43577158.38163853
58002,43576143.06550365
58003,43575127.949871555
58004,43574113.04638768
58005,43573098.34934828
58006,43572083.85872761
58007,43571069.57335864
58008,43570055.49618625
58009,43569041.62244142
58010,43568027.9593201
58011,43567014.50372592
58012,43566001.25099214
58013,43564988.20555439
58014,43563975.371302076
58015,43562962.74333742
58016,43561950.32077777
58017,43560938.10473079
58018,43559926.0977312
58019,43558914.29688056
58020,43557902.704129174
58021,43556891.31901822
58022,43555880.14203297
58023,43554869.169096306
58024,43553858.40998469
58025,43552847.853279114
58026,43551837.5047199
58027,43550827.36502842
58028,43549817.433325276
58029,43548807.709758125
58030,43547798.19358006
58031,43546788.884847835
58032,43545779.78388642
58033,43544770.89226935
58034,43543762.20593418
58035,43542753.73066112
58036,43541745.46326008
58037,43540737.40289638
58038,43539729.55261573
58039,43538721.908436716
58040,43537714.47682364
58041,43536707.24743523
58042,43535700.2326837
58043,43534693.41999511
58044,43533686.82343249
58045,43532680.43008848
58046,43531674.24707409
58047,43530668.27044695
58048,43529662.50582192
58049,43528656.949072875
58050,43527651.60131944
58051,43526646.46373764
58052,43525641.533206865
58053,43524636.81145677
58054,43523632.300835684
58055,43522627.99839166
58056,43521623.90322101
58057,43520620.01903132
58058,43519616.346939705
58059,43518612.87904804
58060,43517609.62256586
58061,43516606.5764369
58062,43515603.74056065
58063,43514601.11266213
58064,43513598.69388899
58065,43512596.48636083
58066,43511594.4874485
58067,43510592.69826977
58068,43509591.11914095
58069,43508589.75048373
58070,43507588.59073036
58071,43506587.6419945
58072,43505586.90266859
58073,43504586.37212905
58074,43503586.05402958
58075,43502585.94544761
58076,43501586.04893115
58077,43500586.35854546
58078,43499586.88093162
58079,43498587.61513172
58080,43497588.55414255
58081,43496589.70739836
58082,43495591.07188523
58083,43494592.64663125
58084,43493594.43165315
58085,43492596.42696563
58086,43491598.63255452
58087,43490601.05184443
58088,43489603.67831936
58089,43488606.51873137
58090,43487609.56622444
58091,43486612.82986647
58092,43485616.29792716
58093,43484619.9823355
58094,43483623.875229515
58095,43482627.98131219
58096,43481632.29656664
58097,43480636.82294104
58098,43479641.563166566
58099,43478646.515774794
58100,43477651.67483048
58101,43476657.049461044
58102,43475662.63360049
58103,43474668.42935226
58104,43473674.43968217
58105,43472680.656825714
58106,43471687.08853041
58107,43470693.73143641
58108,43469700.5877343
58109,43468707.651337765
58110,43467714.93367579
58111,43466722.4235142
58112,43465730.12497309
58113,43464738.03984144
58114,43463746.16575986
58115,43462754.505069055
58116,43461763.05648602
58117,43460771.81857002
58118,43459780.796725765
58119,43458789.98352285
58120,43457799.38394686
58121,43456808.995908745
58122,43455818.823428504
58123,43454828.86025872
58124,43453839.11043743
58125,43452849.57319597
58126,43451860.25015072
58127,43450871.137933046
58128,43449882.24104869
58129,43448893.555936314
58130,43447905.082136266
58131,43446916.823090374
58132,43445928.777406275
58133,43444940.942401364
58134,43443953.32196227
58135,43442965.91472134
58136,43441978.720127314
58137,43440991.739321396
58138,43440004.97131173
58139,43439018.41826887
58140,43438032.0769273
58141,43437045.950206906
58142,43436060.03673788
58143,43435074.33432145
58144,43434088.84778835
58145,43433103.57621604
58146,43432118.51586394
58147,43431133.6705373
58148,43430149.03867155
58149,43429164.619613476
58150,43428180.41693212
58151,43427196.426479585
58152,43426212.64901573
58153,43425229.08769041
58154,43424245.739664726
58155,43423262.606575064
58156,43422279.68723885
58157,43421296.98052893
58158,43420314.48761027
58159,43419332.213101685
58160,43418350.15203796
58161,43417368.30245059
58162,43416386.66782987
58163,43415405.24939969
58164,43414424.045269504
58165,43413443.054676205
58166,43412462.2806441
58167,43411481.71768346
58168,43410501.372667685
58169,43409521.24260467
58170,43408541.32678423
58171,43407561.62439423
58172,43406582.13830777
58173,43405602.866925195
58174,43404623.8107392
58175,43403644.971004054
58176,43402666.34460652
58177,43401687.93530644
58178,43400709.73753531
58179,43399731.75839461
58180,43398753.994561955
58181,43397776.44484461
58182,43396799.10952458
58183,43395821.993394
58184,43394845.089501776
58185,43393868.404080234
58186,43392891.93042996
58187,43391915.67580879
58188,43390939.63411928
58189,43389963.80985478
58190,43388988.20203277
58191,43388012.80716719
58192,43387037.63011202
58193,43386062.67069493
58194,43385087.925340585
58195,43384113.395728216
58196,43383139.086193636
58197,43382164.98829898
58198,43381191.108605154
58199,43380217.44521464
58200,43379243.99802247
58201,43378270.76660727
58202,43377297.75174479
58203,43376324.95369044
58204,43375352.370907396
58205,43374380.005436406
58206,43373407.85517787
58207,43372435.926130645
58208,43371464.20950382
58209,43370492.713617444
58210,43369521.430611625
58211,43368550.365906894
58212,43367579.51763658
58213,43366608.886374354
58214,43365638.47221909
58215,43364668.27524596
58216,43363698.29486774
58217,43362728.53122207
58218,43361758.98498313
58219,43360789.6581332
58220,43359820.54782336
58221,43358851.652548485
58222,43357882.97633561
58223,43356914.51579275
58224,43355946.27504591
58225,43354978.25017164
58226,43354010.443700306
58227,43353042.85602378
58228,43352075.48458649
58229,43351108.33185192
58230,43350141.39599936
58231,43349174.676324196
58232,43348208.175071225
58233,43347241.893758014
58234,43346275.829634026
58235,43345309.98452062
58236,43344344.35623821
58237,43343378.94531703
58238,43342413.753969505
58239,43341448.78183264
58240,43340484.0234155
58241,43339519.48583426
58242,43338555.166077346
58243,43337591.06645174
58244,43336627.184896916
58245,43335663.519346274
58246,43334700.0740452
58247,43333736.847059384
58248,43332773.838175125
58249,43331811.0498526
58250,43330848.47897544
58251,43329886.12659294
58252,43328923.99509095
58253,43327962.07910556
58254,43327000.3819254
58255,43326038.90694047
58256,43325077.64821198
58257,43324116.60948983
58258,43323155.7899834
58259,43322195.18932763
58260,43321234.80850372
58261,43320274.64818178
58262,43319314.702789225
58263,43318354.97964335
58264,43317395.47553768
58265,43316436.18993901
58266,43315477.12464457
58267,43314518.28012668
58268,43313559.652249694
58269,43312601.24508513
58270,43311643.06060245
58271,43310685.090140514
58272,43309727.34448194
58273,43308769.81542325
58274,43307812.50625546
58275,43306855.41880661
58276,43305898.5505837
58277,43304941.90076502
58278,43303985.4744153
58279,43303029.26595996
58280,43302073.277029455
58281,43301117.50974237
58282,43300161.96155689
58283,43299206.63496953
58284,43298251.525206655
58285,43297296.63893295
58286,43296341.973546214
58287,43295387.52683102
58288,43294433.29820419
58289,43293479.293570496
58290,43292525.51053867
58291,43291571.948086515
58292,43290618.602580704
58293,43289665.480930395
58294,43288712.57838264
58295,43287759.89769337
58296,43286807.43784179
58297,43285855.19826018
58298,43284903.17970454
58299,43283951.38064093
58300,43282999.804592006
58301,43282048.44982228
58302,43281097.31546608
58303,43280146.40242369
58304,43279195.70811714
58305,43278245.24039756
58306,43277294.98811557
58307,43276344.96103619
58308,43275395.15534646
58309,43274445.56992769
58310,43273496.20766969
58311,43272547.062907934
58312,43271598.14312222
58313,43270649.44255044
58314,43269700.96735649
58315,43268752.71143959
58316,43267804.67659401
58317,43266856.86713893
58318,43265909.27676077
58319,43264961.90750498
58320,43264014.76227046
58321,43263067.83673134
58322,43262121.135267824
58323,43261174.655231744
58324,43260228.39524466
58325,43259282.360866055
58326,43258336.546943784
58327,43257390.95436022
58328,43256445.58502859
58329,43255500.440084174
58330,43254555.51498865
58331,43253610.81193968
58332,43252666.33461336
58333,43251722.07813889
58334,43250778.04178961
58335,43249834.23134772
58336,43248890.64393378
58337,43247947.275293015
58338,43247004.13446916
58339,43246061.21180966
58340,43245118.51429418
58341,43244176.038105376
58342,43243233.786227815
58343,43242291.758011535
58344,43241349.95367569
58345,43240408.372339435
58346,43239467.01294527
58347,43238525.87373359
58348,43237584.96024017
58349,43236644.26961966
58350,43235703.805038735
58351,43234763.559876174
58352,43233823.54044647
58353,43232883.74471054
58354,43231944.17168847
58355,43231004.82118902
58356,43230065.695850745
58357,43229126.79313749
58358,43228188.11433849
58359,43227249.65931471
58360,43226311.42780164
58361,43225373.42237784
58362,43224435.63837242
58363,43223498.07797416
58364,43222560.742322885
58365,43221623.63073774
58366,43220686.743834026
58367,43219750.082116075
58368,43218813.64097759
58369,43217877.42705416
58370,43216941.43710873
58371,43216005.66902724
58372,43215070.12570825
58373,43214134.80834649
58374,43213199.71474893
58375,43212264.84731434
58376,43211330.199131705
58377,43210395.78178479
58378,43209461.58330366
58379,43208527.61485301
58380,43207593.86728853
58381,43206660.34788672
58382,43205727.049848706
58383,43204793.977658495
58384,43203861.12889362
58385,43202928.50927616
58386,43201996.11285101
58387,43201063.93958663
58388,43200131.98913005
58389,43199200.267564505
58390,43198268.769294806
58391,43197337.49775507
58392,43196406.45172605
58393,43195475.63049129
58394,43194545.03389944
58395,43193614.6605803
58396,43192684.516573876
58397,43191754.59685574
58398,43190824.90247789
58399,43189895.432655945
58400,43188966.18896679
58401,43188037.170086466
58402,43187108.37808329
58403,43186179.81356751
58404,43185251.4710902
58405,43184323.35492151
58406,43183395.46577631
58407,43182467.80147577
58408,43181540.3637289
58409,43180613.15281618
58410,43179686.1654686
58411,43178759.40617794
58412,43177832.87125933
58413,43176906.565853976
58414,43175980.48476589
58415,43175054.62913227
58416,43174128.99938618
58417,43173203.5969699
58418,43172278.42090093
58419,43171353.47197916
58420,43170428.7484852
58421,43169504.24905667
58422,43168579.97917787
58423,43167655.936621204
58424,43166732.11758876
58425,43165808.529240035
58426,43164885.16413768
58427,43163962.02795319
58428,43163039.11689827
58429,43162116.43321226
58430,43161193.975543514
58431,43160271.746319056
58432,43159349.74394723
58433,43158427.96811383
58434,43157506.42023379
58435,43156585.097205184
58436,43155664.003291436
58437,43154743.13747702
58438,43153822.49666759
58439,43152902.08308994
58440,43151981.89597521
58441,43151061.93786046
58442,43150142.20906861
58443,43149222.70580782
58444,43148303.42724299
58445,43147384.38153449
58446,43146465.55948939
58447,43145546.96647651
58448,43144628.60225812
58449,43143710.46428931
58450,43142792.5533897
58451,43141874.871895194
58452,43140957.41639249
58453,43140040.18938897
58454,43139123.192778595
58455,43138206.422144614
58456,43137289.8774791
58457,43136373.562939554
58458,43135457.47780539
58459,43134541.61779464
58460,43133625.98903942
58461,43132710.58518431
58462,43131795.412155055
58463,43130880.46795915
58464,43129965.7488994
58465,43129051.260560565
58466,43128137.001239955
58467,43127222.96725902
58468,43126309.16584483
58469,43125395.5922123
58470,43124482.245802246
58471,43123569.12742449
58472,43122656.238724664
58473,43121743.58016197
58474,43120831.14878594
58475,43119918.94488801
58476,43119006.97078509
58477,43118095.227611914
58478,43117183.71217567
58479,43116272.42570777
58480,43115361.36723284
58481,43114450.53769233
58482,43113539.93689955
58483,43112629.57019332
58484,43111719.49732975
58485,43110809.58286562
58486,43109899.90102173
58487,43108990.44714403
58488,43108081.22334283
58489,43107172.22820871
58490,43106263.464096375
58491,43105354.92657241
58492,43104446.62116273
58493,43103538.54587124
58494,43102630.69609893
58495,43101723.08113179
58496,43100815.692744896
58497,43099908.53713853
58498,43099001.60788632
58499,43098094.90865025
58500,43097188.44265783
58501,43096282.2029269
58502,43095376.19470894
58503,43094470.41715316
58504,43093564.867406204
58505,43092659.5513057
58506,43091754.4624245
58507,43090849.60338009
58508,43089944.97599006
58509,43089040.577836655
58510,43088136.412383
58511,43087232.47523363
58512,43086328.76945634
58513,43085425.291612454
58514,43084522.04744119
58515,43083619.03215655
58516,43082716.249369904
58517,43081813.6946202
58518,43080911.37268632
58519,43080009.27936787
58520,43079107.419945024
58521,43078205.78756357
58522,43077304.38843793
58523,43076403.21827789
58524,43075502.281084284
58525,43074601.57210159
58526,43073701.0965307
58527,43072800.850832574
58528,43071900.83895989
58529,43071001.05280692
58530,43070101.50412253
58531,43069202.179929
58532,43068303.09252646
58533,43067404.2329337
58534,43066505.606895216
58535,43065607.21091578
58536,43064709.04610567
58537,43063811.11431162
58538,43062913.41259456
58539,43062015.94389247
58540,43061118.704195045
58541,43060221.69916408
58542,43059324.92470009
58543,43058428.38056701
58544,43057532.06792819
58545,43056635.99133713
58546,43055740.14224523
58547,43054844.52509176
58548,43053949.142243914
58549,43053053.9879558
58550,43052159.070674874
58551,43051264.38351714
58552,43050369.9261794
58553,43049475.7004249
58554,43048581.707662866
58555,43047687.95143269
58556,43046794.422572024
58557,43045901.12725436
58558,43045008.066053815
58559,43044115.23389958
58560,43043222.63725276
58561,43042330.27095529
58562,43041438.13810153
58563,43040546.23892994
58564,43039654.56882219
58565,43038763.133346744
58566,43037871.93098745
58567,43036980.95993725
58568,43036090.22475599
58569,43035199.72007262
58570,43034309.44752041
58571,43033419.40771861
58572,43032529.5999038
58573,43031640.028755926
58574,43030750.68927447
58575,43029861.580538824
58576,43028972.710922174
58577,43028084.06793122
58578,43027195.66028741
58579,43026307.48500047
58580,43025419.54451656
58581,43024531.83536866
58582,43023644.36070092
58583,43022757.120804936
58584,43021870.1124195
58585,43020983.33665742
58586,43020096.79750385
58587,43019210.48771924
58588,43018324.41316296
58589,43017438.57325159
58590,43016552.96651046
58591,43015667.5917719
58592,43014782.45391695
58593,43013897.54976042
58594,43013012.876603834
58595,43012128.438158214
58596,43011244.23368787
58597,43010360.261836484
58598,43009476.52541883
58599,43008593.024154
58600,43007709.755173445
58601,43006826.719841406
58602,43005943.92074004
58603,43005061.355500475
58604,43004179.02378633
58605,43003296.92476695
58606,43002415.06222539
58607,43001533.43367593
58608,43000652.0373414
58609,42999770.877584726
58610,42998889.952530794
58611,42998009.26030122
58612,42997128.80406887
58613,42996248.58463917
58614,42995368.59298318
58615,42994488.842902765
58616,42993609.323488384
58617,42992730.038312405
58618,42991850.991365984
58619,42990972.176682696
58620,42990093.59863911
58621,42989215.25376992
58622,42988337.1439032
58623,42987459.26895975
58624,42986581.63099636
58625,42985704.225038625
58626,42984827.05471568
58627,42983950.12002721
58628,42983073.42165628
58629,42982196.9598664
58630,42981320.73011324
58631,42980444.73639932
58632,42979568.97875434
58633,42978693.45739557
58634,42977818.16997917
58635,42976943.1177289
58636,42976068.30066932
58637,42975193.72010174
58638,42974319.37514395
58639,42973445.26476616
58640,42972571.391575105
58641,42971697.7524437
58642,42970824.35118091
58643,42969951.18447735
58644,42969078.254099585
58645,42968205.558064826
58646,42967333.09873353
58647,42966460.8742875
58648,42965588.887651816
58649,42964717.13525012
58650,42963845.6191785
58651,42962974.341304064
58652,42962103.29786776
58653,42961232.491940625
58654,42960361.91951999
58655,42959491.58868201
58656,42958621.48704918
58657,42957751.625432536
58658,42956881.999262355
58659,42956012.61132537
58660,42955143.45748344
58661,42954274.54033836
58662,42953405.85961457
58663,42952537.41870173
58664,42951669.212046035
58665,42950801.241635256
58666,42949933.50764076
58667,42949066.01080668
58668,42948198.7519189
58669,42947331.72784064
58670,42946464.942690514
58671,42945598.39195438
58672,42944732.07930782
58673,42943866.00414512
58674,42943000.16647766
58675,42942134.564593874
58676,42941269.19875876
58677,42940404.07092081
58678,42939539.17971049
58679,42938674.52841085
58680,42937810.109949656
58681,42936945.93470702
58682,42936081.99240591
58683,42935218.286709286
58684,42934354.82194907
58685,42933491.59193862
58686,42932628.5999786
58687,42931765.8448515
58688,42930903.32880448
58689,42930041.04753314
58690,42929179.007314324
58691,42928317.20251543
58692,42927455.63653207
58693,42926594.30747579
58694,42925733.216630034
58695,42924872.36545635
58696,42924011.747471035
58697,42923151.37192306
58698,42922291.23090731
58699,42921431.33183484
58700,42920571.66740682
58701,42919712.24006892
58702,42918853.054370336
58703,42917994.104007885
58704,42917135.393743254
58705,42916276.91918361
58706,42915418.68696017
58707,42914560.68720895
58708,42913702.930174395
58709,42912845.410012424
58710,42911988.12996136
58711,42911131.085990936
58712,42910274.28165241
58713,42909417.715038985
58714,42908561.38668447
58715,42907705.29876376
58716,42906849.44723409
58717,42905993.83489318
58718,42905138.46422117
58719,42904283.32794626
58720,42903428.43499076
58721,42902573.77809607
58722,42901719.359543465
58723,42900865.178374134
58724,42900011.24139458
58725,42899157.535632595
58726,42898304.07480122
58727,42897450.85324181
58728,42896597.86895089
58729,42895745.12235996
58730,42894892.616327636
58731,42894040.35010344
58732,42893188.32265262
58733,42892336.533944204
58734,42891484.987036854
58735,42890633.67498956
58736,42889782.60680098
58737,42888931.77480668
58738,42888081.18392891
58739,42887230.82940441
58740,42886380.719435304
58741,42885530.84646417
58742,42884681.21146377
58743,42883831.81926778
58744,42882982.6628995
58745,42882133.74957162
58746,42881285.076625146
58747,42880436.64047053
58748,42879588.44540304
58749,42878740.49194458
58750,42877892.77335491
58751,42877045.29983234
58752,42876198.064616345
58753,42875351.06856642
58754,42874504.315464035
58755,42873657.79799002
58756,42872811.522933744
58757,42871965.48644869
58758,42871119.69531732
58759,42870274.139396295
58760,42869428.82518796
58761,42868583.75140047
58762,42867738.91925079
58763,42866894.32649728
58764,42866049.97039927
58765,42865205.85937386
58766,42864361.986901745
58767,42863518.35654576
58768,42862674.96598049
58769,42861831.814261936
58770,42860988.90690251
58771,42860146.237319276
58772,42859303.81050214
58773,42858461.622460924
58774,42857619.67421632
58775,42856777.97087917
58776,42855936.50412368
58777,42855095.280335784
58778,42854254.298295416
58779,42853413.556350514
58780,42852573.05392107
58781,42851732.795618236
58782,42850892.776858084
58783,42850052.99912658
58784,42849213.46103787
58785,42848374.167541355
58786,42847535.113926
58787,42846696.29914323
58788,42845857.727908835
58789,42845019.39961439
58790,42844181.311634645
58791,42843343.462537676
58792,42842505.85636246
58793,42841668.49261364
58794,42840831.37090731
58795,42839994.48740541
58796,42839157.84808158
58797,42838321.45000786
58798,42837485.29273305
58799,42836649.38034994
58800,42835813.7068581
58801,42834978.273468554
58802,42834143.08618904
58803,42833308.14043951
58804,42832473.433528386
58805,42831638.97126812
58806,42830804.747487135
58807,42829970.7694051
58808,42829137.03219048
58809,42828303.53532097
58810,42827470.28161867
58811,42826637.27192029
58812,42825804.50234171
58813,42824971.9759642
58814,42824139.69089549
58815,42823307.64817494
58816,42822475.84827438
58817,42821644.29048955
58818,42820812.9761348
58819,42819981.90289267
58820,42819151.07314035
58821,42818320.484429106
58822,42817490.139259
58823,42816660.038173854
58824,42815830.17808368
58825,42815000.560033366
58826,42814171.1873071
58827,42813342.053310886
58828,42812513.16554207
58829,42811684.519342326
58830,42810856.115561165
58831,42810027.956276186
58832,42809200.03905485
58833,42808372.36164566
58834,42807544.9288775
58835,42806717.74204287
58836,42805890.795987785
58837,42805064.09406745
58838,42804237.636989
58839,42803411.42169797
58840,42802585.44508799
58841,42801759.71653394
58842,42800934.23005949
58843,42800108.987062015
58844,42799283.98555047
58845,42798459.23174341
58846,42797634.71841398
58847,42796810.44748991
58848,42795986.42314783
58849,42795162.63794724
58850,42794339.09872851
58851,42793515.805315554
58852,42792692.75374281
58853,42791869.945076145
58854,42791047.38197887
58855,42790225.05958434
58856,42789402.98459083
58857,42788581.151129045
58858,42787759.563003644
58859,42786938.214048676
58860,42786117.11393243
58861,42785296.25606161
58862,42784475.64428112
58863,42783655.2756363
58864,42782835.14830851
58865,42782015.267990746
58866,42781195.631674714
58867,42780376.237561375
58868,42779557.089140244
58869,42778738.1818941
58870,42777919.525152005
58871,42777101.107301705
58872,42776282.938625276
58873,42775465.00783573
58874,42774647.32630342
58875,42773829.88824307
58876,42773012.69098627
58877,42772195.7458522
58878,42771379.0399568
58879,42770562.57744516
58880,42769746.36365735
58881,42768930.39265675
58882,42768114.665855855
58883,42767299.18381889
58884,42766483.94753394
58885,42765668.956447616
58886,42764854.20922379
58887,42764039.70609528
58888,42763225.44890151
58889,42762411.43606902
58890,42761597.667718284
58891,42760784.14613611
58892,42759970.86800272
58893,42759157.83536227
58894,42758345.04667074
58895,42757532.50655915
58896,42756720.21081272
58897,42755908.15952542
58898,42755096.352274105
58899,42754284.7893433
58900,42753473.47461497
58901,42752662.403100364
58902,42751851.581039555
58903,42751040.999041766
58904,42750230.664692275
58905,42749420.57736016
58906,42748610.73317681
58907,42747801.13662852
58908,42746991.7823717
58909,42746182.67715325
58910,42745373.81680691
58911,42744565.19861763
58912,42743756.83122373
58913,42742948.70773282
58914,42742140.830646
58915,42741333.198362984
58916,42740525.8129242
58917,42739718.67225572
58918,42738911.77944106
58919,42738105.13218352
58920,42737298.72636146
58921,42736492.571720235
58922,42735686.66269404
58923,42734880.9969298
58924,42734075.5800847
58925,42733270.407778464
58926,42732465.48172384
58927,42731660.80252919
58928,42730856.36817755
58929,42730052.18423503
58930,42729248.24407352
58931,42728444.54904875
58932,42727641.102299936
58933,42726837.900171086
58934,42726034.94766782
58935,42725232.238779075
58936,42724429.778551094
58937,42723627.56264961
58938,42722825.59379963
58939,42722023.87272534
58940,42721222.399935536
58941,42720421.17241582
58942,42719620.18746507
58943,42718819.45532406
58944,42718018.96558406
58945,42717218.725067995
58946,42716418.7320678
58947,42715618.985308245
58948,42714819.484013714
58949,42714020.232271746
58950,42713221.22679591
58951,42712422.46735436
58952,42711623.95377166
58953,42710825.68953664
58954,42710027.67326515
58955,42709229.903548606
58956,42708432.37756594
58957,42707635.10324524
58958,42706838.0750819
58959,42706041.29168927
58960,42705244.76020943
58961,42704448.47481028
58962,42703652.43429771
58963,42702856.64260512
58964,42702061.097194254
58965,42701265.80089516
58966,42700470.75174564
58967,42699675.95011658
58968,42698881.39700111
58969,42698087.09146221
58970,42697293.03190598
58971,42696499.22176088
58972,42695705.65953936
58973,42694912.342016466
58974,42694119.277829304
58975,42693326.457707055
58976,42692533.88623511
58977,42691741.563612744
58978,42690949.48780933
58979,42690157.65989318
58980,42689366.08001335
58981,42688574.74823793
58982,42687783.664280094
58983,42686992.828645885
58984,42686202.24290506
58985,42685411.9040214
58986,42684621.81310948
58987,42683831.96922987
58988,42683042.37382166
58989,42682253.03076589
58990,42681463.931473196
58991,42680675.08461808
58992,42679886.48567108
58993,42679098.13193801
58994,42678310.02754953
58995,42677522.17184726
58996,42676734.565784045
58997,42675947.208384864
58998,42675160.100181915
58999,42674373.23859542
59000,42673586.6262013
59001,42672800.263928354
59002,42672014.150250696
59003,42671228.28339736
59004,42670442.66640668
59005,42669657.29654226
59006,42668872.1777149
59007,42668087.307381704
59008,42667302.68742797
59009,42666518.3145187
59010,42665734.19160771
59011,42664950.3170591
59012,42664166.692032315
59013,42663383.31493681
59014,42662600.1901594
59015,42661817.31296852
59016,42661034.683879934
59017,42660252.304962255
59018,42659470.17512731
59019,42658688.29446233
59020,42657906.66360098
59021,42657125.28203724
59022,42656344.149923995
59023,42655563.263358355
59024,42654782.632161364
59025,42654002.24639804
59026,42653222.1144643
59027,42652442.228142515
59028,42651662.59297161
59029,42650883.207063995
59030,42650104.07107344
59031,42649325.18612367
59032,42648546.549058266
59033,42647768.16252655
59034,42646990.02362406
59035,42646212.13441599
59036,42645434.49986727
59037,42644657.11047209
59038,42643879.97361642
59039,42643103.086259544
59040,42642326.448652126
59041,42641550.06163951
59042,42640773.92246704
59043,42639998.03649266
59044,42639222.39826443
59045,42638447.01379011
59046,42637671.87250764
59047,42636896.98734349
59048,42636122.351189226
59049,42635347.96379348
59050,42634573.827564865
59051,42633799.94373266
59052,42633026.30788567
59053,42632252.92128133
59054,42631479.78606316
59055,42630706.90406265
59056,42629934.27021895
59057,42629161.88741449
59058,42628389.75421678
59059,42627617.87329981
59060,42626846.24275464
59061,42626074.86204963
59062,42625303.72974843
59063,42624532.85382982
59064,42623762.22349751
59065,42622991.84369958
59066,42622221.71865928
59067,42621451.84238787
59068,42620682.21685011
59069,42619912.842474975
59070,42619143.72002684
59071,42618374.84764309
59072,42617606.22495993
59073,42616837.85464905
59074,42616069.73530809
59075,42615301.86749769
59076,42614534.25147071
59077,42613766.885852255
59078,42612999.7696857
59079,42612232.90746522
59080,42611466.29452149
59081,42610699.933204666
59082,42609933.82524043
59083,42609167.96534385
59084,42608402.35789284
59085,42607637.00328011
59086,42606871.897063494
59087,42606107.045389704
59088,42605342.4446813
59089,42604578.09547615
59090,42603813.996892825
59091,42603050.14884636
59092,42602286.5543537
59093,42601523.21156139
59094,42600760.12066909
59095,42599997.279277965
59096,42599234.693874486
59097,42598472.356442705
59098,42597710.27188467
59099,42596948.438730426
59100,42596186.85663121
59101,42595425.5292333
59102,42594664.45288646
59103,42593903.62693915
59104,42593143.05510492
59105,42592382.7329366
59106,42591622.66470857
59107,42590862.84699653
59108,42590103.28269302
59109,42589343.97053052
59110,42588584.90810354
59111,42587826.10155626
59112,42587067.54592215
59113,42586309.24328159
59114,42585551.18968063
59115,42584793.38835395
59116,42584035.84187186
59117,42583278.548351355
59118,42582521.508523434
59119,42581764.719887346
59120,42581008.18021117
59121,42580251.8961057
59122,42579495.861444175
59123,42578740.08521817
59124,42577984.557841346
59125,42577229.28322601
59126,42576474.26094086
59127,42575719.492669865
59128,42574964.9755146
59129,42574210.71258649
59130,42573456.70154411
59131,42572702.943975486
59132,42571949.43885531
59133,42571196.188475996
59134,42570443.18753814
59135,42569690.442355275
59136,42568937.947995916
59137,42568185.707706116
59138,42567433.72035845
59139,42566681.98817058
59140,42565930.5058335
59141,42565179.277202584
59142,42564428.302019894
59143,42563677.57992441
59144,42562927.11199549
59145,42562176.895952635
59146,42561426.93489
59147,42560677.22584218
59148,42559927.770315886
59149,42559178.570227966
59150,42558429.62001966
59151,42557680.92476461
59152,42556932.48435048
59153,42556184.29330007
59154,42555436.35926029
59155,42554688.67681448
59156,42553941.25060794
59157,42553194.076905906
59158,42552447.15325174
59159,42551700.48956091
59160,42550954.075712174
59161,42550207.91584334
59162,42549462.00870577
59163,42548716.35862491
59164,42547970.96123524
59165,42547225.81466776
59166,42546480.9241337
59167,42545736.28773223
59168,42544991.90448019
59169,42544247.77581287
59170,42543503.902101554
59171,42542760.28008871
59172,42542016.91355635
59173,42541273.80246937
59174,42540530.9431583
59175,42539788.336022325
59176,42539045.98833478
59177,42538303.8916645
59178,42537562.04968402
59179,42536820.459700294
59180,42536079.12693676
59181,42535338.04702544
59182,42534597.22255151
59183,42533856.65354638
59184,42533116.33567855
59185,42532376.27197134
59186,42531636.46590884
59187,42530896.91268505
59188,42530157.61668302
59189,42529418.570158705
59190,42528679.78119717
59191,42527941.24644725
59192,42527202.96824674
59193,42526464.9420756
59194,42525727.17082093
59195,42524989.65432214
59196,42524252.39286803
59197,42523515.38604901
59198,42522778.636133164
59199,42522042.13572965
59200,42521305.891992755
59201,42520569.907834105
59202,42519834.17632684
59203,42519098.697571516
59204,42518363.47282532
59205,42517628.50795687
59206,42516893.79356672
59207,42516159.335812055
59208,42515425.13365413
59209,42514691.185660206
59210,42513957.49523851
59211,42513224.05731152
59212,42512490.874739476
59213,42511757.95177542
59214,42511025.27743317
59215,42510292.86185721
59216,42509560.702500835
59217,42508828.79609444
59218,42508097.14715279
59219,42507365.74976127
59220,42506634.61213187
59221,42505903.72764443
59222,42505173.09968909
59223,42504442.726577654
59224,42503712.607527874
59225,42502982.74924545
59226,42502253.137867436
59227,42501523.788582064
59228,42500794.69508598
59229,42500065.855322585
59230,42499337.27148968
59231,42498608.944120035
59232,42497880.87036342
59233,42497153.05562901
59234,42496425.49405202
59235,42495698.190811664
59236,42494971.140200935
59237,42494244.34796166
59238,42493517.811041035
59239,42492791.530167945
59240,42492065.50413677
59241,42491339.73465488
59242,42490614.22104177
59243,42489888.96523955
59244,42489163.96188184
59245,42488439.21923086
59246,42487714.730592944
59247,42486990.499544114
59248,42486266.52067045
59249,42485542.801408194
59250,42484819.33752506
59251,42484096.12868935
59252,42483373.17853096
59253,42482650.482275344
59254,42481928.04602736
59255,42481205.86349737
59256,42480483.93760286
59257,42479762.26724904
59258,42479040.85649714
59259,42478319.697691225
59260,42477598.79905655
59261,42476878.15462826
59262,42476157.768993124
59263,42475437.64044175
59264,42474717.766280435
59265,42473998.148194805
59266,42473278.788599476
59267,42472559.68547315
59268,42471840.8385022
59269,42471122.24987315
59270,42470403.918855995
59271,42469685.84001931
59272,42468968.02327738
59273,42468250.45900237
59274,42467533.15390345
59275,42466816.10536163
59276,42466099.31189533
59277,42465382.77953598
59278,42464666.49916475
59279,42463950.4813746
59280,42463234.71797705
59281,42462519.21003565
59282,42461803.96252625
59283,42461088.970221184
59284,42460374.235601805
59285,42459659.75806922
59286,42458945.53732398
59287,42458231.57495897
59288,42457517.870016195
59289,42456804.42050283
59290,42456091.2296338
59291,42455378.29665343
59292,42454665.621998966
59293,42453953.200693496
59294,42453241.03779967
59295,42452529.1347065
59296,42451817.48981934
59297,42451106.101882525
59298,42450394.96814331
59299,42449684.09535766
59300,42448973.47935212
59301,42448263.120142244
59302,42447553.02169773
59303,42446843.178277925
59304,42446133.59213598
59305,42445424.26380323
59306,42444715.19539063
59307,42444006.38296623
59308,42443297.82786637
59309,42442589.532985814
59310,42441881.49398093
59311,42441173.711461335
59312,42440466.18957966
59313,42439758.92465839
59314,42439051.9204274
59315,42438345.17012148
59316,42437638.68092373
59317,42436932.450013265
59318,42436226.474278696
59319,42435520.7568335
59320,42434815.29842783
59321,42434110.098961666
59322,42433405.15654058
59323,42432700.47295434
59324,42431996.04808077
59325,42431291.882487565
59326,42430587.97281313
59327,42429884.322822526
59328,42429180.93159226
59329,42428477.79831325
59330,42427774.92053344
59331,42427072.30405614
59332,42426369.94717627
59333,42425667.846722566
59334,42424966.00748532
59335,42424264.423504785
59336,42423563.10167456
59337,42422862.03389386
59338,42422161.22781778
59339,42421460.678618014
59340,42420760.390223086
59341,42420060.35939602
59342,42419360.58765148
59343,42418661.0732591
59344,42417961.820071615
59345,42417262.82331291
59346,42416564.08541209
59347,42415865.60731703
59348,42415167.38946127
59349,42414469.42968355
59350,42413771.72591728
59351,42413074.285369344
59352,42412377.09969573
59353,42411680.17613875
59354,42410983.511856236
59355,42410287.10419106
59356,42409590.95926384
59357,42408895.07027929
59358,42408199.439500526
59359,42407504.07151316
59360,42406808.95890288
59361,42406114.10880794
59362,42405419.51750354
59363,42404725.18442398
59364,42404031.11000881
59365,42403337.29544885
59366,42402643.73967623
59367,42401950.44542592
59368,42401257.409850866
59369,42400564.634333365
59370,42399872.11447933
59371,42399179.85791888
59372,42398487.8594687
59373,42397796.119380325
59374,42397104.64127625
59375,42396413.42000854
59376,42395722.46094795
59377,42395031.759967305
59378,42394341.31975667
59379,42393651.138642885
59380,42392961.216094814
59381,42392271.55484008
59382,42391582.15269486
59383,42390893.009480424
59384,42390204.12774421
59385,42389515.504901886
59386,42388827.14156864
59387,42388139.038979635
59388,42387451.196510844
59389,42386763.61373268
59390,42386076.28929043
59391,42385389.228563696
59392,42384702.424803816
59393,42384015.88095505
59394,42383329.5967187
59395,42382643.57469491
59396,42381957.811701365
59397,42381272.30808345
59398,42380587.06533847
59399,42379902.08477474
59400,42379217.361388884
59401,42378532.90052433
59402,42377848.69779752
59403,42377164.75700503
59404,42376481.07570978
59405,42375797.65451634
59406,42375114.49463528
59407,42374431.593325354
59408,42373748.951896675
59409,42373066.57264119
59410,42372384.45435177
59411,42371702.59724241
59412,42371020.99808857
59413,42370339.6611989
59414,42369658.58457546
59415,42368977.76781614
59416,42368297.20956275
59417,42367616.91548374
59418,42366936.88389238
59419,42366257.10857178
59420,42365577.5923531
59421,42364898.3426417
59422,42364219.3526303
59423,42363540.62011794
59424,42362862.14969014
59425,42362183.93842832
59426,42361505.99143034
59427,42360828.3023604
59428,42360150.875965625
59429,42359473.7098276
59430,42358796.80803933
59431,42358120.163003616
59432,42357443.78063093
59433,42356767.655863665
59434,42356091.79636198
59435,42355416.19519817
59436,42354740.85641523
59437,42354065.77999491
59438,42353390.96303645
59439,42352716.40762309
59440,42352042.111730985
59441,42351368.079959884
59442,42350694.3082441
59443,42350020.79652811
59444,42349347.54750496
59445,42348674.55799576
59446,42348001.83066389
59447,42347329.36934474
59448,42346657.1634201
59449,42345985.220121026
59450,42345313.53995245
59451,42344642.118391745
59452,42343970.9609367
59453,42343300.064978294
59454,42342629.427319944
59455,42341959.0540081
59456,42341288.940749235
59457,42340619.092170514
59458,42339949.502344996
59459,42339280.17573825
59460,42338611.10948247
59461,42337942.30412105
59462,42337273.76222931
59463,42336605.48139281
59464,42335937.46259785
59465,42335269.70598754
59466,42334602.20787456
59467,42333934.973343186
59468,42333268.002256736
59469,42332601.29372655
59470,42331934.845494054
59471,42331268.65824211
59472,42330602.734197155
59473,42329937.07124333
59474,42329271.67155323
59475,42328606.532546535
59476,42327941.65847752
59477,42327277.04380771
59478,42326612.69091973
59479,42325948.600028366
59480,42325284.77305075
59481,42324621.20606113
59482,42323957.90233397
59483,42323294.858837835
59484,42322632.081425205
59485,42321969.56270088
59486,42321307.308668554
59487,42320645.316594526
59488,42319983.58517891
59489,42319322.118529156
59490,42318660.91341881
59491,42317999.968166634
59492,42317339.28824086
59493,42316678.868362576
59494,42316018.71236312
59495,42315358.82021938
59496,42314699.1894832
59497,42314039.81862491
59498,42313380.716073945
59499,42312721.86996907
59500,42312063.289686315
59501,42311404.97055278
59502,42310746.915028244
59503,42310089.12369717
59504,42309431.59321361
59505,42308774.32227282
59506,42308117.31828312
59507,42307460.57945199
59508,42306804.09647656
59509,42306147.8805167
59510,42305491.927213624
59511,42304836.235735014
59512,42304180.80371257
59513,42303525.64137877
59514,42302870.74019762
59515,42302216.09879246
59516,42301561.72097035
59517,42300907.607194
59518,42300253.75720014
59519,42299600.1702584
59520,42298946.84768004
59521,42298293.78275341
59522,42297640.98492586
59523,42296988.44723019
59524,42296336.17461318
59525,42295684.16645929
59526,42295032.42121666
59527,42294380.9376791
59528,42293729.71801423
59529,42293078.76110557
59530,42292428.0680171
59531,42291777.63768362
59532,42291127.469850354
59533,42290477.56624307
59534,42289827.92896264
59535,42289178.55000485
59536,42288529.43719055
59537,42287880.58862427
59538,42287232.00059011
59539,42286583.67860678
59540,42285935.617176965
59541,42285287.82344411
59542,42284640.28944946
59543,42283993.02006114
59544,42283346.01434244
59545,42282699.273267135
59546,42282052.79433056
59547,42281406.57610842
59548,42280760.6277102
59549,42280114.94099543
59550,42279469.515905
59551,42278824.356275335
59552,42278179.46002513
59553,42277534.82939172
59554,42276890.45954947
59555,42276246.35422858
59556,42275602.51149622
59557,42274958.934576
59558,42274315.62256741
59559,42273672.57271308
59560,42273029.784869164
59561,42272387.26584824
59562,42271745.00569128
59563,42271103.01297875
59564,42270461.28540934
59565,42269819.81632119
59566,42269178.6150006
59567,42268537.67641894
59568,42267897.003370196
59569,42267256.5949312
59570,42266616.44773793
59571,42265976.56620114
59572,42265336.95031988
59573,42264697.594853155
59574,42264058.507300004
59575,42263419.681811355
59576,42262781.12186616
59577,42262142.82504598
59578,42261504.792619005
59579,42260867.02426027
59580,42260229.522764586
59581,42259592.28454252
59582,42258955.31059492
59583,42258318.5983042
59584,42257682.154061936
59585,42257045.97317187
59586,42256410.056129806
59587,42255774.40365937
59588,42255139.013367355
59589,42254503.892055094
59590,42253869.03327534
59591,42253234.43964477
59592,42252600.110808365
59593,42251966.044083856
59594,42251332.24354159
59595,42250698.70820297
59596,42250065.43694323
59597,42249432.43088685
59598,42248799.6892211
59599,42248167.211479016
59600,42247534.99986366
59601,42246903.05162187
59602,42246271.36765404
59603,42245639.950020395
59604,42245008.79574272
59605,42244377.91149106
59606,42243747.28773446
59607,42243116.928995565
59608,42242486.8341675
59609,42241857.00671553
59610,42241227.44294407
59611,42240598.1418725
59612,42239969.10881432
59613,42239340.34142586
59614,42238711.8367215
59615,42238083.59788041
59616,42237455.62586357
59617,42236827.915759586
59618,42236200.475733474
59619,42235573.29664646
59620,42234946.38179575
59621,42234319.73539285
59622,42233693.35166114
59623,42233067.23360769
59624,42232441.38378835
59625,42231815.79524555
59626,42231190.47228367
59627,42230565.41725976
59628,42229940.62741732
59629,42229316.10002117
59630,42228691.83986625
59631,42228067.84437383
59632,42227444.11544152
59633,42226820.64994694
59634,42226197.4514036
59635,42225574.51859043
59636,42224951.85131339
59637,42224329.4499703
59638,42223707.3119421
59639,42223085.44168728
59640,42222463.8347492
59641,42221842.49568684
59642,42221221.42180467
59643,42220600.61161683
59644,42219980.06884814
59645,42219359.790333875
59646,42218739.779608205
59647,42218120.030019894
59648,42217500.55071274
59649,42216881.33816639
59650,42216262.38696977
59651,42215643.70490587
59652,42215025.28938392
59653,42214407.13724647
59654,42213789.253015436
59655,42213171.63078947
59656,42212554.276600055
59657,42211937.1885564
59658,42211320.365399204
59659,42210703.8098225
59660,42210087.51844018
59661,42209471.496511705
59662,42208855.737707324
59663,42208240.24345047
59664,42207625.01761927
59665,42207010.05839889
59666,42206395.364073545
59667,42205780.934636496
59668,42205166.7737445
59669,42204552.878370255
59670,42203939.248666994
59671,42203325.886186436
59672,42202712.7873727
59673,42202099.95470795
59674,42201487.38993499
59675,42200875.0935502
59676,42200263.061462395
59677,42199651.29365619
59678,42199039.79421432
59679,42198428.56038632
59680,42197817.59279603
59681,42197206.89076259
59682,42196596.458268136
59683,42195986.29150683
59684,42195376.3882449
59685,42194766.75255737
59686,42194157.3836661
59687,42193548.28230592
59688,42192939.4471631
59689,42192330.87725831
59690,42191722.572099224
59691,42191114.53950298
59692,42190506.768952936
59693,42189899.264884844
59694,42189292.028084956
59695,42188685.05834267
59696,42188078.356468886
59697,42187471.917108975
59698,42186865.74975651
59699,42186259.8463806
59700,42185654.20994151
59701,42185048.83882325
59702,42184443.735348076
59703,42183838.90313623
59704,42183234.33165672
59705,42182630.03090252
59706,42182025.994142085
59707,42181422.22447135
59708,42180818.722577594
59709,42180215.48829783
59710,42179612.52018569
59711,42179009.81816634
59712,42178407.38442108
59713,42177805.21706561
59714,42177203.31582926
59715,42176601.681465976
59716,42176000.31615123
59717,42175399.215522714
59718,42174798.38355841
59719,42174197.81907337
59720,42173597.52042112
59721,42172997.49074623
59722,42172397.72482468
59723,42171798.2265537
59724,42171199.000349134
59725,42170600.036622606
59726,42170001.34140306
59727,42169402.91246758
59728,42168804.750553556
59729,42168206.8580509
59730,42167609.23314172
59731,42167011.87336005
59732,42166414.78152374
59733,42165817.95577568
59734,42165221.40224662
59735,42164625.110695995
59736,42164029.09079479
59737,42163433.333912775
59738,42162837.847603746
59739,42162242.625272974
59740,42161647.67186379
59741,42161052.98804627
59742,42160458.57113243
59743,42159864.42108358
59744,42159270.53817274
59745,42158676.92497174
59746,42158083.575529836
59747,42157490.49485997
59748,42156897.682560325
59749,42156305.13722184
59750,42155712.8611808
59751,42155120.85247451
59752,42154529.11096974
59753,42153937.63511188
59754,42153346.42890153
59755,42152755.48957381
59756,42152164.820177644
59757,42151574.41471913
59758,42150984.27974406
59759,42150394.40860619
59760,42149804.81168555
59761,42149215.48019504
59762,42148626.416034535
59763,42148037.618864976
59764,42147449.09051729
59765,42146860.83228612
59766,42146272.83752958
59767,42145685.11171001
59768,42145097.65562838
59769,42144510.4667531
59770,42143923.54680053
59771,42143336.89431272
59772,42142750.50769305
59773,42142164.39246896
59774,42141578.544736154
59775,42140992.96358307
59776,42140407.65045698
59777,42139822.605693385
59778,42139237.82849103
59779,42138653.32188045
59780,42138069.08069303
59781,42137485.10742717
59782,42136901.40423119
59783,42136317.9680563
59784,42135734.80115982
59785,42135151.90331448
59786,42134569.27097362
59787,42133986.907673754
59788,42133404.81511192
59789,42132822.989252
59790,42132241.42941259
59791,42131660.14223545
59792,42131079.12062749
59793,42130498.366391316
59794,42129917.8838259
59795,42129337.665441215
59796,42128757.71867659
59797,42128178.03898435
59798,42127598.628476195
59799,42127019.48814669
59800,42126440.61360964
59801,42125862.00734445
59802,42125283.671216376
59803,42124705.603027575
59804,42124127.80438174
59805,42123550.27541166
59806,42122973.01093747
59807,42122396.01719891
59808,42121819.29328198
59809,42121242.834646866
59810,42120666.64862309
59811,42120090.72763417
59812,42119515.07715138
59813,42118939.69533562
59814,42118364.58242928
59815,42117789.73796594
59816,42117215.162853695
59817,42116640.85519199
59818,42116066.817620166
59819,42115493.04661037
59820,42114919.548521906
59821,42114346.317220405
59822,42113773.353506446
59823,42113200.660093084
59824,42112628.23344816
59825,42112056.07963975
59826,42111484.19106126
59827,42110912.57094332
59828,42110341.22438579
59829,42109770.143470734
59830,42109199.33318396
59831,42108628.7905283
59832,42108058.51676714
59833,42107488.51148499
59834,42106918.7763505
59835,42106349.30824205
59836,42105780.111799575
59837,42105211.18690533
59838,42104642.52314245
59839,42104074.13524977
59840,42103506.01410576
59841,42102938.163356304
59842,42102370.580227286
59843,42101803.26795263
59844,42101236.22266211
59845,42100669.448545374
59846,42100102.94249195
59847,42099536.70543652
59848,42098970.73815837
59849,42098405.04201264
59850,42097839.61279586
59851,42097274.45391261
59852,42096709.56424171
59853,42096144.94188024
59854,42095580.59089449
59855,42095016.50896354
59856,42094452.69786176
59857,42093889.15385057
59858,42093325.8802903
59859,42092762.8748334
59860,42092200.14194248
59861,42091637.67667055
59862,42091075.4805494
59863,42090513.55382164
59864,42089951.89788333
59865,42089390.50949849
59866,42088829.39321602
59867,42088268.54431706
59868,42087707.963717796
59869,42087147.655811675
59870,42086587.61683798
59871,42086027.84600212
59872,42085468.347597055
59873,42084909.11400843
59874,42084350.15591872
59875,42083791.464614265
59876,42083233.04043911
59877,42082674.890741594
59878,42082117.0081385
59879,42081559.39766533
59880,42081002.05283864
59881,42080444.981672674
59882,42079888.17885322
59883,42079331.64424272
59884,42078775.38252745
59885,42078219.38723751
59886,42077663.66525275
59887,42077108.2126505
59888,42076553.026975945
59889,42075998.11254593
59890,42075443.467252076
59891,42074889.0952918
59892,42074334.989965536
59893,42073781.15420715
59894,42073227.59171948
59895,42072674.295860305
59896,42072121.27194927
59897,42071568.51639069
59898,42071016.03141253
59899,42070463.81705055
59900,42069911.87319241
59901,42069360.199788906
59902,42068808.794759415
59903,42068257.66014244
59904,42067706.795967825
59905,42067156.20429416
59906,42066605.87915195
59907,42066055.82371613
59908,42065506.042232364
59909,42064956.52857254
59910,42064407.28613609
59911,42063858.312518425
59912,42063309.611751266
59913,42062761.17792883
59914,42062213.01574307
59915,42061665.123776436
59916,42061117.50298728
59917,42060570.151626006
59918,42060023.06986835
59919,42059476.25963606
59920,42058929.719051324
59921,42058383.4501995
59922,42057837.44847401
59923,42057291.72021688
59924,42056746.26155246
59925,42056201.07474318
59926,42055656.15654842
59927,42055111.50822797
59928,42054567.129756354
59929,42054023.02418925
59930,42053479.18987321
59931,42052935.62220072
59932,42052392.327342175
59933,42051849.30278639
59934,42051306.54767281
59935,42050764.06418636
59936,42050221.8512221
59937,42049679.90934851
59938,42049138.23829546
59939,42048596.83683528
59940,42048055.70660425
59941,42047514.848322056
59942,42046974.2594683
59943,42046433.93833988
59944,42045893.89121633
59945,42045354.113687605
59946,42044814.60754275
59947,42044275.371660426
59948,42043736.40497273
59949,42043197.71310743
59950,42042659.289038874
59951,42042121.13562616
59952,42041583.253280796
59953,42041045.641726315
59954,42040508.30107676
59955,42039971.23202711
59956,42039434.43269897
59957,42038897.90488025
59958,42038361.64744767
59959,42037825.66109054
59960,42037289.94783136
59961,42036754.50172285
59962,42036219.32774244
59963,42035684.425764605
59964,42035149.79278271
59965,42034615.43428194
59966,42034081.34367517
59967,42033547.52464213
59968,42033013.97684448
59969,42032480.69901198
59970,42031947.69675689
59971,42031414.960508965
59972,42030882.49855084
59973,42030350.30398244
59974,42029818.383268125
59975,42029286.733208895
59976,42028755.353728555
59977,42028224.244668394
59978,42027693.40635955
59979,42027162.84454077
59980,42026632.54686173
59981,42026102.526606925
59982,42025572.771125235
59983,42025043.291960895
59984,42024514.0812282
59985,42023985.14255518
59986,42023456.47381046
59987,42022928.07779264
59988,42022399.95282619
59989,42021872.09965125
59990,42021344.516867325
59991,42020817.20541823
59992,42020290.165192366
59993,42019763.39679663
59994,42019236.900888614
59995,42018710.67384247
59996,42018184.71899564
59997,42017659.03715958
59998,42017133.6231467
59999,42016608.48503115
60000,42016083.61623669
60001,42015559.019264996
60002,42015034.69302401
60003,42014510.63683486
60004,42013986.85481801
60005,42013463.34402254
60006,42012940.10363989
60007,42012417.13379106
60008,42011894.43785138
60009,42011372.01273674
60010,42010849.856768176
60011,42010327.973255485
60012,42009806.366022006
60013,42009285.025168784
60014,42008763.95658728
60015,42008243.160342045
60016,42007722.63637957
60017,42007202.38429541
60018,42006682.40040087
60019,42006162.691812836
60020,42005643.25582992
60021,42005124.08863396
60022,42004605.19386539
60023,42004086.57054601
60024,42003568.21916861
60025,42003050.13882946
60026,42002532.33091069
60027,42002014.79619006
60028,42001497.53051519
60029,42000980.538777314
60030,42000463.817863695
60031,41999947.37091409
60032,41999431.19137573
60033,41998915.2873342
60034,41998399.65333018
60035,41997884.290802166
60036,41997369.19982324
60037,41996854.38302519
60038,41996339.83786326
60039,41995825.56151181
60040,41995311.56124347
60041,41994797.83133205
60042,41994284.37158859
60043,41993771.18584343
60044,41993258.27045257
60045,41992745.62822339
60046,41992233.258454025
60047,41991721.15669532
60048,41991209.33076495
60049,41990697.77806533
60050,41990186.495549425
60051,41989675.4820328
60052,41989164.746367715
60053,41988654.27564775
60054,41988144.08432122
60055,41987634.16146294
60056,41987124.51014375
60057,41986615.13193369
60058,41986106.02580594
60059,41985597.19219031
60060,41985088.63246417
60061,41984580.341526076
60062,41984072.32451467
60063,41983564.57729933
60064,41983057.10456788
60065,41982549.90216858
60066,41982042.97406191
60067,41981536.31709686
60068,41981029.93366703
60069,41980523.82023181
60070,41980017.98010447
60071,41979512.41359388
60072,41979007.11766488
60073,41978502.09381451
60074,41977997.3427519
60075,41977492.86427906
60076,41976988.659484915
60077,41976484.725098185
60078,41975981.06226682
60079,41975477.6729899
60080,41974974.55559419
60081,41974471.711748384
60082,41973969.14003948
60083,41973466.83919818
60084,41972964.8148216
60085,41972463.05822265
60086,41971961.574949555
60087,41971460.36487875
60088,41970959.4256541
60089,41970458.76054898
60090,41969958.37023482
60091,41969458.2501831
60092,41968958.39845156
60093,41968458.82574985
60094,41967959.523777865
60095,41967460.49168615
60096,41966961.735704415
60097,41966463.249645755
60098,41965965.03656942
60099,41965467.09567127
60100,41964969.42837331
60101,41964472.03277743
60102,41963974.91105389
60103,41963478.06114222
60104,41962981.483196974
60105,41962485.1770464
60106,41961989.146791376
60107,41961493.38660259
60108,41960997.89978523
60109,41960502.68616365
60110,41960007.74630037
60111,41959513.07566478
60112,41959018.67988383
60113,41958524.55817653
60114,41958030.70611609
60115,41957537.12789021
60116,41957043.82469585
60117,41956550.79137126
60118,41956058.03193413
60119,41955565.544777445
60120,41955073.33133178
60121,41954581.39028585
60122,41954089.72096412
60123,41953598.32388065
60124,41953107.202782944
60125,41952616.35207717
60126,41952125.77604122
60127,41951635.46990014
60128,41951145.4389482
60129,41950655.679112576
60130,41950166.19558438
60131,41949676.9831182
60132,41949188.04139122
60133,41948699.374576166
60134,41948210.97976605
60135,41947722.85859229
60136,41947235.01166305
60137,41946747.43507323
60138,41946260.133614115
60139,41945773.10364878
60140,41945286.34791283
60141,41944799.86325102
60142,41944313.654202506
60143,41943827.71746869
60144,41943342.04938087
60145,41942856.65949857
60146,41942371.54103868
60147,41941886.694997214
60148,41941402.123752244
60149,41940917.82515701
60150,41940433.79582352
60151,41939950.04258789
60152,41939466.56622345
60153,41938983.35735274
60154,41938500.42381545
60155,41938017.76190794
60156,41937535.37539732
60157,41937053.262234
60158,41936571.42001858
60159,41936089.85152621
60160,41935608.55453836
60161,41935127.535198845
60162,41934646.785795696
60163,41934166.30969952
60164,41933686.1086721
60165,41933206.17811372
60166,41932726.52367345
60167,41932247.14170895
60168,41931768.03126311
60169,41931289.19454833
60170,41930810.63151931
60171,41930332.34285812
60172,41929854.325701244
60173,41929376.58544057
60174,41928899.111891724
60175,41928421.91671089
60176,41927944.99395703
60177,41927468.34400075
60178,41926991.966777205
60179,41926515.86539782
60180,41926040.03500579
60181,41925564.478606805
60182,41925089.19409074
60183,41924614.18461996
60184,41924139.44915627
60185,41923664.984602876
60186,41923190.796803184
60187,41922716.879878506
60188,41922243.2383023
60189,41921769.86749343
60190,41921296.77385241
60191,41920823.950008415
60192,41920351.40112922
60193,41919879.12438692
60194,41919407.12327201
60195,41918935.39388568
60196,41918463.937796466
60197,41917992.757537305
60198,41917521.85079469
60199,41917051.214977965
60200,41916580.853677966
60201,41916110.76612302
60202,41915640.95466709
60203,41915171.41257423
60204,41914702.14346971
60205,41914233.15117253
60206,41913764.43154124
60207,41913295.98502601
60208,41912827.81320386
60209,41912359.91355333
60210,41911892.288205944
60211,41911424.93707574
60212,41910957.857205294
60213,41910491.052047275
60214,41910024.52453026
60215,41909558.2668587
60216,41909092.282777525
60217,41908626.57276176
60218,41908161.135985725
60219,41907695.97658634
60220,41907231.08484442
60221,41906766.472034335
60222,41906302.12996561
60223,41905838.06055082
60224,41905374.26578338
60225,41904910.745639384
60226,41904447.49858635
60227,41903984.526553735
60228,41903521.82762177
60229,41903059.400336616
60230,41902597.25255359
60231,41902135.3713098
60232,41901673.765337355
60233,41901212.437663816
60234,41900751.38011593
60235,41900290.59853437
60236,41899830.08979456
60237,41899369.855124906
60238,41898909.89446936
60239,41898450.20507551
60240,41897990.7921824
60241,41897531.65353799
60242,41897072.78637434
60243,41896614.19319291
60244,41896155.877602056
60245,41895697.8322112
60246,41895240.06182739
60247,41894782.56615856
60248,41894325.343525976
60249,41893868.395913936
60250,41893411.71898158
60251,41892955.32173323
60252,41892499.19123129
60253,41892043.3393734
60254,41891587.75995713
60255,41891132.455901824
60256,41890677.4248492
60257,41890222.66795176
60258,41889768.18497986
60259,41889313.97694354
60260,41888860.04070512
60261,41888406.38084817
60262,41887952.99062799
60263,41887499.87712707
60264,41887047.04039312
60265,41886594.47557657
60266,41886142.18373521
60267,41885690.1673215
60268,41885238.42551979
60269,41884786.95628494
60270,41884335.76051918
60271,41883884.840352975
60272,41883434.19429845
60273,41882983.81978
60274,41882533.72176699
60275,41882083.89915725
60276,41881634.34627253
60277,41881185.070793495
60278,41880736.06867235
60279,41880287.34293259
60280,41879838.88719295
60281,41879390.70947357
60282,41878942.802879915
60283,41878495.173718005
60284,41878047.81493494
60285,41877600.732908934
60286,41877153.92351252
60287,41876707.387993015
60288,41876261.12801117
60289,41875815.14180689
60290,41875369.429313034
60291,41874923.99284737
60292,41874478.83086946
60293,41874033.93909555
60294,41873589.32454517
60295,41873144.98344079
60296,41872700.9136265
60297,41872257.12430031
60298,41871813.606076606
60299,41871370.36047346
60300,41870927.3902876
60301,41870484.69713081
60302,41870042.27725645
60303,41869600.12843567
60304,41869158.25595988
60305,41868716.660385475
60306,41868275.335064195
60307,41867834.2833567
60308,41867393.50857873
60309,41866953.010516085
60310,41866512.78104938
60311,41866072.82889157
60312,41865633.15215081
60313,41865193.74762125
60314,41864754.61908812
60315,41864315.76405404
60316,41863877.18311011
60317,41863438.87832745
60318,41863000.84408552
60319,41862563.088106915
60320,41862125.604429774
60321,41861688.39807056
60322,41861251.462076716
60323,41860814.80440635
60324,41860378.41671055
60325,41859942.3063119
60326,41859506.47078914
60327,41859070.90667751
60328,41858635.62151382
60329,41858200.606847994
60330,41857765.86850194
60331,41857331.40436204
60332,41856897.21392859
60333,41856463.2978522
60334,41856029.657888144
60335,41855596.28939475
60336,41855163.19819349
60337,41854730.381953865
60338,41854297.8407285
60339,41853865.57228842
60340,41853433.57784965
60341,41853001.85594427
60342,41852570.412917115
60343,41852139.24141423
60344,41851708.34639712
60345,41851277.7261449
60346,41850847.37911641
60347,41850417.3075574
60348,41849987.507233754
60349,41849557.98454741
60350,41849128.738567874
60351,41848699.76464378
60352,41848271.06374111
60353,41847842.63894936
60354,41847414.48994644
60355,41846986.61369747
60356,41846559.012759514
60357,41846131.68481763
60358,41845704.635087736
60359,41845277.8565466
60360,41844851.35277896
60361,41844425.1254374
60362,41843999.17229665
60363,41843573.495679505
60364,41843148.08945049
60365,41842722.96112046
60366,41842298.10386228
60367,41841873.526799306
60368,41841449.219619185
60369,41841025.19001316
60370,41840601.43389272
60371,41840177.95268856
60372,41839754.74561951
60373,41839331.81511667
60374,41838909.15601408
60375,41838486.775350235
60376,41838064.66573389
60377,41837642.832068264
60378,41837221.27409029
60379,41836799.98951339
60380,41836378.980601214
60381,41835958.24605701
60382,41835537.78624197
60383,41835117.60312951
60384,41834697.6930365
60385,41834278.055585556
60386,41833858.69575839
60387,41833439.60969091
60388,41833020.79832909
60389,41832602.261287734
60390,41832183.99967699
60391,41831766.01262485
60392,41831348.29914891
60393,41830930.86239427
60394,41830513.69863774
60395,41830096.81257327
60396,41829680.19938213
60397,41829263.86140074
60398,41828847.79647784
60399,41828432.00957355
60400,41828016.495246395
60401,41827601.25798809
60402,41827186.292359605
60403,41826771.60157691
60404,41826357.18627263
60405,41825943.04812059
60406,41825529.18198843
60407,41825115.592238255
60408,41824702.276806116
60409,41824289.236838646
60410,41823876.47337628
60411,41823463.98030983
60412,41823051.765070535
60413,41822639.82314781
60414,41822228.15682436
60415,41821816.76707705
60416,41821405.65126709
60417,41820994.80849386
60418,41820584.24159492
60419,41820173.9496027
60420,41819763.93487272
60421,41819354.19381299
60422,41818944.724502
60423,41818535.533240244
60424,41818126.6178373
60425,41817717.97432179
60426,41817309.60713238
60427,41816901.5152315
60428,41816493.696951285
60429,41816086.15408865
60430,41815678.887578055
60431,41815271.89323004
60432,41814865.17527964
60433,41814458.73342409
60434,41814052.5669999
60435,41813646.67457315
60436,41813241.0550134
60437,41812835.71335471
60438,41812430.645904295
60439,41812025.851524256
60440,41811621.334056124
60441,41811217.09219232
60442,41810813.121503465
60443,41810409.42882905
60444,41810006.0125171
60445,41809602.866809204
60446,41809199.99972825
60447,41808797.4057616
60448,41808395.08956805
60449,41807993.04383472
60450,41807591.27677165
60451,41807189.78261859
60452,41806788.564036556
60453,41806387.62045671
60454,41805986.954059295
60455,41805586.561597496
60456,41805186.44304607
60457,41804786.60020349
60458,41804387.03150609
60459,41803987.73993015
60460,41803588.72171571
60461,41803189.9781956
60462,41802791.51040083
60463,41802393.31690122
60464,41801995.401533425
60465,41801597.75766966
60466,41801200.38908764
60467,41800803.296405375
60468,41800406.47863746
60469,41800009.936242245
60470,41799613.6693686
60471,41799217.67506737
60472,41798821.95925022
60473,41798426.517169915
60474,41798031.35017365
60475,41797636.458319694
60476,41797241.84122508
60477,41796847.49973427
60478,41796453.43242083
60479,41796059.641863875
60480,41795666.12495003
60481,41795272.88505342
60482,41794879.91712623
60483,41794487.22440077
60484,41794094.80881773
60485,41793702.66740556
60486,41793310.801971644
60487,41792919.21222743
60488,41792527.89508928
60489,41792136.85424847
60490,41791746.089859955
60491,41791355.59818048
60492,41790965.382901445
60493,41790575.44406818
60494,41790185.776938014
60495,41789796.3884256
60496,41789407.27508075
60497,41789018.43284815
60498,41788629.868520394
60499,41788241.579591826
60500,41787853.56418662
60501,41787465.829856195
60502,41787078.364273824
60503,41786691.17483111
60504,41786304.26071629
60505,41785917.62587148
60506,41785531.26115025
60507,41785145.172355235
60508,41784759.360857114
60509,41784373.822348125
60510,41783988.55894909
60511,41783603.57150844
60512,41783218.859362416
60513,41782834.42195106
60514,41782450.26227132
60515,41782066.37401484
60516,41781682.76444157
60517,41781299.42599973
60518,41780916.365155935
60519,41780533.57941752
60520,41780151.068276264
60521,41779768.833086655
60522,41779386.87391567
60523,41779005.18945528
60524,41778623.77863857
60525,41778242.64243491
60526,41777861.78351391
60527,41777481.19922613
60528,41777100.89240194
60529,41776720.85779075
60530,41776341.099332035
60531,41775961.61393205
60532,41775582.40510304
60533,41775203.473899335
60534,41774824.81503084
60535,41774446.43316505
60536,41774068.32588724
60537,41773690.49290151
60538,41773312.9373447
60539,41772935.653147854
60540,41772558.64821055
60541,41772181.91749929
60542,41771805.46247095
60543,41771429.28008116
60544,41771053.37561263
60545,41770677.7451885
60546,41770302.39120913
60547,41769927.30930715
60548,41769552.50638344
60549,41769177.97572761
60550,41768803.71920915
60551,41768429.74183868
60552,41768056.03720223
60553,41767682.61120133
60554,41767309.4566367
60555,41766936.57719158
60556,41766563.97668411
60557,41766191.64966147
60558,41765819.59572492
60559,41765447.81871993
60560,41765076.31765939
60561,41764705.08919077
60562,41764334.14050897
60563,41763963.46554352
60564,41763593.06251068
60565,41763222.93957085
60566,41762853.08854728
60567,41762483.51255935
60568,41762114.21361534
60569,41761745.19018351
60570,41761376.43959508
60571,41761007.9659763
60572,41760639.76644262
60573,41760271.84351738
60574,41759904.196262844
60575,41759536.82257296
60576,41759169.7247084
60577,41758802.90408943
60578,41758436.356416374
60579,41758070.08371879
60580,41757704.089487046
60581,41757338.36865423
60582,41756972.92163327
60583,41756607.748774454
60584,41756242.85499961
60585,41755878.23507831
60586,41755513.88807608
60587,41755149.82129934
60588,41754786.02603803
60589,41754422.50794898
60590,41754059.262794904
60591,41753696.29513565
60592,41753333.60201179
60593,41752971.18377484
60594,41752609.04146236
60595,41752247.17349737
60596,41751885.58039415
60597,41751524.26275775
60598,41751163.22268427
60599,41750802.45787488
60600,41750441.96510824
60601,41750081.7515518
60602,41749721.811507255
60603,41749362.145495266
60604,41749002.75504474
60605,41748643.6417054
60606,41748284.80258979
60607,41747926.23724199
60608,41747567.94886864
60609,41747209.93456958
60610,41746852.1975512
60611,41746494.73236268
60612,41746137.54658458
60613,41745780.63375424
60614,41745423.99753261
60615,41745067.63512164
60616,41744711.547582835
60617,41744355.73770398
60618,41744000.202026986
60619,41743644.94299544
60620,41743289.95599934
60621,41742935.24578567
60622,41742580.81071651
60623,41742226.65360846
60624,41741872.768082485
60625,41741519.159699336
60626,41741165.82428645
60627,41740812.765760094
60628,41740459.983579
60629,41740107.47835094
60630,41739755.24316382
60631,41739403.28643695
60632,41739051.60516384
60633,41738700.19789326
60634,41738349.06764366
60635,41737998.21025974
60636,41737647.6291939
60637,41737297.32749486
60638,41736947.293599956
60639,41736597.54036863
60640,41736248.05894458
60641,41735898.85393528
60642,41735549.92625092
60643,41735201.27114017
60644,41734852.89350223
60645,41734504.78978761
60646,41734156.96379656
60647,41733809.408236556
60648,41733462.13296
60649,41733115.13034602
60650,41732768.40287912
60651,41732421.95066708
60652,41732075.77518356
60653,41731729.87409087
60654,41731384.24838109
60655,41731038.89710661
60656,41730693.82088494
60657,41730349.02282767
60658,41730004.4971291
60659,41729660.24696622
60660,41729316.2722864
60661,41728972.57518075
60662,41728629.151873365
60663,41728286.00255456
60664,41727943.129370384
60665,41727600.53190649
60666,41727258.20763488
60667,41726916.16264887
60668,41726574.38722757
60669,41726232.89106936
60670,41725891.6688189
60671,41725550.72318277
60672,41725210.05362865
60673,41724869.655686565
60674,41724529.53562127
60675,41724189.68681249
60676,41723850.11991434
60677,41723510.825494885
60678,41723171.80487162
60679,41722833.059175834
60680,41722494.589775056
60681,41722156.39639287
60682,41721818.47694767
60683,41721480.83617744
60684,41721143.466748275
60685,41720806.374637805
60686,41720469.55504791
60687,41720133.01194649
60688,41719796.744610704
60689,41719460.7526812
60690,41719125.03570443
60691,41718789.595699966
60692,41718454.428893745
60693,41718119.53697382
60694,41717784.91898537
60695,41717450.58010002
60696,41717116.51387008
60697,41716782.725177445
60698,41716449.209469646
60699,41716115.9687304
60700,41715783.00171383
60701,41715450.31410627
60702,41715117.89922565
60703,41714785.76112489
60704,41714453.89562018
60705,41714122.30826775
60706,41713790.99222888
60707,41713459.954699665
60708,41713129.19203845
60709,41712798.704397954
60710,41712468.492549814
60711,41712138.55291156
60712,41711808.89151815
60713,41711479.5043213
60714,41711150.39358575
60715,41710821.55584769
60716,41710492.99339262
60717,41710164.706778586
60718,41709836.69597681
60719,41709508.95872597
60720,41709181.501015574
60721,41708854.313568994
60722,41708527.40200963
60723,41708200.76638254
60724,41707874.40590526
60725,41707548.32231887
60726,41707222.5102867
60727,41706896.97690948
60728,41706571.71796119
60729,41706246.73225208
60730,41705922.0224247
60731,41705597.59001851
60732,41705273.428936414
60733,41704949.54581912
60734,41704625.93737899
60735,41704302.60296267
60736,41703979.543805026
60737,41703656.76101265
60738,41703334.25360784
60739,41703012.01936144
60740,41702690.06249097
60741,41702368.37884779
60742,41702046.9706834
60743,41701725.83786429
60744,41701404.98123621
60745,41701084.399656065
60746,41700764.09128385
60747,41700444.0579353
60748,41700124.3028338
60749,41699804.81879572
60750,41699485.61444723
60751,41699166.68068906
60752,41698848.023194596
60753,41698529.64294352
60754,41698211.535470925
60755,41697893.7047058
60756,41697576.147915676
60757,41697258.86508243
60758,41696941.86010383
60759,41696625.129458986
60760,41696308.67292222
60761,41695992.49298316
60762,41695676.586019285
60763,41695360.95450509
60764,41695045.59905328
60765,41694730.517500006
60766,41694415.71255269
60767,41694101.1817983
60768,41693786.92449153
60769,41693472.94583499
60770,41693159.241665795
60771,41692845.809382915
60772,41692532.65124294
60773,41692219.77231052
60774,41691907.165947214
60775,41691594.83644593
60776,41691282.78195326
60777,41690971.0000938
60778,41690659.49725343
60779,41690348.262053184
60780,41690037.309256166
60781,41689726.62945571
60782,41689416.222427584
60783,41689106.092124745
60784,41688796.238525964
60785,41688486.65924327
60786,41688177.353890695
60787,41687868.32100899
60788,41687559.56719539
60789,41687251.08523783
60790,41686942.880656324
60791,41686634.948928915
60792,41686327.29236811
60793,41686019.91442753
60794,41685712.80896716
60795,41685405.97591517
60796,41685099.42145259
60797,41684793.139495954
60798,41684487.13588812
60799,41684181.401218064
60800,41683875.9464702
60801,41683570.76406872
60802,41683265.85772293
60803,41682961.2279097
60804,41682656.871209614
60805,41682352.78919782
60806,41682048.984506115
60807,41681745.45333431
60808,41681442.195817955
60809,41681139.2115968
60810,41680836.506876506
60811,41680534.07482118
60812,41680231.91649061
60813,41679930.03540307
60814,41679628.427153505
60815,41679327.094318226
60816,41679026.03630467
60817,41678725.255537145
60818,41678424.74807417
60819,41678124.51357568
60820,41677824.55649215
60821,41677524.87367431
60822,41677225.46376531
60823,41676926.32988426
60824,41676627.47159625
60825,41676328.88628681
60826,41676030.57849808
60827,41675732.543753326
60828,41675434.7827666
60829,41675137.29806507
60830,41674840.08847284
60831,41674543.15487577
60832,41674246.493733265
60833,41673950.10855113
60834,41673653.99924164
60835,41673358.1624064
60836,41673062.60019398
60837,41672767.31350241
60838,41672472.30322317
60839,41672177.56514658
60840,41671883.10533668
60841,41671588.91705724
60842,41671295.00442568
60843,41671001.365579136
60844,41670708.00413893
60845,41670414.91637672
60846,41670122.10157921
60847,41669829.56384472
60848,41669537.298441716
60849,41669245.3094386
60850,41668953.59696073
60851,41668662.154591754
60852,41668370.99030132
60853,41668080.09887595
60854,41667789.48374906
60855,41667499.1430636
60856,41667209.07505585
60857,41666919.28352613
60858,41666629.767754115
60859,41666340.524978735
60860,41666051.558290765
60861,41665762.864354946
60862,41665474.447572395
60863,41665186.30269172
60864,41664898.434806585
60865,41664610.84019578
60866,41664323.518082775
60867,41664036.47505872
60868,41663749.704002045
60869,41663463.20804027
60870,41663176.987082675
60871,41662891.03893052
60872,41662605.36751929
60873,41662319.96932523
60874,41662034.849209145
60875,41661749.99789325
60876,41661465.4237024
60877,41661181.12508067
60878,41660897.101337835
60879,41660613.35139757
60880,41660329.87698253
60881,41660046.67531748
60882,41659763.74854144
60883,41659481.097819105
60884,41659198.72134565
60885,41658916.617771804
60886,41658634.79035089
60887,41658353.23601133
60888,41658071.95663646
60889,41657790.95307996
60890,41657510.22260701
60891,41657229.767885365
60892,41656949.5874259
60893,41656669.67926759
60894,41656390.04801387
60895,41656110.690904185
60896,41655831.60719305
60897,41655552.79871113
60898,41655274.264228545
60899,41654996.00468483
60900,41654718.01974986
60901,41654440.30786726
60902,41654162.870466374
60903,41653885.710203566
60904,41653608.82267952
60905,41653332.21145119
60906,41653055.87152873
60907,41652779.80760917
60908,41652504.01685736
60909,41652228.50129599
60910,41651953.26007533
60911,41651678.29305701
60912,41651403.602834
60913,41651129.1845816
60914,41650855.04229054
60915,41650581.17226616
60916,41650307.57722118
60917,41650034.25461136
60918,41649761.21246186
60919,41649488.43889373
60920,41649215.93940577
60921,41648943.71867814
60922,41648671.76892574
60923,41648400.094489574
60924,41648128.69551114
60925,41647857.56886828
60926,41647586.71898987
60927,41647316.1406451
60928,41647045.83824143
60929,41646775.80976627
60930,41646506.05508045
60931,41646236.57493622
60932,41645967.369014695
60933,41645698.43876917
60934,41645429.78076707
60935,41645161.39611829
60936,41644893.28681539
60937,41644625.452476
60938,41644357.89325969
60939,41644090.60550149
60940,41643823.59393262
60941,41643556.855420835
60942,41643290.39406612
60943,41643024.204353586
60944,41642758.28930452
60945,41642492.646858305
60946,41642227.278646976
60947,41641962.1868022
60948,41641697.36767296
60949,41641432.823190674
60950,41641168.55535189
60951,41640904.557766
60952,41640640.83622466
60953,41640377.38907862
60954,41640114.21310681
60955,41639851.31499533
60956,41639588.68728019
60957,41639326.33742683
60958,41639064.26076652
60959,41638802.4551601
60960,41638540.92779742
60961,41638279.67192507
60962,41638018.690032065
60963,41637757.982119866
60964,41637497.55043672
60965,41637237.391596854
60966,41636977.50572005
60967,41636717.894010164
60968,41636458.55871933
60969,41636199.49611194
60970,41635940.70684915
60971,41635682.19244303
60972,41635423.94914394
60973,41635165.98129762
60974,41634908.29000925
60975,41634650.87004265
60976,41634393.72623403
60977,41634136.85295664
60978,41633880.25571605
60979,41633623.93336586
60980,41633367.884014934
60981,41633112.10897362
60982,41632856.60656865
60983,41632601.37701987
60984,41632346.42855317
60985,41632091.74518589
60986,41631837.34197117
60987,41631583.20675859
60988,41631329.34749765
60989,41631075.76375557
60990,41630822.45454459
60991,41630569.4172757
60992,41630316.65400988
60993,41630064.16451257
60994,41629811.949392915
60995,41629560.007614635
60996,41629308.34126303
60997,41629056.947079584
60998,41628805.82510568
60999,41628554.97823429
61000,41628304.40592061
61001,41628054.107988924
61002,41627804.083520494
61003,41627554.33194634
61004,41627304.85507308
61005,41627055.65060198
61006,41626806.72210973
61007,41626558.06463625
61008,41626309.681466825
61009,41626061.57095938
61010,41625813.73753371
61011,41625566.17607962
61012,41625318.88693966
61013,41625071.87223755
61014,41624825.13388852
61015,41624578.66487665
61016,41624332.47270542
61017,41624086.55289947
61018,41623840.90727267
61019,41623595.53344004
61020,41623350.43546635
61021,41623105.609407134
61022,41622861.058830276
61023,41622616.781227335
61024,41622372.77716299
61025,41622129.0468756
61026,41621885.58779094
61027,41621642.403999135
61028,41621399.495322615
61029,41621156.85792999
61030,41620914.495423764
61031,41620672.406489335
61032,41620430.587553255
61033,41620189.04656765
61034,41619947.77601351
61035,41619706.78251488
61036,41619466.05757811
61037,41619225.61096517
61038,41618985.43423414
61039,41618745.53353235
61040,41618505.90587752
61041,41618266.549029514
61042,41618027.46669322
61043,41617788.659805894
61044,41617550.12498728
61045,41617311.86279779
61046,41617073.87416933
61047,41616836.16287224
61048,41616598.72199537
61049,41616361.55211259
61050,41616124.6579863
61051,41615888.03799597
61052,41615651.69025694
61053,41615415.61678484
61054,41615179.81451774
61055,41614944.28507029
61056,41614709.03238648
61057,41614474.049688525
61058,41614239.34239385
61059,41614004.90891826
61060,41613770.7455107
61061,41613536.858208284
61062,41613303.24216704
61063,41613069.9007523
61064,41612836.83276993
61065,41612604.03974138
61066,41612371.51614824
61067,41612139.26996285
61068,41611907.29266847
61069,41611675.59027218
61070,41611444.15894518
61071,41611213.00379778
61072,41610982.11987431
61073,41610751.5109181
61074,41610521.17411676
61075,41610291.111003615
61076,41610061.32145925
61077,41609831.80306711
61078,41609602.55996557
61079,41609373.586537376
61080,41609144.89041158
61081,41608916.46455691
61082,41608688.31333526
61083,41608460.43508412
61084,41608232.826959856
61085,41608005.49708185
61086,41607778.435652085
61087,41607551.65095264
61088,41607325.13540911
61089,41607098.89589912
61090,41606872.926861204
61091,41606647.232265286
61092,41606421.81027462
61093,41606196.66105319
61094,41605971.78507393
61095,41605747.18254987
61096,41605522.85279038
61097,41605298.79530825
61098,41605075.01133156
61099,41604851.49792719
61100,41604628.2618676
61101,41604405.29461483
61102,41604182.600969344
61103,41603960.1845793
61104,41603738.03710271
61105,41603516.161478505
61106,41603294.56118085
61107,41603073.23121799
61108,41602852.175323546
61109,41602631.392238006
61110,41602410.88201763
61111,41602190.64499884
61112,41601970.67990996
61113,41601750.98589668
61114,41601531.5694282
61115,41601312.422243856
61116,41601093.54983655
61117,41600874.948340274
61118,41600656.62096008
61119,41600438.56477761
61120,41600220.78062128
61121,41600003.27041827
61122,41599786.032903366
61123,41599569.06839341
61124,41599352.37630995
61125,41599135.95831965
61126,41598919.81059605
61127,41598703.93416958
61128,41598488.3333769
61129,41598273.005028166
61130,41598057.94745294
61131,41597843.16450021
61132,41597628.652101174
61133,41597414.413875565
61134,41597200.447048195
61135,41596986.75386431
61136,41596773.33384459
61137,41596560.18445466
61138,41596347.30613395
61139,41596134.705864735
61140,41595922.37314686
61141,41595710.3123563
61142,41595498.52570483
61143,41595287.01288267
61144,41595075.771648966
61145,41594864.803534634
61146,41594654.10550865
61147,41594443.679968104
61148,41594233.52814428
61149,41594023.64967531
61150,41593814.040471666
61151,41593604.70842571
61152,41593395.64384995
61153,41593186.85515124
61154,41592978.337511
61155,41592770.093798034
61156,41592562.11717011
61157,41592354.416219465
61158,41592146.98746837
61159,41591939.83153992
61160,41591732.94654639
61161,41591526.33647307
61162,41591319.9965738
61163,41591113.9278363
61164,41590908.1321223
61165,41590702.6093373
61166,41590497.35843453
61167,41590292.38070599
61168,41590087.67388104
61169,41589883.24014151
61170,41589679.078583285
61171,41589475.18730422
61172,41589271.5696303
61173,41589068.22563587
61174,41588865.14999193
61175,41588662.34726119
61176,41588459.818088666
61177,41588257.558962435
61178,41588055.575698666
61179,41587853.86117084
61180,41587652.41942747
61181,41587451.25007029
61182,41587250.354703635
61183,41587049.72792233
61184,41586849.375551105
61185,41586649.29375115
61186,41586449.48410579
61187,41586249.94601204
61188,41586050.681319006
61189,41585851.68675184
61190,41585652.96560349
61191,41585454.51672566
61192,41585256.3390002
61193,41585058.43119055
61194,41584860.79781005
61195,41584663.435689494
61196,41584466.34485429
61197,41584269.5267245
61198,41584072.9799003
61199,41583876.70593673
61200,41583680.70302568
61201,41583484.96925983
61202,41583289.511413254
61203,41583094.32228141
61204,41582899.40550331
61205,41582704.7618635
61206,41582510.38832416
61207,41582316.2875283
61208,41582122.45718932
61209,41581928.90077014
61210,41581735.61570315
61211,41581542.60123658
61212,41581349.85827791
61213,41581157.38868968
61214,41580965.189754084
61215,41580773.26040145
61216,41580581.605388045
61217,41580390.21961839
61218,41580199.10641552
61219,41580008.26591392
61220,41579817.695063
61221,41579627.39449691
61222,41579437.36985112
61223,41579247.61337546
61224,41579058.130769975
61225,41578868.91838263
61226,41578679.97763932
61227,41578491.30784596
61228,41578302.90987355
61229,41578114.78404372
61230,41577926.92936891
61231,41577739.34590938
61232,41577552.03433987
61233,41577364.99405407
61234,41577178.22298541
61235,41576991.72513621
61236,41576805.501046814
61237,41576619.544853516
61238,41576433.85936493
61239,41576248.446249045
61240,41576063.30567081
61241,41575878.43587513
61242,41575693.83804861
61243,41575509.5075699
61244,41575325.452666305
61245,41575141.670431055
61246,41574958.15487583
61247,41574774.91236589
61248,41574591.94038571
61249,41574409.241575144
61250,41574226.80999591
61251,41574044.6535518
61252,41573862.76522372
61253,41573681.15175126
61254,41573499.80691625
61255,41573318.73243578
61256,41573137.932878576
61257,41572957.401446536
61258,41572777.14174763
61259,41572597.150232494
61260,41572417.432803586
61261,41572237.988111116
61262,41572058.811841875
61263,41571879.90756464
61264,41571701.272045106
61265,41571522.90928067
61266,41571344.8180789
61267,41571166.995139
61268,41570989.44665459
61269,41570812.16989049
61270,41570635.15880903
61271,41570458.42027627
61272,41570281.95589173
61273,41570105.75905511
61274,41569929.83518628
61275,41569754.18256575
61276,41569578.799055785
61277,41569403.685849704
61278,41569228.8458249
61279,41569054.272760816
61280,41568879.97484886
61281,41568705.94525788
61282,41568532.185025916
61283,41568358.698658675
61284,41568185.48306501
61285,41568012.53774943
61286,41567839.861646816
61287,41567667.45663692
61288,41567495.32372264
61289,41567323.459825255
61290,41567151.86783097
61291,41566980.54532168
61292,41566809.492565855
61293,41566638.71308279
61294,41566468.20309636
61295,41566297.96383491
61296,41566127.99276883
61297,41565958.29434218
61298,41565788.86752929
61299,41565619.70995437
61300,41565450.8215729
61301,41565282.20487371
61302,41565113.85905463
61303,41564945.78397307
61304,41564777.97786279
61305,41564610.444463775
61306,41564443.17803331
61307,41564276.18505307
61308,41564109.462587945
61309,41563943.008384176
61310,41563776.8261511
61311,41563610.914060324
61312,41563445.274264894
61313,41563279.899117894
61314,41563114.79924954
61315,41562949.96687439
61316,41562785.40600358
61317,41562621.1156246
61318,41562457.096029654
61319,41562293.347545
61320,41562129.867435284
61321,41561966.656161375
61322,41561803.716907755
61323,41561641.048501395
61324,41561478.648870334
61325,41561316.519231044
61326,41561154.66172209
61327,41560993.07399812
61328,41560831.75486111
61329,41560670.70667938
61330,41560509.926783584
61331,41560349.41750605
61332,41560189.178305104
61333,41560029.20998655
61334,41559869.51363014
61335,41559710.086122535
61336,41559550.92823363
61337,41559392.03938644
61338,41559233.42013783
61339,41559075.07317865
61340,41558916.99292463
61341,41558759.18453687
61342,41558601.64767582
61343,41558444.377141625
61344,41558287.37879636
61345,41558130.64963085
61346,41557974.19166984
61347,41557818.002811484
61348,41557662.08337534
61349,41557506.432519846
61350,41557351.05305686
61351,41557195.94385513
61352,41557041.1022409
61353,41556886.531250514
61354,41556732.23063993
61355,41556578.19950261
61356,41556424.43866605
61357,41556270.946814194
61358,41556117.724545166
61359,41555964.771434665
61360,41555812.08846027
61361,41555659.67681996
61362,41555507.53289744
61363,41555355.658093154
61364,41555204.05401968
61365,41555052.72039709
61366,41554901.653765924
61367,41554750.85801376
61368,41554600.33324356
61369,41554450.07598138
61370,41554300.08694848
61371,41554150.370806046
61372,41554000.9211648
61373,41553851.741320595
61374,41553702.83413376
61375,41553554.19198508
61376,41553405.821440734
61377,41553257.72020119
61378,41553109.89061151
61379,41552962.32495931
61380,41552815.03197462
61381,41552668.00821462
61382,41552521.25436194
61383,41552374.768325604
61384,41552228.551555164
61385,41552082.60592502
61386,41551936.92897224
61387,41551791.51752717
61388,41551646.37920781
61389,41551501.51032905
61390,41551356.90768509
61391,41551212.57702111
61392,41551068.51584639
61393,41550924.72172375
61394,41550781.19725753
61395,41550637.94221348
61396,41550494.95559903
61397,41550352.23780733
61398,41550209.79102655
61399,41550067.610533714
61400,41549925.70081071
61401,41549784.05827792
61402,41549642.6874006
61403,41549501.58486854
61404,41549360.75067886
61405,41549220.18637377
61406,41549079.888728544
61407,41548939.86138825
61408,41548800.10275086
61409,41548660.61391035
61410,41548521.394446865
61411,41548382.43866031
61412,41548243.75737546
61413,41548105.343210794
61414,41547967.19591879
61415,41547829.32118875
61416,41547691.71297949
61417,41547554.37365521
61418,41547417.30247704
61419,41547280.50168805
61420,41547143.96749647
61421,41547007.703384444
61422,41546871.708250396
61423,41546735.98233813
61424,41546600.52322058
61425,41546465.33352837
61426,41546330.41357454
61427,41546195.75932955
61428,41546061.37367958
61429,41545927.25854574
61430,41545793.4111617
61431,41545659.833305076
61432,41545526.52294652
61433,41545393.48081101
61434,41545260.70953537
61435,41545128.20490994
61436,41544995.967825614
61437,41544863.99878815
61438,41544732.30045096
61439,41544600.868635625
61440,41544469.707813255
61441,41544338.81095712
61442,41544208.18676426
61443,41544077.82900879
61444,41543947.739829324
61445,41543817.91796792
61446,41543688.364541605
61447,41543559.08260939
61448,41543430.06291137
61449,41543301.31628942
61450,41543172.83556641
61451,41543044.62404444
61452,41542916.68035257
61453,41542789.00338896
61454,41542661.59571156
61455,41542534.45646798
61456,41542407.58608241
61457,41542280.98363476
61458,41542154.64761509
61459,41542028.579822674
61460,41541902.783157825
61461,41541777.2496873
61462,41541651.98868168
61463,41541526.99239864
61464,41541402.26727068
61465,41541277.806368284
61466,41541153.61389465
61467,41541029.692280196
61468,41540906.036029935
61469,41540782.65010038
61470,41540659.52988989
61471,41540536.67703574
61472,41540414.09258349
61473,41540291.77620932
61474,41540169.728223614
61475,41540047.9494404
61476,41539926.43494716
61477,41539805.19078185
61478,41539684.21080999
61479,41539563.50052065
61480,41539443.059324116
61481,41539322.886414185
61482,41539202.97859787
61483,41539083.3405306
61484,41538963.9692658
61485,41538844.862995185
61486,41538726.02830883
61487,41538607.45993867
61488,41538489.15819665
61489,41538371.12170035
61490,41538253.35507148
61491,41538135.857593164
61492,41538018.626211844
61493,41537901.66349404
61494,41537784.965142004
61495,41537668.537395954
61496,41537552.37416188
61497,41537436.48123143
61498,41537320.853429124
61499,41537205.49458522
61500,41537090.401526175
61501,41536975.57465068
61502,41536861.01962204
61503,41536746.72980697
61504,41536632.704575896
61505,41536518.95022896
61506,41536405.46002864
61507,41536292.23771149
61508,41536179.284048244
61509,41536066.59723455
61510,41535954.17599931
61511,41535842.025695175
61512,41535730.13694677
61513,41535618.519156374
61514,41535507.16706563
61515,41535396.084683485
61516,41535285.26419759
61517,41535174.715920635
61518,41535064.43168005
61519,41534954.41360129
61520,41534844.66482394
61521,41534735.18226145
61522,41534625.96722115
61523,41534517.01708874
61524,41534408.336349554
61525,41534299.920619816
61526,41534191.77272526
61527,41534083.88992748
61528,41533976.27591537
61529,41533868.92840922
61530,41533761.84729926
61531,41533655.03285434
61532,41533548.48740155
61533,41533442.205019444
61534,41533336.191010416
61535,41533230.44305099
61536,41533124.962523185
61537,41533019.7480204
61538,41532914.80209883
61539,41532810.1192889
61540,41532705.70583825
61541,41532601.55932139
61542,41532497.6766708
61543,41532394.06104864
61544,41532290.71242948
61545,41532187.630994424
61546,41532084.81668551
61547,41531982.269340314
61548,41531879.98586154
61549,41531777.96899394
61550,41531676.21959994
61551,41531574.736662656
61552,41531473.51874266
61553,41531372.56924167
61554,41531271.88513994
61555,41531171.47066868
61556,41531071.317354426
61557,41530971.43016036
61558,41530871.81071995
61559,41530772.4582696
61560,41530673.37448732
61561,41530574.551415235
61562,41530476.000237934
61563,41530377.71088606
61564,41530279.68855349
61565,41530181.93192378
61566,41530084.44469772
61567,41529987.22042293
61568,41529890.26327771
61569,41529793.570644744
61570,41529697.14614305
61571,41529600.987517275
61572,41529505.09317099
61573,41529409.46402153
61574,41529314.104040705
61575,41529219.008641735
61576,41529124.1798332
61577,41529029.614894494
61578,41528935.31742851
61579,41528841.28480557
61580,41528747.51652192
61581,41528654.018199675
61582,41528560.78276992
61583,41528467.815693244
61584,41528375.10905042
61585,41528282.67187847
61586,41528190.50196481
61587,41528098.59666805
61588,41528006.95462175
61589,41527915.57986149
61590,41527824.47104724
61591,41527733.62682904
61592,41527643.05036351
61593,41527552.736526094
61594,41527462.69089193
61595,41527372.90758159
61596,41527283.39484718
61597,41527194.140722744
61598,41527105.15696517
61599,41527016.44091813
61600,41526927.98483301
61601,41526839.79555061
61602,41526751.8718029
61603,41526664.21488477
61604,41526576.823202655
61605,41526489.69632289
61606,41526402.83439296
61607,41526316.235810116
61608,41526229.906532094
61609,41526143.84077995
61610,41526058.040068366
61611,41525972.50423873
61612,41525887.232660525
61613,41525802.227818675
61614,41525717.48995436
61615,41525633.01309673
61616,41525548.80339148
61617,41525464.85914799
61618,41525381.17862775
61619,41525297.765927464
61620,41525214.61450328
61621,41525131.73234234
61622,41525049.11038831
61623,41524966.75689608
61624,41524884.667909436
61625,41524802.843673244
61626,41524721.2828813
61627,41524639.98751338
61628,41524558.95961066
61629,41524478.193193816
61630,41524397.69248719
61631,41524317.455288894
61632,41524237.48653247
61633,41524157.78033242
61634,41524078.33772055
61635,41523999.161756314
61636,41523920.2507931
61637,41523841.60401014
61638,41523763.220027395
61639,41523685.10217934
61640,41523607.25006491
61641,41523529.660467036
61642,41523452.33704377
61643,41523375.27951244
61644,41523298.48272283
61645,41523221.953331456
61646,41523145.685100496
61647,41523069.68408866
61648,41522993.94703035
61649,41522918.47410986
61650,41522843.265250385
61651,41522768.32340654
61652,41522693.644163795
61653,41522619.22774246
61654,41522545.077181056
61655,41522471.191548094
61656,41522397.56931965
61657,41522324.21242442
61658,41522251.118860275
61659,41522178.28761514
61660,41522105.72297325
61661,41522033.420976974
61662,41521961.38657528
61663,41521889.612571746
61664,41521818.10464757
61665,41521746.85873371
61666,41521675.87963451
61667,41521605.16292723
61668,41521534.711062014
61669,41521464.52004938
61670,41521394.597066574
61671,41521324.93765517
61672,41521255.53913371
61673,41521186.40802755
61674,41521117.53941646
61675,41521048.934767455
61676,41520980.59348178
61677,41520912.51668624
61678,41520844.70323945
61679,41520777.154525734
61680,41520709.86693179
61681,41520642.84605158
61682,41520576.08872316
61683,41520509.59222378
61684,41520443.36150793
61685,41520377.39558173
61686,41520311.69294298
61687,41520246.25155368
61688,41520181.07551246
61689,41520116.16309001
61690,41520051.513107195
61691,41519987.13019233
61692,41519923.00499374
61693,41519859.14742155
61694,41519795.55232238
61695,41519732.21836247
61696,41519669.15147113
61697,41519606.34613005
61698,41519543.80675567
61699,41519481.526257806
61700,41519419.514149114
61701,41519357.76060237
61702,41519296.27461533
61703,41519235.04740389
61704,41519174.08762373
61705,41519113.38976508
61706,41519052.95424216
61707,41518992.780473895
61708,41518932.87401555
61709,41518873.22776508
61710,41518813.84231559
61711,41518754.725336865
61712,41518695.871689044
61713,41518637.276655264
61714,41518578.94475535
61715,41518520.87852393
61716,41518463.073300324
61717,41518405.53338654
61718,41518348.25317986
61719,41518291.23974575
61720,41518234.48689944
61721,41518177.99693995
61722,41518121.77154058
61723,41518065.80647979
61724,41518010.10530919
61725,41517954.667014666
61726,41517899.490967356
61727,41517844.577825345
61728,41517789.92651122
61729,41517735.539049625
61730,41517681.41534474
61731,41517627.55337378
61732,41517573.95326412
61733,41517520.61585373
61734,41517467.54187297
61735,41517414.73019217
61736,41517362.181295566
61737,41517309.894090824
61738,41517257.871265434
61739,41517206.10824749
61740,41517154.608422294
61741,41517103.372118525
61742,41517052.396635234
61743,41517001.687668085
61744,41516951.23658651
61745,41516901.0485299
61746,41516851.12488305
61747,41516801.460475326
61748,41516752.06012755
61749,41516702.92118154
61750,41516654.04489095
61751,41516605.4321864
61752,41516557.08135901
61753,41516508.989888564
61754,41516461.16312882
61755,41516413.59787232
61756,41516366.295638725
61757,41516319.25328751
61758,41516272.47536129
61759,41516225.958227195
61760,41516179.70174478
61761,41516133.708976924
61762,41516087.9781588
61763,41516042.50837166
61764,41515997.30054303
61765,41515952.35742519
61766,41515907.67051757
61767,41515863.25071974
61768,41515819.09184423
61769,41515775.1914496
61770,41515731.55581681
61771,41515688.18196465
61772,41515645.06500379
61773,41515602.216669865
61774,41515559.62548828
61775,41515517.30000715
61776,41515475.23185414
61777,41515433.42962991
61778,41515391.88366214
61779,41515350.60338759
61780,41515309.58190822
61781,41515268.82389629
61782,41515228.32695711
61783,41515188.09127028
61784,41515148.11861417
61785,41515108.40550967
61786,41515068.95184057
61787,41515029.762501426
61788,41514990.83250086
61789,41514952.16479298
61790,41514913.759327225
61791,41514875.61675368
61792,41514837.729701646
61793,41514800.10950345
61794,41514762.7481206
61795,41514725.64682165
61796,41514688.80926214
61797,41514652.23143378
61798,41514615.91403216
61799,41514579.85827175
61800,41514544.063581534
61801,41514508.529416524
61802,41514473.25786388
61803,41514438.24561209
61804,41514403.49565422
61805,41514369.005190894
61806,41514334.77636078
61807,41514300.80857525
61808,41514267.10335175
61809,41514233.65450487
61810,41514200.47226711
61811,41514167.546663515
61812,41514134.88049788
61813,41514102.47838852
61814,41514070.33496645
61815,41514038.45555029
61816,41514006.835162446
61817,41513975.47374117
61818,41513944.37497677
61819,41513913.534782514
61820,41513882.956982024
61821,41513852.63826205
61822,41513822.58046569
61823,41513792.784205124
61824,41513763.24672883
61825,41513733.97224537
61826,41513704.95480141
61827,41513676.200413264
61828,41513647.70424507
61829,41513619.46883612
61830,41513591.49655237
61831,41513563.78047856
61832,41513536.33079843
61833,41513509.13491584
61834,41513482.20204252
61835,41513455.528865494
61836,41513429.11655198
61837,41513402.96414288
61838,41513377.07048554
61839,41513351.43640064
61840,41513326.065565236
61841,41513300.95394935
61842,41513276.102516025
61843,41513251.51022843
61844,41513227.17859038
61845,41513203.103944965
61846,41513179.292379536
61847,41513155.74042464
61848,41513132.44986713
61849,41513109.4184002
61850,41513086.64150238
61851,41513064.13092316
61852,41513041.876683846
61853,41513019.883678325
61854,41512998.14805786
61855,41512976.67670736
61856,41512955.45878623
61857,41512934.50500766
61858,41512913.811002634
61859,41512893.37523925
61860,41512873.20000332
61861,41512853.28299772
61862,41512833.62656552
61863,41512814.22948724
61864,41512795.091682404
61865,41512776.213747926
61866,41512757.595623344
61867,41512739.234510794
61868,41512721.136533104
61869,41512703.29451438
61870,41512685.71433959
61871,41512668.39065762
61872,41512651.327338494
61873,41512634.52474726
61874,41512617.982925646
61875,41512601.693898335
61876,41512585.670024306
61877,41512569.90276427
61878,41512554.39536162
61879,41512539.14522821
61880,41512524.157447554
61881,41512509.42689698
61882,41512494.95375834
61883,41512480.74301722
61884,41512466.78926528
61885,41512453.09472937
61886,41512439.65953971
61887,41512426.484076716
61888,41512413.56572686
61889,41512400.905355394
61890,41512388.50685074
61891,41512376.3650633
61892,41512364.482018776
61893,41512352.85767052
61894,41512341.49471447
61895,41512330.38703061
61896,41512319.5408734
61897,41512308.949897885
61898,41512298.62259734
61899,41512288.55145772
61900,41512278.73615515
61901,41512269.18223978
61902,41512259.884336166
61903,41512250.84657339
61904,41512242.06911984
61905,41512233.54731534
61906,41512225.28344218
61907,41512217.28092791
61908,41512209.53402539
61909,41512202.04779292
61910,41512194.820065916
61911,41512187.84979762
61912,41512181.13619173
61913,41512174.683060735
61914,41512168.48527394
61915,41512162.54962355
61916,41512156.867540576
61917,41512151.445920505
61918,41512146.282834366
61919,41512141.37718654
61920,41512136.73113704
61921,41512132.34257827
61922,41512128.21004237
61923,41512124.337007225
61924,41512120.71992447
61925,41512117.36392975
61926,41512114.26602009
61927,41512111.42394085
61928,41512108.837548755
61929,41512106.51213092
61930,41512104.447684914
61931,41512102.634163134
61932,41512101.08245792
61933,41512099.78743839
61934,41512098.74730884
61935,41512097.969379865
61936,41512097.44669962
61937,41512097.18370874
61938,41512097.17695576
61939,41512097.42473362
61940,41512097.93709735
61941,41512098.69940733
61942,41512099.72291842
61943,41512101.000120424
61944,41512102.54167959
61945,41512104.333801076
61946,41512106.38845386
61947,41512108.69801934
61948,41512111.26631794
61949,41512114.090589084
61950,41512117.1728062
61951,41512120.512499414
61952,41512124.10648165
61953,41512127.96068441
61954,41512132.07059076
61955,41512136.43818013
61956,41512141.06578855
61957,41512145.9444054
61958,41512151.08370719
61959,41512156.48258799
61960,41512162.13311389
61961,41512168.04297877
61962,41512174.210174724
61963,41512180.63220169
61964,41512187.31299133
61965,41512194.250650816
61966,41512201.44648389
61967,41512208.897080496
61968,41512216.603511825
61969,41512224.56848043
61970,41512232.79057679
61971,41512241.265280254
61972,41512250.00249222
61973,41512258.99410265
61974,41512268.240183584
61975,41512277.74608478
61976,41512287.50633032
61977,41512297.52552738
61978,41512307.797088295
61979,41512318.32856294
61980,41512329.113301374
61981,41512340.15805706
61982,41512351.45839145
61983,41512363.0130014
61984,41512374.82692593
61985,41512386.895307474
61986,41512399.21938597
61987,41512411.80007214
61988,41512424.634579554
61989,41512437.73052633
61990,41512451.08195092
61991,41512464.686388016
61992,41512478.54903311
61993,41512492.66611794
61994,41512507.039209016
61995,41512521.67146325
61996,41512536.555564426
61997,41512551.69857802
61998,41512567.09719461
61999,41512582.75005664
62000,41512598.66209678
62001,41512614.82814939
62002,41512631.24684949
62003,41512647.924174204
62004,41512664.857567094
62005,41512682.047967486
62006,41512699.49182911
62007,41512717.19231487
62008,41512735.14876397
62009,41512753.35806394
62010,41512771.82660123
62011,41512790.54885896
62012,41512809.52749903
62013,41512828.76200354
62014,41512848.249984205
62015,41512867.99418872
62016,41512887.99402385
62017,41512908.25243049
62018,41512928.76161937
62019,41512949.526634194
62020,41512970.55105313
62021,41512991.82492753
62022,41513013.35732594
62023,41513035.1460411
62024,41513057.18850609
62025,41513079.48724703
62026,41513102.03804899
62027,41513124.84847145
62028,41513147.91269528
62029,41513171.228779554
62030,41513194.8027725
62031,41513218.63075511
62032,41513242.715270855
62033,41513267.05222841
62034,41513291.64538769
62035,41513316.49462467
62036,41513341.59817436
62037,41513366.95589514
62038,41513392.56802964
62039,41513418.436650895
62040,41513444.558486424
62041,41513470.93409197
62042,41513497.56429346
62043,41513524.45387352
62044,41513551.5941237
62045,41513578.988915876
62046,41513606.6418852
62047,41513634.54666857
62048,41513662.705652215
62049,41513691.1184322
62050,41513719.783342645
62051,41513748.71042817
62052,41513777.88549437
62053,41513807.31740508
62054,41513837.00477127
62055,41513866.94614133
62056,41513897.140188895
62057,41513927.58763068
62058,41513958.291250214
62059,41513989.246672876
62060,41514020.457608536
62061,41514051.92591985
62062,41514083.64489849
62063,41514115.61696187
62064,41514147.846265696
62065,41514180.328874394
62066,41514213.06511914
62067,41514246.05477754
62068,41514279.2976762
62069,41514312.795004986
62070,41514346.54767913
62071,41514380.55393847
62072,41514414.81345238
62073,41514449.3273455
62074,41514484.0927963
62075,41514519.11239601
62076,41514554.38905736
62077,41514589.916208744
62078,41514625.69665902
62079,41514661.73401317
62080,41514698.02385147
62081,41514734.565445885
62082,41514771.362653874
62083,41514808.41042661
62084,41514845.713349864
62085,41514883.27155375
62086,41514921.08039436
62087,41514959.145396866
62088,41514997.46117414
62089,41515036.03237148
62090,41515074.855241574
62091,41515113.93044639
62092,41515153.25934015
62093,41515192.84531833
62094,41515232.681496166
62095,41515272.76946795
62096,41515313.113970056
62097,41515353.71034869
62098,41515394.557108685
62099,41515435.65778204
62100,41515477.01559772
62101,41515518.623793244
62102,41515560.48263316
62103,41515602.59790996
62104,41515644.9641294
62105,41515687.5832132
62106,41515730.456261545
62107,41515773.58034061
62108,41515816.957676604
62109,41515860.589862764
62110,41515904.473117836
62111,41515948.6063795
62112,41515992.99647584
62113,41516037.63833936
62114,41516082.5334851
62115,41516127.67795019
62116,41516173.07819976
62117,41516218.732007615
62118,41516264.63416118
62119,41516310.79069176
62120,41516357.19938368
62121,41516403.861692384
62122,41516450.77437118
62123,41516497.94005198
62124,41516545.35865969
62125,41516593.03033184
62126,41516640.95213951
62127,41516689.1267288
62128,41516737.554955095
62129,41516786.23250351
62130,41516835.161183536
62131,41516884.34827467
62132,41516933.78375547
62133,41516983.47021036
62134,41517033.41006721
62135,41517083.603057705
62136,41517134.04564689
62137,41517184.741960004
62138,41517235.68791503
62139,41517286.88649221
62140,41517338.33816087
62141,41517390.04040571
62142,41517441.99480765
62143,41517494.20018615
62144,41517546.65757769
62145,41517599.36700368
62146,41517652.32907084
62147,41517705.54180716
62148,41517759.00269909
62149,41517812.720297605
62150,41517866.68664447
62151,41517920.9064126
62152,41517975.376424044
62153,41518030.098701686
62154,41518085.07164478
62155,41518140.29784285
62156,41518195.77165645
62157,41518251.49877994
62158,41518307.47483319
62159,41518363.70525903
62160,41518420.185043395
62161,41518476.918421455
62162,41518533.90070357
62163,41518591.13423993
62164,41518648.620538436
62165,41518706.35535281
62166,41518764.344004735
62167,41518822.58201765
62168,41518881.06903416
62169,41518939.81067163
62170,41518998.80044362
62171,41519058.04156304
62172,41519117.53480038
62173,41519177.27605816
62174,41519237.271107
62175,41519297.51679129
62176,41519358.01150548
62177,41519418.75897075
62178,41519479.75422271
62179,41519541.00207449
62180,41519602.49973778
62181,41519664.246776775
62182,41519726.247654036
62183,41519788.49701471
62184,41519850.99464838
62185,41519913.74441117
62186,41519976.74711226
62187,41520039.9998347
62188,41520103.502682954
62189,41520167.249794975
62190,41520231.25515198
62191,41520295.50682628
62192,41520360.0074161
62193,41520424.762382224
62194,41520489.76359845
62195,41520555.01563915
62196,41520620.516891114
62197,41520686.271617256
62198,41520752.27440724
62199,41520818.52943079
62200,41520885.02901607
62201,41520951.78175799
62202,41521018.78469604
62203,41521086.04027436
62204,41521153.53869619
62205,41521221.29316871
62206,41521289.29207035
62207,41521357.5455492
62208,41521426.04639522
62209,41521494.796435006
62210,41521563.79831677
62211,41521633.046857275
62212,41521702.54566403
62213,41521772.296119906
62214,41521842.294165544
62215,41521912.543460414
62216,41521983.04046848
62217,41522053.789275154
62218,41522124.783719644
62219,41522196.02998144
62220,41522267.5235175
62221,41522339.26850213
62222,41522411.26150929
62223,41522483.50630881
62224,41522555.99624846
62225,41522628.73738438
62226,41522701.72847703
62227,41522774.966690384
62228,41522848.45708994
62229,41522922.19493237
62230,41522996.17835744
62231,41523070.41533446
62232,41523144.89779924
62233,41523219.63133224
62234,41523294.61428047
62235,41523369.8444562
62236,41523445.32400104
62237,41523521.053211294
62238,41523597.0302102
62239,41523673.25487097
62240,41523749.72854922
62241,41523826.452178806
62242,41523903.42276124
62243,41523980.64471364
62244,41524058.112429954
62245,41524135.82870377
62246,41524213.79680939
62247,41524292.009549044
62248,41524370.47131244
62249,41524449.18407123
62250,41524528.14339131
62251,41524607.347757526
62252,41524686.80653507
62253,41524766.5096085
62254,41524846.462652415
62255,41524926.66201781
62256,41525007.111011535
62257,41525087.80698368
62258,41525168.75301218
62259,41525249.94412407
62260,41525331.386607975
62261,41525413.07452474
62262,41525495.01181228
62263,41525577.19466813
62264,41525659.62860145
62265,41525742.30905978
62266,41525825.23854245
62267,41525908.41332826
62268,41525991.83573261
62269,41526075.50709635
62270,41526159.427574
62271,41526243.593008906
62272,41526328.0073813
62273,41526412.66897643
62274,41526497.57945331
62275,41526582.73654087
62276,41526668.140480556
62277,41526753.79443741
62278,41526839.692666635
62279,41526925.84059127
62280,41527012.23305247
62281,41527098.87359538
62282,41527185.762024984
62283,41527272.898839414
62284,41527360.282876894
62285,41527447.91217276
62286,41527535.79082482
62287,41527623.91598772
62288,41527712.28547938
62289,41527800.903940044
62290,41527889.77175965
62291,41527978.88383752
62292,41528068.243602745
62293,41528157.850601695
62294,41528247.70189032
62295,41528337.8042208
62296,41528428.15114133
62297,41528518.74538846
62298,41528609.58468848
62299,41528700.67315804
62300,41528792.006711744
62301,41528883.589007415
62302,41528975.415262
62303,41529067.4887169
62304,41529159.80884382
62305,41529252.37774111
62306,41529345.19136524
62307,41529438.252271816
62308,41529531.55640553
62309,41529625.10847497
62310,41529718.90846967
62311,41529812.95331922
62312,41529907.24508908
62313,41530001.78413991
62314,41530096.56891708
62315,41530191.59857624
62316,41530286.874758825
62317,41530382.398059435
62318,41530478.16568157
62319,41530574.18207199
62320,41530670.44434325
62321,41530766.94741163
62322,41530863.7018887
62323,41530960.70043558
62324,41531057.94417035
62325,41531155.435187116
62326,41531253.17031809
62327,41531351.15244568
62328,41531449.37944927
62329,41531547.852781
62330,41531646.572218746
62331,41531745.53658051
62332,41531844.745289214
62333,41531944.20258854
62334,41532043.90310919
62335,41532143.849571876
62336,41532244.043334596
62337,41532344.47909691
62338,41532445.162820905
62339,41532546.090448014
62340,41532647.264860496
62341,41532748.68669623
62342,41532850.347837135
62343,41532952.257972725
62344,41533054.414227255
62345,41533156.81313964
62346,41533259.45754874
62347,41533362.3470664
62348,41533465.48355627
62349,41533568.86269914
62350,41533672.49032045
62351,41533776.35793383
62352,41533880.47489043
62353,41533984.83394086
62354,41534089.438639365
62355,41534194.28712888
62356,41534299.38111948
62357,41534404.72035121
62358,41534510.30539462
62359,41534616.13328244
62360,41534722.203937866
62361,41534828.522162594
62362,41534935.08553024
62363,41535041.8929482
62364,41535148.94342681
62365,41535256.23886004
62366,41535363.7785133
62367,41535471.56493831
62368,41535579.59301092
62369,41535687.86780135
62370,41535796.382319234
62371,41535905.146061875
62372,41536014.15188879
62373,41536123.4023425
62374,41536232.89662513
62375,41536342.63370843
62376,41536452.61653076
62377,41536562.84341765
62378,41536673.3127971
62379,41536784.029354095
62380,41536894.98430923
62381,41537006.18798645
62382,41537117.63370416
62383,41537229.32654906
62384,41537341.25953025
62385,41537453.43641023
62386,41537565.858395986
62387,41537678.52361323
62388,41537791.43081624
62389,41537904.584531054
62390,41538017.981690206
62391,41538131.62133453
62392,41538245.503607586
62393,41538359.6294785
62394,41538474.00005659
62395,41538588.61316012
62396,41538703.468027994
62397,41538818.56827565
62398,41538933.91316573
62399,41539049.4984733
62400,41539165.327960834
62401,41539281.403317794
62402,41539397.71829609
62403,41539514.27750046
62404,41539631.0787861
62405,41539748.12501999
62406,41539865.41362543
62407,41539982.9445488
62408,41540100.71867286
62409,41540218.73898435
62410,41540336.99887204
62411,41540455.500426285
62412,41540574.24507908
62413,41540693.23332776
62414,41540812.46598345
62415,41540931.93826304
62416,41541051.65680916
62417,41541171.6146141
62418,41541291.81850717
62419,41541412.26332035
62420,41541532.94998033
62421,41541653.881867096
62422,41541775.05146621
62423,41541896.46779319
62424,41542018.12312683
62425,41542140.02395235
62426,41542262.16159844
62427,41542384.545955524
62428,41542507.172668494
62429,41542630.04267364
62430,41542753.15110796
62431,41542876.50306883
62432,41543000.09884718
62433,41543123.935691245
62434,41543248.01258038
62435,41543372.33320223
62436,41543496.89807423
62437,41543621.70202549
62438,41543746.74856327
62439,41543872.03609429
62440,41543997.5642072
62441,41544123.33669923
62442,41544249.349070095
62443,41544375.60619842
62444,41544502.101425625
62445,41544628.838623054
62446,41544755.82039694
62447,41544883.04290347
62448,41545010.503406376
62449,41545138.209137395
62450,41545266.15462432
62451,41545394.34348737
62452,41545522.76913121
62453,41545651.442323446
62454,41545780.351785235
62455,41545909.50488744
62456,41546038.89968184
62457,41546168.53526015
62458,41546298.409936234
62459,41546428.52637274
62460,41546558.88485157
62461,41546689.48587048
62462,41546820.32414084
62463,41546951.406637274
62464,41547082.728525266
62465,41547214.292375945
62466,41547346.09560238
62467,41547478.13990193
62468,41547610.4253786
62469,41547742.95164931
62470,41547875.71778786
62471,41548008.7273376
62472,41548141.975337945
62473,41548275.46255371
62474,41548409.19306462
62475,41548543.16316687
62476,41548677.37331389
62477,41548811.82468433
62478,41548946.516013235
62479,41549081.44870456
62480,41549216.61983275
62481,41549352.03275845
62482,41549487.683364555
62483,41549623.57651072
62484,41549759.70920448
62485,41549896.08334063
62486,41550032.6970652
62487,41550169.55202853
62488,41550306.642923266
62489,41550443.97799817
62490,41550581.54967911
62491,41550719.36382735
62492,41550857.41683554
62493,41550995.70910353
62494,41551134.242039174
62495,41551273.017120406
62496,41551412.02737126
62497,41551551.280990876
62498,41551690.77242756
62499,41551830.50252605
62500,41551970.47411622
62501,41552110.68477974
62502,41552251.135205
62503,41552391.82385418
62504,41552532.751738384
62505,41552673.92093808
62506,41552815.33056737
62507,41552956.97646618
62508,41553098.862467535
62509,41553240.98706152
62510,41553383.354642004
62511,41553525.95724842
62512,41553668.80173892
62513,41553811.8836369
62514,41553955.20512262
62515,41554098.76639184
62516,41554242.5642529
62517,41554386.60235501
62518,41554530.881328166
62519,41554675.396755576
62520,41554820.150218025
62521,41554965.14577355
62522,41555110.37882102
62523,41555255.84631253
62524,41555401.55736742
62525,41555547.50645634
62526,41555693.69526129
62527,41555840.12117842
62528,41555986.785301976
62529,41556133.688555524
62530,41556280.827933475
62531,41556428.20762617
62532,41556575.828265935
62533,41556723.683649294
62534,41556871.779601045
62535,41557020.11081682
62536,41557168.68182048
62537,41557317.49116715
62538,41557466.540962555
62539,41557615.82714113
62540,41557765.35048452
62541,41557915.11144091
62542,41558065.11255278
62543,41558215.35048839
62544,41558365.823750004
62545,41558516.539216794
62546,41558667.49149578
62547,41558818.68179252
62548,41558970.10784825
62549,41559121.77307386
62550,41559273.67555317
62551,41559425.816247515
62552,41559578.19260284
62553,41559730.80894499
62554,41559883.66044887
62555,41560036.752880916
62556,41560190.08193548
62557,41560343.64620061
62558,41560497.44969151
62559,41560651.490643255
62560,41560805.77060529
62561,41560960.28271351
62562,41561115.035670474
62563,41561270.024125785
62564,41561425.25119666
62565,41561580.71446857
62566,41561736.41482078
62567,41561892.35283718
62568,41562048.529096164
62569,41562204.9399214
62570,41562361.58715366
62571,41562518.47354136
62572,41562675.59554654
62573,41562832.95665793
62574,41562990.55104365
62575,41563148.38547921
62576,41563306.45511133
62577,41563464.760460705
62578,41563623.30366796
62579,41563782.08201591
62580,41563941.09930822
62581,41564100.34967007
62582,41564259.839368105
62583,41564419.5648754
62584,41564579.52791423
62585,41564739.7267312
62586,41564900.15898383
62587,41565060.830030486
62588,41565221.73587118
62589,41565382.88009207
62590,41565544.260558195
62591,41565705.87306213
62592,41565867.726358205
62593,41566029.81458113
62594,41566192.13744605
62595,41566354.69668894
62596,41566517.49316838
62597,41566680.52278185
62598,41566843.789955914
62599,41567007.291840695
62600,41567171.032731496
62601,41567335.00707495
62602,41567499.216417216
62603,41567663.661883876
62604,41567828.34412767
62605,41567993.26124019
62606,41568158.41244762
62607,41568323.79969306
62608,41568489.42336106
62609,41568655.28249438
62610,41568821.376978606
62611,41568987.70767178
62612,41569154.272708185
62613,41569321.072579354
62614,41569488.10844718
62615,41569655.37900793
62616,41569822.884593844
62617,41569990.62510846
62618,41570158.599777445
62619,41570326.8103328
62620,41570495.2569198
62621,41570663.9393717
62622,41570832.85623573
62623,41571002.004965164
62624,41571171.39010383
62625,41571341.010932766
62626,41571510.86624103
62627,41571680.953370385
62628,41571851.28142316
62629,41572021.838958636
62630,41572192.629438244
62631,41572363.657783866
62632,41572534.924080685
62633,41572706.41924604
62634,41572878.1489817
62635,41573050.11541209
62636,41573222.316185564
62637,41573394.75072334
62638,41573567.419870816
62639,41573740.32163755
62640,41573913.45875342
62641,41574086.82933176
62642,41574260.43409423
62643,41574434.27344071
62644,41574608.34768963
62645,41574782.65558021
62646,41574957.19512828
62647,41575131.97388226
62648,41575306.980257496
62649,41575482.22303781
62650,41575657.70059329
62651,41575833.40872255
62652,41576009.355629474
62653,41576185.53211691
62654,41576361.94264846
62655,41576538.58976101
62656,41576715.468350306
62657,41576892.58224724
62658,41577069.92603849
62659,41577247.50501063
62660,41577425.317241766
62661,41577603.36032614
62662,41577781.64198727
62663,41577960.15412929
62664,41578138.89952136
62665,41578317.87750126
62666,41578497.09070935
62667,41578676.53407673
62668,41578856.213727176
62669,41579036.12439723
62670,41579216.269377165
62671,41579396.644414395
62672,41579577.256016634
62673,41579758.097549625
62674,41579939.17273625
62675,41580120.48020822
62676,41580302.02244195
62677,41580483.79524979
62678,41580665.802031375
62679,41580848.04178328
62680,41581030.512494296
62681,41581213.216893315
62682,41581396.15463192
62683,41581579.32267375
62684,41581762.72283413
62685,41581946.35687908
62686,41582130.22352471
62687,41582314.32389237
62688,41582498.651069455
62689,41582683.21543336
62690,41582868.011611566
62691,41583053.03798965
62692,41583238.296453886
62693,41583423.786119595
62694,41583609.51260512
62695,41583795.465835236
62696,41583981.65248958
62697,41584168.072705984
62698,41584354.724732086
62699,41584541.60635605
62700,41584728.719988085
62701,41584916.06671651
62702,41585103.64437596
62703,41585291.45321045
62704,41585479.494757906
62705,41585667.76642828
62706,41585856.27033423
62707,41586045.00741394
62708,41586233.97343147
62709,41586423.17214991
62710,41586612.60109735
62711,41586802.2622986
62712,41586992.154639885
62713,41587182.278013974
62714,41587372.63284818
62715,41587563.21924984
62716,41587754.03733291
62717,41587945.08464934
62718,41588136.362512805
62719,41588327.87214588
62720,41588519.61186124
62721,41588711.58471821
62722,41588903.786891885
62723,41589096.22145012
62724,41589288.887234434
62725,41589481.78006433
62726,41589674.90458237
62727,41589868.262055025
62728,41590061.84862495
62729,41590255.66769889
62730,41590449.71244065
62731,41590643.99169553
62732,41590838.50224231
62733,41591033.23909669
62734,41591228.2107741
62735,41591423.409376465
62736,41591618.841175325
62737,41591814.50043137
62738,41592010.39083426
62739,41592206.51224685
62740,41592402.86241999
62741,41592599.44197467
62742,41592796.25351498
62743,41592993.29320707
62744,41593190.56469978
62745,41593388.06404482
62746,41593585.798989125
62747,41593783.75689773
62748,41593981.9474942
62749,41594180.36588497
62750,41594379.016684964
62751,41594577.896010324
62752,41594777.00484605
62753,41594976.34205456
62754,41595175.91089201
62755,41595375.706478335
62756,41595575.734097466
62757,41595775.989794776
62758,41595976.473938294
62759,41596177.187952206
62760,41596378.133411095
62761,41596579.30656016
62762,41596780.70890643
62763,41596982.34167956
62764,41597184.20255005
62765,41597386.29142391
62766,41597588.609953046
62767,41597791.156849004
62768,41597993.93359037
62769,41598196.939207636
62770,41598400.17311953
62771,41598603.636568196
62772,41598807.32777002
62773,41599011.24768762
62774,41599215.39757059
62775,41599419.77482462
62776,41599624.38284724
62777,41599829.21584219
62778,41600034.28250184
62779,41600239.573109746
62780,41600445.090578325
62781,41600650.8415738
62782,41600856.81713573
62783,41601063.023051105
62784,41601269.45752931
62785,41601476.11684476
62786,41601683.00698104
62787,41601890.12613737
62788,41602097.47102892
62789,41602305.04321214
62790,41602512.84842882
62791,41602720.87780685
62792,41602929.135287866
62793,41603137.62116879
62794,41603346.33683035
62795,41603555.27692624
62796,41603764.44410452
62797,41603973.84182803
62798,41604183.46727512
62799,41604393.319240086
62800,41604603.39611782
62801,41604813.70418018
62802,41605024.23808192
62803,41605235.00182021
62804,41605445.98962546
62805,41605657.20878367
62806,41605868.65252215
62807,41606080.322236285
62808,41606292.219689935
62809,41606504.34580982
62810,41606716.69982323
62811,41606929.28008395
62812,41607142.08609611
62813,41607355.11746935
62814,41607568.38157721
62815,41607781.86665033
62816,41607995.58119586
62817,41608209.52578492
62818,41608423.69185662
62819,41608638.0882902
62820,41608852.709826365
62821,41609067.55727849
62822,41609282.633250624
62823,41609497.934022866
62824,41609713.46267419
62825,41609929.21677524
62826,41610145.19763284
62827,41610361.40484219
62828,41610577.83832224
62829,41610794.50009997
62830,41611011.3850858
62831,41611228.49691949
62832,41611445.836332045
62833,41611663.401037306
62834,41611881.19208583
62835,41612099.210155256
62836,41612317.45177962
62837,41612535.920953505
62838,41612754.61681841
62839,41612973.53733437
62840,41613192.682747856
62841,41613412.05673126
62842,41613631.65474705
62843,41613851.478447676
62844,41614071.52733673
62845,41614291.8018973
62846,41614512.30160098
62847,41614733.027419455
62848,41614953.9803261
62849,41615175.15746911
62850,41615396.55963018
62851,41615618.18756542
62852,41615840.042129904
62853,41616062.1207445
62854,41616284.42157917
62855,41616506.95171485
62856,41616729.70534892
62857,41616952.684927985
62858,41617175.88998419
62859,41617399.319433875
62860,41617622.9719144
62861,41617846.8500934
62862,41618070.953415
62863,41618295.28481027
62864,41618519.83487963
62865,41618744.61452689
62866,41618969.61618665
62867,41619194.84250432
62868,41619420.297551915
62869,41619645.97064481
62870,41619871.87130204
62871,41620097.999683574
62872,41620324.34863653
62873,41620550.92371042
62874,41620777.72194598
62875,41621004.745520145
62876,41621231.99183812
62877,41621459.46445393
62878,41621687.16005993
62879,41621915.08037002
62880,41622143.223848015
62881,41622371.59026682
62882,41622600.182840675
62883,41622828.998270795
62884,41623058.03787664
62885,41623287.299582735
62886,41623516.78891508
62887,41623746.49978591
62888,41623976.43572827
62889,41624206.59347534
62890,41624436.97448765
62891,41624667.57984661
62892,41624898.40809205
62893,41625129.463554464
62894,41625360.736760326
62895,41625592.23544944
62896,41625823.96107015
62897,41626055.90642356
62898,41626288.076037206
62899,41626520.468620725
62900,41626753.083218016
62901,41626985.92362261
62902,41627218.984999776
62903,41627452.269974954
62904,41627685.77997754
62905,41627919.51041921
62906,41628153.46131287
62907,41628387.640682995
62908,41628622.04120806
62909,41628856.66134896
62910,41629091.506916866
62911,41629326.57665425
62912,41629561.86571639
62913,41629797.377306566
62914,41630033.11615203
62915,41630269.07295365
62916,41630505.25414047
62917,41630741.65677449
62918,41630978.28337493
62919,41631215.128913336
62920,41631452.20071787
62921,41631689.493651986
62922,41631927.00545643
62923,41632164.74268663
62924,41632402.70379397
62925,41632640.88401129
62926,41632879.28490412
62927,41633117.90926958
62928,41633356.75744952
62929,41633595.82605615
62930,41633835.11605883
62931,41634074.63062923
62932,41634314.36286177
62933,41634554.31698967
62934,41634794.4961535
62935,41635034.8940251
62936,41635275.513721325
62937,41635516.35724486
62938,41635757.421234496
62939,41635998.70481376
62940,41636240.20983818
62941,41636481.938479215
62942,41636723.886248246
62943,41636966.057511464
62944,41637208.44931671
62945,41637451.05901415
62946,41637693.89524056
62947,41637936.94874577
62948,41638180.22416643
62949,41638423.71997968
62950,41638667.437735334
62951,41638911.37895325
62952,41639155.53725003
62953,41639399.91769415
62954,41639644.51628194
62955,41639889.34037311
62956,41640134.380592704
62957,41640379.64255931
62958,41640625.12551719
62959,41640870.8293065
62960,41641116.75383457
62961,41641362.898334645
62962,41641609.26515533
62963,41641855.85220408
62964,41642102.654991336
62965,41642349.68088374
62966,41642596.925318524
62967,41642844.39246198
62968,41643092.07807729
62969,41643339.98687662
62970,41643588.11436978
62971,41643836.457690746
62972,41644085.02482041
62973,41644333.810896926
62974,41644582.81777496
62975,41644832.04292127
62976,41645081.490386985
62977,41645331.152666055
62978,41645581.03909747
62979,41645831.14197935
62980,41646081.46489716
62981,41646332.0113518
62982,41646582.77468028
62983,41646833.75550785
62984,41647084.95612194
62985,41647336.37658471
62986,41647588.01852571
62987,41647839.87530471
62988,41648091.95694787
62989,41648344.25343483
62990,41648596.770275585
62991,41648849.5055435
62992,41649102.46007398
62993,41649355.63529435
62994,41649609.02828961
62995,41649862.6395979
62996,41650116.47118739
62997,41650370.519316666
62998,41650624.787851155
62999,41650879.27221387
63000,41651133.97840938
63001,41651388.90407874
63002,41651644.045839615
63003,41651899.40595644
63004,41652154.984434746
63005,41652410.78145672
63006,41652666.797785476
63007,41652923.03317063
63008,41653179.48301768
63009,41653436.157465525
63010,41653693.04573533
63011,41653950.152647756
63012,41654207.47704445
63013,41654465.01955176
63014,41654722.78080476
63015,41654980.75896656
63016,41655238.95823177
63017,41655497.37058583
63018,41655756.00264113
63019,41656014.85297911
63020,41656273.92033768
63021,41656533.20732792
63022,41656792.70905258
63023,41657052.43004647
63024,41657312.36961033
63025,41657572.52490061
63026,41657832.89576889
63027,41658093.48829661
63028,41658354.293335766
63029,41658615.31815364
63030,41658876.56145001
63031,41659138.021363564
63032,41659399.697265185
63033,41659661.591426015
63034,41659923.701138735
63035,41660186.026968285
63036,41660448.57328601
63037,41660711.33329473
63038,41660974.31299971
63039,41661237.50672026
63040,41661500.92021523
63041,41661764.549478285
63042,41662028.39147404
63043,41662292.45284717
63044,41662556.732833885
63045,41662821.229020834
63046,41663085.939269334
63047,41663350.86632592
63048,41663616.009686135
63049,41663881.37181741
63050,41664146.949238636
63051,41664412.73866719
63052,41664678.74984623
63053,41664944.97724632
63054,41665211.41533053
63055,41665478.073018365
63056,41665744.94643827
63057,41666012.03527144
63058,41666279.34187986
63059,41666546.863535464
63060,41666814.596781194
63061,41667082.55005643
63062,41667350.72044764
63063,41667619.10367041
63064,41667887.70298584
63065,41668156.518287465
63066,41668425.54824396
63067,41668694.79465341
63068,41668964.25529091
63069,41669233.93220457
63070,41669503.82447792
63071,41669773.931583025
63072,41670044.255105264
63073,41670314.792761214
63074,41670585.54355791
63075,41670856.51326677
63076,41671127.69657444
63077,41671399.09615735
63078,41671670.70735599
63079,41671942.53564874
63080,41672214.57823133
63081,41672486.83718436
63082,41672759.30697181
63083,41673031.99438861
63084,41673304.895982996
63085,41673578.01311672
63086,41673851.34243519
63087,41674124.89073091
63088,41674398.649480455
63089,41674672.62386386
63090,41674946.81396064
63091,41675221.21441237
63092,41675495.83278052
63093,41675770.66389697
63094,41676045.71041807
63095,41676320.96925954
63096,41676596.441826284
63097,41676872.130555935
63098,41677148.031262696
63099,41677424.147152826
63100,41677700.47720136
63101,41677977.02046062
63102,41678253.77697198
63103,41678530.746555686
63104,41678807.933772266
63105,41679085.33213729
63106,41679362.94402198
63107,41679640.77099922
63108,41679918.8064901
63109,41680197.06196205
63110,41680475.52868468
63111,41680754.20709298
63112,41681033.09742068
63113,41681312.20391965
63114,41681591.52159934
63115,41681871.05375727
63116,41682150.80132961
63117,41682430.75854009
63118,41682710.92984884
63119,41682991.31217835
63120,41683271.90895648
63121,41683552.72148034
63122,41683833.74366179
63123,41684114.97852635
63124,41684396.42886715
63125,41684678.088702776
63126,41684959.96086214
63127,41685242.04595219
63128,41685524.34719312
63129,41685806.857307866
63130,41686089.58124986
63131,41686372.5171586
63132,41686655.667134225
63133,41686939.02715181
63134,41687222.599052146
63135,41687506.38404948
63136,41687790.38162101
63137,41688074.59189837
63138,41688359.01194883
63139,41688643.64456609
63140,41688928.489150934
63141,41689213.547376625
63142,41689498.81521277
63143,41689784.29749466
63144,41690069.99009272
63145,41690355.89501223
63146,41690642.00944002
63147,41690928.338106975
63148,41691214.87765944
63149,41691501.626593776
63150,41691788.59067727
63151,41692075.763201706
63152,41692363.14595963
63153,41692650.74536003
63154,41692938.54957766
63155,41693226.56947862
63156,41693514.79829597
63157,41693803.23866473
63158,41694091.8914202
63159,41694380.75301919
63160,41694669.8265065
63161,41694959.1111596
63162,41695248.605543785
63163,41695538.31404569
63164,41695828.22937099
63165,41696118.35800336
63166,41696408.69623734
63167,41696699.24586056
63168,41696990.00483859
63169,41697280.974694975
63170,41697572.155953296
63171,41697863.54685701
63172,41698155.14682037
63173,41698446.95944135
63174,41698738.982756004
63175,41699031.216094054
63176,41699323.65424637
63177,41699616.30921561
63178,41699909.17099483
63179,41700202.24281583
63180,41700495.52546645
63181,41700789.017359614
63182,41701082.71921057
63183,41701376.63305045
63184,41701670.7563099
63185,41701965.08646017
63186,41702259.62752963
63187,41702554.37760488
63188,41702849.33773861
63189,41703144.508651495
63190,41703439.88703162
63191,41703735.47803584
63192,41704031.27455778
63193,41704327.28183533
63194,41704623.50174387
63195,41704919.92682754
63196,41705216.559540264
63197,41705513.40418089
63198,41705810.45826727
63199,41706107.72072155
63200,41706405.19181519
63201,41706702.87392346
63202,41707000.76198118
63203,41707298.85973881
63204,41707597.16594384
63205,41707895.680997424
63206,41708194.40559252
63207,41708493.33813003
63208,41708792.47910589
63209,41709091.83132315
63210,41709391.38952539
63211,41709691.1549909
63212,41709991.131823346
63213,41710291.314555734
63214,41710591.70461424
63215,41710892.304185204
63216,41711193.11406639
63217,41711494.130472295
63218,41711795.35300768
63219,41712096.78609689
63220,41712398.427765384
63221,41712700.276690066
63222,41713002.33127739
63223,41713304.59513949
63224,41713607.06628845
63225,41713909.74759865
63226,41714212.63370435
63227,41714515.7269591
63228,41714819.03079826
63229,41715122.539044835
63230,41715426.255986765
63231,41715730.18109678
63232,41716034.312650986
63233,41716338.65188579
63234,41716643.19793133
63235,41716947.95238203
63236,41717252.91345762
63237,41717558.08065827
63238,41717863.45762711
63239,41718169.03740563
63240,41718474.82783296
63241,41718780.82482369
63242,41719087.02809857
63243,41719393.43600044
63244,41719700.05395137
63245,41720006.87563667
63246,41720313.90797781
63247,41720621.14058318
63248,41720928.5839071
63249,41721236.23444619
63250,41721544.088843994
63251,41721852.15161575
63252,41722160.42134243
63253,41722468.89594285
63254,41722777.57682427
63255,41723086.46413684
63256,41723395.555145964
63257,41723704.85729408
63258,41724014.36208931
63259,41724324.07392597
63260,41724633.99021536
63261,41724944.11587698
63262,41725254.44499127
63263,41725564.97829651
63264,41725875.72039782
63265,41726186.66830595
63266,41726497.8188736
63267,41726809.17437496
63268,41727120.739004984
63269,41727432.50836805
63270,41727744.48445093
63271,41728056.66059631
63272,41728369.0464544
63273,41728681.6356051
63274,41728994.43284553
63275,41729307.43206562
63276,41729620.63528652
63277,41729934.04828012
63278,41730247.66423438
63279,41730561.485374
63280,41730875.51072232
63281,41731189.74161614
63282,41731504.1760659
63283,41731818.81626534
63284,41732133.66089357
63285,41732448.70982474
63286,41732763.964772925
63287,41733079.42357128
63288,41733395.085703954
63289,41733710.95273095
63290,41734027.024015315
63291,41734343.30167665
63292,41734659.780839145
63293,41734976.46676858
63294,41735293.35570057
63295,41735610.44973901
63296,41735927.74725222
63297,41736245.2440588
63298,41736562.95211453
63299,41736880.85936967
63300,41737198.975670464
63301,41737517.29135598
63302,41737835.81318133
63303,41738154.53666675
63304,41738473.463113874
63305,41738792.59517692
63306,41739111.93126368
63307,41739431.470742024
63308,41739751.21247309
63309,41740071.158254996
63310,41740391.30674672
63311,41740711.660574384
63312,41741032.21519238
63313,41741352.973906286
63314,41741673.936122574
63315,41741995.10048712
63316,41742316.46868064
63317,41742638.04064257
63318,41742959.81501762
63319,41743281.79209977
63320,41743603.97084692
63321,41743926.353782065
63322,41744248.938410245
63323,41744571.72785051
63324,41744894.71680329
63325,41745217.91123938
63326,41745541.30769807
63327,41745864.90522719
63328,41746188.70611217
63329,41746512.70862621
63330,41746836.912455745
63331,41747161.32131829
63332,41747485.931937814
63333,41747810.74327297
63334,41748135.758630514
63335,41748460.97292692
63336,41748786.39070915
63337,41749112.013555
63338,41749437.83466693
63339,41749763.85929644
63340,41750090.08420099
63341,41750416.51280675
63342,41750743.14281499
63343,41751069.973744616
63344,41751397.004117616
63345,41751724.238331094
63346,41752051.674396195
63347,41752379.31300309
63348,41752707.14826601
63349,41753035.187887676
63350,41753363.430792354
63351,41753691.87137037
63352,41754020.51597819
63353,41754349.35913438
63354,41754678.40553693
63355,41755007.65115205
63356,41755337.09809424
63357,41755666.74758891
63358,41755996.5954278
63359,41756326.64709571
63360,41756656.89715273
63361,41756987.34746939
63362,41757318.00121674
63363,41757648.85387228
63364,41757979.90445513
63365,41758311.160454884
63366,41758642.61464582
63367,41758974.26923751
63368,41759306.122160874
63369,41759638.17944111
63370,41759970.43492826
63371,41760302.888972156
63372,41760635.54412009
63373,41760968.400210075
63374,41761301.45699666
63375,41761634.711263634
63376,41761968.16668353
63377,41762301.82552137
63378,41762635.67859738
63379,41762969.73321521
63380,41763303.9874695
63381,41763638.441967145
63382,41763973.09802597
63383,41764307.95040469
63384,41764643.004816756
63385,41764978.25508763
63386,41765313.70537601
63387,41765649.357557654
63388,41765985.2080538
63389,41766321.25754897
63390,41766657.50508071
63391,41766993.955019146
63392,41767330.59868947
63393,41767667.446040295
63394,41768004.490094915
63395,41768341.733188145
63396,41768679.17662794
63397,41769016.81883775
63398,41769354.65791663
63399,41769692.69639498
63400,41770030.93133581
63401,41770369.37008102
63402,41770708.00307554
63403,41771046.83680147
63404,41771385.86838353
63405,41771725.097209156
63406,41772064.52287136
63407,41772404.152395085
63408,41772743.977086
63409,41773083.99853871
63410,41773424.21753297
63411,41773764.63805848
63412,41774105.25309754
63413,41774446.067791626
63414,41774787.08140954
63415,41775128.29103365
63416,41775469.69597435
63417,41775811.30418955
63418,41776153.10848096
63419,41776495.10685175
63420,41776837.307664536
63421,41777179.7009872
63422,41777522.29585647
63423,41777865.08741755
63424,41778208.07476462
63425,41778551.26161982
63426,41778894.64168094
63427,41779238.223739356
63428,41779581.999926746
63429,41779925.97303824
63430,41780270.1453598
63431,41780614.5128403
63432,41780959.07928516
63433,41781303.84013532
63434,41781648.79850822
63435,41781993.95270962
63436,41782339.305505395
63437,41782684.853395164
63438,41783030.59910063
63439,41783376.54212792
63440,41783722.67878937
63441,41784069.01224031
63442,41784415.54515699
63443,41784762.27273579
63444,41785109.19708066
63445,41785456.316100925
63446,41785803.6308576
63447,41786151.14337646
63448,41786498.85153077
63449,41786846.755586535
63450,41787194.85262003
63451,41787543.15033895
63452,41787891.643030025
63453,41788240.33106078
63454,41788589.21244913
63455,41788938.291449636
63456,41789287.56601207
63457,41789637.03605203
63458,41789986.70247372
63459,41790336.5617547
63460,41790686.61961898
63461,41791036.87176659
63462,41791387.3168259
63463,41791737.95888507
63464,41792088.79673704
63465,41792439.82837212
63466,41792791.05630987
63467,41793142.47737273
63468,41793494.09709359
63469,41793845.91019269
63470,41794197.91498988
63471,41794550.115937345
63472,41794902.51515727
63473,41795255.10514842
63474,41795607.89085263
63475,41795960.87192033
63476,41796314.045856915
63477,41796667.41705407
63478,41797020.979205854
63479,41797374.737533845
63480,41797728.6900627
63481,41798082.83820651
63482,41798437.177195765
63483,41798791.71619476
63484,41799146.4429032
63485,41799501.364355125
63486,41799856.482568674
63487,41800211.795296825
63488,41800567.30097069
63489,41800922.99851052
63490,41801278.89090372
63491,41801634.97544941
63492,41801991.25826577
63493,41802347.73071095
63494,41802704.39737996
63495,41803061.2574504
63496,41803418.311754785
63497,41803775.55757457
63498,41804132.99977035
63499,41804490.63334116
63500,41804848.45934173
63501,41805206.47920999
63502,41805564.69045087
63503,41805923.0970341
63504,41806281.69844373
63505,41806640.4908538
63506,41806999.47593439
63507,41807358.65124144
63508,41807718.02535999
63509,41808077.58724323
63510,41808437.34148902
63511,41808797.29063317
63512,41809157.42971235
63513,41809517.7642099
63514,41809878.291203946
63515,41810239.00893373
63516,41810599.92113058
63517,41810961.02068004
63518,41811322.31701464
63519,41811683.803112246
63520,41812045.484990336
63521,41812407.35496092
63522,41812769.41792265
63523,41813131.672922604
63524,41813494.119187556
63525,41813856.76008375
63526,41814219.58963283
63527,41814582.61198459
63528,41814945.826244876
63529,41815309.23031295
63530,41815672.83021605
63531,41816036.61831455
63532,41816400.59665592
63533,41816764.7677045
63534,41817129.13127016
63535,41817493.68563112
63536,41817858.43134144
63537,41818223.36646021
63538,41818588.4932645
63539,41818953.81161008
63540,41819319.318914026
63541,41819685.02060708
63542,41820050.912506364
63543,41820416.991804406
63544,41820783.26691248
63545,41821149.72928847
63546,41821516.3856871
63547,41821883.228420705
63548,41822250.26356687
63549,41822617.48929207
63550,41822984.905441746
63551,41823352.51261808
63552,41823720.30816574
63553,41824088.295468256
63554,41824456.4733723
63555,41824824.83984864
63556,41825193.39784395
63557,41825562.14411715
63558,41825931.0822576
63559,41826300.21047304
63560,41826669.526881404
63561,41827039.03132413
63562,41827408.73041192
63563,41827778.61505292
63564,41828148.69126511
63565,41828518.95824176
63566,41828889.41186046
63567,41829260.056264535
63568,41829630.891323045
63569,41830001.914016925
63570,41830373.12559974
63571,41830744.529623054
63572,41831116.12107398
63573,41831487.90114054
63574,41831859.868554816
63575,41832232.02809495
63576,41832604.37437819
63577,41832976.909693845
63578,41833349.63514754
63579,41833722.54679704
63580,41834095.65101219
63581,41834468.94173097
63582,41834842.42314736
63583,41835216.09154485
63584,41835589.9463781
63585,41835963.99415933
63586,41836338.22637961
63587,41836712.64790995
63588,41837087.25746032
63589,41837462.05694385
63590,41837837.04426568
63591,41838212.2201704
63592,41838587.58189184
63593,41838963.13250098
63594,41839338.872154556
63595,41839714.798355184
63596,41840090.911177106
63597,41840467.21448191
63598,41840843.70429267
63599,41841220.38232263
63600,41841597.24720121
63601,41841974.29961624
63602,41842351.54211923
63603,41842728.968269385
63604,41843106.58382348
63605,41843484.385576166
63606,41843862.37611364
63607,41844240.552013636
63608,41844618.91702711
63609,41844997.46422201
63610,41845376.20525982
63611,41845755.13046244
63612,41846134.24246359
63613,41846513.53989215
63614,41846893.02587267
63615,41847272.69791676
63616,41847652.55850019
63617,41848032.60460165
63618,41848412.83431198
63619,41848793.25493655
63620,41849173.85910223
63621,41849554.65335272
63622,41849935.63015177
63623,41850316.793509744
63624,41850698.144230664
63625,41851079.682340674
63626,41851461.40389581
63627,41851843.31090473
63628,41852225.40906787
63629,41852607.6891658
63630,41852990.154505976
63631,41853372.80816509
63632,41853755.64524527
63633,41854138.66922914
63634,41854521.879417084
63635,41854905.27540866
63636,41855288.8560935
63637,41855672.622862324
63638,41856056.5741289
63639,41856440.712209255
63640,41856825.03489645
63641,41857209.54114718
63642,41857594.23338098
63643,41857979.11155214
63644,41858364.17290475
63645,41858749.42297632
63646,41859134.85543355
63647,41859520.47335209
63648,41859906.2768799
63649,41860292.2624762
63650,41860678.43679265
63651,41861064.794253305
63652,41861451.33421526
63653,41861838.06337278
63654,41862224.973237365
63655,41862612.06931202
63656,41862999.34807536
63657,41863386.81195721
63658,41863774.46135127
63659,41864162.29359727
63660,41864550.31083816
63661,41864938.509491555
63662,41865326.89358649
63663,41865715.46197768
63664,41866104.214843094
63665,41866493.15305697
63666,41866882.275478214
63667,41867271.578391
63668,41867661.06453268
63669,41868050.736950025
63670,41868440.59068515
63671,41868830.62932785
63672,41869220.850832716
63673,41869611.25635707
63674,41870001.846689716
63675,41870392.61972005
63676,41870783.57461714
63677,41871174.71354993
63678,41871566.03451184
63679,41871957.53839089
63680,41872349.22560024
63681,41872741.0973484
63682,41873133.14862481
63683,41873525.386061795
63684,41873917.805011384
63685,41874310.40888843
63686,41874703.19076655
63687,41875096.16016976
63688,41875489.30926165
63689,41875882.64138773
63690,41876276.15505596
63691,41876669.850958906
63692,41877063.732126065
63693,41877457.793961994
63694,41877852.03721194
63695,41878246.462339446
63696,41878641.06918591
63697,41879035.85955443
63698,41879430.83243632
63699,41879825.9849011
63700,41880221.32027239
63701,41880616.83711065
63702,41881012.53813658
63703,41881408.4188224
63704,41881804.481773466
63705,41882200.722332105
63706,41882597.15099221
63707,41882993.75770672
63708,41883390.545944944
63709,41883787.51431059
63710,41884184.665120505
63711,41884581.99701801
63712,41884979.50892593
63713,41885377.203083664
63714,41885775.07931372
63715,41886173.13493256
63716,41886571.372892745
63717,41886969.78965757
63718,41887368.38716672
63719,41887767.166559845
63720,41888166.12723337
63721,41888565.26934117
63722,41888964.58926503
63723,41889364.091742046
63724,41889763.77186184
63725,41890163.636159115
63726,41890563.67881142
63727,41890963.90299511
63728,41891364.3051863
63729,41891764.88915905
63730,41892165.653784126
63731,41892566.595339656
63732,41892967.72025512
63733,41893369.022168145
63734,41893770.504675075
63735,41894172.1680492
63736,41894574.01032396
63737,41894976.0326982
63738,41895378.23453969
63739,41895780.61630148
63740,41896183.17829538
63741,41896585.91629225
63742,41896988.83805956
63743,41897391.93698242
63744,41897795.216588154
63745,41898198.6723722
63746,41898602.31053719
63747,41899006.12428747
63748,41899410.11944933
63749,41899814.294033825
63750,41900218.64683444
63751,41900623.177408405
63752,41901027.8881215
63753,41901432.77667825
63754,41901837.845237516
63755,41902243.09050338
63756,41902648.51517185
63757,41903054.11961251
63758,41903459.90048022
63759,41903865.860949904
63760,41904272.00109532
63761,41904678.313170835
63762,41905084.80887259
63763,41905491.48184153
63764,41905898.33285086
63765,41906305.36406902
63766,41906712.566867106
63767,41907119.95479165
63768,41907527.51538086
63769,41907935.25731111
63770,41908343.17562569
63771,41908751.27200256
63772,41909159.544150375
63773,41909567.995092504
63774,41909976.621536255
63775,41910385.431596905
63776,41910794.41270536
63777,41911203.57321141
63778,41911612.911451235
63779,41912022.42508849
63780,41912432.117469996
63781,41912841.98670441
63782,41913252.030450255
63783,41913662.25532485
63784,41914072.656612046
63785,41914483.2328401
63786,41914893.985935554
63787,41915304.91631838
63788,41915716.01978686
63789,41916127.30373454
63790,41916538.76307549
63791,41916950.40366417
63792,41917362.212989904
63793,41917774.20024343
63794,41918186.365742676
63795,41918598.70835304
63796,41919011.22443959
63797,41919423.92132286
63798,41919836.789931364
63799,41920249.83511558
63800,41920663.055325575
63801,41921076.45248977
63802,41921490.02738652
63803,41921903.77613612
63804,41922317.69935141
63805,41922731.800831646
63806,41923146.07663946
63807,41923560.52872842
63808,41923975.15683056
63809,41924389.95475252
63810,41924804.935054965
63811,41925220.08623272
63812,41925635.41521962
63813,41926050.917930864
63814,41926466.59637537
63815,41926882.44771992
63816,41927298.47797283
63817,41927714.679976374
63818,41928131.059091404
63819,41928547.61182778
63820,41928964.337718934
63821,41929381.24036958
63822,41929798.31677105
63823,41930215.568224415
63824,41930632.99363966
63825,41931050.59110619
63826,41931468.366793975
63827,41931886.3136613
63828,41932304.43728943
63829,41932722.73425906
63830,41933141.2063614
63831,41933559.85062834
63832,41933978.66976688
63833,41934397.663918905
63834,41934816.8306571
63835,41935236.17071562
63836,41935655.685594335
63837,41936075.37357948
63838,41936495.23660903
63839,41936915.26970761
63840,41937335.47793762
63841,41937755.86110691
63842,41938176.41554568
63843,41938597.145039976
63844,41939018.04802807
63845,41939439.12243803
63846,41939860.37122136
63847,41940281.792756446
63848,41940703.38719115
63849,41941125.1540773
63850,41941547.096628785
63851,41941969.21026205
63852,41942391.495890774
63853,41942813.954639986
63854,41943236.58468968
63855,41943659.389277875
63856,41944082.36484876
63857,41944505.5144861
63858,41944928.8359741
63859,41945352.328379385
63860,41945775.99592556
63861,41946199.83351487
63862,41946623.84472564
63863,41947048.02674139
63864,41947472.38187932
63865,41947896.9087664
63866,41948321.605269134
63867,41948746.47651391
63868,41949171.51829259
63869,41949596.733960845
63870,41950022.11999602
63871,41950447.675468944
63872,41950873.40451079
63873,41951299.30280235
63874,41951725.37617852
63875,41952151.61858357
63876,41952578.03447447
63877,41953004.61840738
63878,41953431.37451733
63879,41953858.301821016
63880,41954285.40223231
63881,41954712.67139551
63882,41955140.113982834
63883,41955567.725102976
63884,41955995.506889135
63885,41956423.46089265
63886,41956851.585977264
63887,41957279.87767493
63888,41957708.343371145
63889,41958136.98162851
63890,41958565.785060786
63891,41958994.762992226
63892,41959423.91035642
63893,41959853.22625639
63894,41960282.71426621
63895,41960712.370727696
63896,41961142.200361885
63897,41961572.19564414
63898,41962002.36262778
63899,41962432.70186147
63900,41962863.208905496
63901,41963293.88533815
63902,41963724.73192481
63903,41964155.747745946
63904,41964586.93344326
63905,41965018.28903234
63906,41965449.814873345
63907,41965881.50867715
63908,41966313.371055126
63909,41966745.40506513
63910,41967177.60742792
63911,41967609.97945903
63912,41968042.519641794
63913,41968475.230535865
63914,41968908.10619984
63915,41969341.15503773
63916,41969774.37126937
63917,41970207.7558464
63918,41970641.30892342
63919,41971075.03084928
63920,41971508.92240131
63921,41971942.9800985
63922,41972377.20887991
63923,41972811.60515755
63924,41973246.17131376
63925,41973680.90440027
63926,41974115.80389259
63927,41974550.873010345
63928,41974986.11030894
63929,41975421.518242985
63930,41975857.09165037
63931,41976292.83276972
63932,41976728.74286114
63933,41977164.82016399
63934,41977601.06214943
63935,41978037.475171454
63936,41978474.05637332
63937,41978910.80040147
63938,41979347.71796035
63939,41979784.801640205
63940,41980222.050150685
63941,41980659.46834588
63942,41981097.04995939
63943,41981534.80375798
63944,41981972.72163347
63945,41982410.807533406
63946,41982849.05945674
63947,41983287.481569
63948,41983726.066460826
63949,41984164.819754235
63950,41984603.7416189
63951,41985042.82525091
63952,41985482.079541564
63953,41985921.49849117
63954,41986361.08469594
63955,41986800.83840654
63956,41987240.75684754
63957,41987680.84443328
63958,41988121.09579548
63959,41988561.51157887
63960,41989002.09403586
63961,41989442.84516614
63962,41989883.76236753
63963,41990324.84221592
63964,41990766.09234658
63965,41991207.50475709
63966,41991649.08217092
63967,41992090.82751672
63968,41992532.73809958
63969,41992974.81379778
63970,41993417.05492492
63971,41993859.46238032
63972,41994302.03481542
63973,41994744.77402891
63974,41995187.67593236
63975,41995630.743923225
63976,41996073.97681061
63977,41996517.37374272
63978,41996960.93874279
63979,41997404.66513431
63980,41997848.55805921
63981,41998292.61639097
63982,41998736.84085601
63983,41999181.22479995
63984,41999625.7753467
63985,42000070.49341522
63986,42000515.37443533
63987,42000960.41835564
63988,42001405.62758475
63989,42001851.00058262
63990,42002296.54009043
63991,42002742.24375809
63992,42003188.10968449
63993,42003634.138465986
63994,42004080.33191392
63995,42004526.69078571
63996,42004973.211998075
63997,42005419.89738407
63998,42005866.74760864
63999,42006313.76180103
64000,42006760.93700416
64001,42007208.27719262
64002,42007655.7807959
64003,42008103.44892374
64004,42008551.27939395
64005,42008999.27115311
64006,42009447.428954415
64007,42009895.75028929
64008,42010344.23198762
64009,42010792.87987792
64010,42011241.68829565
64011,42011690.6613866
64012,42012139.79417396
64013,42012589.09281254
64014,42013038.55317643
64015,42013488.17649759
64016,42013937.96133053
64017,42014387.91016452
64018,42014838.01894787
64019,42015288.292440444
64020,42015738.72625246
64021,42016189.32497817
64022,42016640.08410392
64023,42017091.007129185
64024,42017542.0917
64025,42017993.33720339
64026,42018444.74528938
64027,42018896.31435698
64028,42019348.04569131
64029,42019799.93798444
64030,42020251.992249325
64031,42020704.209309906
64032,42021156.58836251
64033,42021609.129645936
64034,42022061.82864919
64035,42022514.691573486
64036,42022967.715751
64037,42023420.90258125
64038,42023874.24750798
64039,42024327.75505228
64040,42024781.4237531
64041,42025235.25415271
64042,42025689.24318337
64043,42026143.39253889
64044,42026597.70643445
64045,42027052.18048633
64046,42027506.81309627
64047,42027961.60668691
64048,42028416.561385594
64049,42028871.67423409
64050,42029326.94954954
64051,42029782.388226666
64052,42030237.98471228
64053,42030693.73911476
64054,42031149.656414844
64055,42031605.73341525
64056,42032061.97105908
64057,42032518.36589118
64058,42032974.92318458
64059,42033431.6407551
64060,42033888.514572
64061,42034345.55071907
64062,42034802.74499772
64063,42035260.10008009
64064,42035717.61656184
64065,42036175.29088605
64066,42036633.12425221
64067,42037091.11477825
64068,42037549.267590724
64069,42038007.57945794
64070,42038466.04701997
64071,42038924.6791396
64072,42039383.46895468
64073,42039842.4155435
64074,42040301.5182058
64075,42040760.78603514
64076,42041220.20962353
64077,42041679.79213271
64078,42042139.53304107
64079,42042599.43223539
64080,42043059.488355026
64081,42043519.70753606
64082,42043980.08275912
64083,42044440.61478038
64084,42044901.30803126
64085,42045362.15473797
64086,42045823.16236227
64087,42046284.329921596
64088,42046745.65287895
64089,42047207.13616724
64090,42047668.77424817
64091,42048130.57329571
64092,42048592.52619449
64093,42049054.639691345
64094,42049516.90778195
64095,42049979.33745509
64096,42050441.92278139
64097,42050904.66651244
64098,42051367.56371514
64099,42051830.622131065
64100,42052293.83825454
64101,42052757.20990987
64102,42053220.73608327
64103,42053684.42183077
64104,42054148.26335654
64105,42054612.26234913
64106,42055076.42031055
64107,42055540.733028054
64108,42056005.20539053
64109,42056469.82994938
64110,42056934.612217814
64111,42057399.55239453
64112,42057864.648501486
64113,42058329.900778726
64114,42058795.3082093
64115,42059260.8725385
64116,42059726.593495525
64117,42060192.47015194
64118,42060658.50258715
64119,42061124.693033494
64120,42061591.0365743
64121,42062057.53636764
64122,42062524.19379029
64123,42062991.00658202
64124,42063457.97214792
64125,42063925.09665129
64126,42064392.37494704
64127,42064859.81220849
64128,42065327.399776734
64129,42065795.1462137
64130,42066263.04513445
64131,42066731.100639686
64132,42067199.310782716
64133,42067667.67621573
64134,42068136.196951084
64135,42068604.8718801
64136,42069073.70290012
64137,42069542.686457045
64138,42070011.8281544
64139,42070481.12134167
64140,42070950.57180655
64141,42071420.17573348
64142,42071889.934999436
64143,42072359.84647311
64144,42072829.91280273
64145,42073300.1336264
64146,42073770.51036579
64147,42074241.039087206
64148,42074711.72204802
64149,42075182.56057973
64150,42075653.55014171
64151,42076124.697531894
64152,42076595.995940164
64153,42077067.44941293
64154,42077539.05843664
64155,42078010.81627934
64156,42078482.731430076
64157,42078954.799053006
64158,42079427.019643426
64159,42079899.39330351
64160,42080371.9192586
64161,42080844.600375175
64162,42081317.433679394
64163,42081790.42140705
64164,42082263.561361246
64165,42082736.853693396
64166,42083210.30095749
64167,42083683.89855134
64168,42084157.650082655
64169,42084631.55297746
64170,42085105.611351036
64171,42085579.82049172
64172,42086054.181793705
64173,42086528.697018765
64174,42087003.36337242
64175,42087478.18276267
64176,42087953.15396907
64177,42088428.2773868
64178,42088903.55378388
64179,42089378.979729466
64180,42089854.55811683
64181,42090330.29000547
64182,42090806.17324925
64183,42091282.2077284
64184,42091758.39284323
64185,42092234.73394292
64186,42092711.22368122
64187,42093187.8670121
64188,42093664.65984799
64189,42094141.602959536
64190,42094618.69844127
64191,42095095.943898484
64192,42095573.34295089
64193,42096050.8917984
64194,42096528.592265815
64195,42097006.442542575
64196,42097484.44584228
64197,42097962.59701958
64198,42098440.90517808
64199,42098919.3580651
64200,42099397.96307629
64201,42099876.71619413
64202,42100355.62209239
64203,42100834.68068842
64204,42101313.88720048
64205,42101793.24676839
64206,42102272.7532224
64207,42102752.410419196
64208,42103232.219931796
64209,42103712.176684804
64210,42104192.284775436
64211,42104672.54355893
64212,42105152.94966995
64213,42105633.50899068
64214,42106114.21589008
64215,42106595.07141651
64216,42107076.08090316
64217,42107557.23462379
64218,42108038.53904476
64219,42108519.99489497
64220,42109001.59895903
64221,42109483.35377509
64222,42109965.25798241
64223,42110447.308518484
64224,42110929.51082835
64225,42111411.860278085
64226,42111894.355443716
64227,42112377.00677155
64228,42112859.80184953
64229,42113342.7482316
64230,42113825.84161271
64231,42114309.08700513
64232,42114792.47573347
64233,42115276.015423015
64234,42115759.70385593
64235,42116243.53755705
64236,42116727.52466137
64237,42117211.65609063
64238,42117695.93647289
64239,42118180.366905585
64240,42118664.941514716
64241,42119149.66878896
64242,42119634.540402256
64243,42120119.56096519
64244,42120604.72705581
64245,42121090.04609732
64246,42121575.50893679
64247,42122061.11924272
64248,42122546.87726485
64249,42123032.78485095
64250,42123518.83762241
64251,42124005.037745155
64252,42124491.384411365
64253,42124977.880489014
64254,42125464.52227606
64255,42125951.312188305
64256,42126438.245440535
64257,42126925.3285467
64258,42127412.56062264
64259,42127899.935011946
64260,42128387.457872346
64261,42128875.127975546
64262,42129362.944735564
64263,42129850.90413152
64264,42130339.01623483
64265,42130827.26909124
64266,42131315.670735806
64267,42131804.21805707
64268,42132292.91314067
64269,42132781.752300784
64270,42133270.73688321
64271,42133759.86750633
64272,42134249.145847335
64273,42134738.56799453
64274,42135228.13918213
64275,42135717.85222185
64276,42136207.71298994
64277,42136697.71997322
64278,42137187.87076298
64279,42137678.16687582
64280,42138168.60754726
64281,42138659.195924506
64282,42139149.92691918
64283,42139640.80559539
64284,42140131.8262245
64285,42140622.996145755
64286,42141114.30745429
64287,42141605.76439975
64288,42142097.36673562
64289,42142589.11286761
64290,42143081.0043289
64291,42143573.041401654
64292,42144065.2215211
64293,42144557.54596718
64294,42145050.01466545
64295,42145542.62755773
64296,42146035.386641696
64297,42146528.286519155
64298,42147021.33517323
64299,42147514.52409145
64300,42148007.85851567
64301,42148501.33565136
64302,42148994.95673901
64303,42149488.72324786
64304,42149982.63002299
64305,42150476.6835975
64306,42150970.88030805
64307,42151465.218920715
64308,42151959.704162866
64309,42152454.331369884
64310,42152949.09825945
64311,42153444.01263545
64312,42153939.06911455
64313,42154434.26892298
64314,42154929.61178574
64315,42155425.095929645
64316,42155920.72530625
64317,42156416.49542183
64318,42156912.40844202
64319,42157408.465662256
64320,42157904.663162686
64321,42158401.00570518
64322,42158897.48978962
64323,42159394.11576926
64324,42159890.88765119
64325,42160387.797432266
64326,42160884.84954224
64327,42161382.0451133
64328,42161879.382609285
64329,42162376.86211906
64330,42162874.48438606
64331,42163372.24694016
64332,42163870.14900689
64333,42164368.198529065
64334,42164866.385216564
64335,42165364.715443596
64336,42165863.188442245
64337,42166361.79851124
64338,42166860.55638271
64339,42167359.451097175
64340,42167858.48746905
64341,42168357.66600224
64342,42168856.98545919
64343,42169356.44471695
64344,42169856.046424195
64345,42170355.786730856
64346,42170855.671419345
64347,42171355.69487966
64348,42171855.86007522
64349,42172356.163805306
64350,42172856.60949554
64351,42173357.19431813
64352,42173857.92171926
64353,42174358.78916713
64354,42174859.796386965
64355,42175360.94473987
64356,42175862.230986364
64357,42176363.65801408
64358,42176865.226260826
64359,42177366.93269087
64360,42177868.78199586
64361,42178370.767209604
64362,42178872.894471586
64363,42179375.160447575
64364,42179877.56785642
64365,42180380.114204854
64366,42180882.80046604
64367,42181385.62340684
64368,42181888.58722104
64369,42182391.68801926
64370,42182894.93334581
64371,42183398.31470895
64372,42183901.83531093
64373,42184405.49640115
64374,42184909.29395944
64375,42185413.2303642
64376,42185917.30602179
64377,42186421.52062898
64378,42186925.87484225
64379,42187430.36773736
64380,42187934.99583434
64381,42188439.76682606
64382,42188944.67514756
64383,42189449.718993776
64384,42189954.90376415
64385,42190460.225025
64386,42190965.683474734
64387,42191471.28357215
64388,42191977.01945289
64389,42192482.89532088
64390,42192988.90687213
64391,42193495.05494311
64392,42194001.34454947
64393,42194507.768863484
64394,42195014.330303915
64395,42195521.03078404
64396,42196027.86680484
64397,42196534.83991798
64398,42197041.95436502
64399,42197549.20199968
64400,42198056.58935292
64401,42198564.11326397
64402,42199071.771170676
64403,42199579.570501365
64404,42200087.505151406
64405,42200595.57305702
64406,42201103.78336403
64407,42201612.12872254
64408,42202120.60730669
64409,42202629.22554439
64410,42203137.977476284
64411,42203646.86944377
64412,42204155.895372525
64413,42204665.05764603
64414,42205174.35631282
64415,42205683.79135857
64416,42206193.361731455
64417,42206703.067603745
64418,42207212.91109052
64419,42207722.88966363
64420,42208233.00275215
64421,42208743.25370275
64422,42209253.63924171
64423,42209764.15980677
64424,42210274.81716782
64425,42210785.60928803
64426,42211296.53524314
64427,42211807.5985202
64428,42212318.79693095
64429,42212830.12777901
64430,42213341.59494125
64431,42213853.198456295
64432,42214364.93762578
64433,42214876.80918244
64434,42215388.81571021
64435,42215900.96022746
64436,42216413.23441717
64437,42216925.646626934
64438,42217438.19322506
64439,42217950.873270884
64440,42218463.687481984
64441,42218976.63514265
64442,42219489.71932679
64443,42220002.93588459
64444,42220516.28745029
64445,42221029.77359153
64446,42221543.390137814
64447,42222057.14469126
64448,42222571.031216666
64449,42223085.052511625
64450,42223599.207492806
64451,42224113.49519359
64452,42224627.915528245
64453,42225142.4687864
64454,42225657.15702985
64455,42226171.97954597
64456,42226686.93214597
64457,42227202.020972595
64458,42227717.241337135
64459,42228232.59479369
64460,42228748.08306924
64461,42229263.70334798
64462,42229779.455711655
64463,42230295.340528525
64464,42230811.35803317
64465,42231327.508441955
64466,42231843.79295528
64467,42232360.2071556
64468,42232876.755106315
64469,42233393.43636285
64470,42233910.24753181
64471,42234427.19334509
64472,42234944.2695935
64473,42235461.47835968
64474,42235978.81966514
64475,42236496.293458894
64476,42237013.89750579
64477,42237531.634011865
64478,42238049.50256232
64479,42238567.50213642
64480,42239085.63259804
64481,42239603.896081366
64482,42240122.28951872
64483,42240640.81563156
64484,42241159.473014705
64485,42241678.26047681
64486,42242197.17782588
64487,42242716.22875439
64488,42243235.41107005
64489,42243754.72036083
64490,42244274.16578463
64491,42244793.73945502
64492,42245313.446352646
64493,42245833.27913589
64494,42246353.24424369
64495,42246873.3416643
64496,42247393.56673412
64497,42247913.92405769
64498,42248434.411329694
64499,42248955.02928462
64500,42249475.775352255
64501,42249996.65477734
64502,42250517.66109299
64503,42251038.80128913
64504,42251560.06519315
64505,42252081.46322045
64506,42252602.98894455
64507,42253124.65058858
64508,42253646.43263002
64509,42254168.35036286
64510,42254690.39551782
64511,42255212.56844416
64512,42255734.87398342
64513,42256257.30523172
64514,42256779.86773698
64515,42257302.55832724
64516,42257825.380915485
64517,42258348.327591024
64518,42258871.40812407
64519,42259394.61459363
64520,42259917.952182055
64521,42260441.41485778
64522,42260965.00865292
64523,42261488.729818866
64524,42262012.579158925
64525,42262536.55871279
64526,42263060.66462385
64527,42263584.90002824
64528,42264109.261255994
64529,42264633.75386403
64530,42265158.3733163
64531,42265683.118560344
64532,42266207.99459527
64533,42266732.99576471
64534,42267258.12649309
64535,42267783.38626949
64536,42268308.77398007
64537,42268834.2874381
64538,42269359.926095575
64539,42269885.69367715
64540,42270411.59110112
64541,42270937.61096191
64542,42271463.76252886
64543,42271990.03925443
64544,42272516.44401981
64545,42273042.97654681
64546,42273569.630539276
64547,42274096.41821362
64548,42274623.32977064
64549,42275150.36756787
64550,42275677.53272784
64551,42276204.82429328
64552,42276732.24174369
64553,42277259.78374925
64554,42277787.45541533
64555,42278315.254672475
64556,42278843.17485708
64557,42279371.225161515
64558,42279899.39945273
64559,42280427.70182707
64560,42280956.12798154
64561,42281484.68161327
64562,42282013.359867
64563,42282542.163299374
64564,42283071.09127363
64565,42283600.147986926
64566,42284129.32846323
64567,42284658.634666175
64568,42285188.06791682
64569,42285717.6262226
64570,42286247.303697444
64571,42286777.11172954
64572,42287307.04557811
64573,42287837.102168374
64574,42288367.28484495
64575,42288897.591137245
64576,42289428.02404505
64577,42289958.57952081
64578,42290489.26065838
64579,42291020.06616669
64580,42291550.9937883
64581,42292082.04979352
64582,42292613.22839626
64583,42293144.530208774
64584,42293675.95717787
64585,42294207.50828809
64586,42294739.18284605
64587,42295270.981425814
64588,42295802.90792433
64589,42296334.953651406
64590,42296867.123138115
64591,42297399.41586223
64592,42297931.83569784
64593,42298464.37614337
64594,42298997.04116779
64595,42299529.83177872
64596,42300062.742953055
64597,42300595.77346029
64598,42301128.93413507
64599,42301662.214982085
64600,42302195.619248904
64601,42302729.14537182
64602,42303262.79585515
64603,42303796.5674959
64604,42304330.46510781
64605,42304864.48322882
64606,42305398.62461354
64607,42305932.88547674
64608,42306467.272253305
64609,42307001.782143496
64610,42307536.409852475
64611,42308071.16218542
64612,42308606.03832945
64613,42309141.0361239
64614,42309676.15324452
64615,42310211.39674853
64616,42310746.75668313
64617,42311282.242847316
64618,42311817.84783774
64619,42312353.57603657
64620,42312889.42690397
64621,42313425.39696961
64622,42313961.48820369
64623,42314497.70284247
64624,42315034.03958328
64625,42315570.49570954
64626,42316107.0736459
64627,42316643.77101148
64628,42317180.59026139
64629,42317717.53115082
64630,42318254.592736475
64631,42318791.7757538
64632,42319329.0776548
64633,42319866.50359433
64634,42320404.04731459
64635,42320941.71071156
64636,42321479.49659006
64637,42322017.40147712
64638,42322555.42808013
64639,42323093.57347827
64640,42323631.8426847
64641,42324170.225254126
64642,42324708.731878705
64643,42325247.35914226
64644,42325786.10556157
64645,42326324.971439295
64646,42326863.957839295
64647,42327403.06258501
64648,42327942.28600789
64649,42328481.632272415
64650,42329021.09554032
64651,42329560.67934923
64652,42330100.3803401
64653,42330640.20290863
64654,42331180.13975656
64655,42331720.20171254
64656,42332260.37999028
64657,42332800.67922259
64658,42333341.09423941
64659,42333881.63118074
64660,42334422.2849138
64661,42334963.05606284
64662,42335503.94800272
64663,42336044.95712034
64664,42336586.08542646
64665,42337127.332366794
64666,42337668.6958573
64667,42338210.17727949
64668,42338751.780397065
64669,42339293.49978052
64670,42339835.33388288
64671,42340377.29031585
64672,42340919.36201278
64673,42341461.55441309
64674,42342003.86248695
64675,42342546.28611705
64676,42343088.82876432
64677,42343631.49093597
64678,42344174.26757866
64679,42344717.164854474
64680,42345260.17641382
64681,42345803.307865314
64682,42346346.55471807
64683,42346889.91844911
64684,42347433.39807656
64685,42347976.99437907
64686,42348520.70829454
64687,42349064.541553766
64688,42349608.489465624
64689,42350152.553477995
64690,42350696.73281635
64691,42351241.030713275
64692,42351785.44532336
64693,42352329.974646375
64694,42352874.620720305
64695,42353419.38291042
64696,42353964.26219341
64697,42354509.25657089
64698,42355054.366326004
64699,42355599.59338872
64700,42356144.93563208
64701,42356690.39344493
64702,42357235.96547586
64703,42357781.65502615
64704,42358327.45973486
64705,42358873.37964174
64706,42359419.41331837
64707,42359965.56471466
64708,42360511.83124355
64709,42361058.21077107
64710,42361604.70748053
64711,42362151.31787196
64712,42362698.04302908
64713,42363244.885208175
64714,42363791.83885371
64715,42364338.90883502
64716,42364886.09305537
64717,42365433.39404767
64718,42365980.80744382
64719,42366528.33507126
64720,42367075.976977356
64721,42367623.73164564
64722,42368171.60266711
64723,42368719.58702488
64724,42369267.68752268
64725,42369815.90146936
64726,42370364.226325564
64727,42370912.66763236
64728,42371461.22044782
64729,42372009.88799178
64730,42372558.66835633
64731,42373107.56431421
64732,42373656.57280859
64733,42374205.69449986
64734,42374754.9283826
64735,42375304.27651891
64736,42375853.73743702
64737,42376403.31117195
64738,42376952.99984419
64739,42377502.797208235
64740,42378052.71041212
64741,42378602.73728523
64742,42379152.874999344
64743,42379703.128418945
64744,42380253.49049574
64745,42380803.96789276
64746,42381354.5567957
64747,42381905.25635173
64748,42382456.06966719
64749,42383006.99579317
64750,42383558.03289469
64751,42384109.17918243
64752,42384660.44215401
64753,42385211.81627292
64754,42385763.30097728
64755,42386314.89650369
64756,42386866.60418284
64757,42387418.426481254
64758,42387970.35651785
64759,42388522.40015575
64760,42389074.554727376
64761,42389626.820002146
64762,42390179.19603112
64763,42390731.68481983
64764,42391284.283365466
64765,42391836.995566785
64766,42392389.815045066
64767,42392942.74916442
64768,42393495.787817344
64769,42394048.94207011
64770,42394602.20592526
64771,42395155.57986056
64772,42395709.065169126
64773,42396262.66032434
64774,42396816.36543643
64775,42397370.18407326
64776,42397924.108237244
64777,42398478.145394035
64778,42399032.291633844
64779,42399586.548204206
64780,42400140.91180801
64781,42400695.389878385
64782,42401249.97409294
64783,42401804.671416596
64784,42402359.47470443
64785,42402914.38733589
64786,42403469.413491756
64787,42404024.54650023
64788,42404579.78644377
64789,42405135.14008817
64790,42405690.601693325
64791,42406246.17037967
64792,42406801.847728096
64793,42407357.63742898
64794,42407913.53364222
64795,42408469.53807094
64796,42409025.65185885
64797,42409581.87561534
64798,42410138.20522283
64799,42410694.64598345
64800,42411251.19502298
64801,42411807.85170705
64802,42412364.61427036
64803,42412921.485988535
64804,42413478.46774423
64805,42414035.5581661
64806,42414592.753454655
64807,42415150.05999683
64808,42415707.47068819
64809,42416264.99111452
64810,42416822.619388916
64811,42417380.35597083
64812,42417938.19640697
64813,42418496.148660176
64814,42419054.20638248
64815,42419612.37014515
64816,42420170.64371003
64817,42420729.022517994
64818,42421287.50796253
64819,42421846.10239275
64820,42422404.80169978
64821,42422963.60920453
64822,42423522.52458088
64823,42424081.54392289
64824,42424640.67223179
64825,42425199.90488132
64826,42425759.24419526
64827,42426318.69213639
64828,42426878.245019294
64829,42427437.9022606
64830,42427997.66981302
64831,42428557.54146391
64832,42429117.51784012
64833,42429677.60049095
64834,42430237.791480206
64835,42430798.08484235
64836,42431358.48504029
64837,42431918.99271274
64838,42432479.604340315
64839,42433040.318503335
64840,42433601.14204831
64841,42434162.071078196
64842,42434723.10491502
64843,42435284.240897305
64844,42435845.486450866
64845,42436406.83364856
64846,42436968.28823564
64847,42437529.845296055
64848,42438091.50667973
64849,42438653.27512069
64850,42439215.148299545
64851,42439777.12594721
64852,42440339.20814901
64853,42440901.39368509
64854,42441463.684555784
64855,42442026.07878601
64856,42442588.57816054
64857,42443151.18210707
64858,42443713.8882258
64859,42444276.69982394
64860,42444839.61494243
64861,42445402.632842705
64862,42445965.7537343
64863,42446528.9819794
64864,42447092.31085578
64865,42447655.74572178
64866,42448219.28300548
64867,42448782.92153846
64868,42449346.66541642
64869,42449910.51260185
64870,42450474.4609522
64871,42451038.51467965
64872,42451602.66902711
64873,42452166.930446595
64874,42452731.29276404
64875,42453295.75562618
64876,42453860.32191988
64877,42454424.992700376
64878,42454989.76347741
64879,42455554.63910055
64880,42456119.616297774
64881,42456684.695693515
64882,42457249.87817796
64883,42457815.16230496
64884,42458380.54789076
64885,42458946.03680051
64886,42459511.62625515
64887,42460077.317202434
64888,42460643.11121108
64889,42461209.0065761
64890,42461775.00325138
64891,42462341.10268596
64892,42462907.300074965
64893,42463473.603681386
64894,42464040.006738596
64895,42464606.51106976
64896,42465173.11680622
64897,42465739.82189444
64898,42466306.630238384
64899,42466873.538347326
64900,42467440.54721401
64901,42468007.655578494
64902,42468574.86881177
64903,42469142.17922466
64904,42469709.59086307
64905,42470277.10244889
64906,42470844.71408065
64907,42471412.43169834
64908,42471980.24365065
64909,42472548.15598521
64910,42473116.1697047
64911,42473684.28460878
64912,42474252.499590576
64913,42474820.81320593
64914,42475389.22687011
64915,42475957.73865943
64916,42476526.352396
64917,42477095.06532332
64918,42477663.877278335
64919,42478232.78946118
64920,42478801.80143474
64921,42479370.910306595
64922,42479940.118959986
64923,42480509.42667811
64924,42481078.835954174
64925,42481648.34175141
64926,42482217.94838177
64927,42482787.652693026
64928,42483357.45702425
64929,42483927.35748789
64930,42484497.35814793
64931,42485067.45598409
64932,42485637.652606905
64933,42486207.95088967
64934,42486778.345098235
64935,42487348.83586164
64936,42487919.4247071
64937,42488490.11652232
64938,42489060.9028656
64939,42489631.78599599
64940,42490202.76945997
64941,42490773.84839544
64942,42491345.02638939
64943,42491916.299896546
64944,42492487.67563289
64945,42493059.14300787
64946,42493630.71421783
64947,42494202.379363835
64948,42494774.13726381
64949,42495346.000809155
64950,42495917.955527365
64951,42496490.00970602
64952,42497062.15831821
64953,42497634.40670209
64954,42498206.74991406
64955,42498779.19107445
64956,42499351.73047623
64957,42499924.36418865
64958,42500497.09441429
64959,42501069.91985133
64960,42501642.84281257
64961,42502215.86120536
64962,42502788.979047395
64963,42503362.19190704
64964,42503935.49903697
64965,42504508.90115591
64966,42505082.40101935
64967,42505655.995954335
64968,42506229.68750086
64969,42506803.47484492
64970,42507377.354595065
64971,42507951.33216783
64972,42508525.40534582
64973,42509099.57385334
64974,42509673.83811155
64975,42510248.19598024
64976,42510822.648948774
64977,42511397.197730556
64978,42511971.84110121
64979,42512546.58073551
64980,42513121.415226124
64981,42513696.34266941
64982,42514271.3654994
64983,42514846.48109216
64984,42515421.69272063
64985,42515997.00018876
64986,42516572.401696734
64987,42517147.89598155
64988,42517723.48331891
64989,42518299.1692321
64990,42518874.94187535
64991,42519450.81483721
64992,42520026.77967608
64993,42520602.83791457
64994,42521178.99090801
64995,42521755.23607009
64996,42522331.574221455
64997,42522908.00855029
64998,42523484.535126045
64999,42524061.155519255
65000,42524637.86891816
65001,42525214.6727077
65002,42525791.57439069
65003,42526368.56446141
65004,42526945.64948872
65005,42527522.82755956
65006,42528100.09677528
65007,42528677.46176758
65008,42529254.91959519
65009,42529832.46740904
65010,42530410.10828309
65011,42530987.84192935
65012,42531565.66868536
65013,42532143.58463619
65014,42532721.59667621
65015,42533299.69818776
65016,42533877.89169985
65017,42534456.17924626
65018,42535034.55702457
65019,42535613.02607415
65020,42536191.58745633
65021,42536770.24136358
65022,42537348.98611042
65023,42537927.82413848
65024,42538506.75039527
65025,42539085.76924703
65026,42539664.88100087
65027,42540244.08263772
65028,42540823.372959286
65029,42541402.75605917
65030,42541982.23226245
65031,42542561.79683886
65032,42543141.45257746
65033,42543721.20093748
65034,42544301.0370378
65035,42544880.967161044
65036,42545460.98370291
65037,42546041.09262219
65038,42546621.29381376
65039,42547201.58123518
65040,42547781.95972903
65041,42548362.42900526
65042,42548942.98915752
65043,42549523.63937495
65044,42550104.379417725
65045,42550685.20614116
65046,42551266.12648023
65047,42551847.136203386
65048,42552428.233172536
65049,42553009.42171261
65050,42553590.695678204
65051,42554172.06309454
65052,42554753.51880442
65053,42555335.0637503
65054,42555916.695931554
65055,42556498.41977984
65056,42557080.23135617
65057,42557662.13112687
65058,42558244.12077059
65059,42558826.19840168
65060,42559408.36381849
65061,42559990.61923932
65062,42560572.961520396
65063,42561155.39301907
65064,42561737.914810814
65065,42562320.520922184
65066,42562903.21897449
65067,42563486.0040925
65068,42564068.876143165
65069,42564651.83866689
65070,42565234.885092266
65071,42565818.0203324
65072,42566401.24481819
65073,42566984.55410294
65074,42567567.955138244
65075,42568151.43979609
65076,42568735.01493289
65077,42569318.67503626
65078,42569902.4232776
65079,42570486.25724269
65080,42571070.17884704
65081,42571654.187997155
65082,42572238.2835066
65083,42572822.46771831
65084,42573406.73713262
65085,42573991.095010966
65086,42574575.535827495
65087,42575160.06842188
65088,42575744.68102002
65089,42576329.3832566
65090,42576914.171097316
65091,42577499.04719302
65092,42578084.007582076
65093,42578669.054553375
65094,42579254.187783875
65095,42579839.40695584
65096,42580424.709201835
65097,42581010.100513965
65098,42581595.57711844
65099,42582181.13650562
65100,42582766.7871905
65101,42583352.51900544
65102,42583938.334160484
65103,42584524.23595565
65104,42585110.22408806
65105,42585696.29840223
65106,42586282.456931315
65107,42586868.69751485
65108,42587455.026340604
65109,42588041.44014381
65110,42588627.93602059
65111,42589214.51918021
65112,42589801.18651177
65113,42590387.936994486
65114,42590974.77189262
65115,42591561.69250027
65116,42592148.696944244
65117,42592735.78369995
65118,42593322.9572296
65119,42593910.21347683
65120,42594497.55386275
65121,42595084.977643564
65122,42595672.48531526
65123,42596260.07652275
65124,42596847.75148368
65125,42597435.51114198
65126,42598023.35241333
65127,42598611.278508924
65128,42599199.287255
65129,42599787.377775766
65130,42600375.553516544
65131,42600963.811963215
65132,42601552.15326968
65133,42602140.577676505
65134,42602729.08431919
65135,42603317.67382269
65136,42603906.34565423
65137,42604495.10204498
65138,42605083.9387454
65139,42605672.858128294
65140,42606261.8600473
65141,42606850.94518873
65142,42607440.11160724
65143,42608029.35884059
65144,42608618.69020019
65145,42609208.10528238
65146,42609797.599017404
65147,42610387.17447977
65148,42610976.8329438
65149,42611566.572297856
65150,42612156.39404556
65151,42612746.29849354
65152,42613336.28159655
65153,42613926.34825027
65154,42614516.49593641
65155,42615106.72197861
65156,42615697.03023828
65157,42616287.42214165
65158,42616877.892000675
65159,42617468.444791965
65160,42618059.07770948
65161,42618649.79284816
65162,42619240.585385345
65163,42619831.45921947
65164,42620422.415380254
65165,42621013.45103226
65166,42621604.567190506
65167,42622195.76105832
65168,42622787.0394157
65169,42623378.39662363
65170,42623969.83180884
65171,42624561.34810468
65172,42625152.94216552
65173,42625744.619988926
65174,42626336.3731968
65175,42626928.208602645
65176,42627520.12266148
65177,42628112.11646652
65178,42628704.190322116
65179,42629296.34173221
65180,42629888.573957264
65181,42630480.88455102
65182,42631073.27697872
65183,42631665.745948
65184,42632258.294640206
65185,42632850.91859907
65186,42633443.623991735
65187,42634036.408676066
65188,42634629.26913734
65189,42635222.21043205
65190,42635815.22921854
65191,42636408.329386964
65192,42637001.50367356
65193,42637594.759691596
65194,42638188.09047505
65195,42638781.5011998
65196,42639374.98921718
65197,42639968.55562473
65198,42640562.19876594
65199,42641155.92181043
65200,42641749.71973482
65201,42642343.59693476
65202,42642937.55080586
65203,42643531.581186235
65204,42644125.692351155
65205,42644719.87637159
65206,42645314.14099313
65207,42645908.48113495
65208,42646502.89610973
65209,42647097.3915333
65210,42647691.96321944
65211,42648286.610019475
65212,42648881.334513836
65213,42649476.135775566
65214,42650071.01260372
65215,42650665.967183046
65216,42651260.99706007
65217,42651856.10327817
65218,42652451.2851488
65219,42653046.54527605
65220,42653641.87724001
65221,42654237.29063784
65222,42654832.77698529
65223,42655428.338541016
65224,42656023.97605747
65225,42656619.69158768
65226,42657215.48019484
65227,42657811.34532352
65228,42658407.28348121
65229,42659003.30124014
65230,42659599.392379686
65231,42660195.5571157
65232,42660791.79727202
65233,42661388.114496134
65234,42661984.50458372
65235,42662580.97137035
65236,42663177.51092027
65237,42663774.123823516
65238,42664370.81327693
65239,42664967.57909008
65240,42665564.41886237
65241,42666161.33088087
65242,42666758.31910399
65243,42667355.379383594
65244,42667952.517657466
65245,42668549.724991634
65246,42669147.00898929
65247,42669744.36517789
65248,42670341.796930686
65249,42670939.30277143
65250,42671536.880796336
65251,42672134.53018238
65252,42672732.259061106
65253,42673330.058165856
65254,42673927.93059904
65255,42674525.8765159
65256,42675123.894302495
65257,42675721.988299504
65258,42676320.15091677
65259,42676918.38607693
65260,42677516.69913649
65261,42678115.083324045
65262,42678713.53679299
65263,42679312.066464856
65264,42679910.669029884
65265,42680509.34077107
65266,42681108.08697384
65267,42681706.90614482
65268,42682305.79443146
65269,42682904.758168034
65270,42683503.79171101
65271,42684102.89887419
65272,42684702.07771523
65273,42685301.32867123
65274,42685900.649772055
65275,42686500.04237927
65276,42687099.5091824
65277,42687699.04511711
65278,42688298.65047226
65279,42688898.33247947
65280,42689498.08216923
65281,42690097.90368931
65282,42690697.79760525
65283,42691297.75989772
65284,42691897.795597725
65285,42692497.90141662
65286,42693098.076390885
65287,42693698.323639035
65288,42694298.64134191
65289,42694899.0290796
65290,42695499.48790834
65291,42696100.01472882
65292,42696700.61415801
65293,42697301.28275772
65294,42697902.02503254
65295,42698502.831030935
65296,42699103.71333817
65297,42699704.66167062
65298,42700305.679292925
65299,42700906.76757793
65300,42701507.92712045
65301,42702109.15479168
65302,42702710.45273747
65303,42703311.816856004
65304,42703913.254887626
65305,42704514.75944707
65306,42705116.335993856
65307,42705717.97858612
65308,42706319.69011407
65309,42706921.47339237
65310,42707523.3217091
65311,42708125.24095814
65312,42708727.228913315
65313,42709329.28571514
65314,42709931.40948293
65315,42710533.60397801
65316,42711135.86358325
65317,42711738.192691825
65318,42712340.593132615
65319,42712943.05719295
65320,42713545.592084326
65321,42714148.1941818
65322,42714750.86527574
65323,42715353.600451834
65324,42715956.406528234
65325,42716559.27808429
65326,42717162.218787104
65327,42717765.22636524
65328,42718368.303197555
65329,42718971.44579022
65330,42719574.6549705
65331,42720177.93068781
65332,42720781.27472446
65333,42721384.68555455
65334,42721988.164382696
65335,42722591.70702173
65336,42723195.31950978
65337,42723798.996517
65338,42724402.74287727
65339,42725006.552378856
65340,42725610.4327306
65341,42726214.37554289
65342,42726818.38437524
65343,42727422.46100536
65344,42728026.60326783
65345,42728630.81004576
65346,42729235.08636879
65347,42729839.42499677
65348,42730443.83004265
65349,42731048.30274556
65350,42731652.838068865
65351,42732257.44234865
65352,42732862.10996936
65353,42733466.84226127
65354,42734071.642423116
65355,42734676.50591665
65356,42735281.4337426
65357,42735886.428484015
65358,42736491.485439524
65359,42737096.61095523
65360,42737701.79748093
65361,42738307.052247636
65362,42738912.37060987
65363,42739517.75260132
65364,42740123.20061836
65365,42740728.709452406
65366,42741334.28613293
65367,42741939.92328665
65368,42742545.62873699
65369,42743151.396830775
65370,42743757.230558015
65371,42744363.12471604
65372,42744969.08521236
65373,42745575.10668381
65374,42746181.194192454
65375,42746787.344192736
65376,42747393.558025464
65377,42747999.83548832
65378,42748606.17651713
65379,42749212.58313325
65380,42749819.04815215
65381,42750425.57705736
65382,42751032.17108343
65383,42751638.82873864
65384,42752245.54597022
65385,42752852.32986352
65386,42753459.17378228
65387,42754066.0795265
65388,42754673.048543125
65389,42755280.080155306
65390,42755887.175552785
65391,42756494.33229558
65392,42757101.55192536
65393,42757708.83175002
65394,42758316.17387039
65395,42758923.58036695
65396,42759531.04644045
65397,42760138.57333951
65398,42760746.16404594
65399,42761353.81650575
65400,42761961.52939933
65401,42762569.3027872
65402,42763177.14004143
65403,42763785.03654884
65404,42764392.99585373
65405,42765001.01418166
65406,42765609.0953253
65407,42766217.2400119
65408,42766825.44006476
65409,42767433.704981185
65410,42768042.0278361
65411,42768650.411489144
65412,42769258.856896445
65413,42769867.3629404
65414,42770475.93202705
65415,42771084.55610748
65416,42771693.24320465
65417,42772301.990536384
65418,42772910.79725452
65419,42773519.66449293
65420,42774128.58988149
65421,42774737.57582128
65422,42775346.62239631
65423,42775955.72780056
65424,42776564.89437789
65425,42777174.116229884
65426,42777783.40514913
65427,42778392.7487939
65428,42779002.150290646
65429,42779611.61209878
65430,42780221.136296496
65431,42780830.71602959
65432,42781440.35402004
65433,42782050.05165458
65434,42782659.8091761
65435,42783269.6231798
65436,42783879.49898866
65437,42784489.43007911
65438,42785099.419904515
65439,42785709.470842466
65440,42786319.578266904
65441,42786929.74689755
65442,42787539.97067498
65443,42788150.24981263
65444,42788760.59069467
65445,42789370.98785936
65446,42789981.4458476
65447,42790591.95537494
65448,42791202.52845477
65449,42791813.157589376
65450,42792423.84153269
65451,42793034.585232124
65452,42793645.38667296
65453,42794256.242123365
65454,42794867.158594355
65455,42795478.12817192
65456,42796089.15684047
65457,42796700.24487276
65458,42797311.38543029
65459,42797922.58565836
65460,42798533.84000723
65461,42799145.15371477
65462,42799756.52048411
65463,42800367.94852611
65464,42800979.42942714
65465,42801590.96560954
65466,42802202.55807658
65467,42802814.209513165
65468,42803425.91510509
65469,42804037.6765497
65470,42804649.49557825
65471,42805261.368895344
65472,42805873.296902
65473,42806485.28231384
65474,42807097.317842826
65475,42807709.41555628
65476,42808321.56603235
65477,42808933.77297709
65478,42809546.03271222
65479,42810158.34954425
65480,42810770.71944553
65481,42811383.14508933
65482,42811995.62721614
65483,42812608.16179813
65484,42813220.75214279
65485,42813833.3951995
65486,42814446.096207865
65487,42815058.847946845
65488,42815671.65855229
65489,42816284.51863667
65490,42816897.43468967
65491,42817510.406280465
65492,42818123.42961274
65493,42818736.50856724
65494,42819349.63956283
65495,42819962.826331444
65496,42820576.06495946
65497,42821189.358899966
65498,42821802.70567782
65499,42822416.10285073
65500,42823029.55803301
65501,42823643.06599401
65502,42824256.62443794
65503,42824870.238998555
65504,42825483.90137332
65505,42826097.621219836
65506,42826711.39294645
65507,42827325.216182575
65508,42827939.092395656
65509,42828553.02531159
65510,42829167.006280415
65511,42829781.040155895
65512,42830395.1264264
65513,42831009.26555748
65514,42831623.45725912
65515,42832237.70138015
65516,42832851.99454764
65517,42833466.34260435
65518,42834080.7412175
65519,42834695.19138135
65520,42835309.69435453
65521,42835924.24931096
65522,42836538.854435615
65523,42837153.51183346
65524,42837768.22095032
65525,42838382.98106572
65526,42838997.793432154
65527,42839612.653517164
65528,42840227.56511376
65529,42840842.53075237
65530,42841457.544102244
65531,42842072.60926008
65532,42842687.72680702
65533,42843302.89442584
65534,42843918.10975457
65535,42844533.37846073
65536,42845148.69674125
65537,42845764.06374738
65538,42846379.48186409
65539,42846994.950597905
65540,42847610.47200758
65541,42848226.038932666
65542,42848841.65729085
65543,42849457.3265381
65544,42850073.04550996
65545,42850688.810641915
65546,42851304.62704091
65547,42851920.49696915
65548,42852536.41193083
65549,42853152.37554384
65550,42853768.39057071
65551,42854384.453509085
65552,42855000.56768073
65553,42855616.72953684
65554,42856232.939517304
65555,42856849.19812621
65556,42857465.506144345
65557,42858081.861442536
65558,42858698.26668653
65559,42859314.720528536
65560,42859931.22199997
65561,42860547.7723104
65562,42861164.368921466
65563,42861781.017762296
65564,42862397.71018067
65565,42863014.451462865
65566,42863631.24303726
65567,42864248.08149863
65568,42864864.96939062
65569,42865481.900156505
65570,42866098.881658
65571,42866715.9100192
65572,42867332.98379795
65573,42867950.10810271
65574,42868567.278036214
65575,42869184.495591305
65576,42869801.76016873
65577,42870419.071782246
65578,42871036.42812518
65579,42871653.834296204
65580,42872271.28461372
65581,42872888.78257565
65582,42873506.3299133
65583,42874123.91747019
65584,42874741.55625392
65585,42875359.24076113
65586,42875976.96990537
65587,42876594.74673554
65588,42877212.56735362
65589,42877830.43491018
65590,42878448.349804066
65591,42879066.310534336
65592,42879684.31561171
65593,42880302.367434315
65594,42880920.461918816
65595,42881538.60476015
65596,42882156.79261958
65597,42882775.02435826
65598,42883393.303297445
65599,42884011.62582351
65600,42884629.994566336
65601,42885248.407288976
65602,42885866.86292994
65603,42886485.36881804
65604,42887103.91243063
65605,42887722.504920304
65606,42888341.14279474
65607,42888959.82400783
65608,42889578.54863286
65609,42890197.31785387
65610,42890816.13198824
65611,42891434.99038253
65612,42892053.89052034
65613,42892672.83630709
65614,42893291.8261697
65615,42893910.8617449
65616,42894529.93787938
65617,42895149.058768824
65618,42895768.224002145
65619,42896387.4308542
65620,42897006.68123617
65621,42897625.97692461
65622,42898245.31187102
65623,42898864.69315993
65624,42899484.11818641
65625,42900103.58137976
65626,42900723.092175394
65627,42901342.64593131
65628,42901962.24010518
65629,42902581.87797284
65630,42903201.55552277
65631,42903821.27901436
65632,42904441.04527278
65633,42905060.850758135
65634,42905680.70170595
65635,42906300.592490174
65636,42906920.524369076
65637,42907540.50115785
65638,42908160.5186816
65639,42908780.57717958
65640,42909400.67792181
65641,42910020.81782006
65642,42910641.00548129
65643,42911261.231153995
65644,42911881.496214464
65645,42912501.80261544
65646,42913122.15098682
65647,42913742.54099353
65648,42914362.97315661
65649,42914983.44536285
65650,42915603.956407115
65651,42916224.51055594
65652,42916845.10602888
65653,42917465.73945368
65654,42918086.41495817
65655,42918707.131934546
65656,42919327.88782287
65657,42919948.68371524
65658,42920569.51831379
65659,42921190.394884154
65660,42921811.31176457
65661,42922432.268455096
65662,42923053.26550287
65663,42923674.301252775
65664,42924295.37690826
65665,42924916.492116705
65666,42925537.64629873
65667,42926158.84092893
65668,42926780.07736614
65669,42927401.348418415
65670,42928022.65968594
65671,42928644.00918802
65672,42929265.39971221
65673,42929886.829582036
65674,42930508.298728816
65675,42931129.80408221
65676,42931751.34920743
65677,42932372.93381116
65678,42932994.55392541
65679,42933616.21690045
65680,42934237.91402622
65681,42934859.65271658
65682,42935481.4285266
65683,42936103.23931212
65684,42936725.091562934
65685,42937346.98159178
65686,42937968.9075677
65687,42938590.87237488
65688,42939212.87465786
65689,42939834.913177155
65690,42940456.99355125
65691,42941079.10633027
65692,42941701.25720266
65693,42942323.449912176
65694,42942945.67586047
65695,42943567.93762053
65696,42944190.24055591
65697,42944812.57755003
65698,42945434.951099016
65699,42946057.36167732
65700,42946679.80946469
65701,42947302.29389884
65702,42947924.813470446
65703,42948547.37232089
65704,42949169.96499466
65705,42949792.59374815
65706,42950415.2611939
65707,42951037.96075577
65708,42951660.700167604
65709,42952283.47234177
65710,42952906.28202284
65711,42953529.12581502
65712,42954152.00484555
65713,42954774.923259206
65714,42955397.873103686
65715,42956020.86055307
65716,42956643.883393556
65717,42957266.94002116
65718,42957890.03308498
65719,42958513.16079398
65720,42959136.32153727
65721,42959759.520557374
65722,42960382.751703694
65723,42961006.01798387
65724,42961629.318378285
65725,42962252.65466898
65726,42962876.026522286
65727,42963499.43116229
65728,42964122.87052162
65729,42964746.34477951
65730,42965369.8515728
65731,42965993.392373025
65732,42966616.967647135
65733,42967240.57556318
65734,42967864.218220085
65735,42968487.89593823
65736,42969111.60454476
65737,42969735.347992554
65738,42970359.12576111
65739,42970982.93448894
65740,42971606.77804551
65741,42972230.65339301
65742,42972854.563940994
65743,42973478.50671314
65744,42974102.48231401
65745,42974726.4917625
65746,42975350.531043485
65747,42975974.60729207
65748,42976598.71005919
65749,42977222.85151462
65750,42977847.022926055
65751,42978471.22630524
65752,42979095.46243867
65753,42979719.72900233
65754,42980344.030393906
65755,42980968.36034816
65756,42981592.72421625
65757,42982217.122477524
65758,42982841.54788689
65759,42983466.007594585
65760,42984090.49761791
65761,42984715.01978519
65762,42985339.570372894
65763,42985964.1573618
65764,42986588.77281469
65765,42987213.42070668
65766,42987838.096908085
65767,42988462.80781837
65768,42989087.545205824
65769,42989712.31652841
65770,42990337.1166653
65771,42990961.94903709
65772,42991586.81252403
65773,42992211.70672526
65774,42992836.628586754
65775,42993461.580732785
65776,42994086.563555636
65777,42994711.58008969
65778,42995336.62252281
65779,42995961.696349986
65780,42996586.801488034
65781,42997211.93357314
65782,42997837.0963799
65783,42998462.28939914
65784,42999087.512781985
65785,42999712.7630346
65786,43000338.04143476
65787,43000963.35283723
65788,43001588.692594215
65789,43002214.06204282
65790,43002839.457229264
65791,43003464.884819806
65792,43004090.33960953
65793,43004715.824464254
65794,43005341.33485784
65795,43005966.87699442
65796,43006592.44781272
65797,43007218.045025684
65798,43007843.670882516
65799,43008469.32435314
65800,43009095.00733422
65801,43009720.71764244
65802,43010346.45715207
65803,43010972.22324471
65804,43011598.0163106
65805,43012223.84061514
65806,43012849.6896319
65807,43013475.564659685
65808,43014101.46973647
65809,43014727.401846066
65810,43015353.3620294
65811,43015979.346811734
65812,43016605.36047293
65813,43017231.40256996
65814,43017857.46974233
65815,43018483.56158442
65816,43019109.68531137
65817,43019735.83098651
65818,43020362.00623376
65819,43020988.20742628
65820,43021614.43467409
65821,43022240.68819023
65822,43022866.96775653
65823,43023493.275434285
65824,43024119.60552367
65825,43024745.964821674
65826,43025372.35027717
65827,43025998.759846814
65828,43026625.193772994
65829,43027251.654595524
65830,43027878.14237705
65831,43028504.65371742
65832,43029131.19381886
65833,43029757.756416075
65834,43030384.34487259
65835,43031010.959290415
65836,43031637.59823834
65837,43032264.26116175
65838,43032890.94914771
65839,43033517.66191796
65840,43034144.400236264
65841,43034771.16339241
65842,43035397.95125405
65843,43036024.76054234
65844,43036651.59678117
65845,43037278.45816849
65846,43037905.34053157
65847,43038532.251512766
65848,43039159.184899546
65849,43039786.1427624
65850,43040413.12090628
65851,43041040.12587729
65852,43041667.15292137
65853,43042294.20600247
65854,43042921.27895915
65855,43043548.37814145
65856,43044175.50018991
65857,43044802.64500742
65858,43045429.812052496
65859,43046057.00274244
65860,43046684.21943041
65861,43047311.455868386
65862,43047938.71572956
65863,43048565.99932646
65864,43049193.304717265
65865,43049820.632239245
65866,43050447.9830109
65867,43051075.35474394
65868,43051702.75101021
65869,43052330.16634185
65870,43052957.60750744
65871,43053585.069866896
65872,43054212.552002504
65873,43054840.05834903
65874,43055467.585790776
65875,43056095.13359326
65876,43056722.70623313
65877,43057350.29758403
65878,43057977.90920088
65879,43058605.54594814
65880,43059233.20357319
65881,43059860.87957284
65882,43060488.57749277
65883,43061116.29718866
65884,43061744.0381001
65885,43062371.798425816
65886,43062999.58318349
65887,43063627.38552678
65888,43064255.20909429
65889,43064883.05043431
65890,43065510.91640765
65891,43066138.80203274
65892,43066766.704931304
65893,43067394.63089143
65894,43068022.575025484
65895,43068650.54210968
65896,43069278.52611534
65897,43069906.531108856
65898,43070534.554675065
65899,43071162.60159879
65900,43071790.66390738
65901,43072418.7479259
65902,43073046.85018244
65903,43073674.97085312
65904,43074303.111298375
65905,43074931.27305279
65906,43075559.453696325
65907,43076187.64892067
65908,43076815.87000726
65909,43077444.10484372
65910,43078072.35884751
65911,43078700.631797254
65912,43079328.92455134
65913,43079957.23268826
65914,43080585.56291822
65915,43081213.90961502
65916,43081842.276111074
65917,43082470.657050684
65918,43083099.05856592
65919,43083727.477478735
65920,43084355.9138847
65921,43084984.370482065
65922,43085612.84029086
65923,43086241.329582624
65924,43086869.83866555
65925,43087498.36241855
65926,43088126.905432776
65927,43088755.465074755
65928,43089384.040991046
65929,43090012.63432685
65930,43090641.242666945
65931,43091269.87259562
65932,43091898.51633461
65933,43092527.17882328
65934,43093155.85551897
65935,43093784.546867855
65936,43094413.25982754
65937,43095041.98424658
65938,43095670.72943509
65939,43096299.48929948
65940,43096928.26506012
65941,43097557.0541604
65942,43098185.862555444
65943,43098814.68599487
65944,43099443.52434839
65945,43100072.37676855
65946,43100701.248739876
65947,43101330.13479645
65948,43101959.03527783
65949,43102587.9507961
65950,43103216.88306594
65951,43103845.83093013
65952,43104474.792247996
65953,43105103.76912219
65954,43105732.76010045
65955,43106361.76727129
65956,43106990.78595082
65957,43107619.823855646
65958,43108248.873904474
65959,43108877.93915491
65960,43109507.01716716
65961,43110136.11220556
65962,43110765.22144947
65963,43111394.341409296
65964,43112023.47719938
65965,43112652.62942106
65966,43113281.78957568
65967,43113910.96839058
65968,43114540.16052434
65969,43115169.363190904
65970,43115798.58257367
65971,43116427.81344254
65972,43117057.05708468
65973,43117686.316120304
65974,43118315.58753306
65975,43118944.87127724
65976,43119574.167636186
65977,43120203.47905483
65978,43120832.80100316
65979,43121462.138792075
65980,43122091.487185486
65981,43122720.846294336
65982,43123350.22104384
65983,43123979.6053836
65984,43124609.00441775
65985,43125238.41436203
65986,43125867.83787459
65987,43126497.270163916
65988,43127126.719093606
65989,43127756.177517064
65990,43128385.64608834
65991,43129015.12650787
65992,43129644.61897126
65993,43130274.12687487
65994,43130903.64389499
65995,43131533.16941571
65996,43132162.706912994
65997,43132792.256839745
65998,43133421.820044175
65999,43134051.390940666
66000,43134680.972606
66001,43135310.56948545
66002,43135940.172562964
66003,43136569.7870316
66004,43137199.41143492
66005,43137829.04920173
66006,43138458.6951865
66007,43139088.35082492
66008,43139718.0188444
66009,43140347.695737116
66010,43140977.38192417
66011,43141607.0773987
66012,43142236.784268886
66013,43142866.50021227
66014,43143496.229303494
66015,43144125.96228775
66016,43144755.70905304
66017,43145385.46211191
66018,43146015.22939668
66019,43146644.999799795
66020,43147274.78368638
66021,43147904.5732616
66022,43148534.376143835
66023,43149164.18569155
66024,43149794.002761185
66025,43150423.8295304
66026,43151053.66588836
66027,43151683.50849025
66028,43152313.36266524
66029,43152943.22271623
66030,43153573.089969434
66031,43154202.97070416
66032,43154832.85446134
66033,43155462.747376665
66034,43156092.64924803
66035,43156722.557575054
66036,43157352.47510698
66037,43157982.40068397
66038,43158612.33279806
66039,43159242.27243943
66040,43159872.21833433
66041,43160502.1725091
66042,43161132.13542386
66043,43161762.10461701
66044,43162392.07898063
66045,43163022.06232178
66046,43163652.05266041
66047,43164282.04868506
66048,43164912.05315805
66049,43165542.060532644
66050,43166172.07675961
66051,43166802.1021253
66052,43167432.13082079
66053,43168062.16573837
66054,43168692.20694053
66055,43169322.2554667
66056,43169952.308914006
66057,43170582.36867371
66058,43171212.433788314
66059,43171842.50561763
66060,43172472.58288507
66061,43173102.665324815
66062,43173732.75281474
66063,43174362.84568532
66064,43174992.94477243
66065,43175623.049381696
66066,43176253.157023184
66067,43176883.27094093
66068,43177513.39069981
66069,43178143.51480697
66070,43178773.64261254
66071,43179403.7765023
66072,43180033.91315694
66073,43180664.056450985
66074,43181294.20491108
66075,43181924.35520599
66076,43182554.50944761
66077,43183184.6692465
66078,43183814.832262136
66079,43184445.00286847
66080,43185075.17189538
66081,43185705.34582389
66082,43186335.52613966
66083,43186965.71043512
66084,43187595.89605596
66085,43188226.08676037
66086,43188856.2802101
66087,43189486.47577396
66088,43190116.67521171
66089,43190746.879892044
66090,43191377.085157946
66091,43192007.29100273
66092,43192637.5038139
66093,43193267.71799598
66094,43193897.93674451
66095,43194528.15681177
66096,43195158.37864447
66097,43195788.60280873
66098,43196418.8314067
66099,43197049.05989142
66100,43197679.28999579
66101,43198309.52346071
66102,43198939.75892074
66103,43199569.99659782
66104,43200200.23604221
66105,43200830.47719379
66106,43201460.718354166
66107,43202090.9617541
66108,43202721.20888486
66109,43203351.45606133
66110,43203981.70495584
66111,43204611.952847995
66112,43205242.20200727
66113,43205872.45465032
66114,43206502.70611184
66115,43207132.957973145
66116,43207763.213070296
66117,43208393.46785851
66118,43209023.724035434
66119,43209653.978180036
66120,43210284.23319308
66121,43210914.48832613
66122,43211544.74540553
66123,43212175.00221493
66124,43212805.26144291
66125,43213435.51613011
66126,43214065.772640884
66127,43214696.030017994
66128,43215326.28539468
66129,43215956.54000607
66130,43216586.796403594
66131,43217217.04898679
66132,43217847.30370494
66133,43218477.55516517
66134,43219107.808840394
66135,43219738.06083017
66136,43220368.31090047
66137,43220998.56004437
66138,43221628.80995137
66139,43222259.05343751
66140,43222889.29807484
66141,43223519.54325207
66142,43224149.78418896
66143,43224780.02457728
66144,43225410.26437818
66145,43226040.50372266
66146,43226670.73764641
66147,43227300.97056793
66148,43227931.19967156
66149,43228561.429717034
66150,43229191.65851863
66151,43229821.881224565
66152,43230452.10567203
66153,43231082.323393606
66154,43231712.53966126
66155,43232342.75367343
66156,43232972.965319246
66157,43233603.172462374
66158,43234233.38046194
66159,43234863.58246175
66160,43235493.781163305
66161,43236123.97748742
66162,43236754.17127986
66163,43237384.361974396
66164,43238014.54746597
66165,43238644.728536755
66166,43239274.90628351
66167,43239905.080578215
66168,43240535.25340155
66169,43241165.41973655
66170,43241795.58390121
66171,43242425.74315978
66172,43243055.8985178
66173,43243686.04728133
66174,43244316.19384961
66175,43244946.336249895
66176,43245576.47410714
66177,43246206.60669752
66178,43246836.73700169
66179,43247466.855281994
66180,43248096.97687067
66181,43248727.090051554
66182,43249357.19623467
66183,43249987.29967115
66184,43250617.39964638
66185,43251247.489663474
66186,43251877.57665193
66187,43252507.65883184
66188,43253137.73507274
66189,43253767.80571209
66190,43254397.87012653
66191,43255027.928367704
66192,43255657.978218004
66193,43256288.02657656
66194,43256918.06763787
66195,43257548.101787545
66196,43258178.128208786
66197,43258808.14930967
66198,43259438.16416351
66199,43260068.17406392
66200,43260698.176281
66201,43261328.17033446
66202,43261958.15719642
66203,43262588.139586106
66204,43263218.11257255
66205,43263848.07979461
66206,43264478.03997075
66207,43265107.99206064
66208,43265737.936872184
66209,43266367.87722987
66210,43266997.80391693
66211,43267627.72769505
66212,43268257.64282169
66213,43268887.55119661
66214,43269517.44928615
66215,43270147.339735836
66216,43270777.22221641
66217,43271407.09887087
66218,43272036.96341998
66219,43272666.82258915
66220,43273296.67191964
66221,43273926.51375116
66222,43274556.347406566
66223,43275186.17039888
66224,43275815.984627284
66225,43276445.79261087
66226,43277075.58972136
66227,43277705.37742618
66228,43278335.155563734
66229,43278964.92426684
66230,43279594.683100626
66231,43280224.436690524
66232,43280854.17876044
66233,43281483.90856281
66234,43282113.63254627
66235,43282743.3441448
66236,43283373.04769971
66237,43284002.73922315
66238,43284632.42172602
66239,43285262.09487676
66240,43285891.756031774
66241,43286521.410135716
66242,43287151.05076728
66243,43287780.68069334
66244,43288410.301742464
66245,43289039.912808664
66246,43289669.5110289
66247,43290299.10031468
66248,43290928.67595781
66249,43291558.24300619
66250,43292187.798442654
66251,43292817.34477774
66252,43293446.87457695
66253,43294076.39731476
66254,43294705.90708328
66255,43295335.40673462
66256,43295964.8930838
66257,43296594.36627261
66258,43297223.82888135
66259,43297853.27980601
66260,43298482.72075549
66261,43299112.14874874
66262,43299741.56392287
66263,43300370.96530186
66264,43301000.35604192
66265,43301629.73541993
66266,43302259.098699786
66267,43302888.4498405
66268,43303517.79361659
66269,43304147.11865634
66270,43304776.433996074
66271,43305405.73624084
66272,43306035.02375831
66273,43306664.30058659
66274,43307293.564223856
66275,43307922.8094632
66276,43308552.04570427
66277,43309181.267368786
66278,43309810.47587425
66279,43310439.6694708
66280,43311068.85016284
66281,43311698.01706227
66282,43312327.17015092
66283,43312956.30904905
66284,43313585.4317414
66285,43314214.54486763
66286,43314843.64070156
66287,43315472.72211023
66288,43316101.790260695
66289,43316730.84292504
66290,43317359.880630486
66291,43317988.90438012
66292,43318617.91228899
66293,43319246.9052687
66294,43319875.8869436
66295,43320504.84792025
66296,43321133.79691502
66297,43321762.73218962
66298,43322391.646744385
66299,43323020.54971521
66300,43323649.43812136
66301,43324278.30503794
66302,43324907.16317921
66303,43325536.00140006
66304,43326164.824091114
66305,43326793.63205963
66306,43327422.42297144
66307,43328051.20004965
66308,43328679.957326256
66309,43329308.70054835
66310,43329937.42538001
66311,43330566.135720536
66312,43331194.827936135
66313,43331823.50307201
66314,43332452.16516619
66315,43333080.80667537
66316,43333709.4325822
66317,43334338.03949115
66318,43334966.63264845
66319,43335595.205921926
66320,43336223.76225155
66321,43336852.30234527
66322,43337480.82267959
66323,43338109.328385085
66324,43338737.81280903
66325,43339366.2820954
66326,43339994.73183707
66327,43340623.164367974
66328,43341251.57973476
66329,43341879.97657632
66330,43342508.35558857
66331,43343136.714366846
66332,43343765.057153895
66333,43344393.37929879
66334,43345021.68358156
66335,43345649.970477685
66336,43346278.236302644
66337,43346906.48680789
66338,43347534.71459792
66339,43348162.92293876
66340,43348791.11519621
66341,43349419.28645608
66342,43350047.43793925
66343,43350675.5737155
66344,43351303.68732593
66345,43351931.77952848
66346,43352559.85530331
66347,43353187.910050884
66348,43353815.943894714
66349,43354443.95965571
66350,43355071.953767136
66351,43355699.929270804
66352,43356327.88139964
66353,43356955.81687124
66354,43357583.730690815
66355,43358211.62262403
66356,43358839.495446615
66357,43359467.34699642
66358,43360095.17995518
66359,43360722.989965945
66360,43361350.77868914
66361,43361978.5497584
66362,43362606.29640069
66363,43363234.02154345
66364,43363861.72745755
66365,43364489.41063179
66366,43365117.07146224
66367,43365744.713903144
66368,43366372.334233835
66369,43366999.9312412
66370,43367627.5053485
66371,43368255.05831619
66372,43368882.59082345
66373,43369510.09994722
66374,43370137.58678418
66375,43370765.053757295
66376,43371392.494118005
66377,43372019.91564102
66378,43372647.31246068
66379,43373274.687471814
66380,43373902.03796213
66381,43374529.37019833
66382,43375156.67652165
66383,43375783.959475294
66384,43376411.2208491
66385,43377038.457591705
66386,43377665.66998567
66387,43378292.86107469
66388,43378920.029312424
66389,43379547.17148503
66390,43380174.29448828
66391,43380801.38963571
66392,43381428.46267992
66393,43382055.510369696
66394,43382682.536832534
66395,43383309.536814936
66396,43383936.51325017
66397,43384563.467362925
66398,43385190.395304404
66399,43385817.2983651
66400,43386444.17693239
66401,43387071.030712865
66402,43387697.86075357
66403,43388324.66573904
66404,43388951.44662534
66405,43389578.20139899
66406,43390204.93156969
66407,43390831.63812151
66408,43391458.31749689
66409,43392084.970023
66410,43392711.600140795
66411,43393338.20260638
66412,43393964.78193179
66413,43394591.335524045
66414,43395217.859733336
66415,43395844.361513466
66416,43396470.83701877
66417,43397097.28391028
66418,43397723.70705104
66419,43398350.10456083
66420,43398976.47188819
66421,43399602.81536484
66422,43400229.132243514
66423,43400855.42474801
66424,43401481.68681421
66425,43402107.92546047
66426,43402734.136482485
66427,43403360.31774213
66428,43403986.47389203
66429,43404612.60445298
66430,43405238.7057487
66431,43405864.77795444
66432,43406490.82907447
66433,43407116.8478385
66434,43407742.83907862
66435,43408368.80354911
66436,43408994.74142963
66437,43409620.649602234
66438,43410246.53069037
66439,43410872.38374797
66440,43411498.20763035
66441,43412124.00473878
66442,43412749.773269095
66443,43413375.51267242
66444,43414001.22521092
66445,43414626.90836113
66446,43415252.5638512
66447,43415878.186948754
66448,43416503.78531219
66449,43417129.35363549
66450,43417754.891935654
66451,43418380.40016003
66452,43419005.88082714
66453,43419631.33384878
66454,43420256.75396477
66455,43420882.14647732
66456,43421507.508822456
66457,43422132.8432401
66458,43422758.14342768
66459,43423383.418675624
66460,43424008.66218759
66461,43424633.87843219
66462,43425259.06065656
66463,43425884.21361715
66464,43426509.33673323
66465,43427134.42830747
66466,43427759.493340306
66467,43428384.52338074
66468,43429009.525435984
66469,43429634.49456953
66470,43430259.43473143
66471,43430884.34252968
66472,43431509.22085928
66473,43432134.06871816
66474,43432758.88317424
66475,43433383.667564206
66476,43434008.42001474
66477,43434633.142895296
66478,43435257.83021933
66479,43435882.48903889
66480,43436507.11578499
66481,43437131.70920994
66482,43437756.273039505
66483,43438380.8036578
66484,43439005.30237478
66485,43439629.76883914
66486,43440254.20224607
66487,43440878.603136435
66488,43441502.97434351
66489,43442127.31013218
66490,43442751.61517359
66491,43443375.88604298
66492,43444000.12403056
66493,43444624.33169596
66494,43445248.50487331
66495,43445872.64503719
66496,43446496.75008062
66497,43447120.82390348
66498,43447744.86419249
66499,43448368.87142267
66500,43448992.841671996
66501,43449616.781354554
66502,43450240.68990291
66503,43450864.55872051
66504,43451488.39932313
66505,43452112.203755625
66506,43452735.97317508
66507,43453359.70715319
66508,43453983.40879662
66509,43454607.07681955
66510,43455230.711383544
66511,43455854.309606016
66512,43456477.87177733
66513,43457101.398794435
66514,43457724.89466566
66515,43458348.35352371
66516,43458971.7780053
66517,43459595.165509745
66518,43460218.521435514
66519,43460841.83846531
66520,43461465.12087631
66521,43462088.37163861
66522,43462711.58582042
66523,43463334.75994283
66524,43463957.90148084
66525,43464581.0082324
66526,43465204.077999614
66527,43465827.11046952
66528,43466450.10711868
66529,43467073.07046178
66530,43467695.99296879
66531,43468318.88240551
66532,43468941.73581616
66533,43469564.54944336
66534,43470187.33057683
66535,43470810.07380523
66536,43471432.78003228
66537,43472055.44677512
66538,43472678.07856421
66539,43473300.67449745
66540,43473923.23079119
66541,43474545.75148438
66542,43475168.23516633
66543,43475790.68084386
66544,43476413.08667742
66545,43477035.457925946
66546,43477657.79007134
66547,43478280.08526201
66548,43478902.34295922
66549,43479524.56303584
66550,43480146.7442541
66551,43480768.88519979
66552,43481390.99115014
66553,43482013.05696597
66554,43482635.08626309
66555,43483257.07527376
66556,43483879.028052025
66557,43484500.938823484
66558,43485122.81174067
66559,43485744.64659455
66560,43486366.44175605
66561,43486988.20022688
66562,43487609.91588802
66563,43488231.594778426
66564,43488853.23388165
66565,43489474.83178031
66566,43490096.39047575
66567,43490717.91203489
66568,43491339.39369627
66569,43491960.83212326
66570,43492582.23495682
66571,43493203.59646377
66572,43493824.917879514
66573,43494446.19788254
66574,43495067.43797642
66575,43495688.63802001
66576,43496309.796356685
66577,43496930.915838204
66578,43497551.993671365
66579,43498173.03340207
66580,43498794.03091432
66581,43499414.986860715
66582,43500035.90233119
66583,43500656.77705581
66584,43501277.60807094
66585,43501898.40132516
66586,43502519.152044475
66587,43503139.860445194
66588,43503760.52639405
66589,43504381.15349992
66590,43505001.73832784
66591,43505622.28151443
66592,43506242.78205275
66593,43506863.24263189
66594,43507483.65828537
66595,43508104.031804696
66596,43508724.364196815
66597,43509344.65526512
66598,43509964.90280228
66599,43510585.106815025
66600,43511205.2705999
66601,43511825.3876612
66602,43512445.46543887
66603,43513065.502667464
66604,43513685.491278924
66605,43514305.438437976
66606,43514925.34354503
66607,43515545.205243744
66608,43516165.025026836
66609,43516784.79903269
66610,43517404.52950904
66611,43518024.21566765
66612,43518643.860678524
66613,43519263.46174135
66614,43519883.01795123
66615,43520502.53160862
66616,43521121.99865467
66617,43521741.42394819
66618,43522360.8016201
66619,43522980.13821837
66620,43523599.43066521
66621,43524218.67875135
66622,43524837.8786503
66623,43525457.03703301
66624,43526076.150164746
66625,43526695.21752758
66626,43527314.24009872
66627,43527933.216711685
66628,43528552.15114828
66629,43529171.03563079
66630,43529789.8776676
66631,43530408.6773622
66632,43531027.42690005
66633,43531646.13073631
66634,43532264.790277585
66635,43532883.40418219
66636,43533501.9757578
66637,43534120.49573517
66638,43534738.97132843
66639,43535357.40334896
66640,43535975.78559982
66641,43536594.12231221
66642,43537212.414563105
66643,43537830.65844286
66644,43538448.8561776
66645,43539067.00633677
66646,43539685.10994813
66647,43540303.167184874
66648,43540921.1786743
66649,43541539.14188785
66650,43542157.05851376
66651,43542774.92650712
66652,43543392.74977242
66653,43544010.52129464
66654,43544628.2496429
66655,43545245.927305356
66656,43545863.559255786
66657,43546481.14206508
66658,43547098.67821656
66659,43547716.165132456
66660,43548333.60474937
66661,43548950.99809904
66662,43549568.33887721
66663,43550185.635702945
66664,43550802.88225482
66665,43551420.07995576
66666,43552037.22840207
66667,43552654.32782965
66668,43553271.37906789
66669,43553888.3822314
66670,43554505.336051695
66671,43555122.24223885
66672,43555739.0961196
66673,43556355.90364123
66674,43556972.66085123
66675,43557589.36802992
66676,43558206.02605185
66677,43558822.63596425
66678,43559439.19383775
66679,43560055.7028846
66680,43560672.160755366
66681,43561288.57086745
66682,43561904.92926167
66683,43562521.2378709
66684,43563137.49570841
66685,43563753.7044205
66686,43564369.86392938
66687,43564985.96952399
66688,43565602.02709953
66689,43566218.029252574
66690,43566833.986148655
66691,43567449.89093038
66692,43568065.74353399
66693,43568681.54561353
66694,43569297.29548291
66695,43569912.99658645
66696,43570528.641916856
66697,43571144.24005798
66698,43571759.78547771
66699,43572375.27829114
66700,43572990.72067531
66701,43573606.108647585
66702,43574221.44737094
66703,43574836.73599109
66704,43575451.968924746
66705,43576067.15007853
66706,43576682.28093705
66707,43577297.358476914
66708,43577912.383572765
66709,43578527.35199881
66710,43579142.2747492
66711,43579757.13895226
66712,43580371.95433655
66713,43580986.715651095
66714,43581601.42464514
66715,43582216.078402184
66716,43582830.67991704
66717,43583445.22722237
66718,43584059.721419975
66719,43584674.163825065
66720,43585288.554119095
66721,43585902.887119494
66722,43586517.16938115
66723,43587131.39380313
66724,43587745.56818246
66725,43588359.68642558
66726,43588973.75230647
66727,43589587.76134225
66728,43590201.71770187
66729,43590815.62092803
66730,43591429.465028994
66731,43592043.25981764
66732,43592656.996484764
66733,43593270.681552656
66734,43593884.30975759
66735,43594497.88444399
66736,43595111.402948
66737,43595724.865720816
66738,43596338.273362294
66739,43596951.627421215
66740,43597564.92627635
66741,43598178.166137405
66742,43598791.352187015
66743,43599404.482754245
66744,43600017.55821277
66745,43600630.57904127
66746,43601243.54100373
66747,43601856.44936251
66748,43602469.301403455
66749,43603082.09380194
66750,43603694.83559862
66751,43604307.518321425
66752,43604920.14454986
66753,43605532.713368066
66754,43606145.22684107
66755,43606757.680426784
66756,43607370.07991323
66757,43607982.42081702
66758,43608594.706650615
66759,43609206.93391187
66760,43609819.10267312
66761,43610431.21607693
66762,43611043.27522695
66763,43611655.27190962
66764,43612267.21391943
66765,43612879.094993226
66766,43613490.91995292
66767,43614102.688177586
66768,43614714.39850754
66769,43615326.050522484
66770,43615937.64258192
66771,43616549.17808012
66772,43617160.6539872
66773,43617772.0738729
66774,43618383.43366436
66775,43618994.73258247
66776,43619605.976231515
66777,43620217.1585481
66778,43620828.285177834
66779,43621439.34981591
66780,43622050.35620064
66781,43622661.302592635
66782,43623272.19410564
66783,43623883.0222688
66784,43624493.79195194
66785,43625104.50263716
66786,43625715.15153576
66787,43626325.74216754
66788,43626936.27462715
66789,43627546.7463402
66790,43628157.15683858
66791,43628767.508961976
66792,43629377.7988127
66793,43629988.02939181
66794,43630598.19999034
66795,43631208.30878306
66796,43631818.357088126
66797,43632428.34704206
66798,43633038.275714256
66799,43633648.14131118
66800,43634257.94703593
66801,43634867.692996405
66802,43635477.37925529
66803,43636087.001438275
66804,43636696.56257261
66805,43637306.062128134
66806,43637915.50231771
66807,43638524.879631445
66808,43639134.19567181
66809,43639743.451762386
66810,43640352.64197622
66811,43640961.77110181
66812,43641570.838721804
66813,43642179.8457638
66814,43642788.78989636
66815,43643397.672933444
66816,43644006.49086736
66817,43644615.247411944
66818,43645223.94330558
66819,43645832.57386583
66820,43646441.14403987
66821,43647049.64876525
66822,43647658.092364654
66823,43648266.47246526
66824,43648874.79056244
66825,43649483.04391237
66826,43650091.23344894
66827,43650699.3605968
66828,43651307.425342776
66829,43651915.42443291
66830,43652523.361964725
66831,43653131.23541485
66832,43653739.04291233
66833,43654346.789944336
66834,43654954.471453324
66835,43655562.0880076
66836,43656169.64023588
66837,43656777.12832825
66838,43657384.55209001
66839,43657991.91167597
66840,43658599.20557715
66841,43659206.43636112
66842,43659813.60197484
66843,43660420.70305112
66844,43661027.73645548
66845,43661634.708851635
66846,43662241.61516512
66847,43662848.45373845
66848,43663455.229152516
66849,43664061.93691051
66850,43664668.58285132
66851,43665275.15971396
66852,43665881.67338156
66853,43666488.12084078
66854,43667094.501367815
66855,43667700.816933766
66856,43668307.066540174
66857,43668913.24905137
66858,43669519.36591548
66859,43670125.41425848
66860,43670731.399901725
66861,43671337.315255366
66862,43671943.16788886
66863,43672548.95423579
66864,43673154.6706494
66865,43673760.318719946
66866,43674365.903063044
66867,43674971.4198208
66868,43675576.86973347
66869,43676182.25205528
66870,43676787.56746694
66871,43677392.81207898
66872,43677997.9929181
66873,43678603.102982126
66874,43679208.14948663
66875,43679813.126095004
66876,43680418.03424981
66877,43681022.87552026
66878,43681627.646559805
66879,43682232.35048073
66880,43682836.98696173
66881,43683441.556035124
66882,43684046.05627659
66883,43684650.484864496
66884,43685254.84716026
66885,43685859.14135106
66886,43686463.3692533
66887,43687067.52101762
66888,43687671.60908206
66889,43688275.62549453
66890,43688879.5734978
66891,43689483.451791525
66892,43690087.26252512
66893,43690691.003919564
66894,43691294.67288242
66895,43691898.274879105
66896,43692501.80521559
66897,43693105.26710212
66898,43693708.65752721
66899,43694311.98286094
66900,43694915.23223701
66901,43695518.41278649
66902,43696121.52528813
66903,43696724.56440116
66904,43697327.53496248
66905,43697930.43550267
66906,43698533.26418338
66907,43699136.019576006
66908,43699738.70789016
66909,43700341.32536809
66910,43700943.868186474
66911,43701546.34305769
66912,43702148.74584738
66913,43702751.078155056
66914,43703353.33856255
66915,43703955.52751746
66916,43704557.643466376
66917,43705159.68767588
66918,43705761.66191911
66919,43706363.56290471
66920,43706965.3930085
66921,43707567.15207459
66922,43708168.83546018
66923,43708770.44963411
66924,43709371.992038995
66925,43709973.460371315
66926,43710574.85490784
66927,43711176.17822606
66928,43711777.431417026
66929,43712378.60813956
66930,43712979.7119901
66931,43713580.74482276
66932,43714181.704941295
66933,43714782.58878944
66934,43715383.40134252
66935,43715984.14170468
66936,43716584.80591877
66937,43717185.39885263
66938,43717785.91772101
66939,43718386.36041218
66940,43718986.73425571
66941,43719587.03198653
66942,43720187.25653104
66943,43720787.404297285
66944,43721387.477614686
66945,43721987.47885707
66946,43722587.407473706
66947,43723187.25791294
66948,43723787.03580418
66949,43724386.736837566
66950,43724986.36511511
66951,43725585.91835541
66952,43726185.39751831
66953,43726784.79933085
66954,43727384.128418714
66955,43727983.380674765
66956,43728582.557032004
66957,43729181.660429634
66958,43729780.68824929
66959,43730379.6382963
66960,43730978.51344675
66961,43731577.31493178
66962,43732176.0377856
66963,43732774.6839641
66964,43733373.25697671
66965,43733971.75333048
66966,43734570.172879726
66967,43735168.51642924
66968,43735766.782630324
66969,43736364.9729601
66970,43736963.08698077
66971,43737561.12487763
66972,43738159.083744414
66973,43738756.967839
66974,43739354.7746852
66975,43739952.50337673
66976,43740550.156713665
66977,43741147.73170275
66978,43741745.22706109
66979,43742342.64952093
66980,43742939.99374966
66981,43743537.259069994
66982,43744134.445800185
66983,43744731.55614234
66984,43745328.58659178
66985,43745925.54121196
66986,43746522.41663648
66987,43747119.21481141
66988,43747715.93540491
66989,43748312.57563435
66990,43748909.136923485
66991,43749505.62294955
66992,43750102.02709703
66993,43750698.354264766
66994,43751294.601332046
66995,43751890.77135934
66996,43752486.86108076
66997,43753082.8727866
66998,43753678.8029463
66999,43754274.656921
67000,43754870.42668863
67001,43755466.12221095
67002,43756061.735631
67003,43756657.27182037
67004,43757252.727215454
67005,43757848.1011878
67006,43758443.39757469
67007,43759038.61045304
67008,43759633.744728
67009,43760228.8015556
67010,43760823.776414156
67011,43761418.66937597
67012,43762013.4846423
67013,43762608.21630818
67014,43763202.86851443
67015,43763797.43924807
67016,43764391.92908871
67017,43764986.33989784
67018,43765580.670484446
67019,43766174.91670717
67020,43766769.08251861
67021,43767363.16708659
67022,43767957.172207505
67023,43768551.09272348
67024,43769144.934795134
67025,43769738.69288374
67026,43770332.3702154
67027,43770925.96638083
67028,43771519.4780903
67029,43772112.910294294
67030,43772706.25786134
67031,43773299.52613671
67032,43773892.71127568
67033,43774485.813673906
67034,43775078.83360269
67035,43775671.7701022
67036,43776264.62330858
67037,43776857.39338038
67038,43777450.08476778
67039,43778042.68885695
67040,43778635.21046465
67041,43779227.653145
67042,43779820.00731472
67043,43780412.28061292
67044,43781004.46965474
67045,43781596.57517608
67046,43782188.596935675
67047,43782780.53514668
67048,43783372.3925464
67049,43783964.15954363
67050,43784555.84724548
67051,43785147.44936974
67052,43785738.96917064
67053,43786330.402350135
67054,43786921.75200204
67055,43787513.0184125
67056,43788104.20041542
67057,43788695.29370653
67058,43789286.30429642
67059,43789877.23238241
67060,43790468.07469808
67061,43791058.83016132
67062,43791649.502408385
67063,43792240.08741587
67064,43792830.59124162
67065,43793421.00495365
67066,43794011.33385576
67067,43794601.578007296
67068,43795191.73777413
67069,43795781.8111545
67070,43796371.796289615
67071,43796961.69877158
67072,43797551.514620304
67073,43798141.243189044
67074,43798730.88622502
67075,43799320.443512864
67076,43799909.90891555
67077,43800499.2957355
67078,43801088.59005418
67079,43801677.80255234
67080,43802266.92729874
67081,43802855.96239079
67082,43803444.91112924
67083,43804033.775365196
67084,43804622.54999409
67085,43805211.23810372
67086,43805799.84078519
67087,43806388.35039379
67088,43806976.77700436
67089,43807565.11613071
67090,43808153.36736844
67091,43808741.527771875
67092,43809329.60299941
67093,43809917.590021886
67094,43810505.48852741
67095,43811093.299782366
67096,43811681.021163285
67097,43812268.65562181
67098,43812856.199065365
67099,43813443.65715315
67100,43814031.02513462
67101,43814618.305293545
67102,43815205.497484796
67103,43815792.59750869
67104,43816379.60841558
67105,43816966.533205435
67106,43817553.36676834
67107,43818140.111426465
67108,43818726.76679023
67109,43819313.332805365
67110,43819899.808732495
67111,43820486.19539919
67112,43821072.49440273
67113,43821658.70058665
67114,43822244.81836947
67115,43822830.84451824
67116,43823416.78303091
67117,43824002.62858209
67118,43824588.38445787
67119,43825174.05345995
67120,43825759.62768565
67121,43826345.112149745
67122,43826930.506558746
67123,43827515.809892565
67124,43828101.02336472
67125,43828686.14296958
67126,43829271.173289955
67127,43829856.114625625
67128,43830440.96093504
67129,43831025.71758903
67130,43831610.3857771
67131,43832194.95888689
67132,43832779.44112068
67133,43833363.83032315
67134,43833948.13152195
67135,43834532.33792263
67136,43835116.45034453
67137,43835700.474290796
67138,43836284.404501766
67139,43836868.24310128
67140,43837451.990097865
67141,43838035.6420302
67142,43838619.2042392
67143,43839202.66971971
67144,43839786.04628723
67145,43840369.32911695
67146,43840952.518665574
67147,43841535.61589592
67148,43842118.619579755
67149,43842701.52999434
67150,43843284.3476909
67151,43843867.07118435
67152,43844449.69910751
67153,43845032.23733743
67154,43845614.67947963
67155,43846197.03004849
67156,43846779.28580148
67157,43847361.44667141
67158,43847943.515013315
67159,43848525.48699833
67160,43849107.366149515
67161,43849689.148936175
67162,43850270.839865945
67163,43850852.43622931
67164,43851433.936871305
67165,43852015.342014164
67166,43852596.65355761
67167,43853177.8693394
67168,43853758.99321278
67169,43854340.0184302
67170,43854920.95158797
67171,43855501.78783877
67172,43856082.528184295
67173,43856663.17376154
67174,43857243.72425247
67175,43857824.178621195
67176,43858404.53375451
67177,43858984.799388014
67178,43859564.96595786
67179,43860145.03655203
67180,43860725.011418425
67181,43861304.889130056
67182,43861884.669266164
67183,43862464.35690007
67184,43863043.945051074
67185,43863623.43803897
67186,43864202.83691688
67187,43864782.134710744
67188,43865361.33809081
67189,43865940.443458155
67190,43866519.453396454
67191,43867098.36361499
67192,43867677.17721099
67193,43868255.89625004
67194,43868834.51383015
67195,43869413.036811896
67196,43869991.46137078
67197,43870569.78642898
67198,43871148.01761557
67199,43871726.149206236
67200,43872304.179915525
67201,43872882.11622229
67202,43873459.9545294
67203,43874037.69032101
67204,43874615.33299863
67205,43875192.873118155
67206,43875770.31752542
67207,43876347.66249846
67208,43876924.907689914
67209,43877502.05531642
67210,43878079.10462082
67211,43878656.055550694
67212,43879232.905056104
67213,43879809.65416469
67214,43880386.30823259
67215,43880962.860411875
67216,43881539.31288951
67217,43882115.66669149
67218,43882691.921593636
67219,43883268.07375935
67220,43883844.12909425
67221,43884420.08308694
67222,43884995.9379125
67223,43885571.69341506
67224,43886147.34731001
67225,43886722.901816145
67226,43887298.35239003
67227,43887873.707393885
67228,43888448.960005425
67229,43889024.11025765
67230,43889599.162232794
67231,43890174.11307358
67232,43890748.96264437
67233,43891323.710861616
67234,43891898.35560215
67235,43892472.90277741
67236,43893047.34639415
67237,43893621.691022635
67238,43894195.9321974
67239,43894770.072004996
67240,43895344.11410792
67241,43895918.04641468
67242,43896491.88209767
67243,43897065.61526907
67244,43897639.24576001
67245,43898212.77443413
67246,43898786.200413264
67247,43899359.52358503
67248,43899932.74534591
67249,43900505.86356691
67250,43901078.87974423
67251,43901651.79271335
67252,43902224.60555303
67253,43902797.31369842
67254,43903369.91683842
67255,43903942.419087686
67256,43904514.81931969
67257,43905087.11411836
67258,43905659.30579261
67259,43906231.39361106
67260,43906803.37759583
67261,43907375.2589386
67262,43907947.03717454
67263,43908518.71102487
67264,43909090.27933278
67265,43909661.74723798
67266,43910233.10897118
67267,43910804.365717545
67268,43911375.5194819
67269,43911946.5672728
67270,43912517.51107285
67271,43913088.350428805
67272,43913659.084960796
67273,43914229.71540059
67274,43914800.239627406
67275,43915370.6608883
67276,43915940.97505492
67277,43916511.18552812
67278,43917081.29242408
67279,43917651.29191183
67280,43918221.184000686
67281,43918790.97429703
67282,43919360.65581487
67283,43919930.233009614
67284,43920499.70653654
67285,43921069.069627754
67286,43921638.3285264
67287,43922207.48316003
67288,43922776.53056234
67289,43923345.47186337
67290,43923914.30522798
67291,43924483.03555878
67292,43925051.65881597
67293,43925620.17229297
67294,43926188.58010829
67295,43926756.8825088
67296,43927325.07650613
67297,43927893.16406496
67298,43928461.144394875
67299,43929029.01796323
67300,43929596.78330914
67301,43930164.44067821
67302,43930731.99526073
67303,43931299.437472895
67304,43931866.772104286
67305,43932434.001258485
67306,43933001.12002397
67307,43933568.133832686
67308,43934135.03845127
67309,43934701.834863
67310,43935268.522291414
67311,43935835.10110312
67312,43936401.57347218
67313,43936967.93454177
67314,43937534.1894353
67315,43938100.33375489
67316,43938666.37127208
67317,43939232.30021148
67318,43939798.118188806
67319,43940363.827966824
67320,43940929.42862396
67321,43941494.91864889
67322,43942060.29970447
67323,43942625.57113867
67324,43943190.73478584
67325,43943755.789233774
67326,43944320.73060664
67327,43944885.56652168
67328,43945450.29063253
67329,43946014.902363874
67330,43946579.40849862
67331,43947143.800697684
67332,43947708.08269849
67333,43948272.25547712
67334,43948836.31947841
67335,43949400.27141742
67336,43949964.11245739
67337,43950527.84389608
67338,43951091.46246217
67339,43951654.97042113
67340,43952218.368249476
67341,43952781.65609335
67342,43953344.82911311
67343,43953907.89430102
67344,43954470.84684832
67345,43955033.6886668
67346,43955596.41716225
67347,43956159.03381304
67348,43956721.54089974
67349,43957283.93549022
67350,43957846.217005834
67351,43958408.38799605
67352,43958970.443471275
67353,43959532.390250176
67354,43960094.22370125
67355,43960655.945319444
67356,43961217.553769
67357,43961779.04859346
67358,43962340.43119176
67359,43962901.70191428
67360,43963462.857855715
67361,43964023.90278035
67362,43964584.835022435
67363,43965145.65280487
67364,43965706.35651031
67365,43966266.94774098
67366,43966827.42560913
67367,43967387.79000551
67368,43967948.04155918
67369,43968508.17954371
67370,43969068.20275645
67371,43969628.109672025
67372,43970187.90605752
67373,43970747.58702349
67374,43971307.15375488
67375,43971866.605061
67376,43972425.94339031
67377,43972985.168078385
67378,43973544.276362546
67379,43974103.271170996
67380,43974662.14962565
67381,43975220.91484061
67382,43975779.563725755
67383,43976338.099998504
67384,43976896.518911965
67385,43977454.823809706
67386,43978013.01212547
67387,43978571.08624662
67388,43979129.04581214
67389,43979686.88586286
67390,43980244.613547705
67391,43980802.223263055
67392,43981359.71875927
67393,43981917.09834254
67394,43982474.36104684
67395,43983031.50817052
67396,43983588.53888082
67397,43984145.452668846
67398,43984702.25054536
67399,43985258.930906996
67400,43985815.49438847
67401,43986371.94360142
67402,43986928.273270175
67403,43987484.488269694
67404,43988040.58322483
67405,43988596.56391446
67406,43989152.42616211
67407,43989708.172527894
67408,43990263.79944597
67409,43990819.31040737
67410,43991374.70309511
67411,43991929.97940949
67412,43992485.136227444
67413,43993040.175557405
67414,43993595.09684305
67415,43994149.899560936
67416,43994704.58481332
67417,43995259.153092295
67418,43995813.60019554
67419,43996367.93194241
67420,43996922.143939994
67421,43997476.23566333
67422,43998030.211554095
67423,43998584.06735431
67424,43999137.8062723
67425,43999691.42206278
67426,44000244.92170881
67427,44000798.30088743
67428,44001351.56103945
67429,44001904.70259176
67430,44002457.72184491
67431,44003010.62517842
67432,44003563.4078861
67433,44004116.06924519
67434,44004668.612935536
67435,44005221.035928786
67436,44005773.338502884
67437,44006325.52051164
67438,44006877.583170034
67439,44007429.52583127
67440,44007981.34837446
67441,44008533.04943906
67442,44009084.6303199
67443,44009636.089995
67444,44010187.42872667
67445,44010738.64774276
67446,44011289.74474735
67447,44011840.71903715
67448,44012391.577397175
67449,44012942.31126315
67450,44013492.925546154
67451,44014043.416364655
67452,44014593.78600393
67453,44015144.03277289
67454,44015694.161335595
67455,44016244.165205926
67456,44016794.047567904
67457,44017343.808020435
67458,44017893.44695084
67459,44018442.96398239
67460,44018992.35758236
67461,44019541.630660854
67462,44020090.78002041
67463,44020639.80789136
67464,44021188.711437024
67465,44021737.49141548
67466,44022286.15175211
67467,44022834.686839156
67468,44023383.10026594
67469,44023931.38970711
67470,44024479.559329905
67471,44025027.60019546
67472,44025575.52116151
67473,44026123.31656561
67474,44026670.98949893
67475,44027218.53843643
67476,44027765.96363988
67477,44028313.26523014
67478,44028860.44389958
67479,44029407.49704276
67480,44029954.42787307
67481,44030501.23153506
67482,44031047.91236677
67483,44031594.4691542
67484,44032140.90167895
67485,44032687.20854401
67486,44033233.39243036
67487,44033779.45152728
67488,44034325.38274756
67489,44034871.19030402
67490,44035416.87085388
67491,44035962.431999564
67492,44036507.86434172
67493,44037053.1717947
67494,44037598.35275424
67495,44038143.407165244
67496,44038688.33767069
67497,44039233.14233812
67498,44039777.82247912
67499,44040322.37475177
67500,44040866.80335605
67501,44041411.102866
67502,44041955.27785554
67503,44042499.326898314
67504,44043043.248223916
67505,44043587.04338375
67506,44044130.71149677
67507,44044674.25659271
67508,44045217.670333624
67509,44045760.95961142
67510,44046304.1214168
67511,44046847.1544795
67512,44047390.064445995
67513,44047932.845954895
67514,44048475.498578794
67515,44049018.0228972
67516,44049560.42247308
67517,44050102.69022727
67518,44050644.83563965
67519,44051186.84913274
67520,44051728.738004565
67521,44052270.49626729
67522,44052812.12615172
67523,44053353.6305624
67524,44053895.0050171
67525,44054436.25160309
67526,44054977.36846559
67527,44055518.357459635
67528,44056059.21997427
67529,44056599.95129638
67530,44057140.555118285
67531,44057681.0293679
67532,44058221.374780856
67533,44058761.591849156
67534,44059301.677392036
67535,44059841.63386853
67536,44060381.46238197
67537,44060921.16167878
67538,44061460.73142308
67539,44062000.17216954
67540,44062539.48047104
67541,44063078.662260406
67542,44063617.71237292
67543,44064156.631020956
67544,44064695.421072945
67545,44065234.07960987
67546,44065772.61105584
67547,44066311.00763042
67548,44066849.27785432
67549,44067387.41340345
67550,44067925.422164656
67551,44068463.298938744
67552,44069001.04415027
67553,44069538.65721625
67554,44070076.14078524
67555,44070613.49480102
67556,44071150.71370775
67557,44071687.803341694
67558,44072224.76347284
67559,44072761.588522285
67560,44073298.28351425
67561,44073834.84866671
67562,44074371.27762165
67563,44074907.577061184
67564,44075443.74549047
67565,44075979.78076144
67566,44076515.683174014
67567,44077051.45569353
67568,44077587.093456
67569,44078122.59958317
67570,44078657.97302229
67571,44079193.212825306
67572,44079728.321142405
67573,44080263.29561505
67574,44080798.14062931
67575,44081332.84874737
67576,44081867.42586394
67577,44082401.86731695
67578,44082936.17849411
67579,44083470.351895034
67580,44084004.397143066
67581,44084538.3051518
67582,44085072.07920896
67583,44085605.719348736
67584,44086139.230368175
67585,44086672.604576014
67586,44087205.84329912
67587,44087738.94932831
67588,44088271.92040309
67589,44088804.75689346
67590,44089337.46023446
67591,44089870.0256973
67592,44090402.460541345
67593,44090934.75966856
67594,44091466.92226378
67595,44091998.95177697
67596,44092530.84414909
67597,44093062.60410653
67598,44093594.226821
67599,44094125.715248175
67600,44094657.06917919
67601,44095188.28421288
67602,44095719.366681844
67603,44096250.314633146
67604,44096781.1241309
67605,44097311.79808246
67606,44097842.33785326
67607,44098372.738843635
67608,44098903.00522831
67609,44099433.13635194
67610,44099963.13029477
67611,44100492.98715141
67612,44101022.70858501
67613,44101552.29453688
67614,44102081.74082864
67615,44102611.05058848
67616,44103140.22575559
67617,44103669.2606297
67618,44104198.16431027
67619,44104726.9242985
67620,44105255.55122233
67621,44105784.03935904
67622,44106312.38915358
67623,44106840.60443384
67624,44107368.68076115
67625,44107896.61579974
67626,44108424.4172849
67627,44108952.077699594
67628,44109479.604116134
67629,44110006.99006738
67630,44110534.23762633
67631,44111061.34448759
67632,44111588.316747665
67633,44112115.14943318
67634,44112641.843468845
67635,44113168.40083413
67636,44113694.814379446
67637,44114221.094415545
67638,44114747.23366193
67639,44115273.23207008
67640,44115799.09400125
67641,44116324.81543725
67642,44116850.396904714
67643,44117375.841032036
67644,44117901.14266502
67645,44118426.307960734
67646,44118951.33097337
67647,44119476.21471282
67648,44120000.95910275
67649,44120525.56226566
67650,44121050.027551375
67651,44121574.350888595
67652,44122098.53611698
67653,44122622.58024473
67654,44123146.48284988
67655,44123670.24419156
67656,44124193.86652023
67657,44124717.348218754
67658,44125240.688609846
67659,44125763.88934384
67660,44126286.94675061
67661,44126809.863596514
67662,44127332.63968069
67663,44127855.274069555
67664,44128377.7678781
67665,44128900.120581016
67666,44129422.32957502
67667,44129944.39944814
67668,44130466.32592928
67669,44130988.112906896
67670,44131509.75469225
67671,44132031.25589575
67672,44132552.613752335
67673,44133073.83288891
67674,44133594.90642965
67675,44134115.8393732
67676,44134636.62740569
67677,44135157.274569504
67678,44135677.77748899
67679,44136198.14220601
67680,44136718.35935182
67681,44137238.43648511
67682,44137758.36685911
67683,44138278.157097474
67684,44138797.8037802
67685,44139317.30592991
67686,44139836.66463704
67687,44140355.88032821
67688,44140874.9526585
67689,44141393.88415445
67690,44141912.66552319
67691,44142431.304907344
67692,44142949.80367469
67693,44143468.15630676
67694,44143986.364419065
67695,44144504.42827842
67696,44145022.34841029
67697,44145540.12267546
67698,44146057.75651688
67699,44146575.241065145
67700,44147092.5822645
67701,44147609.77967528
67702,44148126.83286897
67703,44148643.73625573
67704,44149160.49833247
67705,44149677.1149721
67706,44150193.58568805
67707,44150709.91131718
67708,44151226.09124037
67709,44151742.12422307
67710,44152258.01444846
67711,44152773.75597388
67712,44153289.35331937
67713,44153804.80463238
67714,44154320.10821793
67715,44154835.2681131
67716,44155350.280795224
67717,44155865.14442831
67718,44156379.86742742
67719,44156894.43837508
67720,44157408.86600535
67721,44157923.14707618
67722,44158437.279198535
67723,44158951.26567153
67724,44159465.10482302
67725,44159978.79520402
67726,44160492.33945026
67727,44161005.73840756
67728,44161518.988830544
67729,44162032.0918736
67730,44162545.04663581
67731,44163057.85278749
67732,44163570.51382855
67733,44164083.02266864
67734,44164595.38992188
67735,44165107.603604004
67736,44165619.67129693
67737,44166131.59418698
67738,44166643.36293004
67739,44167154.98538117
67740,44167666.458742745
67741,44168177.78599984
67742,44168688.96332007
67743,44169199.9903597
67744,44169710.86786797
67745,44170221.60197439
67746,44170732.181324214
67747,44171242.61340697
67748,44171752.8965339
67749,44172263.029267326
67750,44172773.0154081
67751,44173282.84938725
67752,44173792.53404631
67753,44174302.07104499
67754,44174811.45339483
67755,44175320.690817684
67756,44175829.77276188
67757,44176338.710977085
67758,44176847.49774791
67759,44177356.1293112
67760,44177864.61649778
67761,44178372.94749159
67762,44178881.134406954
67763,44179389.16466299
67764,44179897.04642434
67765,44180404.7778236
67766,44180912.3586444
67767,44181419.787679344
67768,44181927.06586963
67769,44182434.19310677
67770,44182941.16858327
67771,44183447.99249354
67772,44183954.66468563
67773,44184461.18660011
67774,44184967.55590095
67775,44185473.77342321
67776,44185979.83878407
67777,44186485.75181271
67778,44186991.51423412
67779,44187497.12337821
67780,44188002.57883256
67781,44188507.886794694
67782,44189013.038511865
67783,44189518.038154654
67784,44190022.88599511
67785,44190527.57928979
67786,44191032.123163626
67787,44191536.51186193
67788,44192040.745341934
67789,44192544.82862462
67790,44193048.75949545
67791,44193552.53534718
67792,44194056.157986015
67793,44194559.627875894
67794,44195062.94143251
67795,44195566.104592785
67796,44196069.11337112
67797,44196571.96934909
67798,44197074.6671064
67799,44197577.21608268
67800,44198079.60803978
67801,44198581.8473625
67802,44199083.93150041
67803,44199585.86196393
67804,44200087.63416445
67805,44200589.25499425
67806,44201090.72165356
67807,44201592.034021795
67808,44202093.189179935
67809,44202594.19000968
67810,44203095.037226915
67811,44203595.726546586
67812,44204096.26380429
67813,44204596.64471648
67814,44205096.86773711
67815,44205596.93571783
67816,44206096.85116502
67817,44206596.610696696
67818,44207096.211766504
67819,44207595.656211324
67820,44208094.94917187
67821,44208594.08291779
67822,44209093.06115563
67823,44209591.883041635
67824,44210090.546744354
67825,44210589.057255365
67826,44211087.40789935
67827,44211585.6030558
67828,44212083.64235188
67829,44212581.525974095
67830,44213079.25003615
67831,44213576.820054755
67832,44214074.230703674
67833,44214571.484055765
67834,44215068.5812433
67835,44215565.517764896
67836,44216062.30147476
67837,44216558.92507863
67838,44217055.38953148
67839,44217551.69860589
67840,44218047.84981534
67841,44218543.84246817
67842,44219039.67723559
67843,44219535.35312442
67844,44220030.873442575
67845,44220526.23060742
67846,44221021.43208028
67847,44221516.47525776
67848,44222011.35985764
67849,44222506.08535667
67850,44223000.654517405
67851,44223495.06004366
67852,44223989.309448466
67853,44224483.39808525
67854,44224977.32947188
67855,44225471.10185838
67856,44225964.71388222
67857,44226458.166665725
67858,44226951.45760532
67859,44227444.59119882
67860,44227937.56621336
67861,44228430.37905569
67862,44228923.032770574
67863,44229415.527145706
67864,44229907.86115656
67865,44230400.032851756
67866,44230892.04652969
67867,44231383.89919539
67868,44231875.59053373
67869,44232367.12340104
67870,44232858.493479155
67871,44233349.70415445
67872,44233840.75408132
67873,44234331.64200986
67874,44234822.36810729
67875,44235312.9353011
67876,44235803.34009551
67877,44236293.58291774
67878,44236783.66470721
67879,44237273.5862913
67880,44237763.34368905
67881,44238252.94125561
67882,44238742.37647228
67883,44239231.65007686
67884,44239720.76235076
67885,44240209.713346444
67886,44240698.50017789
67887,44241187.12568467
67888,44241675.586585805
67889,44242163.88536028
67890,44242652.02439467
67891,44243140.00109278
67892,44243627.81180353
67893,44244115.46157239
67894,44244602.947848395
67895,44245090.272207305
67896,44245577.432671666
67897,44246064.42741436
67898,44246551.26035287
67899,44247037.93386123
67900,44247524.439927176
67901,44248010.784145355
67902,44248496.962882325
67903,44248982.97958613
67904,44249468.83096835
67905,44249954.51846466
67906,44250440.04281689
67907,44250925.40292948
67908,44251410.59935516
67909,44251895.62988633
67910,44252380.49587448
67911,44252865.20098037
67912,44253349.73738364
67913,44253834.11148371
67914,44254318.317280725
67915,44254802.36147681
67916,44255286.24029153
67917,44255769.95404837
67918,44256253.499618724
67919,44256736.88249659
67920,44257220.10117992
67921,44257703.15442042
67922,44258186.03968481
67923,44258668.76107295
67924,44259151.31635863
67925,44259633.70475651
67926,44260115.93040465
67927,44260597.985484995
67928,44261079.87544509
67929,44261561.60155488
67930,44262043.160434164
67931,44262524.55378171
67932,44263005.779689774
67933,44263486.839331016
67934,44263967.73323244
67935,44264448.45722586
67936,44264929.017028734
67937,44265409.40777462
67938,44265889.63349974
67939,44266369.69071373
67940,44266849.58153337
67941,44267329.30514389
67942,44267808.8618374
67943,44268288.24916317
67944,44268767.46991797
67945,44269246.52334614
67946,44269725.40917629
67947,44270204.12426818
67948,44270682.67531866
67949,44271161.05506868
67950,44271639.27086692
67951,44272117.314793855
67952,44272595.19222504
67953,44273072.89742945
67954,44273550.438480124
67955,44274027.81043957
67956,44274505.01316544
67957,44274982.04548235
67958,44275458.909159794
67959,44275935.60476449
67960,44276412.130337186
67961,44276888.48999154
67962,44277364.67704046
67963,44277840.69468778
67964,44278316.54441294
67965,44278792.22319094
67966,44279267.73276954
67967,44279743.072328486
67968,44280218.242509134
67969,44280693.24384743
67970,44281168.07469714
67971,44281642.7333657
67972,44282117.222737975
67973,44282591.54399463
67974,44283065.692221865
67975,44283539.668506935
67976,44284013.47803266
67977,44284487.11651406
67978,44284960.58177867
67979,44285433.87826442
67980,44285907.0016423
67981,44286379.95608337
67982,44286852.73785775
67983,44287325.34891092
67984,44287797.78923651
67985,44288270.059281535
67986,44288742.155707315
67987,44289214.08259796
67988,44289685.83348498
67989,44290157.41682594
67990,44290628.82748291
67991,44291100.06456111
67992,44291571.1303044
67993,44292042.02282869
67994,44292512.744198754
67995,44292983.291932315
67996,44293453.66660084
67997,44293923.87333667
67998,44294393.90337865
67999,44294863.762372024
68000,44295333.447589554
68001,44295802.961424485
68002,44296272.300558366
68003,44296741.46855225
68004,44297210.45989455
68005,44297679.28081367
68006,44298147.927056514
68007,44298616.400073595
68008,44299084.699823335
68009,44299552.82727219
68010,44300020.77867167
68011,44300488.555581234
68012,44300956.15967441
68013,44301423.58969572
68014,44301890.84663846
68015,44302357.92680988
68016,44302824.83557888
68017,44303291.56921647
68018,44303758.12662726
68019,44304224.51129658
68020,44304690.720716074
68021,44305156.75308136
68022,44305622.614547595
68023,44306088.2983913
68024,44306553.81012462
68025,44307019.14272684
68026,44307484.30059265
68027,44307949.283315174
68028,44308414.09324778
68029,44308878.72721973
68030,44309343.18228263
68031,44309807.46444073
68032,44310271.57027578
68033,44310735.49971047
68034,44311199.25248995
68035,44311662.82919806
68036,44312126.2307565
68037,44312589.454810485
68038,44313052.503412545
68039,44313515.37733753
68040,44313978.072099626
68041,44314440.59079961
68042,44314902.931779675
68043,44315365.0988234
68044,44315827.08557359
68045,44316288.897074625
68046,44316750.53210977
68047,44317211.98699449
68048,44317673.26653163
68049,44318134.37023441
68050,44318595.2945394
68051,44319056.04099128
68052,44319516.6076962
68053,44319977.00259015
68054,44320437.21425565
68055,44320897.24986453
68056,44321357.10775404
68057,44321816.78610352
68058,44322276.28961131
68059,44322735.61130746
68060,44323194.756134674
68061,44323653.720425054
68062,44324112.509321645
68063,44324571.118171796
68064,44325029.5450711
68065,44325487.79590928
68066,44325945.86791552
68067,44326403.76223649
68068,44326861.47489493
68069,44327319.008767895
68070,44327776.363946274
68071,44328233.54078742
68072,44328690.53282386
68073,44329147.35031884
68074,44329603.98386312
68075,44330060.44391512
68076,44330516.721029505
68077,44330972.816141516
68078,44331428.733485155
68079,44331884.46746576
68080,44332340.02534166
68081,44332795.40277759
68082,44333250.59490633
68083,44333705.61008326
68084,44334160.44277226
68085,44334615.09646019
68086,44335069.56944635
68087,44335523.860031396
68088,44335977.96936926
68089,44336431.898244776
68090,44336885.64481354
68091,44337339.21335094
68092,44337792.59797252
68093,44338245.799338214
68094,44338698.8225263
68095,44339151.66147348
68096,44339604.32019475
68097,44340056.797818646
68098,44340509.09236693
68099,44340961.20437903
68100,44341413.133514985
68101,44341864.8820978
68102,44342316.446356915
68103,44342767.83092205
68104,44343219.030644976
68105,44343670.048043475
68106,44344120.88291238
68107,44344571.53661716
68108,44345022.00518077
68109,44345472.291195296
68110,44345922.39445369
68111,44346372.313767895
68112,44346822.05195048
68113,44347271.605459526
68114,44347720.97360105
68115,44348170.16034631
68116,44348619.16244972
68117,44349067.98422074
68118,44349516.618702315
68119,44349965.07031219
68120,44350413.33791592
68121,44350861.419692345
68122,44351309.31792739
68123,44351757.032600775
68124,44352204.56176946
68125,44352651.907116644
68126,44353099.06840996
68127,44353546.04480366
68128,44353992.83483087
68129,44354439.44181868
68130,44354885.86338045
68131,44355332.09987269
68132,44355778.15320173
68133,44356224.01836176
68134,44356669.69929414
68135,44357115.19522638
68136,44357560.5054959
68137,44358005.62933789
68138,44358450.56901563
68139,44358895.32010656
68140,44359339.88705368
68141,44359784.26704772
68142,44360228.46046934
68143,44360672.47097414
68144,44361116.294018365
68145,44361559.92830629
68146,44362003.37797348
68147,44362446.64232884
68148,44362889.71755904
68149,44363332.60618661
68150,44363775.30882311
68151,44364217.826184556
68152,44364660.15412733
68153,44365102.295733266
68154,44365544.24891589
68155,44365986.01789334
68156,44366427.59818023
68157,44366868.98903431
68158,44367310.19447956
68159,44367751.21066832
68160,44368192.04091242
68161,44368632.682201006
68162,44369073.134763725
68163,44369513.398420796
68164,44369953.47701477
68165,44370393.36719802
68166,44370833.06845659
68167,44371272.579274006
68168,44371711.905023314
68169,44372151.04037345
68170,44372589.98608671
68171,44373028.741975814
68172,44373467.31266832
68173,44373905.69129244
68174,44374343.882047094
68175,44374781.8847454
68176,44375219.69712266
68177,44375657.32020844
68178,44376094.75403112
68179,44376531.9974096
68180,44376969.05048746
68181,44377405.91877332
68182,44377842.59124548
68183,44378279.07596786
68184,44378715.37051546
68185,44379151.47684417
68186,44379587.391509764
68187,44380023.11586179
68188,44380458.651622
68189,44380893.994464114
68190,44381329.145917304
68191,44381764.111492775
68192,44382198.87964904
68193,44382633.461962454
68194,44383067.85133743
68195,44383502.05141015
68196,44383936.05953743
68197,44384369.87514659
68198,44384803.501971796
68199,44385236.93509294
68200,44385670.178845145
68201,44386103.22922826
68202,44386536.08707472
68203,44386968.7560868
68204,44387401.23001794
68205,44387833.51497421
68206,44388265.6065187
68207,44388697.5049867
68208,44389129.21079512
68209,44389560.72923405
68210,44389992.05073027
68211,44390423.18038243
68212,44390854.11783343
68213,44391284.86355178
68214,44391715.41674109
68215,44392145.77456101
68216,44392575.940158926
68217,44393005.91314831
68218,44393435.69314216
68219,44393865.278442174
68220,44394294.67335781
68221,44394723.87135522
68222,44395152.879473954
68223,44395581.69130715
68224,44396010.31167862
68225,44396438.73642225
68226,44396866.96702119
68227,44397295.003700666
68228,44397722.84944257
68229,44398150.4969582
68230,44398577.95359278
68231,44399005.21106754
68232,44399432.27803583
68233,44399859.14747975
68234,44400285.82728707
68235,44400712.30943523
68236,44401138.59523118
68237,44401564.68750126
68238,44401990.585073814
68239,44402416.28742342
68240,44402841.79410647
68241,44403267.10745828
68242,44403692.222235814
68243,44404117.141658664
68244,44404541.868580736
68245,44404966.397941194
68246,44405390.731008366
68247,44405814.87051958
68248,44406238.810477674
68249,44406662.55882399
68250,44407086.10832272
68251,44407509.46148554
68252,44407932.61828379
68253,44408355.578942046
68254,44408778.34576488
68255,44409200.91247073
68256,44409623.28229499
68257,44410045.45838909
68258,44410467.43568575
68259,44410889.217968084
68260,44411310.79968463
68261,44411732.187470004
68262,44412153.3754256
68263,44412574.36628353
68264,44412995.1623317
68265,44413415.759954125
68266,44413836.15890852
68267,44414256.35987662
68268,44414676.36432412
68269,44415096.16937169
68270,44415515.77717554
68271,44415935.18543811
68272,44416354.39877231
68273,44416773.41345663
68274,44417192.22534803
68275,44417610.84226117
68276,44418029.26129676
68277,44418447.479687095
68278,44418865.50242179
68279,44419283.3218877
68280,44419700.94726389
68281,44420118.37155326
68282,44420535.59607633
68283,44420952.62112251
68284,44421369.44803842
68285,44421786.07337772
68286,44422202.50235563
68287,44422618.72948178
68288,44423034.75934385
68289,44423450.58777218
68290,44423866.21502369
68291,44424281.64502849
68292,44424696.87389056
68293,44425111.90172927
68294,44425526.73072424
68295,44425941.359411664
68296,44426355.78624892
68297,44426770.013139874
68298,44427184.040995575
68299,44427597.86832234
68300,44428011.49199418
68301,44428424.91624631
68302,44428838.1393089
68303,44429251.16371323
68304,44429663.984766014
68305,44430076.60384556
68306,44430489.02198614
68307,44430901.2393467
68308,44431313.25515321
68309,44431725.06978346
68310,44432136.68229428
68311,44432548.09291289
68312,44432959.303687036
68313,44433370.311110444
68314,44433781.113328926
68315,44434191.71658711
68316,44434602.11670536
68317,44435012.316128485
68318,44435422.311196335
68319,44435832.10370837
68320,44436241.69697875
68321,44436651.083692536
68322,44437060.26730311
68323,44437469.25197345
68324,44437878.02851796
68325,44438286.606398664
68326,44438694.98115015
68327,44439103.14828544
68328,44439511.11445624
68329,44439918.87779113
68330,44440326.43918654
68331,44440733.79414074
68332,44441140.94419801
68333,44441547.893103726
68334,44441954.6379682
68335,44442361.17685824
68336,44442767.51230078
68337,44443173.64647266
68338,44443579.57357224
68339,44443985.29668121
68340,44444390.81630227
68341,44444796.12832381
68342,44445201.238859266
68343,44445606.14660666
68344,44446010.84457681
68345,44446415.33974851
68346,44446819.62931581
68347,44447223.71234397
68348,44447627.59313544
68349,44448031.269335896
68350,44448434.73695779
68351,44448838.00092264
68352,44449241.05940018
68353,44449643.91047888
68354,44450046.556758635
68355,44450448.99875962
68356,44450851.23318598
68357,44451253.26253005
68358,44451655.08348442
68359,44452056.7007715
68360,44452458.11206875
68361,44452859.317990385
68362,44453260.31232735
68363,44453661.10344861
68364,44454061.68714891
68365,44454462.06405979
68366,44454862.23468234
68367,44455262.19631204
68368,44455661.95312842
68369,44456061.50280199
68370,44456460.84341152
68371,44456859.979303986
68372,44457258.90402149
68373,44457657.62629949
68374,44458056.13727605
68375,44458454.44235711
68376,44458852.539101355
68377,44459250.42806819
68378,44459648.10750143
68379,44460045.57800159
68380,44460442.84231104
68381,44460839.898888305
68382,44461236.74860456
68383,44461633.38576539
68384,44462029.81769555
68385,44462426.03963692
68386,44462822.053830646
68387,44463217.85878467
68388,44463613.45386061
68389,44464008.841268
68390,44464404.01697805
68391,44464798.98753161
68392,44465193.74580164
68393,44465588.296224184
68394,44465982.6352844
68395,44466376.764538154
68396,44466770.68839993
68397,44467164.39900199
68398,44467557.90193177
68399,44467951.192817405
68400,44468344.27700188
68401,44468737.14687186
68402,44469129.806707636
68403,44469522.25643849
68404,44469914.49783875
68405,44470306.52798682
68406,44470698.348052785
68407,44471089.957440704
68408,44471481.35612658
68409,44471872.54458415
68410,44472263.51880642
68411,44472654.28372982
68412,44473044.84027194
68413,44473435.183885165
68414,44473825.31387147
68415,44474215.23581699
68416,44474604.94447267
68417,44474994.43934088
68418,44475383.72608772
68419,44475772.80015861
68420,44476161.66467874
68421,44476550.313304976
68422,44476938.75035851
68423,44477326.97609742
68424,44477714.98893218
68425,44478102.79295848
68426,44478490.38126867
68427,44478877.75797155
68428,44479264.919951715
68429,44479651.8731722
68430,44480038.61061921
68431,44480425.13568061
68432,44480811.44950876
68433,44481197.54732874
68434,44481583.43509412
68435,44481969.1077968
68436,44482354.56895075
68437,44482739.81516274
68438,44483124.847238794
68439,44483509.66669831
68440,44483894.272585616
68441,44484278.66375564
68442,44484662.840840705
68443,44485046.80509301
68444,44485430.55420449
68445,44485814.09203928
68446,44486197.412948005
68447,44486580.51921863
68448,44486963.411571726
68449,44487346.090658896
68450,44487728.55251466
68451,44488110.80165101
68452,44488492.83668702
68453,44488874.658237405
68454,44489256.260349125
68455,44489637.64910105
68456,44490018.821590625
68457,44490399.780408464
68458,44490780.52592033
68459,44491161.051875025
68460,44491541.36463882
68461,44491921.461757466
68462,44492301.34161729
68463,44492681.006583534
68464,44493060.45451049
68465,44493439.688161574
68466,44493818.7070124
68467,44494197.50684926
68468,44494576.092540555
68469,44494954.45850155
68470,44495332.612649925
68471,44495710.546997175
68472,44496088.26411836
68473,44496465.768532425
68474,44496843.05098072
68475,44497220.121526875
68476,44497596.97146537
68477,44497973.60454618
68478,44498350.02403243
68479,44498726.22204354
68480,44499102.20492534
68481,44499477.96874168
68482,44499853.51512526
68483,44500228.84384579
68484,44500603.956160374
68485,44500978.85028834
68486,44501353.526791215
68487,44501727.98340556
68488,44502102.22401885
68489,44502476.24668088
68490,44502850.04835632
68491,44503223.63104145
68492,44503596.99936621
68493,44503970.14696301
68494,44504343.07600227
68495,44504715.78484293
68496,44505088.278172195
68497,44505460.54987615
68498,44505832.603778176
68499,44506204.43917884
68500,44506576.05254598
68501,44506947.44906947
68502,44507318.62537977
68503,44507689.58233031
68504,44508060.31937852
68505,44508430.83707867
68506,44508801.13701835
68507,44509171.212931566
68508,44509541.07168099
68509,44509910.70952386
68510,44510280.1273613
68511,44510649.32540736
68512,44511018.30161007
68513,44511387.06054586
68514,44511755.594619416
68515,44512123.91117179
68516,44512492.00525654
68517,44512859.881665155
68518,44513227.53329832
68519,44513594.96746118
68520,44513962.17839912
68521,44514329.16859012
68522,44514695.938569084
68523,44515062.484554686
68524,44515428.81290818
68525,44515794.91582302
68526,44516160.79979663
68527,44516526.46062981
68528,44516891.901107274
68529,44517257.11727089
68530,44517622.11418944
68531,44517986.887842506
68532,44518351.439843915
68533,44518715.76914671
68534,44519079.87487212
68535,44519443.76159675
68536,44519807.42226547
68537,44520170.86246886
68538,44520534.077184066
68539,44520897.07193637
68540,44521259.84444352
68541,44521622.3930302
68542,44521984.71677351
68543,44522346.81804808
68544,44522708.695601955
68545,44523070.35263883
68546,44523431.78388306
68547,44523792.98942419
68548,44524153.974619895
68549,44524514.73756085
68550,44524875.2734272
68551,44525235.586367995
68552,44525595.67645928
68553,44525955.54197837
68554,44526315.18396179
68555,44526674.59834286
68556,44527033.79186608
68557,44527392.75822316
68558,44527751.50203195
68559,44528110.02135958
68560,44528468.31494122
68561,44528826.382823884
68562,44529184.228896074
68563,44529541.848316275
68564,44529899.24403489
68565,44530256.410814725
68566,44530613.35440879
68567,44530970.07281398
68568,44531326.56396411
68569,44531682.83130046
68570,44532038.87414003
68571,44532394.687819354
68572,44532750.27905502
68573,44533105.64384153
68574,44533460.783493795
68575,44533815.69479118
68576,44534170.37887021
68577,44534524.839922
68578,44534879.073746264
68579,44535233.08061232
68580,44535586.86112234
68581,44535940.414805315
68582,44536293.740967944
68583,44536646.84084463
68584,44536999.71362692
68585,44537352.360259354
68586,44537704.77754601
68587,44538056.96984916
68588,44538408.93378516
68589,44538760.67196899
68590,44539112.18085583
68591,44539463.464144275
68592,44539814.517544635
68593,44540165.34517154
68594,44540515.94077495
68595,44540866.31301551
68596,44541216.457502365
68597,44541566.37130156
68598,44541916.058850914
68599,44542265.516265124
68600,44542614.74491348
68601,44542963.74899634
68602,44543312.51932611
68603,44543661.063370295
68604,44544009.38031028
68605,44544357.46511069
68606,44544705.32232585
68607,44545052.95142248
68608,44545400.35246409
68609,44545747.524028614
68610,44546094.46283897
68611,44546441.17366355
68612,44546787.65769321
68613,44547133.90834001
68614,44547479.93134238
68615,44547825.72527743
68616,44548171.28922818
68617,44548516.621444225
68618,44548861.72427477
68619,44549206.60008429
68620,44549551.24001241
68621,44549895.6527386
68622,44550239.835129045
68623,44550583.7878001
68624,44550927.5079346
68625,44551270.99970172
68626,44551614.258554034
68627,44551957.28715547
68628,44552300.08483724
68629,44552642.65226365
68630,44552984.98849891
68631,44553327.09256193
68632,44553668.966065794
68633,44554010.60689401
68634,44554352.017297536
68635,44554693.19677031
68636,44555034.14398218
68637,44555374.85923259
68638,44555715.34206018
68639,44556055.594241336
68640,44556395.613672845
68641,44556735.40087504
68642,44557074.955471344
68643,44557414.27945753
68644,44557753.36933736
68645,44558092.226514824
68646,44558430.85246974
68647,44558769.24466424
68648,44559107.40513383
68649,44559445.33358281
68650,44559783.02637538
68651,44560120.4874598
68652,44560457.71658022
68653,44560794.71010007
68654,44561131.47162028
68655,44561467.99928164
68656,44561804.2932055
68657,44562140.354902215
68658,44562476.18334003
68659,44562811.77372953
68660,44563147.13414318
68661,44563482.25934396
68662,44563817.15100762
68663,44564151.81038851
68664,44564486.23219614
68665,44564820.42194878
68666,44565154.375021145
68667,44565488.095005624
68668,44565821.58000385
68669,44566154.833155416
68670,44566487.84840094
68671,44566820.62762641
68672,44567153.175914794
68673,44567485.48556212
68674,44567817.56218636
68675,44568149.4024631
68676,44568481.00634274
68677,44568812.37690418
68678,44569143.51353677
68679,44569474.41198027
68680,44569805.07319372
68681,44570135.50182301
68682,44570465.6929342
68683,44570795.649867885
68684,44571125.36805041
68685,44571454.85087767
68686,44571784.09954372
68687,44572113.11083581
68688,44572441.88446865
68689,44572770.42257293
68690,44573098.72213772
68691,44573426.78670244
68692,44573754.614502296
68693,44574082.20790852
68694,44574409.56051847
68695,44574736.6787316
68696,44575063.55716535
68697,44575390.20038112
68698,44575716.60489886
68699,44576042.77327383
68700,44576368.7022856
68701,44576694.39647746
68702,44577019.8515043
68703,44577345.06755479
68704,44577670.04914731
68705,44577994.790812224
68706,44578319.29304294
68707,44578643.5578276
68708,44578967.58786098
68709,44579291.37516355
68710,44579614.92289236
68711,44579938.23670643
68712,44580261.309752
68713,44580584.144262634
68714,44580906.741889566
68715,44581229.0979937
68716,44581551.216362536
68717,44581873.094528146
68718,44582194.73531978
68719,44582516.13466423
68720,44582837.2965214
68721,44583158.21861601
68722,44583478.89984426
68723,44583799.34111662
68724,44584119.544582866
68725,44584439.51187678
68726,44584759.23364002
68727,44585078.71715557
68728,44585397.961301066
68729,44585716.96203982
68730,44586035.725497805
68731,44586354.24785609
68732,44586672.53364702
68733,44586990.57212213
68734,44587308.37561305
68735,44587625.93425725
68736,44587943.25478662
68737,44588260.33489395
68738,44588577.17187838
68739,44588893.76838521
68740,44589210.126574725
68741,44589526.23703628
68742,44589842.11117362
68743,44590157.74364863
68744,44590473.13534536
68745,44590788.28255193
68746,44591103.19109875
68747,44591417.85371447
68748,44591732.28003072
68749,44592046.4612706
68750,44592360.3987553
68751,44592674.09711641
68752,44592987.55197946
68753,44593300.76548361
68754,44593613.736575104
68755,44593926.4626167
68756,44594238.9489698
68757,44594551.19147061
68758,44594863.19120816
68759,44595174.94953971
68760,44595486.462298475
68761,44595797.7319383
68762,44596108.76177776
68763,44596419.54730813
68764,44596730.087204576
68765,44597040.38637361
68766,44597350.4390682
68767,44597660.250786275
68768,44597969.81602172
68769,44598279.140424445
68770,44598588.22079972
68771,44598897.0569539
68772,44599205.64833981
68773,44599513.99667792
68774,44599822.09714785
68775,44600129.95912023
68776,44600437.571514286
68777,44600744.94109031
68778,44601052.06886978
68779,44601358.94756669
68780,44601665.58618103
68781,44601971.97382519
68782,44602278.12155255
68783,44602584.02445693
68784,44602889.68040398
68785,44603195.08803903
68786,44603500.25565032
68787,44603805.17484813
68788,44604109.8514707
68789,44604414.28057976
68790,44604718.46381491
68791,44605022.40173724
68792,44605326.09268066
68793,44605629.53905285
68794,44605932.74083435
68795,44606235.69314451
68796,44606538.40072458
68797,44606840.86380278
68798,44607143.07646564
68799,44607445.04762996
68800,44607746.76965485
68801,44608048.24235788
68802,44608349.47283068
68803,44608650.451447494
68804,44608951.188483395
68805,44609251.6751275
68806,44609551.917287774
68807,44609851.91054532
68808,44610151.656113245
68809,44610451.15407734
68810,44610750.407398984
68811,44611049.41020216
68812,44611348.16562803
68813,44611646.674184114
68814,44611944.93513349
68815,44612242.94774087
68816,44612540.71275028
68817,44612838.229895405
68818,44613135.49829496
68819,44613432.517047405
68820,44613729.289353415
68821,44614025.8119203
68822,44614322.08797474
68823,44614618.11262684
68824,44614913.8901455
68825,44615209.41844123
68826,44615504.69845754
68827,44615799.72915423
68828,44616094.5113407
68829,44616389.04341638
68830,44616683.32522377
68831,44616977.35874915
68832,44617271.142724864
68833,44617564.67857149
68834,44617857.962787725
68835,44618151.00025871
68836,44618443.783173524
68837,44618736.32029382
68838,44619028.60584293
68839,44619320.64127169
68840,44619612.42471893
68841,44619903.95997939
68842,44620195.244561516
68843,44620486.280411676
68844,44620777.06216702
68845,44621067.59509239
68846,44621357.87870251
68847,44621647.908213235
68848,44621937.69094568
68849,44622227.2186871
68850,44622516.49799157
68851,44622805.526967786
68852,44623094.30140977
68853,44623382.827079326
68854,44623671.101352796
68855,44623959.1208507
68856,44624246.89239197
68857,44624534.41138907
68858,44624821.67604977
68859,44625108.69127341
68860,44625395.4567924
68861,44625681.964830115
68862,44625968.22427026
68863,44626254.229001805
68864,44626539.98429381
68865,44626825.48749198
68866,44627110.73679484
68867,44627395.7331448
68868,44627680.47613538
68869,44627964.96612877
68870,44628249.205775514
68871,44628533.19011324
68872,44628816.92108411
68873,44629100.40171351
68874,44629383.62871195
68875,44629666.60098443
68876,44629949.32006899
68877,44630231.78470692
68878,44630513.99539253
68879,44630795.95514278
68880,44631077.65916596
68881,44631359.10935276
68882,44631640.30691759
68883,44631921.24930472
68884,44632201.93669146
68885,44632482.370884724
68886,44632762.550324686
68887,44633042.47725733
68888,44633322.148938075
68889,44633601.56388698
68890,44633880.72518711
68891,44634159.63376904
68892,44634438.287004754
68893,44634716.68463442
68894,44634994.82634619
68895,44635272.711846605
68896,44635550.342849106
68897,44635827.720910385
68898,44636104.84139421
68899,44636381.70694729
68900,44636658.3191585
68901,44636934.67309489
68902,44637210.77104811
68903,44637486.61317725
68904,44637762.20021464
68905,44638037.52957757
68906,44638312.606973775
68907,44638587.42583294
68908,44638861.98609128
68909,44639136.292170316
68910,44639410.34324887
68911,44639684.13486777
68912,44639957.672599815
68913,44640230.950218074
68914,44640503.97339821
68915,44640776.740023196
68916,44641049.24797043
68917,44641321.49960743
68918,44641593.49409545
68919,44641865.23243102
68920,44642136.71257194
68921,44642407.934521705
68922,44642678.89820863
68923,44642949.60751899
68924,44643220.055929445
68925,44643490.24843622
68926,44643760.179906145
68927,44644029.85818374
68928,44644299.274383776
68929,44644568.43388381
68930,44644837.33604245
68931,44645105.97654888
68932,44645374.363473326
68933,44645642.48884281
68934,44645910.35791248
68935,44646177.96544172
68936,44646445.31405302
68937,44646712.40523503
68938,44646979.23559139
68939,44647245.81342955
68940,44647512.122292146
68941,44647778.1788077
68942,44648043.975308396
68943,44648309.511830814
68944,44648574.78845163
68945,44648839.803230375
68946,44649104.560823925
68947,44649369.057227425
68948,44649633.29331844
68949,44649897.271211326
68950,44650160.987873845
68951,44650424.44710215
68952,44650687.64341214
68953,44650950.58021835
68954,44651213.25732341
68955,44651475.67264839
68956,44651737.82822819
68957,44651999.72386798
68958,44652261.35498929
68959,44652522.72678398
68960,44652783.840008825
68961,44653044.69128254
68962,44653305.28170391
68963,44653565.61056122
68964,44653825.6760417
68965,44654085.48177404
68966,44654345.02875318
68967,44654604.31054193
68968,44654863.33175437
68969,44655122.09109708
68970,44655380.588577
68971,44655638.82387632
68972,44655896.79704978
68973,44656154.508774094
68974,44656411.9608421
68975,44656669.14756122
68976,44656926.071393915
68977,44657182.7326495
68978,44657439.13298255
68979,44657695.26805515
68980,44657951.144810386
68981,44658206.755091146
68982,44658462.10395824
68983,44658717.189657085
68984,44658972.01191174
68985,44659226.57225262
68986,44659480.86913905
68987,44659734.90114458
68988,44659988.66965583
68989,44660242.174295925
68990,44660495.41755417
68991,44660748.39588152
68992,44661001.11142982
68993,44661253.560720555
68994,44661505.74726103
68995,44661757.67116649
68996,44662009.33035338
68997,44662260.72390771
68998,44662511.854710735
68999,44662762.718036786
69000,44663013.32084411
69001,44663263.65554721
69002,44663513.731266424
69003,44663763.536932394
69004,44664013.078102514
69005,44664262.35328391
69006,44664511.36563844
69007,44664760.115900986
69008,44665008.59461734
69009,44665256.8127328
69010,44665504.76511302
69011,44665752.44896304
69012,44665999.86765089
69013,44666247.02139172
69014,44666493.912114374
69015,44666740.53334659
69016,44666986.891237356
69017,44667232.98093073
69018,44667478.806043245
69019,44667724.364522554
69020,44667969.65698776
69021,44668214.68228641
69022,44668459.44262131
69023,44668703.93608651
69024,44668948.160835795
69025,44669192.12082886
69026,44669435.812181056
69027,44669679.2371845
69028,44669922.39778796
69029,44670165.289809845
69030,44670407.9113814
69031,44670650.27030045
69032,44670892.36056388
69033,44671134.18271516
69034,44671375.73659539
69035,44671617.02436941
69036,44671858.04467227
69037,44672098.79450921
69038,44672339.280657254
69039,44672579.49346925
69040,44672819.443442345
69041,44673059.12212979
69042,44673298.53284735
69043,44673537.67447297
69044,44673776.55203515
69045,44674015.15592985
69046,44674253.494252995
69047,44674491.56348436
69048,44674729.36534551
69049,44674966.89369742
69050,44675204.156236045
69051,44675441.14968747
69052,44675677.873345934
69053,44675914.3272034
69054,44676150.51487547
69055,44676386.42895639
69056,44676622.07642565
69057,44676857.45270511
69058,44677092.559616335
69059,44677327.39881759
69060,44677561.96573787
69061,44677796.26106586
69062,44678030.2913044
69063,44678264.04802837
69064,44678497.53451941
69065,44678730.75423279
69066,44678963.699307375
69067,44679196.37666602
69068,44679428.78310568
69069,44679660.91708648
69070,44679892.78199561
69071,44680124.37466277
69072,44680355.69914187
69073,44680586.749557264
69074,44680817.53089562
69075,44681048.0413123
69076,44681278.27614514
69077,44681508.244153716
69078,44681737.94007241
69079,44681967.36425462
69080,44682196.51701115
69081,44682425.39818387
69082,44682654.00499496
69083,44682882.34243755
69084,44683110.40869297
69085,44683338.20078572
69086,44683565.71947981
69087,44683792.96789752
69088,44684019.94537152
69089,44684246.650183074
69090,44684473.08143729
69091,44684699.23869774
69092,44684925.126267
69093,44685150.739105
69094,44685376.078170165
69095,44685601.14610889
69096,44685825.93919657
69097,44686050.46126469
69098,44686274.708681606
69099,44686498.6838352
69100,44686722.38849647
69101,44686945.81438246
69102,44687168.967415884
69103,44687391.85036931
69104,44687614.4572665
69105,44687836.79037242
69106,44688058.84859781
69107,44688280.63538554
69108,44688502.1448688
69109,44688723.383787744
69110,44688944.34664165
69111,44689165.03410291
69112,44689385.446671814
69113,44689605.588378295
69114,44689825.45181429
69115,44690045.04278845
69116,44690264.35852698
69117,44690483.39746636
69118,44690702.16589103
69119,44690920.65411203
69120,44691138.868748836
69121,44691356.810447484
69122,44691574.47570311
69123,44691791.861380234
69124,44692008.97585985
69125,44692225.81467159
69126,44692442.38009078
69127,44692658.6642643
69128,44692874.67717801
69129,44693090.41085061
69130,44693305.86812498
69131,44693521.05328402
69132,44693735.95934367
69133,44693950.5884949
69134,44694164.942645855
69135,44694379.019737326
69136,44694592.821085416
69137,44694806.346646585
69138,44695019.59262912
69139,44695232.56434044
69140,44695445.25838383
69141,44695657.67483186
69142,44695869.813001685
69143,44696081.67792362
69144,44696293.26130517
69145,44696504.56984185
69146,44696715.600465484
69147,44696926.35387696
69148,44697136.82937463
69149,44697347.02763234
69150,44697556.946513236
69151,44697766.587609366
69152,44697975.95394883
69153,44698185.03844297
69154,44698393.84649992
69155,44698602.375295684
69156,44698810.62672526
69157,44699018.601922594
69158,44699226.2935013
69159,44699433.7094644
69160,44699640.847375825
69161,44699847.706545934
69162,44700054.28480538
69163,44700260.58480724
69164,44700466.60675705
69165,44700672.3500457
69166,44700877.81274875
69167,44701082.99997669
69168,44701287.90436778
69169,44701492.52872377
69170,44701696.87355979
69171,44701900.93955167
69172,44702104.72676234
69173,44702308.23202708
69174,44702511.45763032
69175,44702714.40714807
69176,44702917.07209697
69177,44703119.45930973
69178,44703321.565754086
69179,44703523.38791748
69180,44703724.93414831
69181,44703926.19961861
69182,44704127.18453185
69183,44704327.88846803
69184,44704528.3102328
69185,44704728.45346945
69186,44704928.313715294
69187,44705127.89359301
69188,44705327.19148224
69189,44705526.20962338
69190,44705724.94586291
69191,44705923.40137332
69192,44706121.572472304
69193,44706319.46630555
69194,44706517.07411805
69195,44706714.40333181
69196,44706911.451385416
69197,44707108.21461655
69198,44707304.6981557
69199,44707500.89779006
69200,44707696.81771506
69201,44707892.45330166
69202,44708087.80701436
69203,44708282.87948261
69204,44708477.66761476
69205,44708672.1738905
69206,44708866.3980007
69207,44709060.33880724
69208,44709253.994470276
69209,44709447.37101592
69210,44709640.462517075
69211,44709833.27205893
69212,44710025.79489464
69213,44710218.037608996
69214,44710409.996816926
69215,44710601.67363981
69216,44710793.063594535
69217,44710984.171818145
69218,44711174.99540017
69219,44711365.53725179
69220,44711555.79359907
69221,44711745.764818005
69222,44711935.4526527
69223,44712124.85861484
69224,44712313.9782184
69225,44712502.81254739
69226,44712691.36495388
69227,44712879.631407335
69228,44713067.61387867
69229,44713255.31066124
69230,44713442.721838914
69231,44713629.84888971
69232,44713816.69416353
69233,44714003.24906696
69234,44714189.520027176
69235,44714375.50769549
69236,44714561.208591886
69237,44714746.62814272
69238,44714931.75954424
69239,44715116.60318592
69240,44715301.16087029
69241,44715485.437451065
69242,44715669.42464061
69243,44715853.127394244
69244,44716036.54271733
69245,44716219.67059512
69246,44716402.51629513
69247,44716585.071446426
69248,44716767.34322429
69249,44716949.32956342
69250,44717131.0275009
69251,44717312.43692505
69252,44717493.56135931
69253,44717674.400346406
69254,44717854.95324801
69255,44718035.21574712
69256,44718215.194409914
69257,44718394.88160595
69258,44718574.28512242
69259,44718753.399059914
69260,44718932.22629354
69261,44719110.76635388
69262,44719289.02027758
69263,44719466.98615727
69264,44719644.66170695
69265,44719822.05277174
69266,44719999.15455656
69267,44720175.96694043
69268,44720352.49163104
69269,44720528.72766274
69270,44720704.67837544
69271,44720880.336294696
69272,44721055.70994219
69273,44721230.791394666
69274,44721405.58633762
69275,44721580.093320504
69276,44721754.31126117
69277,44721928.23983889
69278,44722101.87812959
69279,44722275.22792722
69280,44722448.28861457
69281,44722621.061918356
69282,44722793.54436036
69283,44722965.73693691
69284,44723137.64061466
69285,44723309.25587439
69286,44723480.57956845
69287,44723651.6116479
69288,44723822.358607695
69289,44723992.81381701
69290,44724162.97630356
69291,44724332.85264384
69292,44724502.439071774
69293,44724671.73063019
69294,44724840.73361843
69295,44725009.44699724
69296,44725177.86992401
69297,44725346.0002745
69298,44725513.841564395
69299,44725681.39398492
69300,44725848.65329608
69301,44726015.62265518
69302,44726182.29928721
69303,44726348.68607327
69304,44726514.78211901
69305,44726680.58274017
69306,44726846.09653079
69307,44727011.31785124
69308,44727176.24755359
69309,44727340.883955635
69310,44727505.23036134
69311,44727669.28601612
69312,44727833.0478919
69313,44727996.51472089
69314,44728159.69526464
69315,44728322.58112715
69316,44728485.17385243
69317,44728647.47574955
69318,44728809.48495356
69319,44728971.20140195
69320,44729132.6242843
69321,44729293.75560956
69322,44729454.59295019
69323,44729615.13574135
69324,44729775.39000297
69325,44729935.347955726
69326,44730095.01519669
69327,44730254.38752591
69328,44730413.466856726
69329,44730572.25217966
69330,44730730.74505453
69331,44730888.9446143
69332,44731046.84857934
69333,44731204.46030205
69334,44731361.776759796
69335,44731518.80245274
69336,44731675.53054431
69337,44731831.96739431
69338,44731988.109431565
69339,44732143.957081586
69340,44732299.50821375
69341,44732454.76743827
69342,44732609.73055156
69343,44732764.39781261
69344,44732918.772618935
69345,44733072.85458067
69346,44733226.63964044
69347,44733380.12614865
69348,44733533.32333476
69349,44733686.22286583
69350,44733838.82616608
69351,44733991.135238
69352,44734143.14863864
69353,44734294.86595599
69354,44734446.289435945
69355,44734597.41814336
69356,44734748.248311855
69357,44734898.78478358
69358,44735049.021521226
69359,44735198.96743429
69360,44735348.61515746
69361,44735497.96297873
69362,44735647.02001784
69363,44735795.77949571
69364,44735944.242630035
69365,44736092.40560517
69366,44736240.27742425
69367,44736387.84883807
69368,44736535.12298238
69369,44736682.10370079
69370,44736828.78678475
69371,44736975.16888523
69372,44737121.25642007
69373,44737267.04629602
69374,44737412.54220275
69375,44737557.735371605
69376,44737702.633403055
69377,44737847.23446665
69378,44737991.53755924
69379,44738135.54294996
69380,44738279.25028595
69381,44738422.66000901
69382,44738565.772536084
69383,44738708.58734201
69384,44738851.10044529
69385,44738993.317338966
69386,44739135.23784603
69387,44739276.8585181
69388,44739418.181493
69389,44739559.20474325
69390,44739699.926461
69391,44739840.35200382
69392,44739980.48167968
69393,44740120.30983709
69394,44740259.839950256
69395,44740399.06893047
69396,44740537.99885824
69397,44740676.63207143
69398,44740814.96224022
69399,44740952.99810027
69400,44741090.729644485
69401,44741228.16229757
69402,44741365.29610943
69403,44741502.13136449
69404,44741638.665389396
69405,44741774.89967288
69406,44741910.83279472
69407,44742046.46810737
69408,44742181.803043194
69409,44742316.83510617
69410,44742451.569373295
69411,44742586.003017664
69412,44742720.13475043
69413,44742853.96448591
69414,44742987.49686117
69415,44743120.72803116
69416,44743253.65618668
69417,44743386.285003826
69418,44743518.611863196
69419,44743650.63564376
69420,44743782.36321505
69421,44743913.78600948
69422,44744044.90637591
69423,44744175.72835476
69424,44744306.24574202
69425,44744436.46291674
69426,44744566.37748808
69427,44744695.99087702
69428,44744825.30365929
69429,44744954.312837616
69430,44745083.01908165
69431,44745211.42620832
69432,44745339.529383846
69433,44745467.32982769
69434,44745594.8280289
69435,44745722.02382536
69436,44745848.916646495
69437,44745975.50718939
69438,44746101.79491843
69439,44746227.778526664
69440,44746353.45958648
69441,44746478.83986795
69442,44746603.915266454
69443,44746728.687918946
69444,44746853.15765416
69445,44746977.32214506
69446,44747101.18423827
69447,44747224.7434741
69448,44747347.99697689
69449,44747470.94930255
69450,44747593.59660799
69451,44747715.94113716
69452,44747837.979367875
69453,44747959.71541301
69454,44748081.14650678
69455,44748202.27127438
69456,44748323.096006945
69457,44748443.61488801
69458,44748563.82786942
69459,44748683.73792069
69460,44748803.34399613
69461,44748922.6434817
69462,44749041.63567512
69463,44749160.32839968
69464,44749278.71329167
69465,44749396.79263209
69466,44749514.5651962
69467,44749632.03787428
69468,44749749.200862736
69469,44749866.06026751
69470,44749982.612332724
69471,44750098.860195994
69472,44750214.80382088
69473,44750330.44067708
69474,44750445.76893531
69475,44750560.795236036
69476,44750675.51162283
69477,44750789.92382189
69478,44750904.02885338
69479,44751017.83048904
69480,44751131.323143825
69481,44751244.5100895
69482,44751357.39019485
69483,44751469.96330016
69484,44751582.23192134
69485,44751694.19143929
69486,44751805.84562977
69487,44751917.190229684
69488,44752028.23071091
69489,44752138.96476766
69490,44752249.386853844
69491,44752359.504705675
69492,44752469.314924575
69493,44752578.81712964
69494,44752688.015016556
69495,44752796.89859247
69496,44752905.47947599
69497,44753013.753149725
69498,44753121.71602973
69499,44753229.372818306
69500,44753336.72083416
69501,44753443.76121465
69502,44753550.4924095
69503,44753656.91521951
69504,44753763.030603744
69505,44753868.836662576
69506,44753974.33631794
69507,44754079.523160905
69508,44754184.4046509
69509,44754288.976529
69510,44754393.23688994
69511,44754497.19068563
69512,44754600.8382226
69513,44754704.17092957
69514,44754807.197670154
69515,44754909.91418723
69516,44755012.32159271
69517,44755114.4190106
69518,44755216.207653165
69519,44755317.68518089
69520,44755418.8544591
69521,44755519.71154372
69522,44755620.26228869
69523,44755720.501603216
69524,44755820.43097956
69525,44755920.04972353
69526,44756019.35647324
69527,44756118.3556001
69528,44756217.04106683
69529,44756315.41862395
69530,44756413.487065576
69531,44756511.24122613
69532,44756608.68608627
69533,44756705.819610804
69534,44756802.64463511
69535,44756899.15523116
69536,44756995.35699138
69537,44757091.24450822
69538,44757186.82242409
69539,44757282.08954581
69540,44757377.046388306
69541,44757471.691303976
69542,44757566.02266823
69543,44757660.043337114
69544,44757753.75136963
69545,44757847.14677127
69546,44757940.23494143
69547,44758033.00639783
69548,44758125.46692941
69549,44758217.61572493
69550,44758309.44927037
69551,44758400.97421992
69552,44758492.18659873
69553,44758583.08452229
69554,44758673.670631185
69555,44758763.94529529
69556,44758853.90461849
69557,44758943.55446337
69558,44759032.88664093
69559,44759121.90901098
69560,44759210.61705789
69561,44759299.011126384
69562,44759387.092471205
69563,44759474.861931175
69564,44759562.31871229
69565,44759649.45771746
69566,44759736.28628642
69567,44759822.799419716
69568,44759908.99997621
69569,44759994.887058675
69570,44760080.458193414
69571,44760165.71554053
69572,44760250.661670536
69573,44760335.28911515
69574,44760419.605715044
69575,44760503.604444325
69576,44760587.293610565
69577,44760670.66673122
69578,44760753.72122594
69579,44760836.462594695
69580,44760918.89191328
69581,44761001.00383468
69582,44761082.80347213
69583,44761164.28322285
69584,44761245.44979696
69585,44761326.303485796
69586,44761406.840465546
69587,44761487.0603814
69588,44761566.967862785
69589,44761646.557109825
69590,44761725.83125023
69591,44761804.79076431
69592,44761883.43277787
69593,44761961.75923961
69594,44762039.769249015
69595,44762117.46502902
69596,44762194.84673528
69597,44762271.9065979
69598,44762348.65150913
69599,44762425.0833162
69600,44762501.1950004
69601,44762576.99172825
69602,44762652.471406266
69603,44762727.63553579
69604,44762802.47877923
69605,44762877.01067959
69606,44762951.222048596
69607,44763025.116350934
69608,44763098.693192914
69609,44763171.95429238
69610,44763244.89770903
69611,44763317.52515422
69612,44763389.83292658
69613,44763461.8216334
69614,44763533.49685961
69615,44763604.85084601
69616,44763675.88754303
69617,44763746.60601512
69618,44763817.0069079
69619,44763887.0910968
69620,44763956.85580352
69621,44764026.3016074
69622,44764095.43131898
69623,44764164.24012056
69624,44764232.731588535
69625,44764300.904834144
69626,44764368.7584726
69627,44764436.29112085
69628,44764503.50972337
69629,44764570.40625275
69630,44764636.983999774
69631,44764703.24359619
69632,44764769.18312643
69633,44764834.804155536
69634,44764900.1052282
69635,44764965.08769708
69636,44765029.74769473
69637,44765094.09200045
69638,44765158.114667475
69639,44765221.82003285
69640,44765285.19903133
69641,44765348.265156254
69642,44765411.00786811
69643,44765473.43127297
69644,44765535.532918856
69645,44765597.31624919
69646,44765658.77825941
69647,44765719.92337126
69648,44765780.74070061
69649,44765841.24076942
69650,44765901.42338647
69651,44765961.28076321
69652,44766020.819086544
69653,44766080.03688867
69654,44766138.93198005
69655,44766197.50649469
69656,44766255.76084223
69657,44766313.69236694
69658,44766371.30287198
69659,44766428.59313311
69660,44766485.55971779
69661,44766542.208187036
69662,44766598.53280824
69663,44766654.53687003
69664,44766710.217471875
69665,44766765.57631473
69666,44766820.61469414
69667,44766875.32803009
69668,44766929.72005282
69669,44766983.78905187
69670,44767037.53963903
69671,44767090.965130925
69672,44767144.069474205
69673,44767196.84772683
69674,44767249.307018705
69675,44767301.43866156
69676,44767353.25183966
69677,44767404.742551744
69678,44767455.90883884
69679,44767506.749340065
69680,44767557.2698403
69681,44767607.467017695
69682,44767657.339834206
69683,44767706.889969505
69684,44767756.116280645
69685,44767805.01640385
69686,44767853.59672725
69687,44767901.85036813
69688,44767949.782347836
69689,44767997.38850706
69690,44768044.67296591
69691,44768091.631262094
69692,44768138.264260255
69693,44768184.57384888
69694,44768230.56261687
69695,44768276.22215982
69696,44768321.55915777
69697,44768366.572767645
69698,44768411.25855785
69699,44768455.62254199
69700,44768499.66024636
69701,44768543.37307164
69702,44768586.76223126
69703,44768629.824258976
69704,44768672.56232036
69705,44768714.97334822
69706,44768757.0597562
69707,44768798.822943926
69708,44768840.25721875
69709,44768881.36817403
69710,44768922.15302875
69711,44768962.6106013
69712,44769002.74349815
69713,44769042.55093181
69714,44769082.03284852
69715,44769121.18723106
69716,44769160.014108665
69717,44769198.51970556
69718,44769236.69405445
69719,44769274.54272057
69720,44769312.065926746
69721,44769349.262154736
69722,44769386.131641984
69723,44769422.67601417
69724,44769458.893193305
69725,44769494.779324
69726,44769530.3413678
69727,44769565.57660984
69728,44769600.48300132
69729,44769635.065304264
69730,44769669.31799943
69731,44769703.24355364
69732,44769736.839615084
69733,44769770.10965995
69734,44769803.054315306
69735,44769835.67033001
69736,44769867.955017865
69737,44769899.916877985
69738,44769931.546842806
69739,44769962.849374756
69740,44769993.8251559
69741,44770024.470372915
69742,44770054.78737649
69743,44770084.78092916
69744,44770114.44096342
69745,44770143.77297863
69746,44770172.777126275
69747,44770201.45216698
69748,44770229.79897809
69749,44770257.816676036
69750,44770285.505919755
69751,44770312.863883935
69752,44770339.89369093
69753,44770366.59511977
69754,44770392.969683535
69755,44770419.00951405
69756,44770444.72238613
69757,44770470.10476998
69758,44770495.160122946
69759,44770519.882858574
69760,44770544.274729334
69761,44770568.339778334
69762,44770592.073081665
69763,44770615.47764248
69764,44770638.55182306
69765,44770661.29294888
69766,44770683.707544215
69767,44770705.78897683
69768,44770727.54330259
69769,44770748.96437576
69770,44770770.05228129
69771,44770790.81326272
69772,44770811.24233825
69773,44770831.34200491
69774,44770851.10976219
69775,44770870.54657395
69776,44770889.65070389
69777,44770908.424597435
69778,44770926.867775336
69779,44770944.98185131
69780,44770962.75691271
69781,44770980.2047093
69782,44770997.32256573
69783,44771014.1071667
69784,44771030.56011909
69785,44771046.68192213
69786,44771062.469865575
69787,44771077.92748377
69788,44771093.05268739
69789,44771107.845391214
69790,44771122.305897176
69791,44771136.433878355
69792,44771150.2287416
69793,44771163.692264564
69794,44771176.822852515
69795,44771189.62144131
69796,44771202.08382709
69797,44771214.217280835
69798,44771226.016409
69799,44771237.48237413
69800,44771248.61524216
69801,44771259.41331253
69802,44771269.881112956
69803,44771280.01401435
69804,44771289.81396072
69805,44771299.27921687
69806,44771308.41119814
69807,44771317.21139578
69808,44771325.67405383
69809,44771333.80491372
69810,44771341.60211974
69811,44771349.06675407
69812,44771356.19462561
69813,44771362.98998917
69814,44771369.45196729
69815,44771375.57553358
69816,44771381.3667045
69817,44771386.826415055
69818,44771391.94733263
69819,44771396.73489776
69820,44771401.18910325
69821,44771405.30731839
69822,44771409.0900159
69823,44771412.539813854
69824,44771415.65175293
69825,44771418.42981811
69826,44771420.87163673
69827,44771422.97857415
69828,44771424.753377676
69829,44771426.188436784
69830,44771427.29064336
69831,44771428.05810282
69832,44771428.48627888
69833,44771428.579657525
69834,44771428.33796529
69835,44771427.76162462
69836,44771426.8434398
69837,44771425.59490028
69838,44771424.0099907
69839,44771422.085992336
69840,44771419.82766368
69841,44771417.23013362
69842,44771414.29725254
69843,44771411.031520404
69844,44771407.42407117
69845,44771403.48240823
69846,44771399.20317482
69847,44771394.587306514
69848,44771389.63301709
69849,44771384.34262984
69850,44771378.7151509
69851,44771372.74908431
69852,44771366.44847824
69853,44771359.807106346
69854,44771352.831501074
69855,44771345.51629184
69856,44771337.86069673
69857,44771329.873339
69858,44771321.54453654
69859,44771312.87946756
69860,44771303.875676066
69861,44771294.531761386
69862,44771284.85153127
69863,44771274.831149705
69864,44771264.47517715
69865,44771253.78148665
69866,44771242.745807804
69867,44771231.37412176
69868,44771219.66188833
69869,44771207.611756995
69870,44771195.223578684
69871,44771182.49230768
69872,44771169.42881173
69873,44771156.02033395
69874,44771142.27748619
69875,44771128.19247983
69876,44771113.768586166
69877,44771099.00824432
69878,44771083.90542853
69879,44771068.461931966
69880,44771052.68300099
69881,44771036.56022586
69882,44771020.09787664
69883,44771003.29506222
69884,44770986.15579759
69885,44770968.674161606
69886,44770950.85309691
69887,44770932.69252758
69888,44770914.18974794
69889,44770895.349585734
69890,44770876.16516887
69891,44770856.64157545
69892,44770836.779529676
69893,44770816.57443737
69894,44770796.03012758
69895,44770775.14339153
69896,44770753.91483909
69897,44770732.34851955
69898,44770710.43819327
69899,44770688.18895064
69900,44770665.59664618
69901,44770642.66413441
69902,44770619.39005368
69903,44770595.77490939
69904,44770571.81620254
69905,44770547.5148754
69906,44770522.87587128
69907,44770497.89429569
69908,44770472.57076832
69909,44770446.903320394
69910,44770420.895379476
69911,44770394.54375277
69912,44770367.85079204
69913,44770340.81499769
69914,44770313.438561074
69915,44770285.718955114
69916,44770257.65358674
69917,44770229.24938254
69918,44770200.49985599
69919,44770171.411812395
69920,44770141.97652731
69921,44770112.1995936
69922,44770082.07869328
69923,44770051.616705395
69924,44770020.81075421
69925,44769989.66037427
69926,44769958.1688567
69927,44769926.331662945
69928,44769894.153250106
69929,44769861.62852052
69930,44769828.76267185
69931,44769795.55156562
69932,44769761.99746124
69933,44769728.098801516
69934,44769693.85620176
69935,44769659.26875307
69936,44769624.33926667
69937,44769589.06397371
69938,44769553.44497063
69939,44769517.48054829
69940,44769481.17214686
69941,44769444.51849646
69942,44769407.521387555
69943,44769370.17938352
69944,44769332.49381794
69945,44769294.45972264
69946,44769256.082768954
69947,44769217.36212926
69948,44769178.29439512
69949,44769138.88253035
69950,44769099.12493401
69951,44769059.02183278
69952,44769018.57333969
69953,44768977.77927886
69954,44768936.64033749
69955,44768895.15404936
69956,44768853.3251503
69957,44768811.14684121
69958,44768768.62542749
69959,44768725.75555133
69960,44768682.542391956
69961,44768638.980366096
69962,44768595.0719678
69963,44768550.821928106
69964,44768506.218985036
69965,44768461.27232592
69966,44768415.97930075
69967,44768370.34044044
69968,44768324.35210995
69969,44768278.02040544
69970,44768231.33839799
69971,44768184.312849775
69972,44768136.93983711
69973,44768089.2168095
69974,44768041.14969219
69975,44767992.73128222
69976,44767943.96910385
69977,44767894.85782179
69978,44767845.40274201
69979,44767795.59460063
69980,44767745.440839626
69981,44767694.93994114
69982,44767644.09106162
69983,44767592.89360738
69984,44767541.34769827
69985,44767489.457057446
69986,44767437.215442784
69987,44767384.62508232
69988,44767331.68709174
69989,44767278.40067836
69990,44767224.76516604
69991,44767170.781645976
69992,44767116.45174274
69993,44767061.769980684
69994,44767006.7384221
69995,44766951.360806435
69996,44766895.63428198
69997,44766839.55764887
69998,44766783.13216614
69999,44766726.35530046
70000,44766669.23296616
70001,44766611.76025266
70002,44766553.93467516
70003,44766495.765435524
70004,44766437.24193429
70005,44766378.36993523
70006,44766319.14732878
70007,44766259.576252244
70008,44766199.655194655
70009,44766139.382824115
70010,44766078.76252819
70011,44766017.79037958
70012,44765956.47013948
70013,44765894.79427173
70014,44765832.77452933
70015,44765770.40078477
70016,44765707.67816927
70017,44765644.606293276
70018,44765581.180665545
70019,44765517.4027481
70020,44765453.276429586
70021,44765388.79819003
70022,44765323.97025126
70023,44765258.79139457
70024,44765193.25840369
70025,44765127.37906628
70026,44765061.14484013
70027,44764994.55978726
70028,44764927.62277469
70029,44764860.33337037
70030,44764792.6954944
70031,44764724.70261814
70032,44764656.35787284
70033,44764587.66435309
70034,44764518.61583611
70035,44764449.21704177
70036,44764379.46685617
70037,44764309.36230411
70038,44764238.906353034
70039,44764168.09913882
70040,44764096.934828304
70041,44764025.424778126
70042,44763953.55774523
70043,44763881.3387696
70044,44763808.76725942
70045,44763735.843533464
70046,44763662.566575296
70047,44763588.93494858
70048,44763514.951587364
70049,44763440.61568874
70050,44763365.923082784
70051,44763290.88184682
70052,44763215.48579286
70053,44763139.73465629
70054,44763063.63063226
70055,44762987.17390735
70056,44762910.362372056
70057,44762833.197798155
70058,44762755.678768985
70059,44762677.8080316
70060,44762599.578511894
70061,44762520.99954134
70062,44762442.06296917
70063,44762362.774447806
70064,44762283.13097152
70065,44762203.1336154
70066,44762122.779717505
70067,44762042.071567975
70068,44761961.00999136
70069,44761879.59504781
70070,44761797.82166024
70071,44761715.69364122
70072,44761633.21302407
70073,44761550.376383916
70074,44761467.18575702
70075,44761383.63680882
70076,44761299.73521768
70077,44761215.47824586
70078,44761130.86459222
70079,44761045.8962586
70080,44760960.571986295
70081,44760874.892021485
70082,44760788.85506702
70083,44760702.46511844
70084,44760615.71617372
70085,44760528.613068156
70086,44760441.15214264
70087,44760353.33749449
70088,44760265.165491626
70089,44760176.63685266
70090,44760087.751140594
70091,44759998.51166431
70092,44759908.913167655
70093,44759818.95784704
70094,44759728.64651481
70095,44759637.977798514
70096,44759546.95290583
70097,44759455.57301725
70098,44759363.832195096
70099,44759271.73919309
70100,44759179.28194959
70101,44759086.47288396
70102,44758993.30479468
70103,44758899.779227026
70104,44758805.8947115
70105,44758711.65445738
70106,44758617.057882905
70107,44758522.10077737
70108,44758426.78930157
70109,44758331.11625828
70110,44758235.08714732
70111,44758138.699203864
70112,44758041.95339173
70113,44757944.850981705
70114,44757847.388253294
70115,44757749.566660024
70116,44757651.388067946
70117,44757552.85092554
70118,44757453.95290808
70119,44757354.697020166
70120,44757255.085434906
70121,44757155.11359387
70122,44757054.779180385
70123,44756954.089838855
70124,44756853.04067866
70125,44756751.63125906
70126,44756649.86418685
70127,44756547.73599826
70128,44756445.25018512
70129,44756342.405130126
70130,44756239.196743816
70131,44756135.63252268
70132,44756031.71003475
70133,44755927.42309186
70134,44755822.77674339
70135,44755717.77500466
70136,44755612.41023791
70137,44755506.6858497
70138,44755400.60097947
70139,44755294.15716918
70140,44755187.34984314
70141,44755080.184700094
70142,44754972.658128686
70143,44754864.7724471
70144,44754756.525121555
70145,44754647.91657578
70146,44754538.94942469
70147,44754429.618021935
70148,44754319.92797375
70149,44754209.87405802
70150,44754099.46136653
70151,44753988.68998527
70152,44753877.55133222
70153,44753766.05679834
70154,44753654.19924707
70155,44753541.97957337
70156,44753429.39566983
70157,44753316.45413375
70158,44753203.15060057
70159,44753089.484410785
70160,44752975.455469064
70161,44752861.064632475
70162,44752746.31286909
70163,44752631.19822414
70164,44752515.72110761
70165,44752399.88328973
70166,44752283.68432933
70167,44752167.118667655
70168,44752050.19139779
70169,44751932.903935954
70170,44751815.2547491
70171,44751697.237419344
70172,44751578.86218978
70173,44751460.123216614
70174,44751341.01865814
70175,44751221.55426475
70176,44751101.72431262
70177,44750981.531951636
70178,44750860.97847362
70179,44750740.06099221
70180,44750618.77666739
70181,44750497.13201016
70182,44750375.12270035
70183,44750252.74951263
70184,44750130.012029275
70185,44750006.91126406
70186,44749883.44714214
70187,44749759.619447716
70188,44749635.42684217
70189,44749510.86961783
70190,44749385.94986037
70191,44749260.66444426
70192,44749135.01628989
70193,44749009.001556054
70194,44748882.62448882
70195,44748755.88097944
70196,44748628.7726871
70197,44748501.300706446
70198,44748373.46359575
70199,44748245.26185569
70200,44748116.695029646
70201,44747987.762140654
70202,44747858.465140745
70203,44747728.80307087
70204,44747598.77228827
70205,44747468.382721946
70206,44747337.6226961
70207,44747206.49932197
70208,44747075.00929806
70209,44746943.15541438
70210,44746810.934630096
70211,44746678.346604414
70212,44746545.39382364
70213,44746412.075108215
70214,44746278.39029624
70215,44746144.34034158
70216,44746009.92516636
70217,44745875.13850916
70218,44745739.98940754
70219,44745604.47170606
70220,44745468.58899012
70221,44745332.33931962
70222,44745195.72559879
70223,44745058.74213043
70224,44744921.39138063
70225,44744783.67541137
70226,44744645.59241326
70227,44744507.14223556
70228,44744368.323702574
70229,44744229.13842728
70230,44744089.587405615
70231,44743949.66536761
70232,44743809.377490126
70233,44743668.72608852
70234,44743527.702206306
70235,44743386.31414178
70236,44743244.55712287
70237,44743102.43162838
70238,44742959.93342928
70239,44742817.075928494
70240,44742673.845247075
70241,44742530.24759784
70242,44742386.28290546
70243,44742241.94790253
70244,44742097.24690987
70245,44741952.17667253
70246,44741806.73582223
70247,44741660.92846216
70248,44741514.75105346
70249,44741368.20664047
70250,44741221.2934268
70251,44741074.009356245
70252,44740926.35678699
70253,44740778.33712287
70254,44740629.945181765
70255,44740481.18577632
70256,44740332.05678109
70257,44740182.55780395
70258,44740032.691004045
70259,44739882.45489813
70260,44739731.84846253
70261,44739580.87099066
70262,44739429.525431395
70263,44739277.80821436
70264,44739125.726564854
70265,44738973.270144455
70266,44738820.4422148
70267,44738667.24719743
70268,44738513.680109724
70269,44738359.74566703
70270,44738205.43858651
70271,44738050.759501226
70272,44737895.71220835
70273,44737740.29489851
70274,44737584.50748048
70275,44737428.34611131
70276,44737271.81738218
70277,44737114.9150835
70278,44736957.641675435
70279,44736799.99878677
70280,44736641.98541922
70281,44736483.60001885
70282,44736324.843233414
70283,44736165.714296356
70284,44736006.21488919
70285,44735846.34556564
70286,44735686.103010155
70287,44735525.48629677
70288,44735364.498403944
70289,44735203.142424084
70290,44735041.41265755
70291,44734879.3095742
70292,44734716.83722828
70293,44734553.990222014
70294,44734390.77362685
70295,44734227.18357243
70296,44734063.22089989
70297,44733898.886349864
70298,44733734.17833395
70299,44733569.09859753
70300,44733403.64640953
70301,44733237.81927288
70302,44733071.62138078
70303,44732905.05011598
70304,44732738.10573357
70305,44732570.78917309
70306,44732403.1002082
70307,44732235.036835626
70308,44732066.597907074
70309,44731897.791491404
70310,44731728.60740365
70311,44731559.05009515
70312,44731389.1182518
70313,44731218.814591885
70314,44731048.139727496
70315,44730877.08790359
70316,44730705.66285401
70317,44730533.86249494
70318,44730361.69083665
70319,44730189.14098749
70320,44730016.21979978
70321,44729842.926491275
70322,44729669.25471212
70323,44729495.2113591
70324,44729320.790939786
70325,44729145.9966571
70326,44728970.83066195
70327,44728795.28880665
70328,44728619.371006824
70329,44728443.08046714
70330,44728266.41386578
70331,44728089.37149097
70332,44727911.95269252
70333,44727734.16220887
70334,44727555.9930823
70335,44727377.45351607
70336,44727198.533684306
70337,44727019.23932736
70338,44726839.57127355
70339,44726659.5268405
70340,44726479.10717035
70341,44726298.30862877
70342,44726117.138062805
70343,44725935.59159552
70344,44725753.668285236
70345,44725571.37113152
70346,44725388.693480946
70347,44725205.63946703
70348,44725022.21371943
70349,44724838.40797559
70350,44724654.2277985
70351,44724469.66944571
70352,44724284.73639836
70353,44724099.425386675
70354,44723913.73748352
70355,44723727.672330245
70356,44723541.23129897
70357,44723354.412822016
70358,44723167.21871342
70359,44722979.64782006
70360,44722791.698053084
70361,44722603.37021521
70362,44722414.66816062
70363,44722225.58482756
70364,44722036.12768094
70365,44721846.29254711
70366,44721656.076163664
70367,44721465.486006565
70368,44721274.515867405
70369,44721083.17108321
70370,44720891.44667707
70371,44720699.341964155
70372,44720506.86120241
70373,44720314.00246481
70374,44720120.76442173
70375,44719927.147100896
70376,44719733.15338117
70377,44719538.78083504
70378,44719344.02849975
70379,44719148.901565775
70380,44718953.39102625
70381,44718757.50605662
70382,44718561.23863643
70383,44718364.59438664
70384,44718167.57144828
70385,44717970.16965982
70386,44717772.3871299
70387,44717574.22508207
70388,44717375.684841916
70389,44717176.76403709
70390,44716977.46677613
70391,44716777.78749512
70392,44716577.72852238
70393,44716377.29246982
70394,44716176.47563815
70395,44715975.2767818
70396,44715773.699278176
70397,44715571.74220769
70398,44715369.40612285
70399,44715166.68737962
70400,44714963.59133928
70401,44714760.11331594
70402,44714556.25637745
70403,44714352.01822127
70404,44714147.3978269
70405,44713942.400395945
70406,44713737.02035841
70407,44713531.259201914
70408,44713325.11769876
70409,44713118.595611796
70410,44712911.692868754
70411,44712704.40813364
70412,44712496.74335289
70413,44712288.69808671
70414,44712080.26995452
70415,44711871.462772086
70416,44711662.27178027
70417,44711452.70002976
70418,44711242.747930475
70419,44711032.41271419
70420,44710821.69621415
70421,44710610.59880793
70422,44710399.11745956
70423,44710187.25601702
70424,44709975.01360897
70425,44709762.387858346
70426,44709549.38213205
70427,44709335.99300469
70428,44709122.220091246
70429,44708908.06357601
70430,44708693.52737966
70431,44708478.609992586
70432,44708263.30778595
70433,44708047.621804394
70434,44707831.55582093
70435,44707615.10586066
70436,44707398.27581556
70437,44707181.0595787
70438,44706963.46011855
70439,44706745.47911116
70440,44706527.11437425
70441,44706308.366449475
70442,44706089.2370605
70443,44705869.72215401
70444,44705649.82435524
70445,44705429.541746154
70446,44705208.87608855
70447,44704987.8265487
70448,44704766.39443525
70449,44704544.58029004
70450,44704322.37797745
70451,44704099.79510454
70452,44703876.825913854
70453,44703653.475125514
70454,44703429.73792037
70455,44703205.61916581
70456,44702981.11346545
70457,44702756.22372167
70458,44702530.9499354
70459,44702305.29285282
70460,44702079.24998949
70461,44701852.82192493
70462,44701626.009942494
70463,44701398.81272256
70464,44701171.229088955
70465,44700943.26430532
70466,44700714.91081517
70467,44700486.17438704
70468,44700257.05330179
70469,44700027.545177385
70470,44699797.65403687
70471,44699567.37338573
70472,44699336.70995479
70473,44699105.66114637
70474,44698874.22592674
70475,44698642.40627947
70476,44698410.19935445
70477,44698177.60772627
70478,44697944.62641365
70479,44697711.264501244
70480,44697477.51233984
70481,44697243.37721943
70482,44697008.853758454
70483,44696773.94424154
70484,44696538.650659226
70485,44696302.9659165
70486,44696066.9009959
70487,44695830.44481018
70488,44695593.60267781
70489,44695356.37395007
70490,44695118.75850505
70491,44694880.75723483
70492,44694642.36630374
70493,44694403.58852256
70494,44694164.42847365
70495,44693924.87725491
70496,44693684.939445116
70497,44693444.61382004
70498,44693203.90423546
70499,44692962.80501525
70500,44692721.31576109
70501,44692479.44065678
70502,44692237.17854359
70503,44691994.52802716
70504,44691751.488849014
70505,44691508.064376704
70506,44691264.2501066
70507,44691020.047470525
70508,44690775.45812896
70509,44690530.478545174
70510,44690285.11025852
70511,44690039.35578836
70512,44689793.213021606
70513,44689546.67890728
70514,44689299.75899503
70515,44689052.448352456
70516,44688804.7539009
70517,44688556.66546336
70518,44688308.1899593
70519,44688059.323228516
70520,44687810.07221729
70521,44687560.428706124
70522,44687310.39473504
70523,44687059.97590426
70524,44686809.164086655
70525,44686557.965368055
70526,44686306.3768687
70527,44686054.397599705
70528,44685802.0272613
70529,44685549.271409556
70530,44685296.12430316
70531,44685042.58574995
70532,44684788.659086265
70533,44684534.34177138
70534,44684279.631861314
70535,44684024.53767938
70536,44683769.04824601
70537,44683513.17021521
70538,44683256.90206366
70539,44683000.24542018
70540,44682743.196634166
70541,44682485.756070696
70542,44682227.92494947
70543,44681969.707493834
70544,44681711.092970364
70545,44681452.089916185
70546,44681192.69827816
70547,44680932.912848994
70548,44680672.73973659
70549,44680412.17036262
70550,44680151.2134055
70551,44679889.86623844
70552,44679628.12498262
70553,44679365.99258426
70554,44679103.46886882
70555,44678840.55401867
70556,44678577.24760312
70557,44678313.55192061
70558,44678049.46202068
70559,44677784.98020538
70560,44677520.10511927
70561,44677254.840491556
70562,44676989.18361325
70563,44676723.13492614
70564,44676456.692206435
70565,44676189.857886605
70566,44675922.63039293
70567,44675655.01337427
70568,44675387.000858404
70569,44675118.5958317
70570,44674849.79983001
70571,44674580.61216743
70572,44674311.03019345
70573,44674041.05194182
70574,44673770.68675669
70575,44673499.92478877
70576,44673228.77264602
70577,44672957.22587124
70578,44672685.2840329
70579,44672412.95166048
70580,44672140.225677945
70581,44671867.10563228
70582,44671593.59003364
70583,44671319.68465988
70584,44671045.38290037
70585,44670770.687498234
70586,44670495.59946614
70587,44670220.11806573
70588,44669944.24182927
70589,44669667.9717345
70590,44669391.30586332
70591,44669114.24832531
70592,44668836.795210905
70593,44668558.948725045
70594,44668280.70670914
70595,44668002.07307567
70596,44667723.04123948
70597,44667443.61631333
70598,44667163.79744508
70599,44666883.58394031
70600,44666602.97391715
70601,44666321.9697388
70602,44666040.572187275
70603,44665758.77927982
70604,44665476.590123646
70605,44665194.00373518
70606,44664911.026288636
70607,44664627.65095071
70608,44664343.882436626
70609,44664059.71770362
70610,44663775.15269784
70611,44663490.198708184
70612,44663204.846212044
70613,44662919.09821086
70614,44662632.9544592
70615,44662346.41553209
70616,44662059.48035081
70617,44661772.14894393
70618,44661484.41984859
70619,44661196.29842484
70620,44660907.77955709
70621,44660618.861856215
70622,44660329.54832047
70623,44660039.841170296
70624,44659749.73674159
70625,44659459.23386563
70626,44659168.334359735
70627,44658877.03869492
70628,44658585.34831523
70629,44658293.25837892
70630,44658000.772158615
70631,44657707.88913133
70632,44657414.60994202
70633,44657120.93267397
70634,44656826.85822653
70635,44656532.38553157
70636,44656237.51643309
70637,44655942.2503364
70638,44655646.587301336
70639,44655350.52600916
70640,44655054.067727864
70641,44654757.208508216
70642,44654459.95536505
70643,44654162.30035416
70644,44653864.25192734
70645,44653565.80156563
70646,44653266.955280185
70647,44652967.71254179
70648,44652668.06900948
70649,44652368.02732095
70650,44652067.586667955
70651,44651766.75042664
70652,44651465.51364044
70653,44651163.879203305
70654,44650861.84302806
70655,44650559.41295745
70656,44650256.58058478
70657,44649953.35135388
70658,44649649.722011
70659,44649345.69323775
70660,44649041.26662593
70661,44648736.43997234
70662,44648431.21492763
70663,44648125.589868285
70664,44647819.56715374
70665,44647513.142446645
70666,44647206.32092744
70667,44646899.10113664
70668,44646591.47548246
70669,44646283.45232253
70670,44645975.03439964
70671,44645666.21119096
70672,44645356.98934275
70673,44645047.36774326
70674,44644737.34565478
70675,44644426.92482823
70676,44644116.102649875
70677,44643804.880653515
70678,44643493.25966554
70679,44643181.23729671
70680,44642868.81286533
70681,44642555.98980799
70682,44642242.766995296
70683,44641929.138961025
70684,44641615.11230773
70685,44641300.68808152
70686,44640985.858919024
70687,44640670.63055591
70688,44640355.00159294
70689,44640038.97198124
70690,44639722.53896063
70691,44639405.70354239
70692,44639088.471526906
70693,44638770.8355112
70694,44638452.79706421
70695,44638134.35733046
70696,44637815.51815195
70697,44637496.274055526
70698,44637176.630648896
70699,44636856.585344136
70700,44636536.13781404
70701,44636215.290359356
70702,44635894.03771459
70703,44635572.38450071
70704,44635250.32847828
70705,44634927.86861075
70706,44634605.00915601
70707,44634281.7466826
70708,44633958.081519745
70709,44633634.01435425
70710,44633309.54443347
70711,44632984.67085182
70712,44632659.39648772
70713,44632333.716608934
70714,44632007.63421077
70715,44631681.151664406
70716,44631354.26178625
70717,44631026.97308576
70718,44630699.27879768
70719,44630371.18126632
70720,44630042.68222094
70721,44629713.77825388
70722,44629384.469792
70723,44629054.761421055
70724,44628724.64623475
70725,44628394.12978051
70726,44628063.208213165
70727,44627731.883674435
70728,44627400.15202665
70729,44627068.02044508
70730,44626735.48469229
70731,44626402.546558805
70732,44626069.198778056
70733,44625735.44896535
70734,44625401.29677759
70735,44625066.7374777
70736,44624731.77625519
70737,44624396.40915434
70738,44624060.638908245
70739,44623724.4626164
70740,44623387.88090895
70741,44623050.8945648
70742,44622713.50485206
70743,44622375.7111782
70744,44622037.51082701
70745,44621698.90587015
70746,44621359.89595846
70747,44621020.47957485
70748,44620680.65973705
70749,44620340.43396816
70750,44619999.801296555
70751,44619658.765428565
70752,44619317.324218296
70753,44618975.476723425
70754,44618633.22175594
70755,44618290.56387468
70756,44617947.49777519
70757,44617604.02665836
70758,44617260.15265963
70759,44616915.8675411
70760,44616571.17761352
70761,44616226.08363869
70762,44615880.582585655
70763,44615534.67625736
70764,44615188.36112671
70765,44614841.64158416
70766,44614494.515498474
70767,44614146.98052271
70768,44613799.041438915
70769,44613450.694429114
70770,44613101.94129436
70771,44612752.78091098
70772,44612403.21379182
70773,44612053.239221424
70774,44611702.85834984
70775,44611352.069756985
70776,44611000.87688434
70777,44610649.272430934
70778,44610297.26178087
70779,44609944.84400465
70780,44609592.020427294
70781,44609238.78621252
70782,44608885.14572781
70783,44608531.09797124
70784,44608176.64521191
70785,44607821.78194192
70786,44607466.50976654
70787,44607110.83001616
70788,44606754.74298721
70789,44606398.25046064
70790,44606041.34506248
70791,44605684.03401497
70792,44605326.31346565
70793,44604968.185876034
70794,44604609.64962096
70795,44604250.706015505
70796,44603891.35052838
70797,44603531.58890922
70798,44603171.41711491
70799,44602810.83797174
70800,44602449.8496058
70801,44602088.451634005
70802,44601726.645677686
70803,44601364.42929276
70804,44601001.80595618
70805,44600638.77178227
70806,44600275.32820045
70807,44599911.47634606
70808,44599547.216097504
70809,44599182.54355931
70810,44598817.463444024
70811,44598451.97320389
70812,44598086.07346341
70813,44597719.76215665
70814,44597353.04280837
70815,44596985.913813815
70816,44596618.37595519
70817,44596250.42639582
70818,44595882.06706201
70819,44595513.2973083
70820,44595144.116477415
70821,44594774.52730034
70822,44594404.527867846
70823,44594034.11683107
70824,44593663.296045765
70825,44593292.06262767
70826,44592920.42187346
70827,44592548.36681703
70828,44592175.903865166
70829,44591803.02964193
70830,44591429.74332559
70831,44591056.047964476
70832,44590681.94161527
70833,44590307.423983105
70834,44589932.492598146
70835,44589557.15156359
70836,44589181.399888545
70837,44588805.23616291
70838,44588428.66040581
70839,44588051.67544552
70840,44587674.276524216
70841,44587296.466435455
70842,44586918.245094836
70843,44586539.61480929
70844,44586160.568184346
70845,44585781.110110916
70846,44585401.23907609
70847,44585020.95882361
70848,44584640.267514616
70849,44584259.161855265
70850,44583877.64346109
70851,44583495.71462999
70852,44583113.37177953
70853,44582730.617191106
70854,44582347.45044485
70855,44581963.869797945
70856,44581579.876966424
70857,44581195.47181018
70858,44580810.65477843
70859,44580425.42275813
70860,44580039.7827602
70861,44579653.72473541
70862,44579267.254689194
70863,44578880.370119534
70864,44578493.073991746
70865,44578105.36399154
70866,44577717.24447853
70867,44577328.707813025
70868,44576939.757500865
70869,44576550.39352816
70870,44576160.61647588
70871,44575770.42691141
70872,44575379.8238037
70873,44574988.80484063
70874,44574597.37120068
70875,44574205.52571931
70876,44573813.26711465
70877,44573420.59186524
70878,44573027.50419416
70879,44572634.00389808
70880,44572240.08551495
70881,44571845.753346466
70882,44571451.01248483
70883,44571055.850880444
70884,44570660.2753721
70885,44570264.28645344
70886,44569867.88067361
70887,44569471.063993864
70888,44569073.8304092
70889,44568676.18313027
70890,44568278.12158461
70891,44567879.64229948
70892,44567480.750702806
70893,44567081.43893304
70894,44566681.715219945
70895,44566281.57914623
70896,44565881.023792066
70897,44565480.0545139
70898,44565078.668885745
70899,44564676.86841424
70900,44564274.65258666
70901,44563872.02013727
70902,44563468.97153795
70903,44563065.51083618
70904,44562661.6291019
70905,44562257.33334742
70906,44561852.621711515
70907,44561447.494811736
70908,44561041.95047895
70909,44560635.98871271
70910,44560229.61421082
70911,44559822.82074068
70912,44559415.61301922
70913,44559007.98715144
70914,44558599.94438252
70915,44558191.48722027
70916,44557782.61074288
70917,44557373.31820521
70918,44556963.60915622
70919,44556553.48317077
70920,44556142.94113295
70921,44555731.97988467
70922,44555320.60367265
70923,44554908.80887023
70924,44554496.59726992
70925,44554083.96962442
70926,44553670.922088936
70927,44553257.45998371
70928,44552843.5787114
70929,44552429.2811013
70930,44552014.56175387
70931,44551599.43057083
70932,44551183.877521574
70933,44550767.9064756
70934,44550351.5201436
70935,44549934.71588756
70936,44549517.49182995
70937,44549099.85170431
70938,44548681.79029294
70939,44548263.31264008
70940,44547844.41623194
70941,44547425.10077322
70942,44547005.36871198
70943,44546585.216969185
70944,44546164.64715888
70945,44545743.6583823
70946,44545322.25087885
70947,44544900.424763806
70948,44544478.180726826
70949,44544055.51471286
70950,44543632.43206701
70951,44543208.93227867
70952,44542785.01110797
70953,44542360.66990986
70954,44541935.91226043
70955,44541510.73201613
70956,44541085.135331675
70957,44540659.11742117
70958,44540232.68059953
70959,44539805.82127491
70960,44539378.546917625
70961,44538950.85030064
70962,44538522.7334225
70963,44538094.20064996
70964,44537665.24517133
70965,44537235.86853895
70966,44536806.07275169
70967,44536375.8580246
70968,44535945.22059504
70969,44535514.16528517
70970,44535082.690269545
70971,44534650.79476924
70972,44534218.477134794
70973,44533785.73944676
70974,44533352.58130717
70975,44532919.00609006
70976,44532485.003412314
70977,44532050.58274526
70978,44531615.74327083
70979,44531180.48275829
70980,44530744.79979725
70981,44530308.695375696
70982,44529872.171679564
70983,44529435.22681417
70984,44528997.858918644
70985,44528560.07060361
70986,44528121.86100218
70987,44527683.229088575
70988,44527244.177801915
70989,44526804.70437528
70990,44526364.809063815
70991,44525924.49085093
70992,44525483.75141156
70993,44525042.59244948
70994,44524601.0080036
70995,44524159.00277874
70996,44523716.57595682
70997,44523273.7271632
70998,44522830.45665704
70999,44522386.7660871
71000,44521942.64814543
71001,44521498.112846345
71002,44521053.151141964
71003,44520607.76996199
71004,44520161.9628935
71005,44519715.736420475
71006,44519269.084636904
71007,44518822.0133731
71008,44518374.51845354
71009,44517926.60010163
71010,44517478.25768575
71011,44517029.492909044
71012,44516580.30588821
71013,44516130.694653764
71014,44515680.66090301
71015,44515230.204079464
71016,44514779.324422136
71017,44514328.02196716
71018,44513876.294731595
71019,44513424.14251535
71020,44512971.56785456
71021,44512518.570142455
71022,44512065.1479056
71023,44511611.30486116
71024,44511157.03366219
71025,44510702.33982928
71026,44510247.22589119
71027,44509791.68490156
71028,44509335.718102716
71029,44508879.33030238
71030,44508422.51528094
71031,44507965.27882047
71032,44507507.617248684
71033,44507049.531144015
71034,44506591.01993087
71035,44506132.082183555
71036,44505672.724316835
71037,44505212.94146137
71038,44504752.73020313
71039,44504292.09415431
71040,44503831.035692714
71041,44503369.551824145
71042,44502907.64094172
71043,44502445.30925145
71044,44501982.54955293
71045,44501519.365162596
71046,44501055.75565008
71047,44500591.72004177
71048,44500127.26122424
71049,44499662.37470992
71050,44499197.06263567
71051,44498731.32667995
71052,44498265.164013416
71053,44497798.57441863
71054,44497331.56114448
71055,44496864.12125037
71056,44496396.25504588
71057,44495927.96251508
71058,44495459.24546605
71059,44494990.10346448
71060,44494520.531505734
71061,44494050.5367866
71062,44493580.113296956
71063,44493109.264591835
71064,44492637.987874836
71065,44492166.288456194
71066,44491694.1609997
71067,44491221.603278175
71068,44490748.62364193
71069,44490275.21269213
71070,44489801.378726944
71071,44489327.11556003
71072,44488852.428129114
71073,44488377.31157056
71074,44487901.76868604
71075,44487425.79988599
71076,44486949.40246544
71077,44486472.57644416
71078,44485995.3258003
71079,44485517.64653817
71080,44485039.53974588
71081,44484561.00452251
71082,44484082.042869285
71083,44483602.65278044
71084,44483122.838220805
71085,44482642.59134172
71086,44482161.918085605
71087,44481680.818001024
71088,44481199.28914063
71089,44480717.33427951
71090,44480234.947456226
71091,44479752.13535384
71092,44479268.89336372
71093,44478785.22241171
71094,44478301.12637374
71095,44477816.60109194
71096,44477331.64576991
71097,44476846.261338435
71098,44476360.45234215
71099,44475874.20916687
71100,44475387.54045711
71101,44474900.442188345
71102,44474412.91550656
71103,44473924.96089951
71104,44473436.57679568
71105,44472947.76188274
71106,44472458.52020991
71107,44471968.84841781
71108,44471478.74608644
71109,44470988.21436813
71110,44470497.257498585
71111,44470005.86598923
71112,44469514.04563377
71113,44469021.799084105
71114,44468529.122067705
71115,44468036.01454651
71116,44467542.47525925
71117,44467048.50732173
71118,44466554.112377845
71119,44466059.28555424
71120,44465564.0291209
71121,44465068.34190861
71122,44464572.22382782
71123,44464075.6753482
71124,44463578.69811626
71125,44463081.29037095
71126,44462583.451333165
71127,44462085.18452034
71128,44461586.485150866
71129,44461087.352840155
71130,44460587.793393664
71131,44460087.80455954
71132,44459587.38168179
71133,44459086.527904816
71134,44458585.24512317
71135,44458083.53103695
71136,44457581.38382897
71137,44457078.805647396
71138,44456575.799994
71139,44456072.36097255
71140,44455568.488715835
71141,44455064.18831302
71142,44454559.45420021
71143,44454054.28882869
71144,44453548.69465779
71145,44453042.668270975
71146,44452536.207876764
71147,44452029.31676113
71148,44451521.99250913
71149,44451014.23989349
71150,44450506.05223799
71151,44449997.43357976
71152,44449488.38478311
71153,44448978.9001424
71154,44448468.98645438
71155,44447958.63861469
71156,44447447.86028462
71157,44446936.64687583
71158,44446425.00569305
71159,44445912.92916172
71160,44445400.42204226
71161,44444887.47861265
71162,44444374.10332126
71163,44443860.29835366
71164,44443346.05869216
71165,44442831.386551104
71166,44442316.27790198
71167,44441800.740814544
71168,44441284.76923276
71169,44440768.36720273
71170,44440251.52885996
71171,44439734.25834896
71172,44439216.55201892
71173,44438698.41578034
71174,44438179.84316039
71175,44437660.83935879
71176,44437141.40272893
71177,44436621.53137972
71178,44436101.22644987
71179,44435580.48658798
71180,44435059.31506632
71181,44434537.70820657
71182,44434015.66942892
71183,44433493.193122715
71184,44432970.28337624
71185,44432446.943397745
71186,44431923.16653328
71187,44431398.954508
71188,44430874.309993275
71189,44430349.231094934
71190,44429823.716699764
71191,44429297.767681524
71192,44428771.38577738
71193,44428244.56945665
71194,44427717.316153795
71195,44427189.629955925
71196,44426661.50801482
71197,44426132.95057457
71198,44425603.96041571
71199,44425074.53382611
71200,44424544.67375397
71201,44424014.37786745
71202,44423483.646001
71203,44422952.47765976
71204,44422420.875234134
71205,44421888.83754955
71206,44421356.36650118
71207,44420823.457431436
71208,44420290.11331478
71209,44419756.337092906
71210,44419222.12067491
71211,44418687.469874784
71212,44418152.38340532
71213,44417616.862486675
71214,44417080.902556375
71215,44416544.509241395
71216,44416007.67941004
71217,44415470.4141685
71218,44414932.70997255
71219,44414394.57266925
71220,44413855.99480242
71221,44413316.987618245
71222,44412777.53840547
71223,44412237.654770516
71224,44411697.33225224
71225,44411156.57513536
71226,44410615.38215074
71227,44410073.75243319
71228,44409531.68501721
71229,44408989.18090026
71230,44408446.24027044
71231,44407902.86034689
71232,44407359.04831757
71233,44406814.7958646
71234,44406270.108001195
71235,44405724.98040065
71236,44405179.41708021
71237,44404633.416873746
71238,44404086.97928933
71239,44403540.10421042
71240,44402992.789976984
71241,44402445.039845966
71242,44401896.851230755
71243,44401348.22500323
71244,44400799.15973186
71245,44400249.66041375
71246,44399699.71998579
71247,44399149.34452951
71248,44398598.52756541
71249,44398047.27459122
71250,44397495.582953304
71251,44396943.45475282
71252,44396390.88612816
71253,44395837.8809176
71254,44395284.433241926
71255,44394730.55505298
71256,44394176.23071774
71257,44393621.47262751
71258,44393066.27388984
71259,44392510.636971846
71260,44391954.55959075
71261,44391398.04543506
71262,44390841.09269382
71263,44390283.69991583
71264,44389725.867652856
71265,44389167.59875876
71266,44388608.89100427
71267,44388049.73968494
71268,44387490.15277093
71269,44386930.12541581
71270,44386369.65839045
71271,44385808.75374807
71272,44385247.40846132
71273,44384685.62233132
71274,44384123.39995113
71275,44383560.734529644
71276,44382997.63189842
71277,44382434.08771319
71278,44381870.10413589
71279,44381305.68093615
71280,44380740.81852871
71281,44380175.51365979
71282,44379609.77197678
71283,44379043.58963915
71284,44378476.96538017
71285,44377909.89941996
71286,44377342.39577659
71287,44376774.45280872
71288,44376206.06720353
71289,44375637.24359692
71290,44375067.97640326
71291,44374498.27099197
71292,44373928.12527551
71293,44373357.535526566
71294,44372786.50587048
71295,44372215.03780779
71296,44371643.127314724
71297,44371070.775932126
71298,44370497.98466974
71299,44369924.74864433
71300,44369351.0762075
71301,44368776.9587678
71302,44368202.40364853
71303,44367627.40170737
71304,44367051.966229334
71305,44366476.08244405
71306,44365899.75870755
71307,44365322.99645492
71308,44364745.790054776
71309,44364168.14229817
71310,44363590.05332227
71311,44363011.52116241
71312,44362432.547692336
71313,44361853.13174964
71314,44361273.27572449
71315,44360692.97620129
71316,44360112.235463694
71317,44359531.05216919
71318,44358949.42814263
71319,44358367.35771166
71320,44357784.848016374
71321,44357201.89500513
71322,44356618.49884552
71323,44356034.66543262
71324,44355450.38126205
71325,44354865.65958964
71326,44354280.495227486
71327,44353694.883819744
71328,44353108.8346322
71329,44352522.33801899
71330,44351935.40160355
71331,44351348.022800356
71332,44350760.198725045
71333,44350171.934076935
71334,44349583.22318167
71335,44348994.07075125
71336,44348404.47340404
71337,44347814.43354589
71338,44347223.95048616
71339,44346633.024272315
71340,44346041.6545252
71341,44345449.842778265
71342,44344857.584754
71343,44344264.88207126
71344,44343671.738144666
71345,44343078.149883434
71346,44342484.12029455
71347,44341889.64084753
71348,44341294.72074143
71349,44340699.35465583
71350,44340103.547581166
71351,44339507.29524582
71352,44338910.59645246
71353,44338313.45563026
71354,44337715.86961592
71355,44337117.838690296
71356,44336519.36498767
71357,44335920.44340981
71358,44335321.079224855
71359,44334721.27130723
71360,44334121.017393254
71361,44333520.31651759
71362,44332919.17549968
71363,44332317.58598299
71364,44331715.55469543
71365,44331113.07759391
71366,44330510.15370195
71367,44329906.78539162
71368,44329302.97149713
71369,44328698.712983824
71370,44328094.01138232
71371,44327488.85859724
71372,44326883.26387559
71373,44326277.22245234
71374,44325670.735270664
71375,44325063.80566775
71376,44324456.429073155
71377,44323848.60705301
71378,44323240.33553028
71379,44322631.62057796
71380,44322022.460967325
71381,44321412.8549552
71382,44320802.79917596
71383,44320192.30214367
71384,44319581.358214125
71385,44318969.96482538
71386,44318358.126326285
71387,44317745.84434297
71388,44317133.111890025
71389,44316519.93764919
71390,44315906.31515974
71391,44315292.24280721
71392,44314677.72847296
71393,44314062.764264435
71394,44313447.355089284
71395,44312831.49631677
71396,44312215.193987995
71397,44311598.44308057
71398,44310981.244543865
71399,44310363.60042729
71400,44309745.509705186
71401,44309126.96919543
71402,44308507.983093195
71403,44307888.54971618
71404,44307268.66958208
71405,44306648.34261594
71406,44306027.56634383
71407,44305406.34513924
71408,44304784.67186058
71409,44304162.55563436
71410,44303539.98888601
71411,44302916.97553666
71412,44302293.514912575
71413,44301669.60232049
71414,44301045.24562564
71415,44300420.44253245
71416,44299795.18916935
71417,44299169.48666718
71418,44298543.3406524
71419,44297916.73983075
71420,44297289.69453114
71421,44296662.201961346
71422,44296034.25749963
71423,44295405.866227716
71424,44294777.02790472
71425,44294147.73863368
71426,44293518.00301576
71427,44292887.817702964
71428,44292257.18340492
71429,44291626.1012491
71430,44290994.567879416
71431,44290362.58704896
71432,44289730.1577899
71433,44289097.276344724
71434,44288463.95160586
71435,44287830.174140826
71436,44287195.94873408
71437,44286561.27208127
71438,44285926.14963577
71439,44285290.57402465
71440,44284654.55158108
71441,44284018.077264495
71442,44283381.155720636
71443,44282743.78157843
71444,44282105.95915662
71445,44281467.68964792
71446,44280828.96856077
71447,44280189.797377385
71448,44279550.176185936
71449,44278910.10512637
71450,44278269.58524967
71451,44277628.615340404
71452,44276987.19500435
71453,44276345.322192445
71454,44275702.99725432
71455,44275060.22874226
71456,44274417.00652675
71457,44273773.33277529
71458,44273129.210723504
71459,44272484.6365519
71460,44271839.61199014
71461,44271194.137431525
71462,44270548.21110033
71463,44269901.83353613
71464,44269255.00640792
71465,44268607.731242195
71466,44267960.00041241
71467,44267311.82003744
71468,44266663.18910426
71469,44266014.10816624
71470,44265364.576990135
71471,44264714.59094747
71472,44264064.15400909
71473,44263413.26994137
71474,44262761.93042041
71475,44262110.13993884
71476,44261457.8994627
71477,44260805.20612379
71478,44260152.060915574
71479,44259498.46493571
71480,44258844.41636672
71481,44258189.91746954
71482,44257534.96736262
71483,44256879.56392866
71484,44256223.70748645
71485,44255567.40012036
71486,44254910.639803946
71487,44254253.429657824
71488,44253595.76411816
71489,44252937.65033111
71490,44252279.08161726
71491,44251620.060277075
71492,44250960.587908834
71493,44250300.66159392
71494,44249640.284059316
71495,44248979.4534379
71496,44248318.17110211
71497,44247656.43444064
71498,44246994.24626195
71499,44246331.6040583
71500,44245668.50919257
71501,44245004.96242559
71502,44244340.96193607
71503,44243676.50787302
71504,44243011.60037575
71505,44242346.24165974
71506,44241680.42884363
71507,44241014.16385587
71508,44240347.44384251
71509,44239680.27032488
71510,44239012.64476902
71511,44238344.56491892
71512,44237676.03107996
71513,44237007.046621844
71514,44236337.60446479
71515,44235667.70963913
71516,44234997.36077592
71517,44234326.56070372
71518,44233655.30542695
71519,44232983.5946078
71520,44232311.431751855
71521,44231638.812817685
71522,44230965.741866104
71523,44230292.21719914
71524,44229618.23567622
71525,44228943.800780654
71526,44228268.91394607
71527,44227593.56958817
71528,44226917.77122481
71529,44226241.51869497
71530,44225564.81168308
71531,44224887.651912816
71532,44224210.0362335
71533,44223531.96471744
71534,44222853.43898386
71535,44222174.45939365
71536,44221495.02211244
71537,44220815.13337731
71538,44220134.78807949
71539,44219453.988171615
71540,44218772.732808456
71541,44218091.021315925
71542,44217408.85773855
71543,44216726.23366961
71544,44216043.15780185
71545,44215359.627258524
71546,44214675.638429895
71547,44213991.19632678
71548,44213306.297263816
71549,44212620.94336056
71550,44211935.13273165
71551,44211248.86932405
71552,44210562.14809062
71553,44209874.970982864
71554,44209187.336765386
71555,44208499.248558044
71556,44207810.705236405
71557,44207121.70247535
71558,44206432.24384567
71559,44205742.33078173
71560,44205051.961129904
71561,44204361.13745325
71562,44203669.854278244
71563,44202978.113656245
71564,44202285.92141864
71565,44201593.26905144
71566,44200900.160456344
71567,44200206.59696898
71568,44199512.57370948
71569,44198818.097049
71570,44198123.15843216
71571,44197427.76801419
71572,44196731.920739725
71573,44196035.61586689
71574,44195338.85019619
71575,44194641.63115048
71576,44193943.95476321
71577,44193245.81950463
71578,44192547.22879105
71579,44191848.18195505
71580,44191148.6733123
71581,44190448.7106718
71582,44189748.29029602
71583,44189047.412086315
71584,44188346.07478595
71585,44187644.281878866
71586,44186942.030495465
71587,44186239.32208342
71588,44185536.153809525
71589,44184832.53161928
71590,44184128.448069245
71591,44183423.90838778
71592,44182718.908249974
71593,44182013.45103768
71594,44181307.536621116
71595,44180601.165420234
71596,44179894.333193794
71597,44179187.042646036
71598,44178479.29673891
71599,44177771.09013665
71600,44177062.42561261
71601,44176353.3011449
71602,44175643.71973511
71603,44174933.68047215
71604,44174223.18120081
71605,44173512.22394458
71606,44172800.80895468
71607,44172088.93183422
71608,44171376.59788193
71609,44170663.805208325
71610,44169950.55272359
71611,44169236.84237221
71612,44168522.67341038
71613,44167808.04273016
71614,44167092.95469594
71615,44166377.404267274
71616,44165661.399496704
71617,44164944.93433918
71618,44164228.00697676
71619,44163510.621534236
71620,44162792.77667705
71621,44162074.47334839
71622,44161355.70887205
71623,44160636.48252865
71624,44159916.80102576
71625,44159196.65765742
71626,44158476.051160745
71627,44157754.98956341
71628,44157033.466751926
71629,44156311.48008333
71630,44155589.03877469
71631,44154866.135170266
71632,44154142.771477304
71633,44153418.94915459
71634,44152694.663737886
71635,44151969.91954281
71636,44151244.714126766
71637,44150519.05095546
71638,44149792.92341398
71639,44149066.33575628
71640,44148339.288238
71641,44147611.77985152
71642,44146883.81088462
71643,44146155.381180435
71644,44145426.493034534
71645,44144697.139934234
71646,44143967.32929564
71647,44143237.05496817
71648,44142506.32047828
71649,44141775.12554264
71650,44141043.47114007
71651,44140311.35463901
71652,44139578.77221207
71653,44138845.73176776
71654,44138112.23144461
71655,44137378.26746839
71656,44136643.84199718
71657,44135908.95693092
71658,44135173.60939848
71659,44134437.79892901
71660,44133701.52778871
71661,44132964.79678735
71662,44132227.599509425
71663,44131489.94318059
71664,44130751.8247273
71665,44130013.24638336
71666,44129274.20017379
71667,44128534.698356956
71668,44127794.730753615
71669,44127054.30365606
71670,44126313.411015
71671,44125572.055028565
71672,44124830.24296237
71673,44124087.9628826
71674,44123345.22038904
71675,44122602.018825404
71676,44121858.35350447
71677,44121114.22403989
71678,44120369.63250802
71679,44119624.580562696
71680,44118879.062472016
71681,44118133.08330927
71682,44117386.643428236
71683,44116639.7365392
71684,44115892.367461145
71685,44115144.53654797
71686,44114396.24349815
71687,44113647.48605249
71688,44112898.26561178
71689,44112148.58180959
71690,44111398.434088685
71691,44110647.82375038
71692,44109896.7486384
71693,44109145.21049899
71694,44108393.21195584
71695,44107640.74688421
71696,44106887.81750069
71697,44106134.425215006
71698,44105380.572528794
71699,44104626.249914534
71700,44103871.46778272
71701,44103116.21972885
71702,44102360.50888582
71703,44101604.33344598
71704,44100847.69287974
71705,44100090.59217734
71706,44099333.02503005
71707,44098574.992084645
71708,44097816.499468684
71709,44097057.53694317
71710,44096298.11225613
71711,44095538.2234837
71712,44094777.869037755
71713,44094017.05066049
71714,44093255.76830482
71715,44092494.02131722
71716,44091731.81053444
71717,44090969.13297031
71718,44090205.99255123
71719,44089442.38441295
71720,44088678.31387721
71721,44087913.77770865
71722,44087148.773503184
71723,44086383.310708985
71724,44085617.37887098
71725,44084850.983949766
71726,44084084.12259932
71727,44083316.79357797
71728,44082549.00252951
71729,44081780.74392463
71730,44081012.02253863
71731,44080242.83306483
71732,44079473.179231256
71733,44078703.05998526
71734,44077932.47529584
71735,44077161.42419156
71736,44076389.907922745
71737,44075617.92585565
71738,44074845.47677321
71739,44074072.56174998
71740,44073299.181121185
71741,44072525.335902065
71742,44071751.02478556
71743,44070976.24497465
71744,44070201.00307771
71745,44069425.290396325
71746,44068649.114522494
71747,44067872.472992964
71748,44067095.3618565
71749,44066317.785057686
71750,44065539.74128764
71751,44064761.235336944
71752,44063982.25980696
71753,44063202.81801995
71754,44062422.908833265
71755,44061642.53273733
71756,44060861.69026652
71757,44060080.3820473
71758,44059298.607069954
71759,44058516.360264994
71760,44057733.65432571
71761,44056950.47622558
71762,44056166.83239242
71763,44055382.72216156
71764,44054598.143013366
71765,44053813.09788727
71766,44053027.58321285
71767,44052241.60441071
71768,44051455.15764058
71769,44050668.24174146
71770,44049880.859301865
71771,44049093.00974768
71772,44048304.6923632
71773,44047515.90814891
71774,44046726.654057205
71775,44045936.93420321
71776,44045146.74418103
71777,44044356.08547657
71778,44043564.96307357
71779,44042773.37038598
71780,44041981.31081398
71781,44041188.78217202
71782,44040395.78625663
71783,44039602.3206554
71784,44038808.388655044
71785,44038013.98765259
71786,44037219.11784043
71787,44036423.778491214
71788,44035627.974573866
71789,44034831.699550286
71790,44034034.955463424
71791,44033237.74199033
71792,44032440.06362156
71793,44031641.913629964
71794,44030843.29571572
71795,44030044.20951243
71796,44029244.655538365
71797,44028444.62983825
71798,44027644.1362537
71799,44026843.173529826
71800,44026041.74273215
71801,44025239.84226148
71802,44024437.47328813
71803,44023634.63338598
71804,44022831.325096905
71805,44022027.54816562
71806,44021223.301878326
71807,44020418.5859073
71808,44019613.400437586
71809,44018807.74447987
71810,44018001.62086281
71811,44017195.02751246
71812,44016387.96433408
71813,44015580.43058083
71814,44014772.42632126
71815,44013963.953209504
71816,44013155.01174619
71817,44012345.59762746
71818,44011535.71588698
71819,44010725.36227092
71820,44009914.537127934
71821,44009103.24731471
71822,44008291.48458641
71823,44007479.250056945
71824,44006666.54573733
71825,44005853.374620155
71826,44005039.72880049
71827,44004225.61404379
71828,44003411.02982048
71829,44002595.976584606
71830,44001780.44825112
71831,44000964.45125571
71832,44000147.98379908
71833,43999331.04732631
71834,43998513.63738304
71835,43997695.758093536
71836,43996877.407047726
71837,43996058.58588362
71838,43995239.292712964
71839,43994419.52979363
71840,43993599.294510365
71841,43992778.58914959
71842,43991957.4134481
71843,43991135.76434275
71844,43990313.646004215
71845,43989491.05502186
71846,43988667.992419586
71847,43987844.46051397
71848,43987020.45634253
71849,43986195.97802094
71850,43985371.03215251
71851,43984545.61102421
71852,43983719.722428806
71853,43982893.35886267
71854,43982066.522441216
71855,43981239.21825888
71856,43980411.438580774
71857,43979583.18810551
71858,43978754.467708595
71859,43977925.274098724
71860,43977095.607212685
71861,43976265.468098715
71862,43975434.85821371
71863,43974603.77482588
71864,43973772.22033789
71865,43972940.193715245
71866,43972107.6923167
71867,43971274.72221651
71868,43970441.27592652
71869,43969607.35912614
71870,43968772.97155705
71871,43967938.10795533
71872,43967102.77304784
71873,43966266.9662766
71874,43965430.6857583
71875,43964593.93355334
71876,43963756.707614176
71877,43962919.00766724
71878,43962080.83520157
71879,43961242.191966325
71880,43960403.07547391
71881,43959563.4834099
71882,43958723.41907935
71883,43957882.8839079
71884,43957041.87243099
71885,43956200.38615238
71886,43955358.4304543
71887,43954516.00041192
71888,43953673.09512983
71889,43952829.71841704
71890,43951985.86769845
71891,43951141.54282609
71892,43950296.743567996
71893,43949451.47428315
71894,43948605.727376096
71895,43947759.506753325
71896,43946912.815151796
71897,43946065.6469687
71898,43945218.006877236
71899,43944369.89062985
71900,43943521.30007043
71901,43942672.23720661
71902,43941822.70200799
71903,43940972.69030977
71904,43940122.20212578
71905,43939271.24474537
71906,43938419.809945576
71907,43937567.89947449
71908,43936715.5167921
71909,43935862.65695262
71910,43935009.32621477
71911,43934155.51989045
71912,43933301.238975
71913,43932446.48244249
71914,43931591.25186954
71915,43930735.54516642
71916,43929879.366044916
71917,43929022.71212464
71918,43928165.58068677
71919,43927307.97512372
71920,43926449.89417999
71921,43925591.33933428
71922,43924732.30804004
71923,43923872.80241032
71924,43923012.8230837
71925,43922152.36775151
71926,43921291.43508185
71927,43920430.03052221
71928,43919568.146754764
71929,43918705.78976659
71930,43917842.95784626
71931,43916979.64808696
71932,43916115.86493359
71933,43915251.60514297
71934,43914386.86847069
71935,43913521.65733366
71936,43912655.972252585
71937,43911789.80956497
71938,43910923.17020236
71939,43910056.05410973
71940,43909188.46526719
71941,43908320.39751439
71942,43907451.853841804
71943,43906582.835668065
71944,43905713.341103405
71945,43904843.37121607
71946,43903972.921861306
71947,43903101.9979164
71948,43902230.59825358
71949,43901358.722056575
71950,43900486.36983349
71951,43899613.540204905
71952,43898740.23130293
71953,43897866.45051085
71954,43896992.19165295
71955,43896117.454621345
71956,43895242.241926506
71957,43894366.553751364
71958,43893490.38738672
71959,43892613.74321207
71960,43891736.62353819
71961,43890859.026359946
71962,43889980.95052632
71963,43889102.39918406
71964,43888223.371388994
71965,43887343.86542672
71966,43886463.88263561
71967,43885583.42297712
71968,43884702.48550037
71969,43883821.06818354
71970,43882939.17857631
71971,43882056.80850257
71972,43881173.96174352
71973,43880290.63608237
71974,43879406.8336879
71975,43878522.55387999
71976,43877637.79758592
71977,43876752.56059969
71978,43875866.84883121
71979,43874980.65755892
71980,43874093.98721495
71981,43873206.84007662
71982,43872319.215161115
71983,43871431.11251113
71984,43870542.531035036
71985,43869653.47314192
71986,43868763.93439916
71987,43867873.9203257
71988,43866983.42467989
71989,43866092.45177949
71990,43865201.001121856
71991,43864309.073441185
71992,43863416.66577987
71993,43862523.77983686
71994,43861630.41722396
71995,43860736.57246289
71996,43859842.249537386
71997,43858947.45168433
71998,43858052.173333414
71999,43857156.41453899
72000,43856260.176678
72001,43855363.46189894
72002,43854466.2663766
72003,43853568.59268726
72004,43852670.44091978
72005,43851771.80945164
72006,43850872.69858299
72007,43849973.11057371
72008,43849073.03985333
72009,43848172.49242431
72010,43847271.46604929
72011,43846369.95634876
72012,43845467.97058112
72013,43844565.50541843
72014,43843662.55940444
72015,43842759.13415164
72016,43841855.232337296
72017,43840950.84712939
72018,43840045.98009209
72019,43839140.64009296
72020,43838234.817110226
72021,43837328.513665505
72022,43836421.7303205
72023,43835514.46831351
72024,43834606.724884436
72025,43833698.50181988
72026,43832789.79856839
72027,43831880.6144629
72028,43830970.95112308
72029,43830060.81004455
72030,43829150.18657077
72031,43828239.08203896
72032,43827327.49716666
72033,43826415.43246435
72034,43825502.888386376
72035,43824589.86414149
72036,43823676.3598598
72037,43822762.37122312
72038,43821847.904560104
72039,43820932.957775116
72040,43820017.528268285
72041,43819101.61964373
72042,43818185.23025385
72043,43817268.35985856
72044,43816351.00725718
72045,43815433.17424469
72046,43814514.86148143
72047,43813596.06511595
72048,43812676.79158068
72049,43811757.0355195
72050,43810836.79856252
72051,43809916.07880071
72052,43808994.875076056
72053,43808073.19750834
72054,43807151.03472046
72055,43806228.38808666
72056,43805305.262931354
72057,43804381.657620974
72058,43803457.5675668
72059,43802532.99668679
72060,43801607.94467397
72061,43800682.41455349
72062,43799756.39749649
72063,43798829.89947151
72064,43797902.92242532
72065,43796975.460312806
72066,43796047.51913505
72067,43795119.094094075
72068,43794190.18678663
72069,43793260.79921358
72070,43792330.928776115
72071,43791400.57644698
72072,43790469.7425245
72073,43789538.42615361
72074,43788606.62514898
72075,43787674.341330804
72076,43786741.58027605
72077,43785808.33291343
72078,43784874.6028267
72079,43783940.39407591
72080,43783005.700170286
72081,43782070.52270394
72082,43781134.86349005
72083,43780198.724580854
72084,43779262.099497564
72085,43778324.99125903
72086,43777387.40297816
72087,43776449.32932291
72088,43775510.774832174
72089,43774571.73621749
72090,43773632.21198149
72091,43772692.21027833
72092,43771751.72256407
72093,43770810.75144248
72094,43769869.29721732
72095,43768927.36136398
72096,43767984.94108545
72097,43767042.03865799
72098,43766098.65109653
72099,43765154.78118723
72100,43764210.42785972
72101,43763265.59003476
72102,43762320.26895572
72103,43761374.46806139
72104,43760428.178063914
72105,43759481.40657825
72106,43758534.15315662
72107,43757586.41484862
72108,43756638.19184438
72109,43755689.483619645
72110,43754740.29409806
72111,43753790.62016097
72112,43752840.46367916
72113,43751889.81972406
72114,43750938.69358107
72115,43749987.08182241
72116,43749034.98716142
72117,43748082.41116964
72118,43747129.3473327
72119,43746175.800334275
72120,43745221.76954481
72121,43744267.25354742
72122,43743312.25323603
72123,43742356.76852021
72124,43741400.7988995
72125,43740444.34530869
72126,43739487.40777213
72127,43738529.98304791
72128,43737572.07539529
72129,43736613.68427193
72130,43735654.80732463
72131,43734695.44608188
72132,43733735.59846938
72133,43732775.26635633
72134,43731814.45124258
72135,43730853.15051402
72136,43729891.36303485
72137,43728929.089650095
72138,43727966.334701486
72139,43727003.090660125
72140,43726039.36551564
72141,43725075.151267774
72142,43724110.45527999
72143,43723145.27332135
72144,43722179.60424888
72145,43721213.45198687
72146,43720246.81189703
72147,43719279.68588618
72148,43718312.077690646
72149,43717343.98166374
72150,43716375.4007935
72151,43715406.333091356
72152,43714436.77998651
72153,43713466.739887945
72154,43712496.21724399
72155,43711525.20597611
72156,43710553.71071861
72157,43709581.72998711
72158,43708609.26081913
72159,43707636.305720136
72160,43706662.86525475
72161,43705688.93839013
72162,43704714.52394787
72163,43703739.62757337
72164,43702764.24201867
72165,43701788.371565916
72166,43700812.01310184
72167,43699835.16983242
72168,43698857.84042635
72169,43697880.022438236
72170,43696901.71778539
72171,43695922.92807643
72172,43694943.65303574
72173,43693963.88989483
72174,43692983.63838233
72175,43692002.90260989
72176,43691021.68015687
72177,43690039.970772445
72178,43689057.77217017
72179,43688075.08783613
72180,43687091.91676327
72181,43686108.25938684
72182,43685124.11571357
72183,43684139.48247688
72184,43683154.36372354
72185,43682168.75553403
72186,43681182.66507989
72187,43680196.084106855
72188,43679209.01447002
72189,43678221.45932658
72190,43677233.417900845
72191,43676244.88954011
72192,43675255.86732333
72193,43674266.36340732
72194,43673276.37088846
72195,43672285.89209927
72196,43671294.92355673
72197,43670303.4671597
72198,43669311.52300838
72199,43668319.0944286
72200,43667326.17440707
72201,43666332.76679412
72202,43665338.87272637
72203,43664344.49050925
72204,43663349.62018689
72205,43662354.26097867
72206,43661358.414468996
72207,43660362.08324727
72208,43659365.25844001
72209,43658367.946745545
72210,43657370.14835249
72211,43656371.86068127
72212,43655373.083846405
72213,43654373.818713635
72214,43653374.0675755
72215,43652373.82695991
72216,43651373.09758539
72217,43650371.87789005
72218,43649370.17565982
72219,43648367.98043005
72220,43647365.29466685
72221,43646362.12174691
72222,43645358.45991854
72223,43644354.31104409
72224,43643349.671508744
72225,43642344.54517395
72226,43641338.92822554
72227,43640332.82090201
72228,43639326.226515375
72229,43638319.14459045
72230,43637311.57165829
72231,43636303.50807631
72232,43635294.95779936
72233,43634285.917968385
72234,43633276.38870842
72235,43632266.37001115
72236,43631255.86299309
72237,43630244.864881516
72238,43629233.37804751
72239,43628221.40098833
72240,43627208.93619633
72241,43626195.98074722
72242,43625182.53546491
72243,43624168.600342825
72244,43623154.17865719
72245,43622139.265343055
72246,43621123.86024544
72247,43620107.96808594
72248,43619091.58370241
72249,43618074.709037006
72250,43617057.34776287
72251,43616039.494207926
72252,43615021.15211269
72253,43614002.32025985
72254,43612982.99515597
72255,43611963.182903536
72256,43610942.88006877
72257,43609922.08705018
72258,43608900.80292536
72259,43607879.02678198
72260,43606856.76241051
72261,43605834.00955213
72262,43604810.76325273
72263,43603787.02705168
72264,43602762.80312887
72265,43601738.084941216
72266,43600712.87973581
72267,43599687.179842286
72268,43598660.99105483
72269,43597634.31255641
72270,43596607.14345728
72271,43595579.48228806
72272,43594551.33235955
72273,43593522.68824766
72274,43592493.55460223
72275,43591463.932043836
72276,43590433.81589787
72277,43589403.2086282
72278,43588372.11194945
72279,43587340.523487136
72280,43586308.443469584
72281,43585275.87307052
72282,43584242.80957952
72283,43583209.25721527
72284,43582175.21339083
72285,43581140.67646289
72286,43580105.64873346
72287,43579070.13077978
72288,43578034.12006375
72289,43576997.6174103
72290,43575960.62407032
72291,43574923.14080872
72292,43573885.16388204
72293,43572846.69581311
72294,43571807.735184185
72295,43570768.28218859
72296,43569728.33924178
72297,43568687.904361986
72298,43567646.97780157
72299,43566605.556371294
72300,43565563.644595474
72301,43564521.245134145
72302,43563478.349012926
72303,43562434.96017952
72304,43561391.08133174
72305,43560346.70948569
72306,43559301.84632656
72307,43558256.48940828
72308,43557210.6403545
72309,43556164.30124791
72310,43555117.469456285
72311,43554070.14264243
72312,43553022.324205615
72313,43551974.013441056
72314,43550925.20985785
72315,43549875.91465672
72316,43548826.12726035
72317,43547775.84720497
72318,43546725.07370501
72319,43545673.80636452
72320,43544622.047327355
72321,43543569.79532454
72322,43542517.0511203
72323,43541463.81297953
72324,43540410.08244315
72325,43539355.857990794
72326,43538301.14142438
72327,43537245.932019755
72328,43536190.23025852
72329,43535134.033884965
72330,43534077.347771905
72331,43533020.16336093
72332,43531962.48907282
72333,43530904.32022139
72334,43529845.65706182
72335,43528786.50112282
72336,43527726.85137743
72337,43526666.70933378
72338,43525606.07494198
72339,43524544.94500424
72340,43523483.32115247
72341,43522421.20503541
72342,43521358.59536825
72343,43520295.491167866
72344,43519231.89327799
72345,43518167.80206354
72346,43517103.21449463
72347,43516038.13787027
72348,43514972.56384619
72349,43513906.49839144
72350,43512839.93731686
72351,43511772.88307849
72352,43510705.33418804
72353,43509637.2921626
72354,43508568.75134672
72355,43507499.721925296
72356,43506430.19452753
72357,43505360.177331194
72358,43504289.66266247
72359,43503218.65402504
72360,43502147.15206712
72361,43501075.15365035
72362,43500002.66501371
72363,43498929.67690451
72364,43497856.19668971
72365,43496782.22139097
72366,43495707.752751224
72367,43494632.786299706
72368,43493557.329327986
72369,43492481.374264784
72370,43491404.92580385
72371,43490327.983930975
72372,43489250.544690005
72373,43488172.61260827
72374,43487094.18475407
72375,43486015.260951355
72376,43484935.84372531
72377,43483855.93017434
72378,43482775.522739835
72379,43481694.62023054
72380,43480613.22065515
72381,43479531.32872596
72382,43478448.940057136
72383,43477366.0544455
72384,43476282.676086
72385,43475198.80170204
72386,43474114.43213561
72387,43473029.56639714
72388,43471944.20761304
72389,43470858.3515646
72390,43469771.99801688
72391,43468685.15038345
72392,43467597.80865066
72393,43466509.9714756
72394,43465421.63809749
72395,43464332.805344634
72396,43463243.47805973
72397,43462153.65736389
72398,43461063.33974828
72399,43459972.52875128
72400,43458881.2193216
72401,43457789.41437859
72402,43456697.11423397
72403,43455604.31765456
72404,43454511.023718886
72405,43453417.2343559
72406,43452322.94674767
72407,43451228.16613217
72408,43450132.89022443
72409,43449037.11423043
72410,43447940.8455297
72411,43446844.07785693
72412,43445746.81545346
72413,43444649.05432431
72414,43443550.80003641
72415,43442452.04622401
72416,43441352.79815937
72417,43440253.0524021
72418,43439152.811524875
72419,43438052.072427735
72420,43436950.834416084
72421,43435849.1032429
72422,43434746.87453642
72423,43433644.15019275
72424,43432540.92650614
72425,43431437.206546694
72426,43430332.99000213
72427,43429228.27888338
72428,43428123.06589246
72429,43427017.36181409
72430,43425911.15521029
72431,43424804.45469539
72432,43423697.25549045
72433,43422589.560088016
72434,43421481.36792671
72435,43420372.6779135
72436,43419263.48912357
72437,43418153.8055663
72438,43417043.62402116
72439,43415932.944939174
72440,43414821.76555168
72441,43413710.09277021
72442,43412597.919345126
72443,43411485.25149737
72444,43410372.084601976
72445,43409258.42107089
72446,43408144.25916969
72447,43407029.59723685
72448,43405914.44088582
72449,43404798.785812825
72450,43403682.63117311
72451,43402565.98161427
72452,43401448.832020015
72453,43400331.18473776
72454,43399213.040327474
72455,43398094.395790145
72456,43396975.25666847
72457,43395855.616775766
72458,43394735.48064289
72459,43393614.84506254
72460,43392493.712435804
72461,43391372.081806205
72462,43390249.95095909
72463,43389127.32376398
72464,43388004.19534908
72465,43386880.5730542
72466,43385756.447459325
72467,43384631.825636506
72468,43383506.706562385
72469,43382381.08783262
72470,43381254.969590746
72471,43380128.3543596
72472,43379001.23759009
72473,43377873.6268756
72474,43376745.51591824
72475,43375616.90769135
72476,43374487.79777344
72477,43373358.18944162
72478,43372228.08450338
72479,43371097.4748912
72480,43369966.372050524
72481,43368834.77064073
72482,43367702.66560102
72483,43366570.06376309
72484,43365436.96483364
72485,43364303.36379155
72486,43363169.26680969
72487,43362034.668417595
72488,43360899.570228614
72489,43359763.97499356
72490,43358627.878095895
72491,43357491.28347083
72492,43356354.189582
72493,43355216.594881415
72494,43354078.50363491
72495,43352939.909591414
72496,43351800.81771481
72497,43350661.22448332
72498,43349521.133964196
72499,43348380.54397918
72500,43347239.454254866
72501,43346097.86469521
72502,43344955.77240781
72503,43343813.1830822
72504,43342670.09333737
72505,43341526.50590133
72506,43340382.417807594
72507,43339237.82733298
72508,43338092.738720156
72509,43336947.15000347
72510,43335801.060613304
72511,43334654.47103907
72512,43333507.384428926
72513,43332359.79452671
72514,43331211.70468672
72515,43330063.11892579
72516,43328914.026390985
72517,43327764.43490672
72518,43326614.347214565
72519,43325463.754339546
72520,43324312.66591309
72521,43323161.07476159
72522,43322008.9841505
72523,43320856.389754556
72524,43319703.297951765
72525,43318549.70513153
72526,43317395.612452775
72527,43316241.01780327
72528,43315085.92303005
72529,43313930.328196935
72530,43312774.230512194
72531,43311617.63520712
72532,43310460.5358846
72533,43309302.938279964
72534,43308144.83744836
72535,43306986.23821067
72536,43305827.13752265
72537,43304667.53307319
72538,43303507.43189686
72539,43302346.82689996
72540,43301185.72346441
72541,43300024.114767894
72542,43298862.00779681
72543,43297699.39864942
72544,43296536.289566055
72545,43295372.675578184
72546,43294208.563934505
72547,43293043.95228727
72548,43291878.83657431
72549,43290713.21809372
72550,43289547.10159778
72551,43288380.48252399
72552,43287213.36163213
72553,43286045.740729734
72554,43284877.61718102
72555,43283708.988224015
72556,43282539.863255516
72557,43281370.23474288
72558,43280200.10270797
72559,43279029.47327462
72560,43277858.338461146
72561,43276686.70321135
72562,43275514.564353034
72563,43274341.92459048
72564,43273168.78346854
72565,43271995.140659735
72566,43270820.99510485
72567,43269646.34919055
72568,43268471.20166532
72569,43267295.54822097
72570,43266119.39222087
72571,43264942.738708824
72572,43263765.579573125
72573,43262587.920347445
72574,43261409.75846623
72575,43260231.09370773
72576,43259051.92608061
72577,43257872.25843588
72578,43256692.08433337
72579,43255511.412707835
72580,43254330.234960064
72581,43253148.55719373
72582,43251966.374101184
72583,43250783.691652015
72584,43249600.50618203
72585,43248416.81496964
72586,43247232.62304845
72587,43246047.92950547
72588,43244862.73196493
72589,43243677.03029193
72590,43242490.82990587
72591,43241304.12390259
72592,43240116.91580788
72593,43238929.20360664
72594,43237740.99055237
72595,43236552.26943055
72596,43235363.05246665
72597,43234173.3271594
72598,43232983.100545116
72599,43231792.3708137
72600,43230601.13934203
72601,43229409.40376907
72602,43228217.1634366
72603,43227024.42187466
72604,43225831.17879349
72605,43224637.426484935
72606,43223443.174548514
72607,43222248.420780264
72608,43221053.158797994
72609,43219857.398193754
72610,43218661.12963669
72611,43217464.36127097
72612,43216267.08851997
72613,43215069.31232095
72614,43213871.0318318
72615,43212672.2495224
72616,43211472.96329087
72617,43210273.17279363
72618,43209072.874849066
72619,43207872.07795787
72620,43206670.77598255
72621,43205468.968600005
72622,43204266.65901951
72623,43203063.844696715
72624,43201860.52668129
72625,43200656.70349938
72626,43199452.37624926
72627,43198247.54786247
72628,43197042.21333975
72629,43195836.37561857
72630,43194630.034509
72631,43193423.18846244
72632,43192215.83645173
72633,43191007.980153225
72634,43189799.62171309
72635,43188590.757791094
72636,43187381.39081136
72637,43186171.5179745
72638,43184961.1426948
72639,43183750.25985909
72640,43182538.87733654
72641,43181326.98362498
72642,43180114.59081277
72643,43178901.68973876
72644,43177688.28863925
72645,43176474.37924714
72646,43175259.96634917
72647,43174045.047490776
72648,43172829.6269873
72649,43171613.69929362
72650,43170397.26605803
72651,43169180.32971034
72652,43167962.88709808
72653,43166744.940386236
72654,43165526.48917999
72655,43164307.53300154
72656,43163088.07176528
72657,43161868.105182596
72658,43160647.632767856
72659,43159426.6577086
72660,43158205.176233426
72661,43156983.18909745
72662,43155760.69674303
72663,43154537.69616803
72664,43153314.195054166
72665,43152090.18666246
72666,43150865.67316011
72667,43149640.65751007
72668,43148415.13411395
72669,43147189.10306599
72670,43145962.568724155
72671,43144735.52761057
72672,43143507.98334701
72673,43142279.931123085
72674,43141051.37341365
72675,43139822.31198344
72676,43138592.74308766
72677,43137362.66964298
72678,43136132.09061684
72679,43134901.00842571
72680,43133669.4154279
72681,43132437.316969864
72682,43131204.71322839
72683,43129971.60340112
72684,43128737.99253179
72685,43127503.872034766
72686,43126269.24399698
72687,43125034.11225828
72688,43123798.47425381
72689,43122562.33028719
72690,43121325.68091042
72691,43120088.521399565
72692,43118850.86067516
72693,43117612.69133972
72694,43116374.01551896
72695,43115134.835501
72696,43113895.146974295
72697,43112654.95309039
72698,43111414.25323222
72699,43110173.04583904
72700,43108931.33392952
72701,43107689.11342389
72702,43106446.389594026
72703,43105203.15572001
72704,43103959.41588308
72705,43102715.171365656
72706,43101470.41996111
72707,43100225.158690736
72708,43098979.3961756
72709,43097733.123208396
72710,43096486.344083115
72711,43095239.05792701
72712,43093991.26668351
72713,43092742.96636797
72714,43091494.1593385
72715,43090244.847820476
72716,43088995.0285654
72717,43087744.70282301
72718,43086493.86839945
72719,43085242.526886925
72720,43083990.679759055
72721,43082738.32577222
72722,43081485.464640945
72723,43080232.09593376
72724,43078978.21773421
72725,43077723.8359425
72726,43076468.94624879
72727,43075213.546943635
72728,43073957.64468541
72729,43072701.23015535
72730,43071444.3120997
72731,43070186.88483534
72732,43068928.94912465
72733,43067670.50806991
72734,43066411.560201555
72735,43065152.10159587
72736,43063892.13808638
72737,43062631.66463026
72738,43061370.68714205
72739,43060109.19941373
72740,43058847.2057365
72741,43057584.70209078
72742,43056321.693275
72743,43055058.17489222
72744,43053794.1471284
72745,43052529.61658419
72746,43051264.576663256
72747,43049999.025356926
72748,43048732.96897502
72749,43047466.406195745
72750,43046199.33273214
72751,43044931.75117595
72752,43043663.66312368
72753,43042395.065488726
72754,43041125.96380565
72755,43039856.34934391
72756,43038586.229161635
72757,43037315.59838324
72758,43036044.459668584
72759,43034772.81587936
72760,43033500.662817165
72761,43032228.000767544
72762,43030954.82738336
72763,43029681.150545396
72764,43028406.96163126
72765,43027132.26714085
72766,43025857.06438213
72767,43024581.35274048
72768,43023305.13075654
72769,43022028.399994016
72770,43020751.16380165
72771,43019473.41583495
72772,43018195.16127024
72773,43016916.39789318
72774,43015637.12470679
72775,43014357.34489097
72776,43013077.05515902
72777,43011796.25683147
72778,43010514.949840166
72779,43009233.13206857
72780,43007950.80593731
72781,43006667.97211225
72782,43005384.63215312
72783,43004100.780275375
72784,43002816.41927802
72785,43001531.54764161
72786,43000246.17118129
72787,42998960.281538576
72788,42997673.88518608
72789,42996386.979694344
72790,42995099.56501501
72791,42993811.64001237
72792,42992523.207365714
72793,42991234.2632964
72794,42989944.81111632
72795,42988654.84974925
72796,42987364.37835579
72797,42986073.3967984
72798,42984781.911356315
72799,42983489.91139666
72800,42982197.40425815
72801,42980904.38653697
72802,42979610.85903069
72803,42978316.823232174
72804,42977022.27722644
72805,42975727.21949366
72806,42974431.65666286
72807,42973135.581044056
72808,42971838.99469011
72809,42970541.90060987
72810,42969244.295988016
72811,42967946.18408008
72812,42966647.559717424
72813,42965348.42403539
72814,42964048.782771066
72815,42962748.62987589
72816,42961447.96739945
72817,42960146.79286843
72818,42958845.11168626
72819,42957542.92025179
72820,42956240.21611036
72821,42954937.00364723
72822,42953633.281689204
72823,42952329.0470043
72824,42951024.303821504
72825,42949719.05099046
72826,42948413.28627757
72827,42947107.01277549
72828,42945800.227501
72829,42944492.937632605
72830,42943185.13168465
72831,42941876.81509353
72832,42940567.99190047
72833,42939258.654524766
72834,42937948.80944928
72835,42936638.45305651
72836,42935327.585695185
72837,42934016.207983814
72838,42932704.32213955
72839,42931391.922600806
72840,42930079.015206344
72841,42928765.59288618
72842,42927451.663223505
72843,42926137.222758256
72844,42924822.272325054
72845,42923506.80813282
72846,42922190.8364477
72847,42920874.35239993
72848,42919557.358864345
72849,42918239.852483064
72850,42916921.833880275
72851,42915603.307468675
72852,42914284.269411795
72853,42912964.72087382
72854,42911644.66263286
72855,42910324.09002838
72856,42909003.008288525
72857,42907681.41493692
72858,42906359.311528444
72859,42905036.69498745
72860,42903713.56912281
72861,42902389.93153138
72862,42901065.78287301
72863,42899741.122389376
72864,42898415.950385235
72865,42897090.270144165
72866,42895764.075285174
72867,42894437.37139127
72868,42893110.15424719
72869,42891782.42640351
72870,42890454.1877294
72871,42889125.43846786
72872,42887796.17497889
72873,42886466.40087335
72874,42885136.115070164
72875,42883805.31927952
72876,42882474.0089416
72877,42881142.190337636
72878,42879809.85946483
72879,42878477.01591759
72880,42877143.659982175
72881,42875809.79389543
72882,42874475.41475367
72883,42873140.52419161
72884,42871805.12449461
72885,42870469.208873585
72886,42869132.78328191
72887,42867795.84584657
72888,42866458.396212734
72889,42865120.43489721
72890,42863781.960654795
72891,42862442.97560405
72892,42861103.479730606
72893,42859763.47111082
72894,42858422.94764672
72895,42857081.91608358
72896,42855740.37164724
72897,42854398.31221181
72898,42853055.7418433
72899,42851712.660724975
72900,42850369.06703338
72901,42849024.95943374
72902,42847680.342148036
72903,42846335.2105631
72904,42844989.5683934
72905,42843643.40919278
72906,42842296.74129103
72907,42840949.56170303
72908,42839601.86776483
72909,42838253.66519737
72910,42836904.945886545
72911,42835555.714838296
72912,42834205.9736941
72913,42832855.716836676
72914,42831504.948143855
72915,42830153.66675833
72916,42828801.87463538
72917,42827449.56846743
72918,42826096.749792315
72919,42824743.41835546
72920,42823389.574685864
72921,42822035.2153144
72922,42820680.34848106
72923,42819324.965314895
72924,42817969.06964514
72925,42816612.65925124
72926,42815255.7373633
72927,42813898.3038664
72928,42812540.35676723
72929,42811181.897075646
72930,42809822.92277507
72931,42808463.43754174
72932,42807103.436888374
72933,42805742.92480738
72934,42804381.89988879
72935,42803020.36055072
72936,42801658.30784694
72937,42800295.74251961
72938,42798932.66616468
72939,42797569.074027196
72940,42796204.97007736
72941,42794840.351696216
72942,42793475.21880672
72943,42792109.57528288
72944,42790743.41644151
72945,42789376.744387634
72946,42788009.56213706
72947,42786641.863367036
72948,42785273.64972811
72949,42783904.92278143
72950,42782535.68417821
72951,42781165.931586064
72952,42779795.666834235
72953,42778424.886691235
72954,42777053.592651956
72955,42775681.78803202
72956,42774309.4648565
72957,42772936.632764265
72958,42771563.28395418
72959,42770189.42155333
72960,42768815.04447426
72961,42767440.15739402
72962,42766064.75446679
72963,42764688.835576385
72964,42763312.405551404
72965,42761935.459457435
72966,42760558.001986645
72967,42759180.026697606
72968,42757801.541816354
72969,42756422.53748111
72970,42755043.0239695
72971,42753662.99516096
72972,42752282.453232385
72973,42750901.39522467
72974,42749519.82398917
72975,42748137.73928491
72976,42746755.1397527
72977,42745372.02493563
72978,42743988.39672176
72979,42742604.25493254
72980,42741219.60022236
72981,42739834.43098737
72982,42738448.74460854
72983,42737062.543234214
72984,42735675.830069385
72985,42734288.60130771
72986,42732900.8583924
72987,42731512.60141664
72988,42730123.82987643
72989,42728734.54164167
72990,42727344.742028885
72991,42725954.42731317
72992,42724563.599870384
72993,42723172.253651805
72994,42721780.39501926
72995,42720388.02005913
72996,42718995.133185714
72997,42717601.72890913
72998,42716207.81160518
72999,42714813.37836149
73000,42713418.43137311
73001,42712022.96818391
73002,42710626.99350731
73003,42709230.499369204
73004,42707833.49220652
73005,42706435.971726954
73006,42705037.93693402
73007,42703639.38293071
73008,42702240.317020506
73009,42700840.73605612
73010,42699440.63806088
73011,42698040.02655694
73012,42696638.902543984
73013,42695237.259895235
73014,42693835.10205122
73015,42692432.430956595
73016,42691029.24371266
73017,42689625.54210081
73018,42688221.32490576
73019,42686816.58994863
73020,42685411.345566675
73021,42684005.58116616
73022,42682599.302013986
73023,42681192.50977335
73024,42679785.19874415
73025,42678377.374983266
73026,42676969.03420556
73027,42675560.1808732
73028,42674150.810587525
73029,42672740.92357827
73030,42671330.52131669
73031,42669919.60302956
73032,42668508.171111904
73033,42667096.22350613
73034,42665683.75882248
73035,42664270.779458925
73036,42662857.28367929
73037,42661443.27329328
73038,42660028.74612933
73039,42658613.70573265
73040,42657198.147643514
73041,42655782.07408028
73042,42654365.48424838
73043,42652948.37884934
73044,42651530.75815793
73045,42650112.62120686
73046,42648693.969102226
73047,42647274.80221317
73048,42645855.1157145
73049,42644434.91490443
73050,42643014.19888603
73051,42641592.96630511
73052,42640171.21796351
73053,42638748.95351501
73054,42637326.174378335
73055,42635902.87789089
73056,42634479.065555185
73057,42633054.73708665
73058,42631629.89079063
73059,42630204.52861029
73060,42628778.65498768
73061,42627352.257395364
73062,42625925.34971774
73063,42624497.92278853
73064,42623069.9825001
73065,42621641.52272645
73066,42620212.55008214
73067,42618783.058108844
73068,42617353.05194962
73069,42615922.526715204
73070,42614491.48753921
73071,42613059.92862917
73072,42611627.857580565
73073,42610195.26686479
73074,42608762.16114305
73075,42607328.5392169
73076,42605894.39951634
73077,42604459.74261365
73078,42603024.57060091
73079,42601588.88110823
73080,42600152.67732381
73081,42598715.95405016
73082,42597278.71505721
73083,42595840.960118935
73084,42594402.68736827
73085,42592963.89971881
73086,42591524.593513824
73087,42590084.770842314
73088,42588644.43028464
73089,42587203.57515793
73090,42585762.20184553
73091,42584320.31014354
73092,42582877.90423312
73093,42581434.980507255
73094,42579991.54143123
73095,42578547.58180912
73096,42577103.10801869
73097,42575658.11713678
73098,42574212.60618337
73099,42572766.58160405
73100,42571320.04050266
73101,42569872.97695223
73102,42568425.40084834
73103,42566977.30752398
73104,42565528.69625135
73105,42564079.567498796
73106,42562629.92213827
73107,42561179.759879924
73108,42559729.07845317
73109,42558277.88083681
73110,42556826.16672829
73111,42555373.93603538
73112,42553921.18522469
73113,42552467.9188891
73114,42551014.132127285
73115,42549559.831974514
73116,42548105.011975974
73117,42546649.676801115
73118,42545193.824348405
73119,42543737.45028325
73120,42542280.56446252
73121,42540823.15634659
73122,42539365.23332417
73123,42537906.79197347
73124,42536447.833865486
73125,42534988.35576708
73126,42533528.35999988
73127,42532067.849918514
73128,42530606.81659748
73129,42529145.271029055
73130,42527683.206309706
73131,42526220.62200497
73132,42524757.52525473
73133,42523293.90658431
73134,42521829.76959245
73135,42520365.1161882
73136,42518899.94380177
73137,42517434.25466553
73138,42515968.047548376
73139,42514501.319421664
73140,42513034.07844185
73141,42511566.31737034
73142,42510098.03640058
73143,42508629.23952458
73144,42507159.923738964
73145,42505690.09155727
73146,42504219.740321524
73147,42502748.8707433
73148,42501277.48230932
73149,42499805.578866914
73150,42498333.15320322
73151,42496860.212477654
73152,42495386.752683066
73153,42493912.7719618
73154,42492438.27757574
73155,42490963.263830386
73156,42489487.72964662
73157,42488011.67937138
73158,42486535.10831342
73159,42485058.02225189
73160,42483580.41393377
73161,42482102.29056861
73162,42480623.64897157
73163,42479144.487668715
73164,42477664.805528015
73165,42476184.60851823
73166,42474703.89158328
73167,42473222.658338755
73168,42471740.90356666
73169,42470258.631757274
73170,42468775.841524385
73171,42467292.53070804
73172,42465808.70452613
73173,42464324.3569281
73174,42462839.49254571
73175,42461354.10905528
73176,42459868.20779236
73177,42458381.78565164
73178,42456894.84641274
73179,42455407.38894101
73180,42453919.41299921
73181,42452430.9162959
73182,42450941.90246107
73183,42449452.365886785
73184,42447962.317314625
73185,42446471.74405975
73186,42444980.65449514
73187,42443489.04836201
73188,42441996.91901754
73189,42440504.271614805
73190,42439011.106341474
73191,42437517.421210356
73192,42436023.21928069
73193,42434528.49661545
73194,42433033.256299816
73195,42431537.497002326
73196,42430041.21463729
73197,42428544.41803035
73198,42427047.09836067
73199,42425549.26368509
73200,42424050.90631106
73201,42422552.03123044
73202,42421052.64105958
73203,42419552.727409035
73204,42418052.29210631
73205,42416551.34305148
73206,42415049.87020775
73207,42413547.87871826
73208,42412045.37130512
73209,42410542.34287727
73210,42409038.794639684
73211,42407534.72482443
73212,42406030.138647065
73213,42404525.034633316
73214,42403019.40706122
73215,42401513.264341235
73216,42400006.5986431
73217,42398499.41359921
73218,42396991.710698456
73219,42395483.48976243
73220,42393974.747599535
73221,42392465.48692873
73222,42390955.70411715
73223,42389445.40307066
73224,42387934.584664136
73225,42386423.24202912
73226,42384911.38297392
73227,42383399.00448886
73228,42381886.10422488
73229,42380372.6870049
73230,42378858.748313166
73231,42377344.29148863
73232,42375829.31225616
73233,42374313.814613484
73234,42372797.7999884
73235,42371281.261959024
73236,42369764.205434464
73237,42368246.62860848
73238,42366728.53068975
73239,42365209.91414252
73240,42363690.77802126
73241,42362171.12237435
73242,42360650.94822265
73243,42359130.25114458
73244,42357609.03631494
73245,42356087.30044195
73246,42354565.04548565
73247,42353042.26895214
73248,42351518.97261591
73249,42349995.15532346
73250,42348470.82273161
73251,42346945.9659542
73252,42345420.589325905
73253,42343894.69302187
73254,42342368.27481379
73255,42340841.340660825
73256,42339313.88319507
73257,42337785.905395925
73258,42336257.40966844
73259,42334728.39329909
73260,42333198.856107906
73261,42331668.79698575
73262,42330138.21896728
73263,42328607.12190987
73264,42327075.50436716
73265,42325543.36427017
73266,42324010.705550656
73267,42322477.52676326
73268,42320943.82596485
73269,42319409.604601845
73270,42317874.86633794
73271,42316339.60327729
73272,42314803.823911764
73273,42313267.52146149
73274,42311730.69908072
73275,42310193.35534235
73276,42308655.49274055
73277,42307117.108295396
73278,42305578.20758048
73279,42304038.77892707
73280,42302498.83519055
73281,42300958.36741341
73282,42299417.381436735
73283,42297875.87378756
73284,42296333.84555521
73285,42294791.29680165
73286,42293248.22784403
73287,42291704.638874285
73288,42290160.52555422
73289,42288615.89337422
73290,42287070.74202141
73291,42285525.069924645
73292,42283978.87566461
73293,42282432.16286801
73294,42280884.927296385
73295,42279337.169140905
73296,42277788.894010924
73297,42276240.09489198
73298,42274690.77486596
73299,42273140.9357
73300,42271590.574936256
73301,42270039.692771345
73302,42268488.29030291
73303,42266936.367852844
73304,42265383.9224846
73305,42263830.95708674
73306,42262277.47063285
73307,42260723.46311142
73308,42259168.93559244
73309,42257613.88417357
73310,42256058.31447855
73311,42254502.22088659
73312,42252945.60891662
73313,42251388.4740403
73314,42249830.82172972
73315,42248272.64384785
73316,42246713.945712455
73317,42245154.72563145
73318,42243594.98604873
73319,42242034.72703296
73320,42240473.94408667
73321,42238912.638583004
73322,42237350.81360481
73323,42235788.47061543
73324,42234225.60254222
73325,42232662.21257899
73326,42231098.3021575
73327,42229533.87027654
73328,42227968.916219525
73329,42226403.44398332
73330,42224837.44717097
73331,42223270.93092205
73332,42221703.8911787
73333,42220136.33188739
73334,42218568.2495199
73335,42216999.647064194
73336,42215430.52328952
73337,42213860.87594165
73338,42212290.7109529
73339,42210720.019267835
73340,42209148.80933509
73341,42207577.07835844
73342,42206004.824613675
73343,42204432.048211575
73344,42202858.75097229
73345,42201284.93209432
73346,42199710.593051046
73347,42198135.73065321
73348,42196560.34710348
73349,42194984.44226744
73350,42193408.01399594
73351,42191831.06430654
73352,42190253.5944957
73353,42188675.601871416
73354,42187097.0875219
73355,42185518.05141197
73356,42183938.494663745
73357,42182358.41523259
73358,42180777.812542155
73359,42179196.6903463
73360,42177615.04657976
73361,42176032.877255045
73362,42174450.190519586
73363,42172866.97751395
73364,42171283.24606162
73365,42169698.989290185
73366,42168114.21512594
73367,42166528.91570953
73368,42164943.09364397
73369,42163356.75237562
73370,42161769.890055686
73371,42160182.50227204
73372,42158594.59318286
73373,42157006.16290839
73374,42155417.210621834
73375,42153827.73628065
73376,42152237.73750738
73377,42150647.21931435
73378,42149056.17798693
73379,42147464.61426145
73380,42145872.52844931
73381,42144279.92254433
73382,42142686.791317
73383,42141093.137744725
73384,42139498.96174553
73385,42137904.2690587
73386,42136309.04887964
73387,42134713.30810021
73388,42133117.04532534
73389,42131520.26175172
73390,42129922.95271218
73391,42128325.12087902
73392,42126726.76924938
73393,42125127.89298063
73394,42123528.49705832
73395,42121928.5757864
73396,42120328.13472526
73397,42118727.170286976
73398,42117125.68212864
73399,42115523.67326765
73400,42113921.13991036
73401,42112318.087473005
73402,42110714.512260035
73403,42109110.41394637
73404,42107505.791739106
73405,42105900.64564479
73406,42104294.97927586
73407,42102688.789919145
73408,42101082.07793
73409,42099474.844690844
73410,42097867.08615611
73411,42096258.80855134
73412,42094650.005015634
73413,42093040.67886188
73414,42091430.83244087
73415,42089820.46287312
73416,42088209.57055909
73417,42086598.154843
73418,42084986.215584196
73419,42083373.754485115
73420,42081760.7731152
73421,42080147.265056945
73422,42078533.23479364
73423,42076918.68347649
73424,42075303.60745879
73425,42073688.010361984
73426,42072071.89122864
73427,42070455.24791473
73428,42068838.08214705
73429,42067220.39488486
73430,42065602.18341438
73431,42063983.44693275
73432,42062364.19266441
73433,42060744.41065413
73434,42059124.10743397
73435,42057503.28058585
73436,42055881.932095066
73437,42054260.06249452
73438,42052637.66449499
73439,42051014.747980796
73440,42049391.306322284
73441,42047767.34120739
73442,42046142.85462157
73443,42044517.846883886
73444,42042892.31162865
73445,42041266.256144166
73446,42039639.679165535
73447,42038012.5769335
73448,42036384.95109088
73449,42034756.801552884
73450,42033128.13013375
73451,42031498.935449354
73452,42029869.21895821
73453,42028238.97889963
73454,42026608.213836364
73455,42024976.927970335
73456,42023345.118331045
73457,42021712.783545375
73458,42020079.92511976
73459,42018446.54645091
73460,42016812.6444709
73461,42015178.21598708
73462,42013543.26619668
73463,42011907.79495437
73464,42010271.79604975
73465,42008635.278054394
73466,42006998.23429519
73467,42005360.66821132
73468,42003722.5807411
73469,42002083.96560048
73470,42000444.82988461
73471,41998805.17110194
73472,41997164.98570954
73473,41995524.28135045
73474,41993883.050178856
73475,41992241.29603693
73476,41990599.02008049
73477,41988956.22044452
73478,41987312.89697361
73479,41985669.04886553
73480,41984024.67879747
73481,41982379.78352586
73482,41980734.366610326
73483,41979088.424838096
73484,41977441.961473465
73485,41975794.97252695
73486,41974147.463698134
73487,41972499.426700905
73488,41970850.86581022
73489,41969201.784221
73490,41967552.179601245
73491,41965902.04946405
73492,41964251.39434659
73493,41962600.21819461
73494,41960948.51904395
73495,41959296.29453371
73496,41957643.54683217
73497,41955990.274389654
73498,41954336.47853555
73499,41952682.15913601
73500,41951027.31866775
73501,41949371.95324258
73502,41947716.06142038
73503,41946059.648175806
73504,41944402.70877877
73505,41942745.24812444
73506,41941087.26286857
73507,41939428.75431019
73508,41937769.72119302
73509,41936110.16726784
73510,41934450.084840156
73511,41932789.481052674
73512,41931128.351889245
73513,41929466.697498806
73514,41927804.524209574
73515,41926141.82511237
73516,41924478.60177477
73517,41922814.85277594
73518,41921150.57995638
73519,41919485.7857267
73520,41917820.46525549
73521,41916154.6247362
73522,41914488.256690174
73523,41912821.36454404
73524,41911153.950640835
73525,41909486.01222168
73526,41907817.54839131
73527,41906148.562451795
73528,41904479.04839117
73529,41902809.01504344
73530,41901138.45336372
73531,41899467.37341721
73532,41897795.76488957
73533,41896123.632353276
73534,41894450.97605314
73535,41892777.79705749
73536,41891104.09362251
73537,41889429.866268426
73538,41887755.1140809
73539,41886079.83737517
73540,41884404.038931906
73541,41882727.711685516
73542,41881050.865402855
73543,41879373.4922843
73544,41877695.59517482
73545,41876017.174699165
73546,41874338.228082456
73547,41872658.758445464
73548,41870978.76516456
73549,41869298.24693025
73550,41867617.204976454
73551,41865935.63943391
73552,41864253.54805876
73553,41862570.93293663
73554,41860887.79381088
73555,41859204.12962655
73556,41857519.942931905
73557,41855835.23035036
73558,41854149.99322188
73559,41852464.23118053
73560,41850777.948374666
73561,41849091.13812802
73562,41847403.804065
73563,41845715.94685817
73564,41844027.56313244
73565,41842338.65527386
73566,41840649.22329515
73567,41838959.26732797
73568,41837268.78780395
73569,41835577.78371505
73570,41833886.25450646
73571,41832194.19847872
73572,41830501.62265575
73573,41828808.51883869
73574,41827114.89147302
73575,41825420.74086702
73576,41823726.06523227
73577,41822030.86264974
73578,41820335.13902426
73579,41818638.887585856
73580,41816942.11586641
73581,41815244.81529041
73582,41813546.99336518
73583,41811848.645022266
73584,41810149.77246345
73585,41808450.37410031
73586,41806750.45318146
73587,41805050.00838902
73588,41803349.03681257
73589,41801647.5420886
73590,41799945.521662004
73591,41798242.97758042
73592,41796539.90742621
73593,41794836.31427172
73594,41793132.195941634
73595,41791427.553034015
73596,41789722.38329877
73597,41788016.692609854
73598,41786310.47418864
73599,41784603.73197483
73600,41782896.467902355
73601,41781188.676011816
73602,41779480.35971724
73603,41777771.518093556
73604,41776062.152137205
73605,41774352.26385613
73606,41772641.84739326
73607,41770930.90647934
73608,41769219.44172513
73609,41767507.45358636
73610,41765794.93868762
73611,41764081.90102616
73612,41762368.336211056
73613,41760654.24626463
73614,41758939.63582466
73615,41757224.49460553
73616,41755508.83122229
73617,41753792.64432618
73618,41752075.93198128
73619,41750358.69285281
73620,41748640.93180795
73621,41746922.64309438
73622,41745203.83361594
73623,41743484.49418645
73624,41741764.63054166
73625,41740044.24378029
73626,41738323.33290971
73627,41736601.89460498
73628,41734879.93340124
73629,41733157.44855985
73630,41731434.435386725
73631,41729710.8985352
73632,41727986.83814659
73633,41726262.24864713
73634,41724537.13764633
73635,41722811.50062234
73636,41721085.338560134
73637,41719358.65218291
73638,41717631.44021704
73639,41715903.703224815
73640,41714175.44176566
73641,41712446.65454563
73642,41710717.34361588
73643,41708987.505374596
73644,41707257.14532203
73645,41705526.257937655
73646,41703794.84548825
73647,41702062.90733013
73648,41700330.44548858
73649,41698597.457876764
73650,41696863.945480645
73651,41695129.90645381
73652,41693395.34511681
73653,41691660.25742968
73654,41689924.64550692
73655,41688188.50487298
73656,41686451.84136313
73657,41684714.65504548
73658,41682976.938901044
73659,41681238.703050636
73660,41679499.93878382
73661,41677760.649004504
73662,41676020.832538486
73663,41674280.49433192
73664,41672539.629670724
73665,41670798.24003379
73666,41669056.32510237
73667,41667313.88337901
73668,41665570.91953849
73669,41663827.428109415
73670,41662083.41196693
73671,41660338.86984948
73672,41658593.80382014
73673,41656848.20938425
73674,41655102.09474922
73675,41653355.4535568
73676,41651608.28494367
73677,41649860.59180057
73678,41648112.37358649
73679,41646363.630397104
73680,41644614.36005347
73681,41642864.56698706
73682,41641114.24688638
73683,41639363.40159215
73684,41637612.03264243
73685,41635860.1350274
73686,41634107.71414146
73687,41632354.76615728
73688,41630601.29594826
73689,41628847.2994349
73690,41627092.777451016
73691,41625337.730198264
73692,41623582.157494985
73693,41621826.05675897
73694,41620069.43427654
73695,41618312.28386033
73696,41616554.60878242
73697,41614796.41029196
73698,41613037.684505
73699,41611278.433906905
73700,41609518.65757212
73701,41607758.35465189
73702,41605997.528927445
73703,41604236.17416489
73704,41602474.295823686
73705,41600711.89361345
73706,41598948.96430011
73707,41597185.50867455
73708,41595421.52857356
73709,41593657.02422567
73710,41591891.99304734
73711,41590126.435216755
73712,41588360.3535707
73713,41586593.74575703
73714,41584826.611492224
73715,41583058.95640507
73716,41581290.77118732
73717,41579522.062489174
73718,41577752.825875595
73719,41575983.06452289
73720,41574212.77839213
73721,41572441.96661575
73722,41570670.62964423
73723,41568898.765729494
73724,41567126.37844197
73725,41565353.464237556
73726,41563580.02609582
73727,41561806.06059218
73728,41560031.56892161
73729,41558256.55344106
73730,41556481.00993765
73731,41554704.94223979
73732,41552928.350275144
73733,41551151.23173014
73734,41549373.587133706
73735,41547595.41865793
73736,41545816.722395
73737,41544037.50152102
73738,41542257.75307917
73739,41540477.48147455
73740,41538696.68196649
73741,41536915.35850056
73742,41535133.51013408
73743,41533351.13382898
73744,41531568.23318291
73745,41529784.80799592
73746,41528000.85472321
73747,41526216.37869756
73748,41524431.37409121
73749,41522645.84502026
73750,41520859.790644884
73751,41519073.20976817
73752,41517286.103996255
73753,41515498.470912166
73754,41513710.31151745
73755,41511921.629526034
73756,41510132.421470925
73757,41508342.68768697
73758,41506552.42890405
73759,41504761.63997565
73760,41502970.32800836
73761,41501178.49135955
73762,41499386.127866104
73763,41497593.238780305
73764,41495799.82340319
73765,41494005.88106252
73766,41492211.41687099
73767,41490416.42449866
73768,41488620.90506814
73769,41486824.86358373
73770,41485028.29430782
73771,41483231.1989385
73772,41481433.57699891
73773,41479635.43087119
73774,41477836.757212214
73775,41476037.55839609
73776,41474237.83556207
73777,41472437.58424271
73778,41470636.809895836
73779,41468835.508458965
73780,41467033.68036867
73781,41465231.329992026
73782,41463428.44850407
73783,41461625.04454952
73784,41459821.113560446
73785,41458016.65828108
73786,41456211.67476992
73787,41454406.16576967
73788,41452600.13354982
73789,41450793.57189296
73790,41448986.48696792
73791,41447178.87588216
73792,41445370.738649264
73793,41443562.07565442
73794,41441752.88660035
73795,41439943.17232095
73796,41438132.9308247
73797,41436322.16538587
73798,41434510.87168969
73799,41432699.0529737
73800,41430886.70895145
73801,41429073.839636244
73802,41427260.445105724
73803,41425446.522313505
73804,41423632.07420286
73805,41421817.10105969
73806,41420001.600437
73807,41418185.574595354
73808,41416369.02407407
73809,41414551.946875304
73810,41412734.34728538
73811,41410916.217866845
73812,41409097.56300991
73813,41407278.37912738
73814,41405458.67543251
73815,41403638.44038593
73816,41401817.68424802
73817,41399996.39862797
73818,41398174.586862005
73819,41396352.253251225
73820,41394529.39102681
73821,41392706.00023878
73822,41390882.08758205
73823,41389057.64534338
73824,41387232.68097379
73825,41385407.18913187
73826,41383581.17132195
73827,41381754.62961178
73828,41379927.55698888
73829,41378099.962479234
73830,41376271.84188763
73831,41374443.192296684
73832,41372614.01925474
73833,41370784.32182488
73834,41368954.09666925
73835,41367123.34354675
73836,41365292.06753245
73837,41363460.2649639
73838,41361627.933767445
73839,41359795.07976723
73840,41357961.69738535
73841,41356127.789317235
73842,41354293.35756444
73843,41352458.39823287
73844,41350622.91249177
73845,41348786.902042896
73846,41346950.36514029
73847,41345113.30265003
73848,41343275.71443306
73849,41341437.5994726
73850,41339598.95739844
73851,41337759.79000421
73852,41335920.09896884
73853,41334079.87861723
73854,41332239.13321646
73855,41330397.86308768
73856,41328556.0642015
73857,41326713.74267195
73858,41324870.89372178
73859,41323027.51858901
73860,41321183.61887873
73861,41319339.19269564
73862,41317494.2404282
73863,41315648.759354465
73864,41313802.75467772
73865,41311956.22338586
73866,41310109.16770226
73867,41308261.58238776
73868,41306413.474948585
73869,41304564.84070232
73870,41302715.678850204
73871,41300865.992095284
73872,41299015.78055419
73873,41297165.04053125
73874,41295313.776793785
73875,41293461.986232415
73876,41291609.66810593
73877,41289756.824248016
73878,41287903.45706661
73879,41286049.55788645
73880,41284195.13777062
73881,41282340.1929824
73882,41280484.72155605
73883,41278628.72061325
73884,41276772.194943234
73885,41274915.14309785
73886,41273057.566904046
73887,41271199.46426659
73888,41269340.83459459
73889,41267481.6786223
73890,41265621.998282455
73891,41263761.79021891
73892,41261901.057063945
73893,41260039.79813957
73894,41258178.01082411
73895,41256315.70029949
73896,41254452.862973414
73897,41252589.498170376
73898,41250725.60876653
73899,41248861.19368915
73900,41246996.25378876
73901,41245130.78495687
73902,41243264.79166122
73903,41241398.27219166
73904,41239531.22683961
73905,41237663.65500808
73906,41235795.556846194
73907,41233926.93288562
73908,41232057.78433739
73909,41230188.10694246
73910,41228317.9069619
73911,41226447.17717142
73912,41224575.923573434
73913,41222704.14465479
73914,41220831.840376064
73915,41218959.004114054
73916,41217085.648931175
73917,41215211.76452897
73918,41213337.35357045
73919,41211462.4183271
73920,41209586.95468852
73921,41207710.96699576
73922,41205834.45409421
73923,41203957.41251434
73924,41202079.84750951
73925,41200201.75451061
73926,41198323.13651779
73927,41196443.993825056
73928,41194564.32134426
73929,41192684.12621859
73930,41190803.404457495
73931,41188922.155948035
73932,41187040.3807945
73933,41185158.08143373
73934,41183275.253707975
73935,41181391.90190785
73936,41179508.025631316
73937,41177623.6203157
73938,41175738.68930547
73939,41173853.233370945
73940,41171967.249725856
73941,41170080.74241842
73942,41168193.707285814
73943,41166306.14675354
73944,41164418.06080329
73945,41162529.44791813
73946,41160640.31025274
73947,41158750.64612125
73948,41156860.45502749
73949,41154969.73604787
73950,41153078.49563528
73951,41151186.72703298
73952,41149294.434103526
73953,41147401.61263151
73954,41145508.26649895
73955,41143614.3954904
73956,41141719.99553485
73957,41139825.07219828
73958,41137929.62107459
73959,41136033.64493684
73960,41134137.14198007
73961,41132240.11437989
73962,41130342.56119009
73963,41128444.47952381
73964,41126545.873606876
73965,41124646.74437488
73966,41122747.084334716
73967,41120846.90034213
73968,41118946.18933762
73969,41117044.955002494
73970,41115143.19320002
73971,41113240.903465144
73972,41111338.0912561
73973,41109434.75168884
73974,41107530.882487975
73975,41105626.49367303
73976,41103721.57435614
73977,41101816.132805526
73978,41099910.161093995
73979,41098003.6669733
73980,41096096.64313781
73981,41094189.09860556
73982,41092281.02422006
73983,41090372.4261607
73984,41088463.298944265
73985,41086553.64873639
73986,41084643.47297805
73987,41082732.76844479
73988,41080821.539990164
73989,41078909.785430625
73990,41076997.5024334
73991,41075084.6968044
73992,41073171.36589197
73993,41071257.50422615
73994,41069343.12300546
73995,41067428.2110086
73996,41065512.77746187
73997,41063596.81375457
73998,41061680.3245331
73999,41059763.312436424
74000,41057845.773123935
74001,41055927.70664187
74002,41054009.11405479
74003,41052089.998521134
74004,41050170.352857925
74005,41048250.18568744
74006,41046329.48716456
74007,41044408.26877853
74008,41042486.52132474
74009,41040564.24786984
74010,41038641.452046655
74011,41036718.12423759
74012,41034794.27755838
74013,41032869.89858138
74014,41030944.9992602
74015,41029019.56967671
74016,41027093.61491115
74017,41025167.13698401
74018,41023240.13273899
74019,41021312.60018502
74020,41019384.5444251
74021,41017455.962112814
74022,41015526.85435443
74023,41013597.21854672
74024,41011667.05945865
74025,41009736.37314238
74026,41007805.16039552
74027,41005873.42402772
74028,41003941.16036929
74029,41002008.370109126
74030,41000075.05599795
74031,40998141.21477834
74032,40996206.84849366
74033,40994271.95748782
74034,40992336.53668478
74035,40990400.59385591
74036,40988464.123976216
74037,40986527.12931431
74038,40984589.60689484
74039,40982651.55984506
74040,40980712.98765992
74041,40978773.889764406
74042,40976834.26465351
74043,40974894.1125378
74044,40972953.438586414
74045,40971012.23956801
74046,40969070.512588345
74047,40967128.2577102
74048,40965185.48145042
74049,40963242.17505858
74050,40961298.34387246
74051,40959353.98941807
74052,40957409.10906501
74053,40955463.70069309
74054,40953517.76908809
74055,40951571.31029021
74056,40949624.32559209
74057,40947676.81683129
74058,40945728.7817863
74059,40943780.219571434
74060,40941831.13314704
74061,40939881.51860805
74062,40937931.38330767
74063,40935980.71758374
74064,40934029.52780956
74065,40932077.81447103
74066,40930125.57247705
74067,40928172.80581126
74068,40926219.51422983
74069,40924265.69570325
74070,40922311.35299333
74071,40920356.48588719
74072,40918401.091590315
74073,40916445.170447625
74074,40914488.72406334
74075,40912531.75392527
74076,40910574.25479693
74077,40908616.23546448
74078,40906657.68624747
74079,40904698.61173513
74080,40902739.01514285
74081,40900778.88902387
74082,40898818.23832505
74083,40896857.06502066
74084,40894895.36112063
74085,40892933.1355302
74086,40890970.38307634
74087,40889007.10360848
74088,40887043.30086608
74089,40885078.97178597
74090,40883114.1157914
74091,40881148.7356078
74092,40879182.82990877
74093,40877216.40065229
74094,40875249.44363666
74095,40873281.9617422
74096,40871313.95481898
74097,40869345.422336645
74098,40867376.36364689
74099,40865406.779420614
74100,40863436.67276705
74101,40861466.0358966
74102,40859494.87691444
74103,40857523.189060465
74104,40855550.980581865
74105,40853578.242222466
74106,40851604.983677514
74107,40849631.1922557
74108,40847656.87978499
74109,40845682.04254664
74110,40843706.67886901
74111,40841730.78915085
74112,40839754.37751452
74113,40837777.43775009
74114,40835799.97101165
74115,40833821.98196865
74116,40831843.466630615
74117,40829864.424097314
74118,40827884.856990956
74119,40825904.767157964
74120,40823924.14988588
74121,40821943.00506476
74122,40819961.33997357
74123,40817979.14446466
74124,40815996.42748533
74125,40814013.18261257
74126,40812029.414622575
74127,40810045.12031824
74128,40808060.302899726
74129,40806074.95423827
74130,40804089.0850165
74131,40802102.68998978
74132,40800115.77020006
74133,40798128.32373008
74134,40796140.3507767
74135,40794151.8574128
74136,40792162.83648733
74137,40790173.288844295
74138,40788183.21600396
74139,40786192.61951034
74140,40784201.49573763
74141,40782209.85047525
74142,40780217.67718895
74143,40778224.97826028
74144,40776231.75581026
74145,40774238.00853347
74146,40772243.73528711
74147,40770248.93552268
74148,40768253.61407918
74149,40766257.76450479
74150,40764261.38974472
74151,40762264.48978469
74152,40760267.06566913
74153,40758269.11698719
74154,40756270.64233427
74155,40754271.64471622
74156,40752272.11757077
74157,40750272.06943386
74158,40748271.49228263
74159,40746270.39496159
74160,40744268.77070751
74161,40742266.62148624
74162,40740263.94463134
74163,40738260.74466233
74164,40736257.021531425
74165,40734252.77182707
74166,40732247.99552689
74167,40730242.69392231
74168,40728236.86996466
74169,40726230.52109444
74170,40724223.64496205
74171,40722216.24733977
74172,40720208.32111521
74173,40718199.87214619
74174,40716190.89870604
74175,40714181.3984417
74176,40712171.37555961
74177,40710160.82564068
74178,40708149.7489265
74179,40706138.15138371
74180,40704126.02688049
74181,40702113.378971115
74182,40700100.204491735
74183,40698086.50478937
74184,40696072.28223078
74185,40694057.53300447
74186,40692042.25950775
74187,40690026.46199348
74188,40688010.1394832
74189,40685993.292851575
74190,40683975.91856755
74191,40681958.01986504
74192,40679939.59951536
74193,40677920.653121516
74194,40675901.18143086
74195,40673881.184617594
74196,40671860.664691985
74197,40669839.6181828
74198,40667818.04786749
74199,40665795.95009635
74200,40663773.331712216
74201,40661750.186991915
74202,40659726.51936175
74203,40657702.3234291
74204,40655677.604052246
74205,40653652.360499404
74206,40651626.594041176
74207,40649600.29967227
74208,40647573.48194666
74209,40645546.141628504
74210,40643518.27439048
74211,40641489.882432945
74212,40639460.965405226
74213,40637431.526753195
74214,40635401.56190379
74215,40633371.07042257
74216,40631340.057470396
74217,40629308.51817453
74218,40627276.454010315
74219,40625243.86652836
74220,40623210.75447217
74221,40621177.116225705
74222,40619142.95662745
74223,40617108.26935612
74224,40615073.058912866
74225,40613037.32512252
74226,40611001.06472424
74227,40608964.28105768
74228,40606926.972809725
74229,40604889.13933811
74230,40602850.782358855
74231,40600811.90119826
74232,40598772.495125
74233,40596732.565187454
74234,40594692.11035694
74235,40592651.13174498
74236,40590609.62538593
74237,40588567.59980681
74238,40586525.04620036
74239,40584481.970502004
74240,40582438.36915176
74241,40580394.242879875
74242,40578349.59530813
74243,40576304.42057685
74244,40574258.72197071
74245,40572212.50119169
74246,40570165.75120635
74247,40568118.481122635
74248,40566070.686325006
74249,40564022.36511985
74250,40561973.5217162
74251,40559924.1553498
74252,40557874.26162006
74253,40555823.84655246
74254,40553772.904426605
74255,40551721.44227396
74256,40549669.4489417
74257,40547616.939166896
74258,40545563.90113728
74259,40543510.337948784
74260,40541456.25372524
74261,40539401.64237714
74262,40537346.51090883
74263,40535290.852120735
74264,40533234.66884815
74265,40531177.964974195
74266,40529120.73490505
74267,40527062.98277109
74268,40525004.70335926
74269,40522945.8979852
74270,40520886.57367114
74271,40518826.72512759
74272,40516766.34822722
74273,40514705.45093243
74274,40512644.029585995
74275,40510582.082977764
74276,40508519.61507133
74277,40506456.61970169
74278,40504393.10166562
74279,40502329.05891626
74280,40500264.49302936
74281,40498199.404644415
74282,40496133.79098988
74283,40494067.65251543
74284,40492000.992773235
74285,40489933.807559066
74286,40487866.09832345
74287,40485797.8671332
74288,40483729.1094282
74289,40481659.828904785
74290,40479590.02619056
74291,40477519.69705094
74292,40475448.84518077
74293,40473377.469042085
74294,40471305.57116435
74295,40469233.14920105
74296,40467160.201301865
74297,40465086.730137035
74298,40463012.7385342
74299,40460938.22095169
74300,40458863.17919793
74301,40456787.61376617
74302,40454711.52550486
74303,40452634.91131908
74304,40450557.77645342
74305,40448480.118271664
74306,40446401.93490138
74307,40444323.22885132
74308,40442243.99929925
74309,40440164.242790304
74310,40438083.96722477
74311,40436003.16566679
74312,40433921.84114321
74313,40431839.996219136
74314,40429757.620840184
74315,40427674.72740973
74316,40425591.30906735
74317,40423507.36760657
74318,40421422.90039758
74319,40419337.91276863
74320,40417252.40175962
74321,40415166.36487049
74322,40413079.80838111
74323,40410992.72578856
74324,40408905.11803545
74325,40406816.99045129
74326,40404728.33877434
74327,40402639.16141114
74328,40400549.46228173
74329,40398459.24067077
74330,40396368.49879501
74331,40394277.22840412
74332,40392185.434639595
74333,40390093.118604794
74334,40388000.280560665
74335,40385906.921133965
74336,40383813.03665987
74337,40381718.625630684
74338,40379623.695385516
74339,40377528.240272544
74340,40375432.264107525
74341,40373335.76090095
74342,40371238.73900034
74343,40369141.18958985
74344,40367043.121681914
74345,40364944.52659684
74346,40362845.41076909
74347,40360745.7710104
74348,40358645.61113904
74349,40356544.92465748
74350,40354443.71471468
74351,40352341.98275476
74352,40350239.7303511
74353,40348136.948115416
74354,40346033.651501216
74355,40343929.82661703
74356,40341825.48344445
74357,40339720.61460865
74358,40337615.21968372
74359,40335509.30416427
74360,40333402.866589926
74361,40331295.90502194
74362,40329188.42111436
74363,40327080.415566176
74364,40324971.886549965
74365,40322862.83383995
74366,40320753.2589773
74367,40318643.1602494
74368,40316532.53937148
74369,40314421.396027826
74370,40312309.73166658
74371,40310197.542168826
74372,40308084.83077117
74373,40305971.596691564
74374,40303857.83938774
74375,40301743.55997836
74376,40299628.758933656
74377,40297513.433540925
74378,40295397.585090466
74379,40293281.21467678
74380,40291164.32346432
74381,40289046.90747446
74382,40286928.96896967
74383,40284810.50756829
74384,40282691.52759639
74385,40280572.01929363
74386,40278451.99271382
74387,40276331.44376861
74388,40274210.36863629
74389,40272088.7735012
74390,40269966.65651956
74391,40267844.014156975
74392,40265720.8509445
74393,40263597.167116575
74394,40261472.960023805
74395,40259348.23010731
74396,40257222.97919033
74397,40255097.20221801
74398,40252970.906081945
74399,40250844.088480584
74400,40248716.74514458
74401,40246588.88357514
74402,40244460.49525171
74403,40242331.586437106
74404,40240202.156499974
74405,40238072.203984946
74406,40235941.72829383
74407,40233810.7318927
74408,40231679.21195942
74409,40229547.17183239
74410,40227414.607381165
74411,40225281.52106592
74412,40223147.91280779
74413,40221013.7838993
74414,40218879.13101856
74415,40216743.9563603
74416,40214608.2598653
74417,40212472.043029614
74418,40210335.301582366
74419,40208198.03947578
74420,40206060.25606447
74421,40203921.950347416
74422,40201783.12168276
74423,40199643.771813355
74424,40197503.89962099
74425,40195363.504964605
74426,40193222.58950581
74427,40191081.15321842
74428,40188939.19162033
74429,40186796.70930633
74430,40184653.70462977
74431,40182510.18404049
74432,40180366.137242034
74433,40178221.56565071
74434,40176076.47754822
74435,40173930.865172155
74436,40171784.7309316
74437,40169638.07523399
74438,40167490.89673289
74439,40165343.19867628
74440,40163194.978303894
74441,40161046.23579065
74442,40158896.97180385
74443,40156747.187686026
74444,40154596.880334504
74445,40152446.0515491
74446,40150294.70140295
74447,40148142.828952014
74448,40145990.43661423
74449,40143837.51946582
74450,40141684.084456414
74451,40139530.12734184
74452,40137375.64796535
74453,40135220.64714243
74454,40133065.12561643
74455,40130909.08264405
74456,40128752.51526237
74457,40126595.430375725
74458,40124437.82174619
74459,40122279.69459267
74460,40120121.04397884
74461,40117961.870712325
74462,40115802.178816415
74463,40113641.96319262
74464,40111481.23026177
74465,40109319.97215922
74466,40107158.193730265
74467,40104995.89548024
74468,40102833.07619241
74469,40100669.73451317
74470,40098505.87120727
74471,40096341.4879318
74472,40094176.582973085
74473,40092011.15646437
74474,40089845.20858956
74475,40087678.74244647
74476,40085511.75399436
74477,40083344.24332631
74478,40081176.21431939
74479,40079007.65961341
74480,40076838.5871371
74481,40074668.99368302
74482,40072498.87872168
74483,40070328.24219327
74484,40068157.085665256
74485,40065985.40802674
74486,40063813.21032235
74487,40061640.48962969
74488,40059467.247751124
74489,40057293.488894895
74490,40055119.20919021
74491,40052944.40579748
74492,40050769.0801691
74493,40048593.238420516
74494,40046416.873246014
74495,40044239.987257816
74496,40042062.5804711
74497,40039884.65399197
74498,40037706.20686034
74499,40035527.24124723
74500,40033347.75143919
74501,40031167.74089082
74502,40028987.211292386
74503,40026806.16148249
74504,40024624.590242416
74505,40022442.49933595
74506,40020259.887326784
74507,40018076.75524871
74508,40015893.10037731
74509,40013708.929964416
74510,40011524.23497571
74511,40009339.02241642
74512,40007153.289300635
74513,40004967.030886926
74514,40002780.257332325
74515,40000592.96138633
74516,39998405.14647118
74517,39996216.807955466
74518,39994027.953426845
74519,39991838.57644361
74520,39989648.682140715
74521,39987458.26541787
74522,39985267.326130226
74523,39983075.86795896
74524,39980883.8908091
74525,39978691.3940992
74526,39976498.37496175
74527,39974304.83909497
74528,39972110.780522004
74529,39969916.203165956
74530,39967721.10526394
74531,39965525.488297194
74532,39963329.34960888
74533,39961132.691350445
74534,39958935.5134377
74535,39956737.81340831
74536,39954539.59785111
74537,39952340.86067529
74538,39950141.60245999
74539,39947941.826910734
74540,39945741.526591495
74541,39943540.71035439
74542,39941339.37368269
74543,39939137.517777264
74544,39936935.14081799
74545,39934732.244186975
74546,39932528.82932143
74547,39930324.89524854
74548,39928120.43987152
74549,39925915.46365321
74550,39923709.96957313
74551,39921503.95515502
74552,39919297.421065584
74553,39917090.36957688
74554,39914882.795140676
74555,39912674.704825826
74556,39910466.094212666
74557,39908256.96151114
74558,39906047.31103058
74559,39903837.14082588
74560,39901626.45013876
74561,39899415.241985984
74562,39897203.51353041
74563,39894991.2648282
74564,39892778.495828725
74565,39890565.21086364
74566,39888351.40523249
74567,39886137.08165587
74568,39883922.23539435
74569,39881706.875221655
74570,39879490.99223747
74571,39877274.589718975
74572,39875057.66703723
74573,39872840.22519241
74574,39870622.26869086
74575,39868403.78858385
74576,39866184.79249869
74577,39863965.27561949
74578,39861745.23883408
74579,39859524.683279954
74580,39857303.61090466
74581,39855082.01637789
74582,39852859.90649279
74583,39850637.27600143
74584,39848414.125268236
74585,39846190.45591935
74586,39843966.271665424
74587,39841741.56325823
74588,39839516.33850468
74589,39837290.59590678
74590,39835064.33155665
74591,39832837.5499008
74592,39830610.25245934
74593,39828382.430774644
74594,39826154.09507533
74595,39823925.2376775
74596,39821695.86265906
74597,39819465.96838182
74598,39817235.55643039
74599,39815004.62756111
74600,39812773.17719755
74601,39810541.206994295
74602,39808308.720848806
74603,39806075.71719681
74604,39803842.19393882
74605,39801608.15208772
74606,39799373.590822116
74607,39797138.51120656
74608,39794902.9140044
74609,39792666.79689592
74610,39790430.16685809
74611,39788193.01029183
74612,39785955.34206682
74613,39783717.1516371
74614,39781478.44566015
74615,39779239.22141489
74616,39776999.474926874
74617,39774759.21574399
74618,39772518.43626658
74619,39770277.13683
74620,39768035.32370981
74621,39765792.98434251
74622,39763550.13240822
74623,39761306.76329075
74624,39759062.87474601
74625,39756818.468563214
74626,39754573.54480473
74627,39752328.100078866
74628,39750082.139488675
74629,39747835.66174099
74630,39745588.66715475
74631,39743341.152744256
74632,39741093.11982179
74633,39738844.56950844
74634,39736595.50218208
74635,39734345.91722979
74636,39732095.813738026
74637,39729845.19126372
74638,39727594.05251183
74639,39725342.39735761
74640,39723090.22429915
74641,39720837.530826464
74642,39718584.32298618
74643,39716330.59388356
74644,39714076.35126205
74645,39711821.58837718
74646,39709566.30750922
74647,39707310.51198922
74648,39705054.19672857
74649,39702797.36571513
74650,39700540.0169711
74651,39698282.15017306
74652,39696023.76351156
74653,39693764.86447465
74654,39691505.44538574
74655,39689245.508308604
74656,39686985.0539335
74657,39684724.083997406
74658,39682462.597978465
74659,39680200.59170758
74660,39677938.06963354
74661,39675675.02805221
74662,39673411.471743174
74663,39671147.397091754
74664,39668882.806739144
74665,39666617.700705335
74666,39664352.07379188
74667,39662085.93142136
74668,39659819.27321845
74669,39657552.096298665
74670,39655284.40390798
74671,39653016.19326166
74672,39650747.467133954
74673,39648478.222797714
74674,39646208.461441204
74675,39643938.186165705
74676,39641667.392677955
74677,39639396.08032621
74678,39637124.250540756
74679,39634851.90729812
74680,39632579.046549544
74681,39630305.66671721
74682,39628031.7733082
74683,39625757.36125081
74684,39623482.4338308
74685,39621206.990823984
74686,39618931.02950292
74687,39616654.55099416
74688,39614377.55805284
74689,39612100.04730728
74690,39609822.021646336
74691,39607543.475352794
74692,39605264.41694328
74693,39602984.843078844
74694,39600704.747919515
74695,39598424.13919477
74696,39596143.014645755
74697,39593861.37504133
74698,39591579.21652978
74699,39589296.5411918
74700,39587013.35209371
74701,39584729.645573035
74702,39582445.42396922
74703,39580160.684945986
74704,39577875.43055214
74705,39575589.65932698
74706,39573303.374214604
74707,39571016.570069246
74708,39568729.2507078
74709,39566441.41764472
74710,39564153.06647842
74711,39561864.19836148
74712,39559574.81282001
74713,39557284.91892056
74714,39554994.50372192
74715,39552703.57416111
74716,39550412.12947127
74717,39548120.16574186
74718,39545827.68823736
74719,39543534.69492105
74720,39541241.18978945
74721,39538947.164386734
74722,39536652.62384193
74723,39534357.565611266
74724,39532061.994901225
74725,39529765.91025971
74726,39527469.30766237
74727,39525172.18919081
74728,39522874.554836884
74729,39520576.408521615
74730,39518277.745113164
74731,39515978.564218916
74732,39513678.868114054
74733,39511378.66014141
74734,39509077.9332169
74735,39506776.69382016
74736,39504474.93571168
74737,39502172.666775405
74738,39499869.87769958
74739,39497566.57573932
74740,39495262.76032742
74741,39492958.427394226
74742,39490653.580722824
74743,39488348.21711044
74744,39486042.33987462
74745,39483735.948220015
74746,39481429.04169282
74747,39479121.618323624
74748,39476813.68299897
74749,39474505.22973911
74750,39472196.264586106
74751,39469886.78000196
74752,39467576.784742
74753,39465266.27340199
74754,39462955.24698209
74755,39460643.70568267
74756,39458331.65087923
74757,39456019.07840422
74758,39453705.994865604
74759,39451392.3939016
74760,39449078.28000423
74761,39446763.65196503
74762,39444448.50920326
74763,39442132.84891304
74764,39439816.67947016
74765,39437499.99188298
74766,39435182.78954181
74767,39432865.0726329
74768,39430546.84504358
74769,39428228.09943151
74770,39425908.840553276
74771,39423589.066232845
74772,39421268.779647745
74773,39418947.977122724
74774,39416626.66303973
74775,39414304.83294835
74776,39411982.48727577
74777,39409659.62842983
74778,39407336.25728529
74779,39405012.370545834
74780,39402687.96807818
74781,39400363.05428117
74782,39398037.628100574
74783,39395711.68326945
74784,39393385.226946004
74785,39391058.25678122
74786,39388730.771323435
74787,39386402.774443455
74788,39384074.262027994
74789,39381745.2369542
74790,39379415.69455796
74791,39377085.64327538
74792,39374755.07610177
74793,39372423.99376672
74794,39370092.400559485
74795,39367760.29324138
74796,39365427.671326555
74797,39363094.53611798
74798,39360760.88746046
74799,39358426.72483649
74800,39356092.051658474
74801,39353756.8608855
74802,39351421.15835334
74803,39349084.94081402
74804,39346748.21256419
74805,39344410.96975903
74806,39342073.21436443
74807,39339734.94490952
74808,39337396.162207186
74809,39335056.866976894
74810,39332717.057319686
74811,39330376.73704103
74812,39328035.902169704
74813,39325694.55368664
74814,39323352.692802876
74815,39321010.31845544
74816,39318667.429102145
74817,39316324.03161926
74818,39313980.11778917
74819,39311635.688887246
74820,39309290.751025766
74821,39306945.29868504
74822,39304599.33565614
74823,39302252.85719489
74824,39299905.86749202
74825,39297558.36620394
74826,39295210.35020752
74827,39292861.81942156
74828,39290512.7798058
74829,39288163.22752611
74830,39285813.15854801
74831,39283462.58163753
74832,39281111.48918116
74833,39278759.88459189
74834,39276407.7707638
74835,39274055.140102215
74836,39271701.99925663
74837,39269348.34555161
74838,39266994.18111549
74839,39264639.5028869
74840,39262284.3107192
74841,39259928.608881645
74842,39257572.39421648
74843,39255215.6677133
74844,39252858.42685906
74845,39250500.677447625
74846,39248142.41337827
74847,39245783.63604376
74848,39243424.349869624
74849,39241064.55025843
74850,39238704.23746791
74851,39236343.41506581
74852,39233982.07918947
74853,39231620.230320096
74854,39229257.86946732
74855,39226895.00370289
74856,39224531.61872992
74857,39222167.72440313
74858,39219803.316981904
74859,39217438.39942654
74860,39215072.972544454
74861,39212707.031511106
74862,39210340.57435213
74863,39207973.61180787
74864,39205606.13762146
74865,39203238.148445666
74866,39200869.64994933
74867,39198500.63866758
74868,39196131.11751039
74869,39193761.08521635
74870,39191390.53971743
74871,39189019.48208598
74872,39186647.915489644
74873,39184275.83845681
74874,39181903.24795489
74875,39179530.14662496
74876,39177156.53406748
74877,39174782.41101992
74878,39172407.77706453
74879,39170032.63293514
74880,39167656.9756276
74881,39165280.808989026
74882,39162904.1306669
74883,39160526.94204043
74884,39158149.240307875
74885,39155771.031733066
74886,39153392.3065051
74887,39151013.07527875
74888,39148633.331745155
74889,39146253.077203214
74890,39143872.31090181
74891,39141491.03875491
74892,39139109.25216117
74893,39136726.95500822
74894,39134344.14638069
74895,39131960.82865134
74896,39129577.00035583
74897,39127192.66150514
74898,39124807.8131432
74899,39122422.4520399
74900,39120036.58148005
74901,39117650.201934345
74902,39115263.310962856
74903,39112875.91027077
74904,39110487.99975038
74905,39108099.576329306
74906,39105710.645856366
74907,39103321.20310066
74908,39100931.25189654
74909,39098540.78993044
74910,39096149.81571276
74911,39093758.33620017
74912,39091366.34216441
74913,39088973.83864397
74914,39086580.82653882
74915,39084187.30714936
74916,39081793.27513428
74917,39079398.73323895
74918,39077003.680135734
74919,39074608.11908352
74920,39072212.04694074
74921,39069815.467596695
74922,39067418.37777752
74923,39065020.77920533
74924,39062622.66794166
74925,39060224.04884261
74926,39057824.920906015
74927,39055425.28342237
74928,39053025.13662844
74929,39050624.47746263
74930,39048223.31169398
74931,39045821.63635507
74932,39043419.45098952
74933,39041016.75639123
74934,39038613.55326327
74935,39036209.839596994
74936,39033805.618324615
74937,39031400.886668205
74938,39028995.64777295
74939,39026589.898152
74940,39024183.63973845
74941,39021776.87303213
74942,39019369.59430133
74943,39016961.81127688
74944,39014553.517702684
74945,39012144.71552671
74946,39009735.40336883
74947,39007325.5834367
74948,39004915.25137244
74949,39002504.41575992
74950,39000093.06822214
74951,38997681.211933665
74952,38995268.84849789
74953,38992855.978841245
74954,38990442.594628535
74955,38988028.704807386
74956,38985614.30734128
74957,38983199.39956472
74958,38980783.9838738
74959,38978368.06256921
74960,38975951.62787593
74961,38973534.68919501
74962,38971117.24064509
74963,38968699.283191495
74964,38966280.817813195
74965,38963861.845937155
74966,38961442.365226865
74967,38959022.37660188
74968,38956601.877409704
74969,38954180.87199193
74970,38951759.360901676
74971,38949337.337546185
74972,38946914.8083936
74973,38944491.77277008
74974,38942068.22487508
74975,38939644.17247136
74976,38937219.614433534
74977,38934794.544061854
74978,38932368.96804008
74979,38929942.884359494
74980,38927516.29308465
74981,38925089.1939375
74982,38922661.58796315
74983,38920233.47496554
74984,38917804.851305395
74985,38915375.72245403
74986,38912946.0865895
74987,38910515.94425359
74988,38908085.291159436
74989,38905654.13201337
74990,38903222.46507119
74991,38900790.293264866
74992,38898357.61288671
74993,38895924.42512078
74994,38893490.73180674
74995,38891056.52979988
74996,38888621.822754115
74997,38886186.605784126
74998,38883750.88382972
74999,38881314.652950704
75000,38878877.91562927
75001,38876440.67363404
75002,38874002.92155206
75003,38871564.666699104
75004,38869125.90088641
75005,38866686.63173571
75006,38864246.85403819
75007,38861806.56869968
75008,38859365.780269355
75009,38856924.48378344
75010,38854482.67737105
75011,38852040.36721336
75012,38849597.551211424
75013,38847154.22884947
75014,38844710.399646975
75015,38842266.062143564
75016,38839821.22039497
75017,38837375.87137375
75018,38834930.016531534
75019,38832483.655419685
75020,38830036.7874197
75021,38827589.4163411
75022,38825141.53617459
75023,38822693.15213088
75024,38820244.25993684
75025,38817794.8612326
75026,38815344.957062066
75027,38812894.55072933
75028,38810443.63194771
75029,38807992.212252155
75030,38805540.285416685
75031,38803087.852483906
75032,38800634.91394458
75033,38798181.469554394
75034,38795727.52038251
75035,38793273.06578008
75036,38790818.10528884
75037,38788362.63807683
75038,38785906.66619519
75039,38783450.18834949
75040,38780993.20680717
75041,38778535.718554765
75042,38776077.725410946
75043,38773619.22571085
75044,38771160.221296325
75045,38768700.71291502
75046,38766240.69899381
75047,38763780.17797426
75048,38761319.153509885
75049,38758857.62311543
75050,38756395.588336036
75051,38753933.04913253
75052,38751470.004051685
75053,38749006.45598817
75054,38746542.40063235
75055,38744077.84244068
75056,38741612.77822118
75057,38739147.207967825
75058,38736681.132230446
75059,38734214.55622847
75060,38731747.47392293
75061,38729279.88575191
75062,38726811.793239936
75063,38724343.19588508
75064,38721874.09370612
75065,38719404.489809245
75066,38716934.378875546
75067,38714463.76489701
75068,38711992.645177916
75069,38709521.02465006
75070,38707048.89552024
75071,38704576.26331615
75072,38702103.12679811
75073,38699629.48663751
75074,38697155.344661295
75075,38694680.69540512
75076,38692205.54346606
75077,38689729.8873233
75078,38687253.72678554
75079,38684777.06369977
75080,38682299.8962995
75081,38679822.22367013
75082,38677344.04966283
75083,38674865.36902172
75084,38672386.18701887
75085,38669906.501379184
75086,38667426.310935944
75087,38664945.615663566
75088,38662464.41733418
75089,38659982.72000339
75090,38657500.515983395
75091,38655017.80816804
75092,38652534.59656214
75093,38650050.88226145
75094,38647566.66482459
75095,38645081.94468038
75096,38642596.71990808
75097,38640110.99318498
75098,38637624.76375811
75099,38635138.02801375
75100,38632650.79227688
75101,38630163.05207059
75102,38627674.81002796
75103,38625186.06487935
75104,38622696.81576732
75105,38620207.0638374
75106,38617716.810158305
75107,38615226.055141464
75108,38612734.79453337
75109,38610243.032798365
75110,38607750.768234454
75111,38605258.00165383
75112,38602764.73045896
75113,38600270.9584612
75114,38597776.68207159
75115,38595281.905589804
75116,38592786.624919355
75117,38590290.84354262
75118,38587794.55928025
75119,38585297.7721105
75120,38582800.48287823
75121,38580302.692333244
75122,38577804.398271196
75123,38575305.60275963
75124,38572806.30455084
75125,38570306.5065116
75126,38567806.204379536
75127,38565305.40041362
75128,38562804.09442331
75129,38560302.29050653
75130,38557799.97604149
75131,38555297.167410865
75132,38552793.8550624
75133,38550290.042147264
75134,38547785.7249425
75135,38545280.90785982
75136,38542775.5880898
75137,38540269.76970235
75138,38537763.446098365
75139,38535256.62145583
75140,38532749.297814004
75141,38530241.47051031
75142,38527733.14491737
75143,38525224.31550308
75144,38522714.984277114
75145,38520205.152389854
75146,38517694.81949051
75147,38515183.98740422
75148,38512672.6533107
75149,38510160.81588666
75150,38507648.47997248
75151,38505135.64244162
75152,38502622.304349825
75153,38500108.4633584
75154,38497594.12445435
75155,38495079.28536676
75156,38492563.941613264
75157,38490048.099690296
75158,38487531.75670266
75159,38485014.91337535
75160,38482497.56761625
75161,38479979.72627012
75162,38477461.37931127
75163,38474942.534327954
75164,38472423.188069925
75165,38469903.34279326
75166,38467382.994929135
75167,38464862.14746109
75168,38462340.801787734
75169,38459818.95536454
75170,38457296.607405044
75171,38454773.759876736
75172,38452250.41366655
75173,38449726.56517763
75174,38447202.2199323
75175,38444677.37159273
75176,38442152.02550268
75177,38439626.17713612
75178,38437099.83317827
75179,38434572.986100726
75180,38432045.6403758
75181,38429517.792969085
75182,38426989.44841872
75183,38424460.6047312
75184,38421931.25931231
75185,38419401.41617429
75186,38416871.0745499
75187,38414340.23081409
75188,38411808.89009462
75189,38409277.04791453
75190,38406744.70912757
75191,38404211.86799946
75192,38401678.53116087
75193,38399144.69507446
75194,38396610.35566185
75195,38394075.51980762
75196,38391540.18691126
75197,38389004.3522152
75198,38386468.0184793
75199,38383931.1886515
75200,38381393.85840145
75201,38378856.0286791
75202,38376317.70106644
75203,38373778.87637588
75204,38371239.54967751
75205,38368699.72588692
75206,38366159.40455303
75207,38363618.585787706
75208,38361077.265823364
75209,38358535.448296905
75210,38355993.13322793
75211,38353450.319923095
75212,38350907.008858755
75213,38348363.19735788
75214,38345818.890489586
75215,38343274.08266871
75216,38340728.77697793
75217,38338182.97548081
75218,38335636.67456226
75219,38333089.87648985
75220,38330542.57957956
75221,38327994.7846295
75222,38325446.49191122
75223,38322897.70265297
75224,38320348.413457155
75225,38317798.62953814
75226,38315248.345670015
75227,38312697.56688887
75228,38310146.289324366
75229,38307594.5133895
75230,38305042.24006548
75231,38302489.469713315
75232,38299936.20363247
75233,38297382.43855929
75234,38294828.17440755
75235,38292273.41642093
75236,38289718.16003493
75237,38287162.40594154
75238,38284606.15415834
75239,38282049.40583248
75240,38279492.16345487
75241,38276934.42006392
75242,38274376.18283333
75243,38271817.44881309
75244,38269258.21653482
75245,38266698.48677771
75246,38264138.26283692
75247,38261577.54039319
75248,38259016.32071
75249,38256454.60750222
75250,38253892.39475027
75251,38251329.6853108
75252,38248766.47945778
75253,38246202.78079465
75254,38243638.582812384
75255,38241073.889818534
75256,38238508.69982193
75257,38235943.011949465
75258,38233376.83181958
75259,38230810.15289571
75260,38228242.97934605
75261,38225675.309148215
75262,38223107.143728405
75263,38220538.48201316
75264,38217969.32438273
75265,38215399.66793806
75266,38212829.522425905
75267,38210258.874343105
75268,38207687.73528127
75269,38205116.09818268
75270,38202543.9674681
75271,38199971.33799674
75272,38197398.218569346
75273,38194824.598442614
75274,38192250.48572023
75275,38189675.87552055
75276,38187100.77381537
75277,38184525.17139543
75278,38181949.07557739
75279,38179372.48988805
75280,38176795.40258983
75281,38174217.823909156
75282,38171639.750770815
75283,38169061.179109365
75284,38166482.115194105
75285,38163902.5563333
75286,38161322.50134671
75287,38158741.95367825
75288,38156160.909453645
75289,38153579.36958469
75290,38150997.338348605
75291,38148414.81017705
75292,38145831.78828146
75293,38143248.27229682
75294,38140664.262140855
75295,38138079.75516483
75296,38135494.75804025
75297,38132909.26433503
75298,38130323.27461293
75299,38127736.79500513
75300,38125149.81697011
75301,38122562.3475528
75302,38119974.38235994
75303,38117385.92552035
75304,38114796.97222755
75305,38112207.52694548
75306,38109617.58447115
75307,38107027.153162405
75308,38104436.225902945
75309,38101844.80374961
75310,38099252.89197078
75311,38096660.482815936
75312,38094067.57987025
75313,38091474.187313646
75314,38088880.29941188
75315,38086285.91643462
75316,38083691.03999221
75317,38081095.67128661
75318,38078499.81040015
75319,38075903.45608467
75320,38073306.6107992
75321,38070709.26799566
75322,38068111.43302283
75323,38065513.106811345
75324,38062914.28871322
75325,38060314.97554958
75326,38057715.1695785
75327,38055114.8711365
75328,38052514.08036815
75329,38049912.796916105
75330,38047311.02034849
75331,38044708.75186449
75332,38042105.99016881
75333,38039502.73585895
75334,38036898.99028474
75335,38034294.752351254
75336,38031690.0204559
75337,38029084.79850729
75338,38026479.08360981
75339,38023872.87565689
75340,38021266.17518221
75341,38018658.98421135
75342,38016051.300634615
75343,38013443.1250914
75344,38010834.45888923
75345,38008225.29689531
75346,38005615.64711269
75347,38003005.503607385
75348,38000394.86816407
75349,37997783.74190552
75350,37995172.12619747
75351,37992560.01452671
75352,37989947.415345795
75353,37987334.322851606
75354,37984720.738143295
75355,37982106.664778374
75356,37979492.096412964
75357,37976877.03946035
75358,37974261.49014732
75359,37971645.452098645
75360,37969028.9215301
75361,37966411.89857742
75362,37963794.38787139
75363,37961176.3818542
75364,37958557.88724178
75365,37955938.90199402
75366,37953319.42392173
75367,37950699.45788968
75368,37948078.998734415
75369,37945458.0499881
75370,37942836.6134402
75371,37940214.682028934
75372,37937592.26313459
75373,37934969.3542487
75374,37932345.950118005
75375,37929722.06159045
75376,37927097.67967831
75377,37924472.808193855
75378,37921847.44674364
75379,37919221.5950295
75380,37916595.25382415
75381,37913968.420551725
75382,37911341.100473575
75383,37908713.287331015
75384,37906084.98922133
75385,37903456.19589569
75386,37900826.91534067
75387,37898197.146422826
75388,37895566.88375139
75389,37892936.13482482
75390,37890304.89422529
75391,37887673.16600682
75392,37885040.94749009
75393,37882408.24229794
75394,37879775.045356736
75395,37877141.35839276
75396,37874507.183174305
75397,37871872.52036463
75398,37869237.36601698
75399,37866601.72275164
75400,37863965.59331105
75401,37861328.97179123
75402,37858691.86343404
75403,37856054.264835656
75404,37853416.180085324
75405,37850777.602334894
75406,37848138.53641164
75407,37845498.98546867
75408,37842858.94469108
75409,37840218.4151185
75410,37837577.397261314
75411,37834935.88927935
75412,37832293.89649962
75413,37829651.41269792
75414,37827008.44043752
75415,37824364.98001637
75416,37821721.03492665
75417,37819076.59795506
75418,37816431.67295395
75419,37813786.26311611
75420,37811140.3623042
75421,37808493.976119414
75422,37805847.09850434
75423,37803199.73614975
75424,37800551.887055136
75425,37797903.54670205
75426,37795254.72124477
75427,37792605.40537202
75428,37789955.60767263
75429,37787305.32015915
75430,37784654.542477034
75431,37782003.28094311
75432,37779351.52981041
75433,37776699.29151196
75434,37774046.568234324
75435,37771393.35644754
75436,37768739.658591196
75437,37766085.4726341
75438,37763430.801842935
75439,37760775.640658624
75440,37758119.9949979
75441,37755463.86253363
75442,37752807.24272102
75443,37750150.13608116
75444,37747492.543934874
75445,37744834.46515295
75446,37742175.89980512
75447,37739516.84465596
75448,37736857.3087927
75449,37734197.28282461
75450,37731536.77362663
75451,37728875.77618289
75452,37726214.2928264
75453,37723552.32189157
75454,37720889.86563726
75455,37718226.92689248
75456,37715563.49947407
75457,37712899.58313386
75458,37710235.18754993
75459,37707570.30182804
75460,37704904.93122101
75461,37702239.074256204
75462,37699572.734512776
75463,37696905.905944824
75464,37694238.593389764
75465,37691570.793767415
75466,37688902.51186501
75467,37686233.74303534
75468,37683564.48813829
75469,37680894.75278827
75470,37678224.527001835
75471,37675553.81653805
75472,37672882.62283383
75473,37670210.944104426
75474,37667538.78008718
75475,37664866.13264996
75476,37662192.9979707
75477,37659519.38001114
75478,37656845.276659206
75479,37654170.690494545
75480,37651495.618570454
75481,37648820.06043097
75482,37646144.018558554
75483,37643467.49396081
75484,37640790.48120883
75485,37638112.9906214
75486,37635435.010735795
75487,37632756.549516305
75488,37630077.60376467
75489,37627398.17224936
75490,37624718.25793655
75491,37622037.86027468
75492,37619356.97724454
75493,37616675.612715036
75494,37613993.762811765
75495,37611311.4291723
75496,37608628.61091689
75497,37605945.311496906
75498,37603261.52604905
75499,37600577.2591236
75500,37597892.50560264
75501,37595207.27509004
75502,37592521.55807931
75503,37589835.35578037
75504,37587148.670019105
75505,37584461.50432848
75506,37581773.85452163
75507,37579085.72138853
75508,37576397.1079114
75509,37573708.00625856
75510,37571018.424251825
75511,37568328.360570386
75512,37565637.81315378
75513,37562946.78280609
75514,37560255.26948149
75515,37557563.277150884
75516,37554870.798276186
75517,37552177.838461585
75518,37549484.39664933
75519,37546790.47171468
75520,37544096.067331836
75521,37541401.178539895
75522,37538705.80745051
75523,37536009.95517447
75524,37533313.62012064
75525,37530616.80358092
75526,37527919.50626087
75527,37525221.725060165
75528,37522523.46215443
75529,37519824.71726313
75530,37517125.49119677
75531,37514425.784066334
75532,37511725.598302364
75533,37509024.92688516
75534,37506323.77622631
75535,37503622.14257453
75536,37500920.03185037
75537,37498217.43276285
75538,37495514.35846805
75539,37492810.80065832
75540,37490106.76269978
75541,37487402.24306257
75542,37484697.24229107
75543,37481991.76102145
75544,37479285.80236324
75545,37476579.35747077
75546,37473872.43490372
75547,37471165.02915992
75548,37468457.144289434
75549,37465748.78090301
75550,37463039.93720734
75551,37460330.61075925
75552,37457620.8042905
75553,37454910.519123435
75554,37452199.75183096
75555,37449488.50733101
75556,37446776.78089128
75557,37444064.57242333
75558,37441351.88581904
75559,37438638.72024729
75560,37435925.07466255
75561,37433210.94812934
75562,37430496.34392956
75563,37427781.25800397
75564,37425065.69411735
75565,37422349.647694625
75566,37419633.12457076
75567,37416916.122663125
75568,37414198.63983123
75569,37411480.67798219
75570,37408762.236847356
75571,37406043.31751638
75572,37403323.91984958
75573,37400604.038394
75574,37397883.683285035
75575,37395162.84747639
75576,37392441.53182125
75577,37389719.73931437
75578,37386997.46569263
75579,37384274.71597165
75580,37381551.48693534
75581,37378827.7793331
75582,37376103.594896585
75583,37373378.92749937
75584,37370653.78395842
75585,37367928.164978325
75586,37365202.06002467
75587,37362475.486230776
75588,37359748.43080953
75589,37357020.896465346
75590,37354292.88563148
75591,37351564.39550902
75592,37348835.42702114
75593,37346105.98422268
75594,37343376.06140297
75595,37340645.659262925
75596,37337914.781638846
75597,37335183.42845443
75598,37332451.594016746
75599,37329719.28315322
75600,37326986.49703305
75601,37324253.22879764
75602,37321519.486194454
75603,37318785.269070014
75604,37316050.5733501
75605,37313315.397400595
75606,37310579.74747098
75607,37307843.62234442
75608,37305107.01636488
75609,37302369.93647541
75610,37299632.37946836
75611,37296894.34611621
75612,37294155.8341977
75613,37291416.84784294
75614,37288677.382524975
75615,37285937.444398835
75616,37283197.02664215
75617,37280456.13367067
75618,37277714.7684405
75619,37274972.92341704
75620,37272230.60089874
75621,37269487.80547754
75622,37266744.53086478
75623,37264000.78245945
75624,37261256.55803296
75625,37258511.85718384
75626,37255766.67997888
75627,37253021.03064213
75628,37250274.905349396
75629,37247528.30195041
75630,37244781.22471317
75631,37242033.671177275
75632,37239285.641549155
75633,37236537.13904658
75634,37233788.15972449
75635,37231038.70517368
75636,37228288.77832093
75637,37225538.3723123
75638,37222787.49429087
75639,37220036.14368025
75640,37217284.313924685
75641,37214532.01053979
75642,37211779.23056995
75643,37209025.98051653
75644,37206272.25286877
75645,37203518.05292747
75646,37200763.37742609
75647,37198008.22707525
75648,37195252.60518983
75649,37192496.506893426
75650,37189739.93263533
75651,37186982.88912533
75652,37184225.36622475
75653,37181467.374960706
75654,37178708.90517262
75655,37175949.963301025
75656,37173190.54980561
75657,37170430.65913061
75658,37167670.29779976
75659,37164909.45930395
75660,37162148.15109822
75661,37159386.36863702
75662,37156624.113145955
75663,37153861.38321001
75664,37151098.179917745
75665,37148334.50461565
75666,37145570.35464382
75667,37142805.7342323
75668,37140040.63945618
75669,37137275.0707118
75670,37134509.03135046
75671,37131742.51903081
75672,37128975.53509663
75673,37126208.07565945
75674,37123440.14401495
75675,37120671.74095271
75676,37117902.86502993
75677,37115133.51748999
75678,37112363.69812179
75679,37109593.405894645
75680,37106822.64075359
75681,37104051.40340047
75682,37101279.69597972
75683,37098507.51515224
75684,37095734.86273454
75685,37092961.74075612
75686,37090188.14499374
75687,37087414.07660075
75688,37084639.53850494
75689,37081864.52895241
75690,37079089.04729355
75691,37076313.09450761
75692,37073536.669048555
75693,37070759.774689175
75694,37067982.40765001
75695,37065204.57075022
75696,37062426.262316264
75697,37059647.48458431
75698,37056868.23229723
75699,37054088.50973337
75700,37051308.317444846
75701,37048527.653746076
75702,37045746.520362705
75703,37042964.9175984
75704,37040182.84321195
75705,37037400.30076667
75706,37034617.282210544
75707,37031833.796690345
75708,37029049.84216036
75709,37026265.41566829
75710,37023480.52076552
75711,37020695.15411817
75712,37017909.3186024
75713,37015123.013762854
75714,37012336.23743046
75715,37009548.99258873
75716,37006761.27878691
75717,37003973.09404014
75718,37001184.43958491
75719,36998395.31653889
75720,36995605.7254941
75721,36992815.66289688
75722,36990025.131133705
75723,36987234.132112965
75724,36984442.66234824
75725,36981650.72491455
75726,36978858.31714571
75727,36976065.4412489
75728,36973272.094757095
75729,36970478.28048538
75730,36967683.9997555
75731,36964889.24877645
75732,36962094.02837451
75733,36959298.33946242
75734,36956502.184452154
75735,36953705.55985616
75736,36950908.46518589
75737,36948110.905817665
75738,36945312.877388105
75739,36942514.377682395
75740,36939715.41431953
75741,36936915.98200083
75742,36934116.081140004
75743,36931315.70921677
75744,36928514.87582085
75745,36925713.57045075
75746,36922911.79882555
75747,36920109.562789224
75748,36917306.8541201
75749,36914503.67981364
75750,36911700.04003573
75751,36908895.932777464
75752,36906091.35600663
75753,36903286.312998705
75754,36900480.804351635
75755,36897674.829179496
75756,36894868.38477775
75757,36892061.4764236
75758,36889254.09874935
75759,36886446.2539795
75760,36883637.9477564
75761,36880829.170503914
75762,36878019.928756244
75763,36875210.2192115
75764,36872400.04389862
75765,36869589.4033677
75766,36866778.295135394
75767,36863966.723722495
75768,36861154.68253185
75769,36858342.179139614
75770,36855529.20686177
75771,36852715.76706226
75772,36849901.86596209
75773,36847087.49970492
75774,36844272.66430718
75775,36841457.36477936
75776,36838641.60294202
75777,36835825.370276794
75778,36833008.6776074
75779,36830191.51626085
75780,36827373.89202409
75781,36824555.80126186
75782,36821737.24364415
75783,36818918.225246236
75784,36816098.74035535
75785,36813278.791314766
75786,36810458.376871146
75787,36807637.497368455
75788,36804816.1530277
75789,36801994.346751556
75790,36799172.0748842
75791,36796349.33779362
75792,36793526.13647386
75793,36790702.47140751
75794,36787878.34187276
75795,36785053.75005276
75796,36782228.69308517
75797,36779403.17296747
75798,36776577.186968826
75799,36773750.73946792
75800,36770923.82615997
75801,36768096.45170835
75802,36765268.61257617
75803,36762440.31187814
75804,36759611.54687604
75805,36756782.31508329
75806,36753952.6250724
75807,36751122.4696397
75808,36748291.85016824
75809,36745460.76876181
75810,36742629.22465806
75811,36739797.218141206
75812,36736964.74851763
75813,36734131.81641786
75814,36731298.42116615
75815,36728464.56507337
75816,36725630.24492815
75817,36722795.46203377
75818,36719960.21716569
75819,36717124.510422766
75820,36714288.342571914
75821,36711451.71126934
75822,36708614.61850278
75823,36705777.06433945
75824,36702939.046765104
75825,36700100.56976471
75826,36697261.6262794
75827,36694422.2252415
75828,36691582.365104675
75829,36688742.038173415
75830,36685901.2527584
75831,36683060.006296255
75832,36680218.296733126
75833,36677376.127491154
75834,36674533.496299475
75835,36671690.40476581
75836,36668846.85144435
75837,36666002.83799621
75838,36663158.3622204
75839,36660313.42815629
75840,36657468.0317995
75841,36654622.17540965
75842,36651775.85700087
75843,36648929.081044465
75844,36646081.843797155
75845,36643234.147708334
75846,36640385.98792689
75847,36637537.370451525
75848,36634688.29349214
75849,36631838.75288966
75850,36628988.755894065
75851,36626138.299522534
75852,36623287.38377088
75853,36620436.002345264
75854,36617584.16768864
75855,36614731.87243389
75856,36611879.1172477
75857,36609025.90393213
75858,36606172.227075934
75859,36603318.09435428
75860,36600463.50073969
75861,36597608.451262325
75862,36594752.941477045
75863,36591896.97403272
75864,36589040.54583993
75865,36586183.65914562
75866,36583326.31180366
75867,36580468.509248495
75868,36577610.24706628
75869,36574751.52660871
75870,36571892.34725109
75871,36569032.711342156
75872,36566172.61461668
75873,36563312.06198514
75874,36560451.051792115
75875,36557589.583253995
75876,36554727.65318997
75877,36551865.26972258
75878,36549002.42709318
75879,36546139.1277175
75880,36543275.37046074
75881,36540411.15337239
75882,36537546.48113701
75883,36534681.35149921
75884,36531815.76490361
75885,36528949.72111513
75886,36526083.218719564
75887,36523216.2627809
75888,36520348.84402497
75889,36517480.97277087
75890,36514612.64594329
75891,36511743.85988082
75892,36508874.617606685
75893,36506004.92075741
75894,36503134.76581268
75895,36500264.15510794
75896,36497393.08541774
75897,36494521.56367624
75898,36491649.583971255
75899,36488777.14644213
75900,36485904.2558241
75901,36483030.909223415
75902,36480157.106281064
75903,36477282.845770754
75904,36474408.13017204
75905,36471532.96261077
75906,36468657.335460775
75907,36465781.252489306
75908,36462904.717791274
75909,36460027.7275917
75910,36457150.278523505
75911,36454272.37808023
75912,36451394.020872824
75913,36448515.20949707
75914,36445635.9426108
75915,36442756.222321436
75916,36439876.04570639
75917,36436995.416116856
75918,36434114.33012464
75919,36431232.79222508
75920,36428350.797396876
75921,36425468.34819824
75922,36422585.446396336
75923,36419702.089847855
75924,36416818.27964579
75925,36413934.01524371
75926,36411049.29743139
75927,36408164.12670428
75928,36405278.50195381
75929,36402392.42076321
75930,36399505.88868813
75931,36396618.90423095
75932,36393731.46384489
75933,36390843.56958856
75934,36387955.22543756
75935,36385066.42674755
75936,36382177.17465294
75937,36379287.47158733
75938,36376397.31072246
75939,36373506.70192385
75940,36370615.637443446
75941,36367724.12195853
75942,36364832.152321905
75943,36361939.731326655
75944,36359046.85740048
75945,36356153.5315432
75946,36353259.75583295
75947,36350365.52464942
75948,36347470.84571106
75949,36344575.708711416
75950,36341680.1239986
75951,36338784.085726574
75952,36335887.59447943
75953,36332990.65396266
75954,36330093.261256024
75955,36327195.42023021
75956,36324297.12467489
75957,36321398.37862265
75958,36318499.17658006
75959,36315599.528406955
75960,36312699.43031071
75961,36309798.877905376
75962,36306897.8774551
75963,36303996.4236081
75964,36301094.52008664
75965,36298192.1647716
75966,36295289.36141994
75967,36292386.10731657
75968,36289482.40053096
75969,36286578.24586875
75970,36283673.63882652
75971,36280768.58304844
75972,36277863.077027924
75973,36274957.12215257
75974,36272050.71663031
75975,36269143.86190806
75976,36266236.55544525
75977,36263328.800008476
75978,36260420.5968657
75979,36257511.94136346
75980,36254602.83833825
75981,36251693.28603684
75982,36248783.283417165
75983,36245872.83222979
75984,36242961.93216232
75985,36240050.58284846
75986,36237138.7851643
75987,36234226.54019333
75988,36231313.842822656
75989,36228400.700247705
75990,36225487.10776459
75991,36222573.0656148
75992,36219658.578788705
75993,36216743.639269106
75994,36213828.25434517
75995,36210912.42140565
75996,36207996.14138348
75997,36205079.410904095
75998,36202162.23335721
75999,36199244.60932037
76000,36196326.534972094
76001,36193408.016933754
76002,36190489.047655776
76003,36187569.63210633
76004,36184649.767686695
76005,36181729.46074661
76006,36178808.703458115
76007,36175887.4987977
76008,36172965.847650744
76009,36170043.752427235
76010,36167121.20508427
76011,36164198.21499344
76012,36161274.776825495
76013,36158350.8930953
76014,36155426.55965723
76015,36152501.78506854
76016,36149576.56254311
76017,36146650.88940616
76018,36143724.77463024
76019,36140798.214406595
76020,36137871.20604995
76021,36134943.75337305
76022,36132015.854202025
76023,36129087.50878921
76024,36126158.719863154
76025,36123229.48290645
76026,36120299.79948718
76027,36117369.67486549
76028,36114439.10226487
76029,36111508.08584654
76030,36108576.62442548
76031,36105644.71787596
76032,36102712.364481024
76033,36099779.568592586
76034,36096846.325340845
76035,36093912.6400221
76036,36090978.50947385
76037,36088043.936196126
76038,36085108.91767798
76039,36082173.455680475
76040,36079237.54573335
76041,36076301.1943064
76042,36073364.39577981
76043,36070427.15615719
76044,36067489.47370697
76045,36064551.34623696
76046,36061612.77729222
76047,36058673.76426867
76048,36055734.30484899
76049,36052794.40312717
76050,36049854.05976474
76051,36046913.271236934
76052,36043972.040819325
76053,36041030.36757276
76054,36038088.251650035
76055,36035145.69026785
76056,36032202.687845744
76057,36029259.24431448
76058,36026315.358442865
76059,36023371.026939586
76060,36020426.257951096
76061,36017481.04259866
76062,36014535.38585366
76063,36011589.287375554
76064,36008642.746271305
76065,36005695.76375488
76066,36002748.34006237
76067,35999800.47365242
76068,35996852.16513508
76069,35993903.41738126
76070,35990954.22468987
76071,35988004.591934286
76072,35985054.517396055
76073,35982104.003450744
76074,35979153.04956429
76075,35976201.651502594
76076,35973249.81426781
76077,35970297.53528926
76078,35967344.81468496
76079,35964391.65562988
76080,35961438.05455591
76081,35958484.013960555
76082,35955529.532138556
76083,35952574.61185542
76084,35949619.2503412
76085,35946663.447619066
76086,35943707.20364139
76087,35940750.52240881
76088,35937793.40271328
76089,35934835.839885145
76090,35931877.83881905
76091,35928919.39902683
76092,35925960.518099084
76093,35923001.197328724
76094,35920041.43981836
76095,35917081.24245227
76096,35914120.605327666
76097,35911159.53061579
76098,35908198.01513396
76099,35905236.06138473
76100,35902273.67012907
76101,35899310.836394
76102,35896347.569970146
76103,35893383.862070605
76104,35890419.71397275
76105,35887455.12911324
76106,35884490.10810818
76107,35881524.645695806
76108,35878558.747535504
76109,35875592.41080438
76110,35872625.636574335
76111,35869658.42285289
76112,35866690.774662085
76113,35863722.68610559
76114,35860754.16174362
76115,35857785.201309174
76116,35854815.80069237
76117,35851845.964244045
76118,35848875.69173699
76119,35845904.98259009
76120,35842933.836512014
76121,35839962.25136049
76122,35836990.230800055
76123,35834017.77253584
76124,35831044.8815386
76125,35828071.54922211
76126,35825097.78275175
76127,35822123.580748215
76128,35819148.94211705
76129,35816173.866029516
76130,35813198.3562354
76131,35810222.41109578
76132,35807246.02799702
76133,35804269.21188867
76134,35801291.95821039
76135,35798314.27061816
76136,35795336.14573391
76137,35792357.587280005
76138,35789378.59078715
76139,35786399.16174532
76140,35783419.298358254
76141,35780439.000425875
76142,35777458.265529394
76143,35774477.09857221
76144,35771495.49519857
76145,35768513.456850335
76146,35765530.985656105
76147,35762548.07883322
76148,35759564.73925524
76149,35756580.96400689
76150,35753596.756501384
76151,35750612.115159936
76152,35747627.03646105
76153,35744641.52719999
76154,35741655.58383505
76155,35738669.20788575
76156,35735682.39808844
76157,35732695.15187394
76158,35729707.47657595
76159,35726719.36681385
76160,35723730.82467088
76161,35720741.846970774
76162,35717752.43984549
76163,35714762.597926475
76164,35711772.32529126
76165,35708781.619058095
76166,35705790.47856778
76167,35702798.90607746
76168,35699806.9031504
76169,35696814.46741657
76170,35693821.59948835
76171,35690828.29955757
76172,35687834.56799381
76173,35684840.40507659
76174,35681845.81113519
76175,35678850.78047897
76176,35675855.32547842
76177,35672859.43484788
76178,35669863.11317989
76179,35666866.36071637
76180,35663869.17940271
76181,35660871.56519434
76182,35657873.51927044
76183,35654875.04473764
76184,35651876.13955146
76185,35648876.80323846
76186,35645877.03451158
76187,35642876.836829655
76188,35639876.209372
76189,35636875.15178026
76190,35633873.66258593
76191,35630871.7445605
76192,35627869.39573861
76193,35624866.6181271
76194,35621863.4101146
76195,35618859.772600144
76196,35615855.70583199
76197,35612851.21019471
76198,35609846.28486333
76199,35606840.93164798
76200,35603835.148269475
76201,35600828.9348906
76202,35597822.29307928
76203,35594815.22589505
76204,35591807.72444495
76205,35588799.79685374
76206,35585791.439953625
76207,35582782.657742426
76208,35579773.44646296
76209,35576763.80369582
76210,35573753.7346953
76211,35570743.23850037
76212,35567732.31383529
76213,35564720.95855971
76214,35561709.18155507
76215,35558696.975060314
76216,35555684.338045746
76217,35552671.275313646
76218,35549657.78637888
76219,35546643.86925262
76220,35543629.524674416
76221,35540614.754232764
76222,35537599.55637382
76223,35534583.9297108
76224,35531567.8784046
76225,35528551.40037171
76226,35525534.49580192
76227,35522517.16742288
76228,35519499.41046858
76229,35516481.22699549
76230,35513462.61905262
76231,35510443.581978545
76232,35507424.120648526
76233,35504404.234770924
76234,35501383.92346062
76235,35498363.18386111
76236,35495342.02309324
76237,35492320.43244732
76238,35489298.41917119
76239,35486275.97983444
76240,35483253.11526575
76241,35480229.827644244
76242,35477206.10951375
76243,35474181.97419164
76244,35471157.412257135
76245,35468132.42243508
76246,35465107.01120786
76247,35462081.17513786
76248,35459054.91482725
76249,35456028.22998886
76250,35453001.12101807
76251,35449973.589526385
76252,35446945.63418287
76253,35443917.25386291
76254,35440888.45103776
76255,35437859.2228722
76256,35434829.57402951
76257,35431799.49793212
76258,35428769.003800996
76259,35425738.08381273
76260,35422706.73842699
76261,35419674.97491493
76262,35416642.78602534
76263,35413610.17511769
76264,35410577.14183456
76265,35407543.68527117
76266,35404509.808633424
76267,35401475.50729041
76268,35398440.78364579
76269,35395405.64021481
76270,35392370.07336335
76271,35389334.08624717
76272,35386297.674423754
76273,35383260.846269116
76274,35380223.591439486
76275,35377185.91576633
76276,35374147.82122106
76277,35371109.3042035
76278,35368070.36610285
76279,35365031.008589335
76280,35361991.230822064
76281,35358951.03015528
76282,35355910.40755478
76283,35352869.36512013
76284,35349827.90431407
76285,35346786.02259831
76286,35343743.71968919
76287,35340700.9977618
76288,35337657.855004594
76289,35334614.29250879
76290,35331570.30889792
76291,35328525.90820717
76292,35325481.08891235
76293,35322435.84670285
76294,35319390.18724826
76295,35316344.10872018
76296,35313297.607028306
76297,35310250.69328256
76298,35307203.35521724
76299,35304155.60015927
76300,35301107.42438031
76301,35298058.83323581
76302,35295009.82068741
76303,35291960.39223922
76304,35288910.544759095
76305,35285860.27835632
76306,35282809.595866725
76307,35279758.49237392
76308,35276706.97122408
76309,35273655.03560843
76310,35270602.68210356
76311,35267549.91079436
76312,35264496.71974181
76313,35261443.11228873
76314,35258389.08645581
76315,35255334.647676535
76316,35252279.78763086
76317,35249224.51238734
76318,35246168.82026301
76319,35243112.70980979
76320,35240056.18615714
76321,35236999.24270506
76322,35233941.88706408
76323,35230884.112451084
76324,35227825.92127091
76325,35224767.31683706
76326,35221708.2932902
76327,35218648.855491824
76328,35215589.00288733
76329,35212528.733324654
76330,35209468.049131125
76331,35206406.95016761
76332,35203345.43342518
76333,35200283.503269926
76334,35197221.15880132
76335,35194158.39903457
76336,35191095.22503586
76337,35188031.63697561
76338,35184967.63108571
76339,35181903.21282491
76340,35178838.37947393
76341,35175773.132477015
76342,35172707.47295043
76343,35169641.39734566
76344,35166574.90970853
76345,35163508.00698754
76346,35160440.69045111
76347,35157372.95830917
76348,35154304.817209594
76349,35151236.2590273
76350,35148167.288305275
76351,35145097.907540694
76352,35142028.11282362
76353,35138957.90345091
76354,35135887.28037064
76355,35132816.249914035
76356,35129744.801263876
76357,35126672.9405119
76358,35123600.66790384
76359,35120527.98614274
76360,35117454.88869588
76361,35114381.38197018
76362,35111307.46178144
76363,35108233.131460644
76364,35105158.38878108
76365,35102083.234020725
76366,35099007.67136737
76367,35095931.69175911
76368,35092855.30497226
76369,35089778.504844576
76370,35086701.293746054
76371,35083623.67231292
76372,35080545.642253935
76373,35077467.19736647
76374,35074388.344777025
76375,35071309.0813791
76376,35068229.408442274
76377,35065149.32364947
76378,35062068.83164372
76379,35058987.92800306
76380,35055906.61261879
76381,35052824.89057378
76382,35049742.756332
76383,35046660.21500746
76384,35043577.264300786
76385,35040493.902296446
76386,35037410.13202586
76387,35034325.95534677
76388,35031241.36545301
76389,35028156.367503956
76390,35025070.96201656
76391,35021985.15125845
76392,35018898.92584715
76393,35015812.29517739
76394,35012725.25699466
76395,35009637.81070256
76396,35006549.95376269
76397,35003461.69190277
76398,35000373.02027951
76399,34997283.94328521
76400,34994194.458570614
76401,34991104.56441898
76402,34988014.266286984
76403,34984923.5559611
76404,34981832.442475356
76405,34978740.92209063
76406,34975648.9935105
76407,34972556.66017202
76408,34969463.9163074
76409,34966370.7670863
76410,34963277.21372295
76411,34960183.25223644
76412,34957088.88652529
76413,34953994.11498069
76414,34950898.93591563
76415,34947803.35083348
76416,34944707.36033443
76417,34941610.965912275
76418,34938514.16528273
76419,34935416.95738279
76420,34932319.34633733
76421,34929221.33074034
76422,34926122.908444025
76423,34923024.081900574
76424,34919924.85192524
76425,34916825.218009956
76426,34913725.17794608
76427,34910624.73328026
76428,34907523.88445254
76429,34904422.63332262
76430,34901320.97685566
76431,34898218.91750673
76432,34895116.44973556
76433,34892013.58286117
76434,34888910.314402305
76435,34885806.639410555
76436,34882702.56207947
76437,34879598.07931618
76438,34876493.19585658
76439,34873387.908099465
76440,34870282.2173872
76441,34867176.12754077
76442,34864069.63394938
76443,34860962.735072196
76444,34857855.43492332
76445,34854747.7327338
76446,34851639.631115295
76447,34848531.124285236
76448,34845422.21670323
76449,34842312.90581166
76450,34839203.19542868
76451,34836093.08470749
76452,34832982.56973149
76453,34829871.65467036
76454,34826760.341795556
76455,34823648.622340836
76456,34820536.50422653
76457,34817423.9856544
76458,34814311.06588855
76459,34811197.74677709
76460,34808084.028700896
76461,34804969.90683495
76462,34801855.38435922
76463,34798740.46504363
76464,34795625.145227
76465,34792509.42349585
76466,34789393.30477337
76467,34786276.78500128
76468,34783159.86689152
76469,34780042.54940985
76470,34776924.83293988
76471,34773806.714960635
76472,34770688.20099676
76473,34767569.28694039
76474,34764449.97457318
76475,34761330.26296293
76476,34758210.15431024
76477,34755089.647136346
76478,34751968.7393687
76479,34748847.43856296
76480,34745725.73593004
76481,34742603.63377085
76482,34739481.13947636
76483,34736358.24467871
76484,34733234.95037062
76485,34730111.26148681
76486,34726987.174601786
76487,34723862.68931072
76488,34720737.810962826
76489,34717612.53049792
76490,34714486.85843062
76491,34711360.78891589
76492,34708234.318434484
76493,34705107.45629887
76494,34701980.19801879
76495,34698852.54151138
76496,34695724.49024073
76497,34692596.041211344
76498,34689467.19776763
76499,34686337.95976212
76500,34683208.3260495
76501,34680078.296901
76502,34676947.87208265
76503,34673817.05289954
76504,34670685.83739083
76505,34667554.22677894
76506,34664422.22234622
76507,34661289.82578373
76508,34658157.032930866
76509,34655023.84649765
76510,34651890.26537927
76511,34648756.28831191
76512,34645621.91817108
76513,34642487.15405657
76514,34639351.99661028
76515,34636216.44701898
76516,34633080.50290358
76517,34629944.16768508
76518,34626807.43597968
76519,34623670.31174707
76520,34620532.79477522
76521,34617394.88709531
76522,34614256.58495513
76523,34611117.89010098
76524,34607978.803208224
76525,34604839.32552109
76526,34601699.45350468
76527,34598559.19051918
76528,34595418.53540743
76529,34592277.49202303
76530,34589136.05101836
76531,34585994.22021293
76532,34582851.99727113
76533,34579709.38577211
76534,34576566.38357797
76535,34573422.99104253
76536,34570279.20625805
76537,34567135.02763289
76538,34563990.461540505
76539,34560845.503850654
76540,34557700.15697477
76541,34554554.418575674
76542,34551408.29047816
76543,34548261.77265011
76544,34545114.866470344
76545,34541967.56982816
76546,34538819.8812828
76547,34535671.806237765
76548,34532523.34014706
76549,34529374.48491976
76550,34526225.24225447
76551,34523075.610290796
76552,34519925.58670839
76553,34516775.17715312
76554,34513624.38037015
76555,34510473.191903554
76556,34507321.615940236
76557,34504169.65357059
76558,34501017.30208332
76559,34497864.563943595
76560,34494711.435928166
76561,34491557.92144762
76562,34488404.01942533
76563,34485249.73032942
76564,34482095.0551599
76565,34478939.99077835
76566,34475784.53848181
76567,34472628.702469185
76568,34469472.47852141
76569,34466315.86799726
76570,34463158.86917503
76571,34460001.487557165
76572,34456843.71745314
76573,34453685.56112074
76574,34450527.02254385
76575,34447368.094021425
76576,34444208.78139069
76577,34441049.08441293
76578,34437889.001079224
76579,34434728.53111542
76580,34431567.67762085
76581,34428406.43786031
76582,34425244.81439209
76583,34422082.808415115
76584,34418920.414398335
76585,34415757.63814478
76586,34412594.475551955
76587,34409430.93053423
76588,34406266.99875604
76589,34403102.687869124
76590,34399937.989745535
76591,34396772.90846246
76592,34393607.44524546
76593,34390441.597956225
76594,34387275.36569841
76595,34384108.75098064
76596,34380941.75698086
76597,34377774.37543927
76598,34374606.6114118
76599,34371438.468056485
76600,34368269.94168267
76601,34365101.03164856
76602,34361931.73997696
76603,34358762.06614376
76604,34355592.0106142
76605,34352421.572582774
76606,34349250.75381046
76607,34346079.55527772
76608,34342907.974644184
76609,34339736.01046872
76610,34336563.6684286
76611,34333390.94354383
76612,34330217.83695589
76613,34327044.35174604
76614,34323870.48513219
76615,34320696.23732405
76616,34317521.60864615
76617,34314346.60384327
76618,34311171.21736981
76619,34307995.44927932
76620,34304819.30534276
76621,34301642.77834672
76622,34298465.87043415
76623,34295288.587056056
76624,34292110.92264451
76625,34288932.88037825
76626,34285754.45982719
76627,34282575.658652686
76628,34279396.4795084
76629,34276216.92292827
76630,34273036.98806942
76631,34269856.67439354
76632,34266675.98259069
76633,34263494.913813636
76634,34260313.46509671
76635,34257131.639984556
76636,34253949.437902875
76637,34250766.85765513
76638,34247583.90087092
76639,34244400.5686544
76640,34241216.85807045
76641,34238032.76717056
76642,34234848.306725465
76643,34231663.46487504
76644,34228478.247827575
76645,34225292.655119374
76646,34222106.68512377
76647,34218920.34125123
76648,34215733.62260173
76649,34212546.52278183
76650,34209359.053106405
76651,34206171.20627815
76652,34202982.98349884
76653,34199794.38700314
76654,34196605.414083935
76655,34193416.06662793
76656,34190226.34521303
76657,34187036.24888974
76658,34183845.77691844
76659,34180654.93305668
76660,34177463.7132411
76661,34174272.11934099
76662,34171080.15588763
76663,34167887.81323022
76664,34164695.10111133
76665,34161502.01342469
76666,34158308.55165281
76667,34155114.71835882
76668,34151920.51318811
76669,34148725.934059456
76670,34145530.98150931
76671,34142335.65602842
76672,34139139.961781085
76673,34135943.88920657
76674,34132747.45156301
76675,34129550.63950437
76676,34126353.45189597
76677,34123155.89763977
76678,34119957.969335504
76679,34116759.67080284
76680,34113561.00126755
76681,34110361.95756258
76682,34107162.54638695
76683,34103962.76337372
76684,34100762.607888535
76685,34097562.08622603
76686,34094361.19275702
76687,34091159.927081056
76688,34087958.291773275
76689,34084756.28785873
76690,34081553.911948785
76691,34078351.16762048
76692,34075148.0555065
76693,34071944.572391056
76694,34068740.72046957
76695,34065536.49826048
76696,34062331.9076944
76697,34059126.9495026
76698,34055921.62244006
76699,34052715.92555785
76700,34049509.86408201
76701,34046303.43017351
76702,34043096.62996929
76703,34039889.46304483
76704,34036681.92668241
76705,34033474.02272832
76706,34030265.752139755
76707,34027057.11617382
76708,34023848.11021112
76709,34020638.73696869
76710,34017429.00104621
76711,34014218.89330798
76712,34011008.42244694
76713,34007797.583323814
76714,34004586.3788097
76715,34001374.80792589
76716,33998162.86978139
76717,33994950.57086963
76718,33991737.89968923
76719,33988524.86760712
76720,33985311.46697938
76721,33982097.70245857
76722,33978883.57568183
76723,33975669.081721716
76724,33972454.2217242
76725,33969238.99858578
76726,33966023.40858487
76727,33962807.45826077
76728,33959591.141864285
76729,33956374.46126949
76730,33953157.41824497
76731,33949940.00638731
76732,33946722.2370099
76733,33943504.103795245
76734,33940285.60307797
76735,33937066.74362083
76736,33933847.51832109
76737,33930627.9319364
76738,33927407.98118819
76739,33924187.67241358
76740,33920966.99456765
76741,33917745.958958976
76742,33914524.560165934
76743,33911302.80094923
76744,33908080.677659325
76745,33904858.19214463
76746,33901635.34777874
76747,33898412.13968178
76748,33895188.574212
76749,33891964.64724121
76750,33888740.35576002
76751,33885515.70612931
76752,33882290.69620489
76753,33879065.323361784
76754,33875839.59389133
76755,33872613.50338557
76756,33869387.04847567
76757,33866160.24041344
76758,33862933.06722239
76759,33859705.5379148
76760,33856477.65051524
76761,33853249.40126388
76762,33850020.79305821
76763,33846791.82949761
76764,33843562.5020068
76765,33840332.819985755
76766,33837102.77677124
76767,33833872.37751104
76768,33830641.61946555
76769,33827410.503072836
76770,33824179.02784643
76771,33820947.198223285
76772,33817715.008611865
76773,33814482.46269778
76774,33811249.56058798
76775,33808016.300388224
76776,33804782.68216296
76777,33801548.70953306
76778,33798314.37923044
76779,33795079.69189651
76780,33791844.64931636
76781,33788609.250656806
76782,33785373.49687739
76783,33782137.38631078
76784,33778900.920986906
76785,33775664.098653555
76786,33772426.922865465
76787,33769189.39135323
76788,33765951.5052536
76789,33762713.26509504
76790,33759474.66877641
76791,33756235.71724117
76792,33752996.41102849
76793,33749756.75327015
76794,33746516.74187407
76795,33743276.37423616
76796,33740035.652698345
76797,33736794.5798999
76798,33733553.152427405
76799,33730311.3737538
76800,33727069.23846592
76801,33723826.75313762
76802,33720583.91436519
76803,33717340.72082961
76804,33714097.17731191
76805,33710853.28137422
76806,33707609.03359949
76807,33704364.43260296
76808,33701119.47979368
76809,33697874.17652882
76810,33694628.52339816
76811,33691382.51816761
76812,33688136.15891424
76813,33684889.45123705
76814,33681642.39125861
76815,33678394.98170687
76816,33675147.221371286
76817,33671899.11060968
76818,33668650.64942909
76819,33665401.83835945
76820,33662152.67711748
76821,33658903.167679414
76822,33655653.307581045
76823,33652403.0971279
76824,33649152.540797904
76825,33645901.63314674
76826,33642650.3760281
76827,33639398.77198844
76828,33636146.81797223
76829,33632894.51486003
76830,33629641.86332404
76831,33626388.86507578
76832,33623135.522082105
76833,33619881.82695909
76834,33616627.78522025
76835,33613373.39613357
76836,33610118.66082171
76837,33606863.578563906
76838,33603608.14681794
76839,33600352.3709598
76840,33597096.25017585
76841,33593839.779567435
76842,33590582.95950145
76843,33587325.79781
76844,33584068.29339732
76845,33580810.43869381
76846,33577552.23846057
76847,33574293.69411835
76848,33571034.80318917
76849,33567775.56765522
76850,33564515.98893228
76851,33561256.06321663
76852,33557995.79468616
76853,33554735.17934324
76854,33551474.222403247
76855,33548212.91969494
76856,33544951.271801207
76857,33541689.284589652
76858,33538426.9480802
76859,33535164.273751315
76860,33531901.252533972
76861,33528637.889271747
76862,33525374.181750398
76863,33522110.132714123
76864,33518845.74132121
76865,33515581.00582492
76866,33512315.931215104
76867,33509050.51170487
76868,33505784.749431934
76869,33502518.651160877
76870,33499252.20566154
76871,33495985.420414332
76872,33492718.292827982
76873,33489450.82618794
76874,33486183.01800294
76875,33482914.866468683
76876,33479646.378594436
76877,33476377.54658154
76878,33473108.375755515
76879,33469838.86548298
76880,33466569.01787554
76881,33463298.826229274
76882,33460028.295528587
76883,33456757.42794812
76884,33453486.216792103
76885,33450214.6690963
76886,33446942.782724857
76887,33443670.56031777
76888,33440397.995557953
76889,33437125.091744803
76890,33433851.851532724
76891,33430578.274135146
76892,33427304.35648072
76893,33424030.10350488
76894,33420755.511236068
76895,33417480.583355736
76896,33414205.31825697
76897,33410929.716193903
76898,33407653.77306028
76899,33404377.498737313
76900,33401100.885836385
76901,33397823.935630165
76902,33394546.64982714
76903,33391269.02841127
76904,33387991.06993748
76905,33384712.779728293
76906,33381434.149890345
76907,33378155.185411252
76908,33374875.88872136
76909,33371596.255097564
76910,33368316.287257265
76911,33365035.98526874
76912,33361755.346121132
76913,33358474.374174166
76914,33355193.06841263
76915,33351911.428950664
76916,33348629.455235202
76917,33345347.148728333
76918,33342064.50826625
76919,33338781.534585427
76920,33335498.23098399
76921,33332214.59141776
76922,33328930.61629153
76923,33325646.31410741
76924,33322361.677048694
76925,33319076.708447397
76926,33315791.406081278
76927,33312505.773131695
76928,33309219.810764413
76929,33305933.514860306
76930,33302646.887838088
76931,33299359.930261586
76932,33296072.64224986
76933,33292785.022990905
76934,33289497.07104304
76935,33286208.79068373
76936,33282920.181078404
76937,33279631.241496462
76938,33276341.96957049
76939,33273052.369783808
76940,33269762.438651968
76941,33266472.178896822
76942,33263181.5953613
76943,33259890.676338404
76944,33256599.429292392
76945,33253307.85383255
76946,33250015.95467966
76947,33246723.72132204
76948,33243431.162306014
76949,33240138.275652207
76950,33236845.061935928
76951,33233551.520358983
76952,33230257.65001425
76953,33226963.45271126
76954,33223668.9325356
76955,33220374.079437442
76956,33217078.90302421
76957,33213783.398171406
76958,33210487.570665322
76959,33207191.41552769
76960,33203894.932043515
76961,33200598.123829506
76962,33197300.992534634
76963,33194003.53672105
76964,33190705.750936665
76965,33187407.64588809
76966,33184109.20978071
76967,33180810.45089296
76968,33177511.370156568
76969,33174211.962499756
76970,33170912.23329371
76971,33167612.180158112
76972,33164311.801378217
76973,33161011.10149853
76974,33157710.07508621
76975,33154408.726209547
76976,33151107.05696579
76977,33147805.06300804
76978,33144502.746876784
76979,33141200.10696089
76980,33137897.14760994
76981,33134593.865797583
76982,33131290.258304242
76983,33127986.331245746
76984,33124682.083662424
76985,33121377.515926458
76986,33118072.62397926
76987,33114767.414613962
76988,33111461.88259883
76989,33108156.03000431
76990,33104849.859246466
76991,33101543.361624252
76992,33098236.548613098
76993,33094929.418613963
76994,33091621.965254
76995,33088314.193812627
76996,33085006.099311866
76997,33081697.689612743
76998,33078388.962689493
76999,33075079.913587768
77000,33071770.548606727
77001,33068460.862094264
77002,33065150.859386716
77003,33061840.54103343
77004,33058529.899091795
77005,33055218.94469554
77006,33051907.66883169
77007,33048596.078787364
77008,33045284.17264439
77009,33041971.945933644
77010,33038659.40704339
77011,33035346.548330963
77012,33032033.373716764
77013,33028719.88467075
77014,33025406.078412715
77015,33022091.95683272
77016,33018777.52011005
77017,33015462.766977936
77018,33012147.69926954
77019,33008832.31665295
77020,33005516.622307338
77021,33002200.610728342
77022,32998884.283653203
77023,32995567.644318245
77024,32992250.691875152
77025,32988933.422138933
77026,32985615.841197565
77027,32982297.948719457
77028,32978979.739293385
77029,32975661.218936194
77030,32972342.385059208
77031,32969023.23855843
77032,32965703.778609805
77033,32962384.00741522
77034,32959063.926080436
77035,32955743.53110426
77036,32952422.824338485
77037,32949101.806468055
77038,32945780.476211667
77039,32942458.835545626
77040,32939136.88485566
77041,32935814.623523373
77042,32932492.05087904
77043,32929169.17045046
77044,32925845.97767054
77045,32922522.47445812
77046,32919198.66253053
77047,32915874.53820897
77048,32912550.10909792
77049,32909225.36810137
77050,32905900.318508375
77051,32902574.96078978
77052,32899249.294372976
77053,32895923.319498453
77054,32892597.036356486
77055,32889270.444781877
77056,32885943.545954186
77057,32882616.341782205
77058,32879288.825072385
77059,32875961.00917296
77060,32872632.87899354
77061,32869304.44344255
77062,32865975.704828817
77063,32862646.656870916
77064,32859317.302591294
77065,32855987.643529348
77066,32852657.67880876
77067,32849327.409205146
77068,32845996.829326592
77069,32842665.950966913
77070,32839334.76599667
77071,32836003.272463527
77072,32832671.478378236
77073,32829339.37827729
77074,32826006.975286964
77075,32822674.26546395
77076,32819341.253980406
77077,32816007.93881434
77078,32812674.3194635
77079,32809340.395876143
77080,32806006.170989953
77081,32802671.644163042
77082,32799336.814369343
77083,32796001.681076355
77084,32792666.244770367
77085,32789330.50866334
77086,32785994.468859337
77087,32782658.130609863
77088,32779321.490417
77089,32775984.54622253
77090,32772647.300043553
77091,32769309.757655583
77092,32765971.91253848
77093,32762633.766679402
77094,32759295.31967936
77095,32755956.576778438
77096,32752617.53208798
77097,32749278.18556581
77098,32745938.54153825
77099,32742598.598974008
77100,32739258.358975206
77101,32735917.816176385
77102,32732576.97641236
77103,32729235.83919315
77104,32725894.40448703
77105,32722552.66830715
77106,32719210.638832666
77107,32715868.309968658
77108,32712525.68418402
77109,32709182.760501854
77110,32705839.539908122
77111,32702496.02555507
77112,32699152.209717344
77113,32695808.103809223
77114,32692463.6972439
77115,32689118.99639891
77116,32685773.9989798
77117,32682428.707878813
77118,32679083.119813316
77119,32675737.238158695
77120,32672391.060485564
77121,32669044.58895979
77122,32665697.820954915
77123,32662350.76095065
77124,32659003.40705193
77125,32655655.758995526
77126,32652307.817984473
77127,32648959.581747063
77128,32645611.05445798
77129,32642262.23414845
77130,32638913.11796258
77131,32635563.71480124
77132,32632214.017375924
77133,32628864.02393256
77134,32625513.743985772
77135,32622163.16874299
77136,32618812.302204274
77137,32615461.14726539
77138,32612109.70071086
77139,32608757.9598992
77140,32605405.930176277
77141,32602053.609569572
77142,32598701.002054434
77143,32595348.102803234
77144,32591994.915153477
77145,32588641.43637003
77146,32585287.665700883
77147,32581933.609923188
77148,32578579.26182687
77149,32575224.62823693
77150,32571869.704758078
77151,32568514.49248756
77152,32565158.993684836
77153,32561803.207269806
77154,32558447.132539067
77155,32555090.7689229
77156,32551734.119430043
77157,32548377.181165982
77158,32545019.960021865
77159,32541662.449694842
77160,32538304.653767794
77161,32534946.571175784
77162,32531588.202624433
77163,32528229.548949618
77164,32524870.609945796
77165,32521511.384861592
77166,32518151.877028875
77167,32514792.0830473
77168,32511432.003515735
77169,32508071.64063173
77170,32504710.99287931
77171,32501350.062975056
77172,32497988.84689871
77173,32494627.34864054
77174,32491265.567409202
77175,32487903.501767673
77176,32484541.155532394
77177,32481178.5232033
77178,32477815.61292253
77179,32474452.416147564
77180,32471088.93887842
77181,32467725.17940755
77182,32464361.14177167
77183,32460996.819157086
77184,32457632.217207592
77185,32454267.334006198
77186,32450902.169298414
77187,32447536.726481866
77188,32444171.001287993
77189,32440804.995429624
77190,32437438.710630663
77191,32434072.148916345
77192,32430705.304743156
77193,32427338.183442187
77194,32423970.781387992
77195,32420603.10209894
77196,32417235.14451998
77197,32413866.90584249
77198,32410498.394683663
77199,32407129.601275034
77200,32403760.529228687
77201,32400391.18568948
77202,32397021.561317828
77203,32393651.65927042
77204,32390281.483354982
77205,32386911.027411707
77206,32383540.29782845
77207,32380169.29425349
77208,32376798.010647405
77209,32373426.453920558
77210,32370054.62108167
77211,32366682.511251356
77212,32363310.13047836
77213,32359937.473324828
77214,32356564.54286437
77215,32353191.337589584
77216,32349817.857864544
77217,32346444.102890875
77218,32343070.075246364
77219,32339695.77726029
77220,32336321.203734472
77221,32332946.357047092
77222,32329571.239119746
77223,32326195.849143602
77224,32322820.18674549
77225,32319444.25134276
77226,32316068.045650065
77227,32312691.56794495
77228,32309314.819458757
77229,32305937.79841763
77230,32302560.508178413
77231,32299182.94921152
77232,32295805.116323736
77233,32292427.015742876
77234,32289048.642926637
77235,32285670.004635796
77236,32282291.094559368
77237,32278911.9145539
77238,32275532.465607148
77239,32272152.748101607
77240,32268772.766711306
77241,32265392.510745194
77242,32262011.988477357
77243,32258631.200354207
77244,32255250.144901905
77245,32251868.819551986
77246,32248487.229483802
77247,32245105.3711196
77248,32241723.24993502
77249,32238340.8580191
77250,32234958.200172544
77251,32231575.27839484
77252,32228192.09070125
77253,32224808.638037104
77254,32221424.918621127
77255,32218040.935772333
77256,32214656.687426295
77257,32211272.174110044
77258,32207887.39790735
77259,32204502.357355192
77260,32201117.052476674
77261,32197731.48432285
77262,32194345.653979443
77263,32190959.561222043
77264,32187573.203204032
77265,32184186.58061244
77266,32180799.70293562
77267,32177412.557286628
77268,32174025.15363397
77269,32170637.48561927
77270,32167249.55576114
77271,32163861.36600518
77272,32160472.91430792
77273,32157084.204703875
77274,32153695.233866986
77275,32150305.99955539
77276,32146916.507784758
77277,32143526.75878024
77278,32140136.745865546
77279,32136746.47402183
77280,32133355.944983207
77281,32129965.1601281
77282,32126574.11249068
77283,32123182.80631773
77284,32119791.245055594
77285,32116399.42347747
77286,32113007.344463766
77287,32109615.01083785
77288,32106222.418941528
77289,32102829.568360336
77290,32099436.463100746
77291,32096043.10148227
77292,32092649.484345395
77293,32089255.610927153
77294,32085861.480031136
77295,32082467.096238058
77296,32079072.45661072
77297,32075677.560764376
77298,32072282.413551506
77299,32068887.01039723
77300,32065491.352480225
77301,32062095.439353973
77302,32058699.276166193
77303,32055302.856990397
77304,32051906.186474666
77305,32048509.26149428
77306,32045112.084221836
77307,32041714.654137906
77308,32038316.973749977
77309,32034919.038134865
77310,32031520.852857403
77311,32028122.420312162
77312,32024723.727930408
77313,32021324.790086467
77314,32017925.602836713
77315,32014526.160760187
77316,32011126.47332583
77317,32007726.53411536
77318,32004326.344880067
77319,32000925.904842004
77320,31997525.215689354
77321,31994124.27913063
77322,31990723.09583879
77323,31987321.658832945
77324,31983919.979494605
77325,31980518.047133896
77326,31977115.871066693
77327,31973713.445559833
77328,31970310.773613106
77329,31966907.856375728
77330,31963504.688829776
77331,31960101.27835535
77332,31956697.618398383
77333,31953293.71530027
77334,31949889.565198656
77335,31946485.16886193
77336,31943080.528668202
77337,31939675.644668106
77338,31936270.51483201
77339,31932865.141834144
77340,31929459.521125954
77341,31926053.66012215
77342,31922647.555752713
77343,31919241.20610108
77344,31915834.6128358
77345,31912427.779759064
77346,31909020.70278019
77347,31905613.38114664
77348,31902205.821261067
77349,31898798.01604146
77350,31895389.971075572
77351,31891981.68440125
77352,31888573.158415582
77353,31885164.38892911
77354,31881755.38103711
77355,31878346.13068975
77356,31874936.642443646
77357,31871526.91216276
77358,31868116.94593271
77359,31864706.737081118
77360,31861296.29212746
77361,31857885.605610553
77362,31854474.682097085
77363,31851063.52244066
77364,31847652.121127028
77365,31844240.483139038
77366,31840828.60688458
77367,31837416.49536542
77368,31834004.148042053
77369,31830591.56144091
77370,31827178.73972586
77371,31823765.680915326
77372,31820352.388634544
77373,31816938.858995914
77374,31813525.094960045
77375,31810111.095796987
77376,31806696.860539522
77377,31803282.389933385
77378,31799867.68635736
77379,31796452.751375157
77380,31793037.57981597
77381,31789622.177039687
77382,31786206.537712157
77383,31782790.665430102
77384,31779374.56269901
77385,31775958.22762466
77386,31772541.66239506
77387,31769124.86223665
77388,31765707.82934737
77389,31762290.56717392
77390,31758873.07242484
77391,31755455.34801299
77392,31752037.39562189
77393,31748619.210275333
77394,31745200.793896202
77395,31741782.15112798
77396,31738363.275375333
77397,31734944.171621114
77398,31731524.83917671
77399,31728105.27679811
77400,31724685.489325307
77401,31721265.4717447
77402,31717845.225605693
77403,31714424.751250222
77404,31711004.053162962
77405,31707583.1229516
77406,31704161.96990031
77407,31700740.59069215
77408,31697318.9829287
77409,31693897.14963167
77410,31690475.093621824
77411,31687052.80959146
77412,31683630.300622035
77413,31680207.566135373
77414,31676784.60750937
77415,31673361.426580917
77416,31669938.019617844
77417,31666514.387683075
77418,31663090.536583114
77419,31659666.456645638
77420,31656242.15712449
77421,31652817.635442268
77422,31649392.8893564
77423,31645967.921549376
77424,31642542.733196188
77425,31639117.32225837
77426,31635691.688306995
77427,31632265.83861658
77428,31628839.76344524
77429,31625413.46892782
77430,31621986.95712795
77431,31618560.222257793
77432,31615133.26890579
77433,31611706.095115125
77434,31608278.703428246
77435,31604851.09209217
77436,31601423.26222618
77437,31597995.216252886
77438,31594566.950350568
77439,31591138.46872458
77440,31587709.764283516
77441,31584280.85012058
77442,31580851.714163743
77443,31577422.363147184
77444,31573992.797043387
77445,31570563.012431286
77446,31567133.01404459
77447,31563702.80085969
77448,31560272.370380115
77449,31556841.726021387
77450,31553410.86727639
77451,31549979.79532076
77452,31546548.506763216
77453,31543117.008017845
77454,31539685.29525282
77455,31536253.36588091
77456,31532821.226203326
77457,31529388.87335856
77458,31525956.307206657
77459,31522523.531509764
77460,31519090.542761263
77461,31515657.34423505
77462,31512223.931500617
77463,31508790.310436517
77464,31505356.47700494
77465,31501922.433174707
77466,31498488.17962095
77467,31495053.71853927
77468,31491619.047007136
77469,31488184.165052913
77470,31484749.074572105
77471,31481313.77813272
77472,31477878.269551754
77473,31474442.554145172
77474,31471006.632862452
77475,31467570.503252376
77476,31464134.165593844
77477,31460697.622590777
77478,31457260.870829385
77479,31453823.916571744
77480,31450386.752793927
77481,31446949.385522638
77482,31443511.81194546
77483,31440074.03569115
77484,31436636.050896067
77485,31433197.86280173
77486,31429759.47401054
77487,31426320.87811284
77488,31422882.07796981
77489,31419443.0752223
77490,31416003.868327882
77491,31412564.46211473
77492,31409124.850823127
77493,31405685.037144285
77494,31402245.023432713
77495,31398804.806822352
77496,31395364.38853965
77497,31391923.77328005
77498,31388482.951327875
77499,31385041.93619686
77500,31381600.714694396
77501,31378159.296495646
77502,31374717.678278714
77503,31371275.85931967
77504,31367833.843826775
77505,31364391.629125733
77506,31360949.215575032
77507,31357506.606228717
77508,31354063.79535599
77509,31350620.790800177
77510,31347177.585889455
77511,31343734.188100457
77512,31340290.59185704
77513,31336846.80128736
77514,31333402.810625207
77515,31329958.627401277
77516,31326514.24843407
77517,31323069.67653421
77518,31319624.90583441
77519,31316179.943875045
77520,31312734.7865816
77521,31309289.43623826
77522,31305843.892510228
77523,31302398.156604875
77524,31298952.22717196
77525,31295506.10205057
77526,31292059.789754543
77527,31288613.283883333
77528,31285166.585050166
77529,31281719.696709033
77530,31278272.61413059
77531,31274825.345089063
77532,31271377.884685677
77533,31267930.231624912
77534,31264482.390055258
77535,31261034.362152062
77536,31257586.14114155
77537,31254137.73273631
77538,31250689.134690143
77539,31247240.35112811
77540,31243791.37813933
77541,31240342.21666675
77542,31236892.87026185
77543,31233443.33746663
77544,31229993.61542615
77545,31226543.705929052
77546,31223093.614429645
77547,31219643.335543588
77548,31216192.87031412
77549,31212742.220497143
77550,31209291.385303535
77551,31205840.367634475
77552,31202389.1647902
77553,31198937.777657893
77554,31195486.208792653
77555,31192034.45332431
77556,31188582.515836354
77557,31185130.399866853
77558,31181678.095114566
77559,31178225.61349144
77560,31174772.948246192
77561,31171320.103049815
77562,31167867.076024957
77563,31164413.867556114
77564,31160960.481590725
77565,31157506.912377026
77566,31154053.166015092
77567,31150599.23652602
77568,31147145.130447805
77569,31143690.84550623
77570,31140236.38378932
77571,31136781.743567668
77572,31133326.922278974
77573,31129871.923564974
77574,31126416.752503138
77575,31122961.4020187
77576,31119505.873142328
77577,31116050.171383545
77578,31112594.29241128
77579,31109138.234797776
77580,31105682.00799638
77581,31102225.60320239
77582,31098769.022292327
77583,31095312.26958029
77584,31091855.343327958
77585,31088398.239516962
77586,31084940.966889333
77587,31081483.51858474
77588,31078025.89719305
77589,31074568.104213744
77590,31071110.142492265
77591,31067652.004561443
77592,31064193.699621003
77593,31060735.21826947
77594,31057276.57174709
77595,31053817.75209273
77596,31050358.76490464
77597,31046899.604596112
77598,31043440.276782975
77599,31039980.778525837
77600,31036521.112880655
77601,31033061.279860403
77602,31029601.276549883
77603,31026141.105647434
77604,31022680.77037812
77605,31019220.26656481
77606,31015759.59532469
77607,31012298.75768878
77608,31008837.752658647
77609,31005376.582801964
77610,31001915.24807112
77611,30998453.748390127
77612,30994992.08534339
77613,30991530.258581486
77614,30988068.262497716
77615,30984606.10781338
77616,30981143.78775985
77617,30977681.30416182
77618,30974218.65965155
77619,30970755.853408664
77620,30967292.882543243
77621,30963829.751460254
77622,30960366.45907652
77623,30956903.00456398
77624,30953439.38931187
77625,30949975.61495527
77626,30946511.67896667
77627,30943047.58563198
77628,30939583.331920654
77629,30936118.920368783
77630,30932654.347349517
77631,30929189.61768144
77632,30925724.72887279
77633,30922259.68581165
77634,30918794.481202334
77635,30915329.122757893
77636,30911863.60654778
77637,30908397.935911715
77638,30904932.10737608
77639,30901466.123910204
77640,30897999.985253792
77641,30894533.68990969
77642,30891067.241402544
77643,30887600.63813233
77644,30884133.883659832
77645,30880666.97298163
77646,30877199.911309116
77647,30873732.696320232
77648,30870265.327947024
77649,30866797.806896657
77650,30863330.1348624
77651,30859862.31138125
77652,30856394.339066964
77653,30852926.211205598
77654,30849457.936356217
77655,30845989.51057765
77656,30842520.93479934
77657,30839052.210718796
77658,30835583.337685417
77659,30832114.31442518
77660,30828645.146955732
77661,30825175.82782697
77662,30821706.36243455
77663,30818236.74822369
77664,30814766.98826763
77665,30811297.0820689
77666,30807827.029148284
77667,30804356.83291999
77668,30800886.489360105
77669,30797415.999778807
77670,30793945.367470328
77671,30790474.590344362
77672,30787003.66795891
77673,30783532.60015157
77674,30780061.38941147
77675,30776590.04084059
77676,30773118.546207212
77677,30769646.90934446
77678,30766175.130589582
77679,30762703.212247133
77680,30759231.148272935
77681,30755758.9494812
77682,30752286.60737942
77683,30748814.123418797
77684,30745341.501462642
77685,30741868.738549888
77686,30738395.840306014
77687,30734922.801508684
77688,30731449.62366967
77689,30727976.306427956
77690,30724502.853276897
77691,30721029.26468484
77692,30717555.53822642
77693,30714081.67593167
77694,30710607.675356455
77695,30707133.541616134
77696,30703659.27128007
77697,30700184.8652282
77698,30696710.325599447
77699,30693235.65002844
77700,30689760.841121733
77701,30686285.899985205
77702,30682810.824851286
77703,30679335.61923152
77704,30675860.278795417
77705,30672384.803758036
77706,30668909.202135507
77707,30665433.46502112
77708,30661957.59962488
77709,30658481.604864594
77710,30655005.47542456
77711,30651529.219064254
77712,30648052.833218735
77713,30644576.3173788
77714,30641099.673543137
77715,30637622.902558036
77716,30634146.000604507
77717,30630668.974112883
77718,30627191.81921517
77719,30623714.537947636
77720,30620237.12963494
77721,30616759.592734482
77722,30613281.932462614
77723,30609804.14672893
77724,30606326.238244195
77725,30602848.202543024
77726,30599370.042364743
77727,30595891.758200224
77728,30592413.352753535
77729,30588934.82408314
77730,30585456.171422694
77731,30581977.393718313
77732,30578498.49938242
77733,30575019.478372198
77734,30571540.339811005
77735,30568061.07923642
77736,30564581.69913554
77737,30561102.19693081
77738,30557622.57743338
77739,30554142.836362526
77740,30550662.978826836
77741,30547183.000030894
77742,30543702.905509237
77743,30540222.69271909
77744,30536742.36190783
77745,30533261.915464733
77746,30529781.348227296
77747,30526300.670317505
77748,30522819.873145983
77749,30519338.962963603
77750,30515857.93575019
77751,30512376.79549214
77752,30508895.53858188
77753,30505414.17057353
77754,30501932.68652351
77755,30498451.08899325
77756,30494969.38067467
77757,30491487.55977478
77758,30488005.62741182
77759,30484523.583585966
77760,30481041.42753074
77761,30477559.1610548
77762,30474076.782742683
77763,30470594.297491856
77764,30467111.70024827
77765,30463628.995281775
77766,30460146.178554405
77767,30456663.257625572
77768,30453180.225694712
77769,30449697.08655917
77770,30446213.842772163
77771,30442730.48917618
77772,30439247.03118998
77773,30435763.464707907
77774,30432279.79711378
77775,30428796.01912653
77776,30425312.13810539
77777,30421828.154458273
77778,30418344.064239945
77779,30414859.87471227
77780,30411375.576696027
77781,30407891.176206205
77782,30404406.6754677
77783,30400922.072140116
77784,30397437.366067566
77785,30393952.56222625
77786,30390467.653506745
77787,30386982.646259516
77788,30383497.539276704
77789,30380012.331078354
77790,30376527.025930777
77791,30373041.620136455
77792,30369556.11668271
77793,30366070.515522845
77794,30362584.81588824
77795,30359099.01881588
77796,30355613.12753832
77797,30352127.13569313
77798,30348641.05038999
77799,30345154.871800207
77800,30341668.595546044
77801,30338182.225229573
77802,30334695.76055699
77803,30331209.19892833
77804,30327722.547805406
77805,30324235.802399963
77806,30320748.96491228
77807,30317262.034317914
77808,30313775.011324387
77809,30310287.89797674
77810,30306800.69283795
77811,30303313.396771733
77812,30299826.012115993
77813,30296338.53451671
77814,30292850.972141873
77815,30289363.319597535
77816,30285875.575596236
77817,30282387.747649726
77818,30278899.828139212
77819,30275411.823665045
77820,30271923.73040327
77821,30268435.551939055
77822,30264947.286879532
77823,30261458.934915666
77824,30257970.499084305
77825,30254481.980614007
77826,30250993.375719268
77827,30247504.687300667
77828,30244015.91466129
77829,30240527.062015776
77830,30237038.122208692
77831,30233549.102251
77832,30230060.001690898
77833,30226570.819664724
77834,30223081.555406824
77835,30219592.209359884
77836,30216102.78514814
77837,30212613.282678332
77838,30209123.698575176
77839,30205634.03595801
77840,30202144.29468777
77841,30198654.475661505
77842,30195164.58129514
77843,30191674.60703651
77844,30188184.555977296
77845,30184694.430282146
77846,30181204.227200586
77847,30177713.94835522
77848,30174223.596497554
77849,30170733.17010278
77850,30167242.668997414
77851,30163752.094108507
77852,30160261.44624592
77853,30156770.727539252
77854,30153279.93502787
77855,30149789.069557533
77856,30146298.129661314
77857,30142807.125430357
77858,30139316.047019623
77859,30135824.898010798
77860,30132333.679588184
77861,30128842.392527822
77862,30125351.037719745
77863,30121859.61260121
77864,30118368.12094948
77865,30114876.560527917
77866,30111384.934047017
77867,30107893.239484955
77868,30104401.477751456
77869,30100909.651561704
77870,30097417.76275945
77871,30093925.80678746
77872,30090433.785208944
77873,30086941.701722804
77874,30083449.55312561
77875,30079957.34209198
77876,30076465.067503594
77877,30072972.733126346
77878,30069480.33494934
77879,30065987.876916856
77880,30062495.354992874
77881,30059002.777139958
77882,30055510.135847673
77883,30052017.43560394
77884,30048524.677471004
77885,30045031.858936492
77886,30041538.984702047
77887,30038046.05186056
77888,30034553.06129273
77889,30031060.01435381
77890,30027566.9096441
77891,30024073.751407076
77892,30020580.535861935
77893,30017087.26638681
77894,30013593.942667376
77895,30010100.560812693
77896,30006607.129711375
77897,30003113.643892616
77898,29999620.108644094
77899,29996126.516700234
77900,29992632.874192514
77901,29989139.181567952
77902,29985645.435974967
77903,29982151.6416036
77904,29978657.795899924
77905,29975163.90071614
77906,29971669.959670115
77907,29968175.965934493
77908,29964681.92765691
77909,29961187.840361588
77910,29957693.702222683
77911,29954199.523984984
77912,29950705.29541659
77913,29947211.02062831
77914,29943716.70097462
77915,29940222.338906758
77916,29936727.93067596
77917,29933233.479905177
77918,29929738.983386084
77919,29926244.443760313
77920,29922749.862308603
77921,29919255.240980648
77922,29915760.576238185
77923,29912265.871852916
77924,29908771.123709522
77925,29905276.33813115
77926,29901781.511405703
77927,29898286.643450115
77928,29894791.742744103
77929,29891296.7992135
77930,29887801.820120975
77931,29884306.80213938
77932,29880811.746651538
77933,29877316.656774744
77934,29873821.530341636
77935,29870326.368574023
77936,29866831.17199059
77937,29863335.940146703
77938,29859840.6765296
77939,29856345.376799945
77940,29852850.04512084
77941,29849354.680585325
77942,29845859.283424333
77943,29842363.85610111
77944,29838868.39755598
77945,29835372.90677079
77946,29831877.387916785
77947,29828381.836152937
77948,29824886.259996206
77949,29821390.650906608
77950,29817895.014977973
77951,29814399.35291921
77952,29810903.663119886
77953,29807407.946247604
77954,29803912.20397818
77955,29800416.43316878
77956,29796920.64116127
77957,29793424.822197773
77958,29789928.97754546
77959,29786433.109485544
77960,29782937.222513944
77961,29779441.308667526
77962,29775945.37175495
77963,29772449.4130201
77964,29768953.43651083
77965,29765457.435993336
77966,29761961.417830434
77967,29758465.377735443
77968,29754969.31713202
77969,29751473.23994027
77970,29747977.14441786
77971,29744481.03304656
77972,29740984.899646197
77973,29737488.750077177
77974,29733992.587868616
77975,29730496.407693107
77976,29727000.214094996
77977,29723504.0037386
77978,29720007.77630493
77979,29716511.5395705
77980,29713015.288209762
77981,29709519.022719406
77982,29706022.746125862
77983,29702526.45835662
77984,29699030.157543156
77985,29695533.84712511
77986,29692037.526777927
77987,29688541.194060784
77988,29685044.855168384
77989,29681548.505030394
77990,29678052.14939812
77991,29674555.782810766
77992,29671059.41174273
77993,29667563.0322365
77994,29664066.64800002
77995,29660570.2558218
77996,29657073.860461116
77997,29653577.46009061
77998,29650081.054320365
77999,29646584.646401234
78000,29643088.233861346
78001,29639591.82176499
78002,29636095.40598058
78003,29632598.986023042
78004,29629102.56741908
78005,29625606.14827409
78006,29622109.728588466
78007,29618613.31139671
78008,29615116.892468475
78009,29611620.477122247
78010,29608124.061907254
78011,29604627.65069078
78012,29601131.243563063
78013,29597634.836503435
78014,29594138.43639713
78015,29590642.041367512
78016,29587145.64983888
78017,29583649.26529687
78018,29580152.88633117
78019,29576656.512842037
78020,29573160.151093807
78021,29569663.792796966
78022,29566167.446078036
78023,29562671.105323948
78024,29559174.776251834
78025,29555678.455885015
78026,29552182.14652977
78027,29548685.846559748
78028,29545189.56162828
78029,29541693.284539044
78030,29538197.023189668
78031,29534700.774687603
78032,29531204.54171192
78033,29527708.3186034
78034,29524212.11074515
78035,29520715.920632396
78036,29517219.74397734
78037,29513723.58816251
78038,29510227.441883028
78039,29506731.320643574
78040,29503235.2168484
78041,29499739.12782161
78042,29496243.05907586
78043,29492747.008577082
78044,29489250.98248498
78045,29485754.97237229
78046,29482258.985805724
78047,29478763.023304522
78048,29475267.07867673
78049,29471771.158742372
78050,29468275.263303977
78051,29464779.392548576
78052,29461283.544526998
78053,29457787.72464481
78054,29454291.926340397
78055,29450796.15477481
78056,29447300.410638526
78057,29443804.697234
78058,29440309.008349713
78059,29436813.348816622
78060,29433317.716937814
78061,29429822.116228573
78062,29426326.546083834
78063,29422831.004383534
78064,29419335.493939094
78065,29415840.0182991
78066,29412344.572057795
78067,29408849.16110334
78068,29405353.78135322
78069,29401858.43740132
78070,29398363.126840908
78071,29394867.85257132
78072,29391372.61288264
78073,29387877.40753474
78074,29384382.240720782
78075,29380887.113673333
78076,29377392.023474734
78077,29373896.96980337
78078,29370401.9577305
78079,29366906.98411265
78080,29363412.05029712
78081,29359917.157202363
78082,29356422.305660393
78083,29352927.499948274
78084,29349432.728655584
78085,29345938.005934466
78086,29342443.3298335
78087,29338948.69049581
78088,29335454.100072365
78089,29331959.55580636
78090,29328465.05605949
78091,29324970.603010617
78092,29321476.198166262
78093,29317981.837507844
78094,29314487.528706234
78095,29310993.267392352
78096,29307499.054911174
78097,29304004.894247916
78098,29300510.78364978
78099,29297016.72379281
78100,29293522.716151945
78101,29290028.759256553
78102,29286534.85542697
78103,29283041.005696777
78104,29279547.211360138
78105,29276053.469890356
78106,29272559.78522157
78107,29269066.155295387
78108,29265572.58281152
78109,29262079.06927246
78110,29258585.609011956
78111,29255092.210568197
78112,29251598.868080072
78113,29248105.585104663
78114,29244612.363659475
78115,29241119.20077264
78116,29237626.101912033
78117,29234133.062526643
78118,29230640.088400833
78119,29227147.174299307
78120,29223654.32492705
78121,29220161.539471965
78122,29216668.820209313
78123,29213176.163203355
78124,29209683.573881485
78125,29206191.05248685
78126,29202698.5977026
78127,29199206.209187046
78128,29195713.891653243
78129,29192221.638117824
78130,29188729.456051465
78131,29185237.34805703
78132,29181745.30756067
78133,29178253.339729168
78134,29174761.44366515
78135,29171269.617450938
78136,29167777.868082903
78137,29164286.192185048
78138,29160794.589531034
78139,29157303.06183496
78140,29153811.61115619
78141,29150320.236106493
78142,29146828.93464943
78143,29143337.71738111
78144,29139846.571816728
78145,29136355.50961526
78146,29132864.524032596
78147,29129373.620942764
78148,29125882.796333436
78149,29122392.053345867
78150,29118901.391962416
78151,29115410.81264805
78152,29111920.316723023
78153,29108429.904563356
78154,29104939.577883013
78155,29101449.336936407
78156,29097959.178116173
78157,29094469.10962514
78158,29090979.123519085
78159,29087489.227967333
78160,29083999.420256108
78161,29080509.701220103
78162,29077020.06956084
78163,29073530.530118197
78164,29070041.080166213
78165,29066551.72125985
78166,29063062.453899276
78167,29059573.28131249
78168,29056084.199975453
78169,29052595.21247935
78170,29049106.32017728
78171,29045617.522946503
78172,29042128.818695623
78173,29038640.214155022
78174,29035151.705018204
78175,29031663.293990355
78176,29028174.98124309
78177,29024686.76916193
78178,29021198.65395938
78179,29017710.63826342
78180,29014222.726105332
78181,29010734.914368078
78182,29007247.203711517
78183,29003759.595670108
78184,29000272.092160534
78185,28996784.692007735
78186,28993297.400780648
78187,28989810.207311317
78188,28986323.12418808
78189,28982836.14847623
78190,28979349.277037248
78191,28975862.516031783
78192,28972375.864246737
78193,28968889.320546586
78194,28965402.88689081
78195,28961916.563917413
78196,28958430.351123087
78197,28954944.250334967
78198,28951458.263900165
78199,28947972.390470568
78200,28944486.629214548
78201,28941000.981791165
78202,28937515.452531137
78203,28934030.037605643
78204,28930544.737470653
78205,28927059.557333034
78206,28923574.4948542
78207,28920089.55070018
78208,28916604.723341804
78209,28913120.01684689
78210,28909635.433664475
78211,28906150.968965713
78212,28902666.627389126
78213,28899182.407824855
78214,28895698.3114908
78215,28892214.338532683
78216,28888730.492027882
78217,28885246.76769401
78218,28881763.172152713
78219,28878279.70222235
78220,28874796.358859785
78221,28871313.145029176
78222,28867830.057588633
78223,28864347.103486538
78224,28860864.274562016
78225,28857381.579381708
78226,28853899.014215022
78227,28850416.58198416
78228,28846934.280617423
78229,28843452.115046483
78230,28839970.08287344
78231,28836488.18399953
78232,28833006.42079173
78233,28829524.79727315
78234,28826043.306280356
78235,28822561.954714026
78236,28819080.74152843
78237,28815599.666039087
78238,28812118.732362583
78239,28808637.937901396
78240,28805157.284100577
78241,28801676.772324823
78242,28798196.40287114
78243,28794716.176534776
78244,28791236.095282305
78245,28787756.15700633
78246,28784276.36502838
78247,28780796.716879956
78248,28777317.218459766
78249,28773837.865484204
78250,28770358.659645863
78251,28766879.603259604
78252,28763400.698005624
78253,28759921.93946551
78254,28756443.335141283
78255,28752964.881910384
78256,28749486.57984791
78257,28746008.430284996
78258,28742530.436513048
78259,28739052.594911553
78260,28735574.910794135
78261,28732097.38061555
78262,28728620.007908653
78263,28725142.79154878
78264,28721665.735469636
78265,28718188.835595246
78266,28714712.095488712
78267,28711235.516752277
78268,28707759.10013642
78269,28704282.84187022
78270,28700806.748073664
78271,28697330.81390158
78272,28693855.047609944
78273,28690379.44360631
78274,28686904.006118115
78275,28683428.733862717
78276,28679953.630600315
78277,28676478.692129385
78278,28673003.92090988
78279,28669529.32033666
78280,28666054.889916595
78281,28662580.629547074
78282,28659106.539885625
78283,28655632.621489182
78284,28652158.877235923
78285,28648685.303712327
78286,28645211.904739473
78287,28641738.681043215
78288,28638265.632967718
78289,28634792.761284
78290,28631320.06861519
78291,28627847.55272189
78292,28624375.21291483
78293,28620903.055551454
78294,28617431.074644987
78295,28613959.276846975
78296,28610487.65775753
78297,28607016.225478496
78298,28603544.97233286
78299,28600073.905833267
78300,28596603.022799775
78301,28593132.323570665
78302,28589661.81143775
78303,28586191.48560683
78304,28582721.348113354
78305,28579251.39959161
78306,28575781.63699237
78307,28572312.066185504
78308,28568842.683819726
78309,28565373.49689719
78310,28561904.498632964
78311,28558435.69498059
78312,28554967.085010316
78313,28551498.666626956
78314,28548030.447540995
78315,28544562.422048714
78316,28541094.59388148
78317,28537626.961348586
78318,28534159.530107282
78319,28530692.2952776
78320,28527225.25998356
78321,28523758.425562475
78322,28520291.793920174
78323,28516825.3649294
78324,28513359.1369455
78325,28509893.1104176
78326,28506427.29269448
78327,28502961.67879779
78328,28499496.27218861
78329,28496031.069917444
78330,28492566.074328158
78331,28489101.28887572
78332,28485636.710615586
78333,28482172.34251718
78334,28478708.188581735
78335,28475244.245274022
78336,28471780.511990692
78337,28468316.99163639
78338,28464853.687701914
78339,28461390.597607695
78340,28457927.718764376
78341,28454465.060848672
78342,28451002.6180206
78343,28447540.39405101
78344,28444078.387602393
78345,28440616.604299866
78346,28437155.035035413
78347,28433693.69010011
78348,28430232.56641293
78349,28426771.66404069
78350,28423310.987953365
78351,28419850.53294639
78352,28416390.307909217
78353,28412930.30452291
78354,28409470.527191225
78355,28406010.979193624
78356,28402551.660234008
78357,28399092.568394225
78358,28395633.705262706
78359,28392175.076568272
78360,28388716.67847919
78361,28385258.508377682
78362,28381800.57730822
78363,28378342.876752693
78364,28374885.4140524
78365,28371428.18312766
78366,28367971.190241035
78367,28364514.4360836
78368,28361057.91688434
78369,28357601.6392833
78370,28354145.600615688
78371,28350689.80182027
78372,28347234.2437627
78373,28343778.92944918
78374,28340323.858476676
78375,28336869.028863523
78376,28333414.447689716
78377,28329960.109717675
78378,28326506.019294776
78379,28323052.175314523
78380,28319598.57752277
78381,28316145.23098237
78382,28312692.133145805
78383,28309239.286675002
78384,28305786.691474818
78385,28302334.349611975
78386,28298882.25774594
78387,28295430.423007116
78388,28291978.840934753
78389,28288527.516236648
78390,28285076.445144676
78391,28281625.632652316
78392,28278175.079748742
78393,28274724.78315937
78394,28271274.749962118
78395,28267824.976138305
78396,28264375.46402464
78397,28260926.213127717
78398,28257477.225673847
78399,28254028.505011145
78400,28250580.04533246
78401,28247131.852434233
78402,28243683.92835105
78403,28240236.269539017
78404,28236788.88061677
78405,28233341.762395114
78406,28229894.91133271
78407,28226448.333617624
78408,28223002.02658099
78409,28219555.99421554
78410,28216110.233370915
78411,28212664.749177027
78412,28209219.539087087
78413,28205774.603626143
78414,28202329.949326336
78415,28198885.56976678
78416,28195441.469183207
78417,28191997.65106661
78418,28188554.11343789
78419,28185110.85404443
78420,28181667.87761982
78421,28178225.188566223
78422,28174782.781828444
78423,28171340.656903785
78424,28167898.82092895
78425,28164457.27239997
78426,28161016.00886052
78427,28157575.03998806
78428,28154134.354542643
78429,28150693.96179126
78430,28147253.860629227
78431,28143814.050797332
78432,28140374.53448417
78433,28136935.312061343
78434,28133496.384787686
78435,28130057.755197033
78436,28126619.421732463
78437,28123181.38458779
78438,28119743.645180896
78439,28116306.20659032
78440,28112869.070102938
78441,28109432.230685506
78442,28105995.69502345
78443,28102559.465271033
78444,28099123.538232327
78445,28095687.91219888
78446,28092252.598254383
78447,28088817.58667573
78448,28085382.884030037
78449,28081948.49141973
78450,28078514.40635042
78451,28075080.63198936
78452,28071647.17150219
78453,28068214.021289017
78454,28064781.182784878
78455,28061348.66042225
78456,28057916.454705235
78457,28054484.563193843
78458,28051052.985388663
78459,28047621.730017044
78460,28044190.793252964
78461,28040760.17555724
78462,28037329.878022622
78463,28033899.902308494
78464,28030470.24763312
78465,28027040.918672964
78466,28023611.912677176
78467,28020183.232462943
78468,28016754.877783973
78469,28013326.853129275
78470,28009899.152929366
78471,28006471.784312148
78472,28003044.747179184
78473,27999618.03839263
78474,27996191.663682785
78475,27992765.619326722
78476,27989339.9100528
78477,27985914.537568286
78478,27982489.49765866
78479,27979064.79675979
78480,27975640.43247682
78481,27972216.407621484
78482,27968792.72180495
78483,27965369.37805536
78484,27961946.37398673
78485,27958523.712883573
78486,27955101.396289613
78487,27951679.421798542
78488,27948257.79713066
78489,27944836.513814557
78490,27941415.581264213
78491,27937994.996459812
78492,27934574.76149831
78493,27931154.877534743
78494,27927735.342917457
78495,27924316.158671033
78496,27920897.33078017
78497,27917478.85603664
78498,27914060.737136755
78499,27910642.97506192
78500,27907225.57137771
78501,27903808.52242591
78502,27900391.83433559
78503,27896975.506626174
78504,27893559.538561016
78505,27890143.93468284
78506,27886728.69339736
78507,27883313.818145756
78508,27879899.304282658
78509,27876485.158810716
78510,27873071.37813321
78511,27869657.96770653
78512,27866244.925650083
78513,27862832.25195054
78514,27859419.950772688
78515,27856008.02375776
78516,27852596.470933102
78517,27849185.288270235
78518,27845774.48359862
78519,27842364.054471005
78520,27838953.999433964
78521,27835544.32796334
78522,27832135.030330982
78523,27828726.116546348
78524,27825317.582204502
78525,27821909.43234578
78526,27818501.664085936
78527,27815094.281521875
78528,27811687.28356413
78529,27808280.672373064
78530,27804874.447189357
78531,27801468.611342482
78532,27798063.163645133
78533,27794658.10798862
78534,27791253.444094576
78535,27787849.17072941
78536,27784445.294894747
78537,27781041.810088124
78538,27777638.722554985
78539,27774236.029709868
78540,27770833.737502616
78541,27767431.844181124
78542,27764030.34904897
78543,27760629.25567511
78544,27757228.56267722
78545,27753828.274314504
78546,27750428.389305554
78547,27747028.910402272
78548,27743629.836485516
78549,27740231.169542134
78550,27736832.90933513
78551,27733435.063363954
78552,27730037.623201042
78553,27726640.598702118
78554,27723243.984489508
78555,27719847.780592397
78556,27716451.99703565
78557,27713056.626577266
78558,27709661.6730199
78559,27706267.13559808
78560,27702873.020410143
78561,27699479.321766347
78562,27696086.047871504
78563,27692693.193910453
78564,27689300.762658607
78565,27685908.757221017
78566,27682517.175032794
78567,27679126.02106256
78568,27675735.295967713
78569,27672344.99773694
78570,27668955.127035715
78571,27665565.6898356
78572,27662176.684110478
78573,27658788.111919887
78574,27655399.972988896
78575,27652012.27084725
78576,27648625.003784593
78577,27645238.17410899
78578,27641851.78297871
78579,27638465.82731169
78580,27635080.31930392
78581,27631695.253021672
78582,27628310.629911922
78583,27624926.453290634
78584,27621542.718460474
78585,27618159.428803578
78586,27614776.59264546
78587,27611394.19631442
78588,27608012.255386673
78589,27604630.7640875
78590,27601249.72289304
78591,27597869.137483925
78592,27594489.003230236
78593,27591109.326711755
78594,27587730.10457876
78595,27584351.33734205
78596,27580973.032464337
78597,27577595.188661974
78598,27574217.80277596
78599,27570840.87779599
78600,27567464.417627174
78601,27564088.421842113
78602,27560712.888833556
78603,27557337.82849193
78604,27553963.228173986
78605,27550589.1008325
78606,27547215.443975583
78607,27543842.25462401
78608,27540469.53977918
78609,27537097.29644255
78610,27533725.529235803
78611,27530354.236836262
78612,27526983.42376371
78613,27523613.084438168
78614,27520243.226038296
78615,27516873.847807538
78616,27513504.95230913
78617,27510136.53829654
78618,27506768.60519839
78619,27503401.16160134
78620,27500034.202194005
78621,27496667.730845004
78622,27493301.744120643
78623,27489936.249654748
78624,27486571.2475483
78625,27483206.734848917
78626,27479842.7173398
78627,27476479.192337826
78628,27473116.16219441
78629,27469753.62911044
78630,27466391.59404577
78631,27463030.05814805
78632,27459669.022347085
78633,27456308.489136152
78634,27452948.4536149
78635,27449588.92686852
78636,27446229.904019363
78637,27442871.385822583
78638,27439513.376029376
78639,27436155.874240592
78640,27432798.88402605
78641,27429442.40121559
78642,27426086.43191068
78643,27422730.97768542
78644,27419376.035129234
78645,27416021.609947883
78646,27412667.700363163
78647,27409314.310529906
78648,27405961.439690758
78649,27402609.087788705
78650,27399257.260035135
78651,27395905.954701003
78652,27392555.170438632
78653,27389204.915430978
78654,27385855.188923452
78655,27382505.984308336
78656,27379157.31287835
78657,27375809.169249427
78658,27372461.558024753
78659,27369114.481137022
78660,27365767.937253993
78661,27362421.926256463
78662,27359076.453618143
78663,27355731.5186277
78664,27352387.123351026
78665,27349043.26979329
78666,27345699.954554103
78667,27342357.18425577
78668,27339014.954517126
78669,27335673.272205
78670,27332332.136901863
78671,27328991.549358625
78672,27325651.50962434
78673,27322312.02135536
78674,27318973.08341334
78675,27315634.698535535
78676,27312296.867750403
78677,27308959.59241081
78678,27305622.869599197
78679,27302286.710554544
78680,27298951.108947616
78681,27295616.068467397
78682,27292281.585254442
78683,27288947.665414073
78684,27285614.315415468
78685,27282281.524549663
78686,27278949.30468255
78687,27275617.651172966
78688,27272286.56641552
78689,27268956.050335556
78690,27265626.11009763
78691,27262296.73998279
78692,27258967.94748754
78693,27255639.727311637
78694,27252312.084210828
78695,27248985.02345532
78696,27245658.537452977
78697,27242332.635698512
78698,27239007.313838433
78699,27235682.577925246
78700,27232358.425140884
78701,27229034.85789167
78702,27225711.878275402
78703,27222389.48737133
78704,27219067.68604873
78705,27215746.477433275
78706,27212425.861909434
78707,27209105.840754837
78708,27205786.41201935
78709,27202467.581412017
78710,27199149.34776137
78711,27195831.71481644
78712,27192514.679138992
78713,27189198.249466233
78714,27185882.423028447
78715,27182567.19975108
78716,27179252.581093322
78717,27175938.570174582
78718,27172625.169835426
78719,27169312.377813097
78720,27166000.198788907
78721,27162688.63075607
78722,27159377.6777559
78723,27156067.338768985
78724,27152757.61548335
78725,27149448.51220384
78726,27146140.029340006
78727,27142832.16306362
78728,27139524.921862844
78729,27136218.303332306
78730,27132912.309788235
78731,27129606.94148183
78732,27126302.203763302
78733,27122998.09051827
78734,27119694.6125248
78735,27116391.763158392
78736,27113089.545618203
78737,27109787.96359009
78738,27106487.016770992
78739,27103186.708707485
78740,27099887.039311178
78741,27096588.00702994
78742,27093289.619938474
78743,27089991.87291198
78744,27086694.769245546
78745,27083398.31305165
78746,27080102.5010785
78747,27076807.339849833
78748,27073512.829754163
78749,27070218.96733689
78750,27066925.757668305
78751,27063633.20209033
78752,27060341.302027084
78753,27057050.058787577
78754,27053759.47280102
78755,27050469.54843926
78756,27047180.283910412
78757,27043891.67997354
78758,27040603.741750043
78759,27037316.46672788
78760,27034029.86009793
78761,27030743.91998636
78762,27027458.650656912
78763,27024174.05186445
78764,27020890.125449236
78765,27017606.87100095
78766,27014324.29396025
78767,27011042.39093467
78768,27007761.168588243
78769,27004480.626274083
78770,27001200.760336366
78771,26997921.578314193
78772,26994643.083225258
78773,26991365.270482566
78774,26988088.145159274
78775,26984811.70856452
78776,26981535.95871425
78777,26978260.901871864
78778,26974986.53867866
78779,26971712.868667066
78780,26968439.892731693
78781,26965167.614127144
78782,26961896.03452816
78783,26958625.154716082
78784,26955354.973551683
78785,26952085.49773851
78786,26948816.726554517
78787,26945548.660909716
78788,26942281.303107224
78789,26939014.650158297
78790,26935748.709955018
78791,26932483.480069514
78792,26929218.96548939
78793,26925955.162393697
78794,26922692.078191914
78795,26919429.70951013
78796,26916168.059644785
78797,26912907.136285033
78798,26909646.92826365
78799,26906387.44567862
78800,26903128.688227963
78801,26899870.657739904
78802,26896613.353527527
78803,26893356.780847788
78804,26890100.93716984
78805,26886845.827779263
78806,26883591.450804204
78807,26880337.812554043
78808,26877084.90898076
78809,26873832.74520466
78810,26870581.322187345
78811,26867330.639401093
78812,26864080.70111964
78813,26860831.50527039
78814,26857583.058329366
78815,26854335.357244603
78816,26851088.40703317
78817,26847842.207156252
78818,26844596.759173274
78819,26841352.066513814
78820,26838108.129805505
78821,26834864.947724447
78822,26831622.52605046
78823,26828380.8662473
78824,26825139.966481265
78825,26821899.82928349
78826,26818660.45843553
78827,26815421.852818523
78828,26812184.014106147
78829,26808946.948505603
78830,26805710.651547458
78831,26802475.12610774
78832,26799240.376917437
78833,26796006.402359776
78834,26792773.206728082
78835,26789540.788098466
78836,26786309.15250432
78837,26783078.29951582
78838,26779848.227108676
78839,26776618.942599382
78840,26773390.44521061
78841,26770162.734654997
78842,26766935.81653726
78843,26763709.688770454
78844,26760484.35248999
78845,26757259.813154396
78846,26754036.07067337
78847,26750813.125161033
78848,26747590.98242732
78849,26744369.636729863
78850,26741149.09739688
78851,26737929.358943384
78852,26734710.42985181
78853,26731492.30757316
78854,26728274.994921044
78855,26725058.494253572
78856,26721842.806467522
78857,26718627.933318842
78858,26715413.87325579
78859,26712200.632834207
78860,26708988.211644284
78861,26705776.610026676
78862,26702565.832720097
78863,26699355.88100274
78864,26696146.7513027
78865,26692938.452477988
78866,26689730.979017776
78867,26686524.33775689
78868,26683318.531239424
78869,26680113.557371624
78870,26676909.41727598
78871,26673706.117217
78872,26670503.65494877
78873,26667302.032538444
78874,26664101.253919095
78875,26660901.320447553
78876,26657702.232975606
78877,26654503.99128692
78878,26651306.59724845
78879,26648110.05556855
78880,26644914.366825428
78881,26641719.53191706
78882,26638525.553024385
78883,26635332.43045835
78884,26632140.167858608
78885,26628948.76649354
78886,26625758.228887655
78887,26622568.55732206
78888,26619379.751514073
78889,26616191.809421502
78890,26613004.736591082
78891,26609818.535664447
78892,26606633.20897661
78893,26603448.757100023
78894,26600265.182879325
78895,26597082.48169383
78896,26593900.664303765
78897,26590719.727480054
78898,26587539.673569452
78899,26584360.50284611
78900,26581182.22242994
78901,26578004.82759183
78902,26574828.32759457
78903,26571652.714102864
78904,26568477.996477537
78905,26565304.171653144
78906,26562131.246359665
78907,26558959.221964177
78908,26555788.09465289
78909,26552617.870104015
78910,26549448.551182654
78911,26546280.137818027
78912,26543112.631014485
78913,26539946.033571977
78914,26536780.347845215
78915,26533615.573466416
78916,26530451.71577847
78917,26527288.774514
78918,26524126.75064143
78919,26520965.647333633
78920,26517805.464995112
78921,26514646.204292793
78922,26511487.874954198
78923,26508330.46879515
78924,26505173.99216958
78925,26502018.448338207
78926,26498863.833123323
78927,26495710.1529242
78928,26492557.411513265
78929,26489405.605944097
78930,26486254.74175049
78931,26483104.816364568
78932,26479955.835834894
78933,26476807.800973553
78934,26473660.711638883
78935,26470514.573594205
78936,26467369.386915438
78937,26464225.14834664
78938,26461081.86574371
78939,26457939.540707935
78940,26454798.173530735
78941,26451657.76441185
78942,26448518.31868593
78943,26445379.835769825
78944,26442242.3177134
78945,26439105.766948484
78946,26435970.187106974
78947,26432835.57465384
78948,26429701.935500056
78949,26426569.27339328
78950,26423437.585317153
78951,26420306.87643708
78952,26417177.14847954
78953,26414048.40188433
78954,26410920.63632391
78955,26407793.86182829
78956,26404668.07025008
78957,26401543.269935615
78958,26398419.45999968
78959,26395296.645990018
78960,26392174.823155496
78961,26389054.001434945
78962,26385934.177740548
78963,26382815.351730954
78964,26379697.53174072
78965,26376580.71390664
78966,26373464.902049243
78967,26370350.101529766
78968,26367236.30944863
78969,26364123.530916028
78970,26361011.76411229
78971,26357901.015412655
78972,26354791.28219214
78973,26351682.571824335
78974,26348574.88129795
78975,26345468.214680325
78976,26342362.57395161
78977,26339257.960247237
78978,26336154.376736786
78979,26333051.823822882
78980,26329950.303775746
78981,26326849.81942456
78982,26323750.37338125
78983,26320651.96583988
78984,26317554.59650622
78985,26314458.275905438
78986,26311362.99943691
78987,26308268.76619839
78988,26305175.582494996
78989,26302083.449852
78990,26298992.36977518
78991,26295902.34793753
78992,26292813.37978745
78993,26289725.46914772
78994,26286638.62304717
78995,26283552.837280743
78996,26280468.114761624
78997,26277384.460748263
78998,26274301.875496585
78999,26271220.36059175
79000,26268139.916311428
79001,26265060.549907003
79002,26261982.257894773
79003,26258905.046000604
79004,26255828.913265627
79005,26252753.86273576
79006,26249679.89833686
79007,26246607.017228425
79008,26243535.22826807
79009,26240464.528174296
79010,26237394.92171342
79011,26234326.409459166
79012,26231258.993180115
79013,26228192.678494878
79014,26225127.462102644
79015,26222063.347295344
79016,26219000.336911503
79017,26215938.436855704
79018,26212877.6442946
79019,26209817.963572256
79020,26206759.3924572
79021,26203701.939786002
79022,26200645.601119682
79023,26197590.384092946
79024,26194536.287369665
79025,26191483.313374393
79026,26188431.463329602
79027,26185380.74273446
79028,26182331.151883543
79029,26179282.689370733
79030,26176235.364922956
79031,26173189.17170613
79032,26170144.11803299
79033,26167100.2050791
79034,26164057.432997916
79035,26161015.805866167
79036,26157975.323971983
79037,26154935.989906233
79038,26151897.805189237
79039,26148860.776019968
79040,26145824.897917096
79041,26142790.17833013
79042,26139756.613264438
79043,26136724.214971546
79044,26133692.975573186
79045,26130662.90356087
79046,26127633.998306252
79047,26124606.258253116
79048,26121579.694486327
79049,26118554.300667375
79050,26115530.08259268
79051,26112507.046280276
79052,26109485.187887028
79053,26106464.510855597
79054,26103445.01582431
79055,26100426.707103748
79056,26097409.589756005
79057,26094393.66180878
79058,26091378.92765954
79059,26088365.38602918
79060,26085353.040470377
79061,26082341.89883124
79062,26079331.95525227
79063,26076323.216554757
79064,26073315.68202924
79065,26070309.35643075
79066,26067304.23972292
79067,26064300.336140893
79068,26061297.645447917
79069,26058296.173781764
79070,26055295.919032756
79071,26052296.88641898
79072,26049299.074570704
79073,26046302.49228374
79074,26043307.13376951
79075,26040313.006656475
79076,26037320.11011937
79077,26034328.449084505
79078,26031338.02092746
79079,26028348.836293224
79080,26025360.889588006
79081,26022374.18697103
79082,26019388.73048259
79083,26016404.517428
79084,26013421.558964632
79085,26010439.84975489
79086,26007459.395746615
79087,26004480.193904646
79088,26001502.25665803
79089,25998525.577231072
79090,25995550.160898995
79091,25992576.01168145
79092,25989603.124976113
79093,25986631.513871085
79094,25983661.173501164
79095,25980692.10391649
79096,25977724.31579185
79097,25974757.80403577
79098,25971792.57121888
79099,25968828.62748054
79100,25965865.964197155
79101,25962904.593319986
79102,25959944.509195354
79103,25956985.718310848
79104,25954028.223209474
79105,25951072.024361376
79106,25948117.1221547
79107,25945163.52472664
79108,25942211.23257488
79109,25939260.244200278
79110,25936310.568063706
79111,25933362.197422605
79112,25930415.143704414
79113,25927469.404896483
79114,25924524.985276528
79115,25921581.882637
79116,25918640.10193985
79117,25915699.64902177
79118,25912760.522201635
79119,25909822.7245724
79120,25906886.25719141
79121,25903951.128536355
79122,25901017.330063656
79123,25898084.875544578
79124,25895153.75869759
79125,25892223.988173567
79126,25889295.561628986
79127,25886368.482758462
79128,25883442.75437359
79129,25880518.383433793
79130,25877595.3629644
79131,25874673.70228115
79132,25871753.402572785
79133,25868834.462412164
79134,25865916.88466699
79135,25863000.67925686
79136,25860085.8410784
79137,25857172.37643054
79138,25854260.28563232
79139,25851349.573782403
79140,25848440.23663773
79141,25845532.28186765
79142,25842625.711711477
79143,25839720.527778573
79144,25836816.73027265
79145,25833914.32643183
79146,25831013.31761982
79147,25828113.702414956
79148,25825215.486298382
79149,25822318.67194938
79150,25819423.257186454
79151,25816529.250656944
79152,25813636.65246572
79153,25810745.46218699
79154,25807855.687000744
79155,25804967.329775713
79156,25802080.385854017
79157,25799194.863636255
79158,25796310.765037514
79159,25793428.08893997
79160,25790546.84371411
79161,25787667.02691418
79162,25784788.643841524
79163,25781911.692330692
79164,25779036.182055846
79165,25776162.110731583
79166,25773289.481434852
79167,25770418.29856791
79168,25767548.559674203
79169,25764680.276313316
79170,25761813.439077515
79171,25758948.057742473
79172,25756084.136029243
79173,25753221.67313925
79174,25750360.671380486
79175,25747501.136911843
79176,25744643.066148963
79177,25741786.46887811
79178,25738931.341666948
79179,25736077.69036749
79180,25733225.51595569
79181,25730374.821256075
79182,25727525.611110527
79183,25724677.881355386
79184,25721831.64139674
79185,25718986.8923151
79186,25716143.636430297
79187,25713301.87293298
79188,25710461.608176682
79189,25707622.843175557
79190,25704785.581405055
79191,25701949.826348923
79192,25699115.576385994
79193,25696282.838209648
79194,25693451.61166119
79195,25690621.903000694
79196,25687793.711337782
79197,25684967.037673127
79198,25682141.88935194
79199,25679318.26680601
79200,25676496.17440319
79201,25673675.60902611
79202,25670856.579749413
79203,25668039.085290004
79204,25665223.132812466
79205,25662408.71669444
79206,25659595.84885073
79207,25656784.523578495
79208,25653974.748588204
79209,25651166.52702275
79210,25648359.85760155
79211,25645554.747355226
79212,25642751.193535738
79213,25639949.203229085
79214,25637148.77789696
79215,25634349.921635523
79216,25631552.632679753
79217,25628756.916354805
79218,25625962.775581643
79219,25623170.215051923
79220,25620379.232265305
79221,25617589.8329808
79222,25614802.023212243
79223,25612015.796744823
79224,25609231.163175885
79225,25606448.12559887
79226,25603666.682656974
79227,25600886.838412836
79228,25598108.597608928
79229,25595331.95963981
79230,25592556.93179637
79231,25589783.50885396
79232,25587011.69969031
79233,25584241.50832657
79234,25581472.933304153
79235,25578705.977999166
79236,25575940.645292256
79237,25573176.943025466
79238,25570414.863337655
79239,25567654.419902537
79240,25564895.60867058
79241,25562138.432252403
79242,25559382.897981044
79243,25556629.004734203
79244,25553876.754201937
79245,25551126.1558117
79246,25548377.204017185
79247,25545629.903875586
79248,25542884.264322907
79249,25540140.28011344
79250,25537397.958862416
79251,25534657.299453814
79252,25531918.307810575
79253,25529180.985175177
79254,25526445.336364325
79255,25523711.36149929
79256,25520979.063479323
79257,25518248.44610975
79258,25515519.5125992
79259,25512792.265596837
79260,25510066.704240475
79261,25507342.83615549
79262,25504620.66274448
79263,25501900.1857749
79264,25499181.40966156
79265,25496464.337650593
79266,25493748.96599977
79267,25491035.306780037
79268,25488323.35796117
79269,25485613.121293716
79270,25482904.60266104
79271,25480197.8010331
79272,25477492.723064817
79273,25474789.37003668
79274,25472087.745580953
79275,25469387.852902364
79276,25466689.688666407
79277,25463993.26311372
79278,25461298.57605788
79279,25458605.63425002
79280,25455914.432255857
79281,25453224.9796313
79282,25450537.27795186
79283,25447851.33103869
79284,25445167.135689408
79285,25442484.702082064
79286,25439804.0271144
79287,25437125.122648705
79288,25434447.98078549
79289,25431772.61160653
79290,25429099.014027625
79291,25426427.192188248
79292,25423757.14901493
79293,25421088.88862938
79294,25418422.410861842
79295,25415757.72347088
79296,25413094.825125817
79297,25410433.719142184
79298,25407774.409626596
79299,25405116.898441732
79300,25402461.190159276
79301,25399807.28520013
79302,25397155.189327586
79303,25394504.906009465
79304,25391856.431500208
79305,25389209.775661584
79306,25386564.938118372
79307,25383921.92329121
79308,25381280.733465225
79309,25378641.371134263
79310,25376003.84086998
79311,25373368.142240345
79312,25370734.28085411
79313,25368102.26154414
79314,25365472.084034458
79315,25362843.749327384
79316,25360217.266249042
79317,25357592.632991876
79318,25354969.855042946
79319,25352348.933763362
79320,25349729.87109834
79321,25347112.672169477
79322,25344497.338550467
79323,25341883.878084496
79324,25339272.28720386
79325,25336662.569766015
79326,25334054.732278854
79327,25331448.773724757
79328,25328844.700870834
79329,25326242.513733104
79330,25323642.21875541
79331,25321043.814345006
79332,25318447.308062986
79333,25315852.69791392
79334,25313259.990685057
79335,25310669.18777573
79336,25308080.294551563
79337,25305493.310405366
79338,25302908.23853799
79339,25300325.08554436
79340,25297743.852984127
79341,25295164.539514333
79342,25292587.155924052
79343,25290011.699030824
79344,25287438.1764584
79345,25284866.58598963
79346,25282296.932087664
79347,25279729.222697377
79348,25277163.45775641
79349,25274599.637470115
79350,25272037.765783455
79351,25269477.849157013
79352,25266919.88962813
79353,25264363.888059705
79354,25261809.848619528
79355,25259257.774484426
79356,25256707.668614488
79357,25254159.537132744
79358,25251613.37460637
79359,25249069.191890627
79360,25246526.991181444
79361,25243986.77231662
79362,25241448.539926812
79363,25238912.298790704
79364,25236378.050012175
79365,25233845.797452975
79366,25231315.54328781
79367,25228787.28999843
79368,25226261.044837326
79369,25223736.806602173
79370,25221214.577476446
79371,25218694.36507546
79372,25216176.170533836
79373,25213659.996446013
79374,25211145.845766306
79375,25208633.721621543
79376,25206123.626372546
79377,25203615.56805381
79378,25201109.541502368
79379,25198605.558630597
79380,25196103.615689524
79381,25193603.71623122
79382,25191105.86922839
79383,25188610.07360705
79384,25186116.331176933
79385,25183624.6453405
79386,25181135.024697587
79387,25178647.46765391
79388,25176161.97811852
79389,25173678.55659882
79390,25171197.209193967
79391,25168717.944155607
79392,25166240.753088873
79393,25163765.6491941
79394,25161292.62848479
79395,25158821.69990432
79396,25156352.862064898
79397,25153886.121433157
79398,25151421.482382007
79399,25148958.942283735
79400,25146498.50756288
79401,25144040.183426633
79402,25141583.968552317
79403,25139129.870991185
79404,25136677.891060185
79405,25134228.031566754
79406,25131780.297394697
79407,25129334.690141458
79408,25126891.215793446
79409,25124449.877505437
79410,25122010.670206018
79411,25119573.608848643
79412,25117138.68973934
79413,25114705.917054765
79414,25112275.296124794
79415,25109846.826365467
79416,25107420.51564733
79417,25104996.363180913
79418,25102574.372325078
79419,25100154.55222178
79420,25097736.897692624
79421,25095321.41595755
79422,25092908.113992605
79423,25090496.988274068
79424,25088088.047736045
79425,25085681.290497575
79426,25083276.72078701
79427,25080874.347165223
79428,25078474.16553616
79429,25076076.183332045
79430,25073680.405126754
79431,25071286.830416717
79432,25068895.46624824
79433,25066506.314481974
79434,25064119.37395736
79435,25061734.653971847
79436,25059352.153712787
79437,25056971.880226508
79438,25054593.83548255
79439,25052218.020435143
79440,25049844.440024484
79441,25047473.099945813
79442,25045103.998521447
79443,25042737.144400265
79444,25040372.534783676
79445,25038010.175874695
79446,25035650.074409146
79447,25033292.228068568
79448,25030936.64724946
79449,25028583.324520905
79450,25026232.27448541
79451,25023883.493088152
79452,25021536.98442265
79453,25019192.755923215
79454,25016850.80717079
79455,25014511.143212676
79456,25012173.76548343
79457,25009838.678345304
79458,25007505.887382776
79459,25005175.39262001
79460,25002847.19710955
79461,25000521.305799097
79462,24998197.726169154
79463,24995876.454165865
79464,24993557.4965158
79465,24991240.857108053
79466,24988926.537122775
79467,24986614.54209188
79468,24984304.873571012
79469,24981997.535704825
79470,24979692.531235512
79471,24977389.868392084
79472,24975089.541860823
79473,24972791.56087222
79474,24970495.92906763
79475,24968202.64445079
79476,24965911.717667576
79477,24963623.147524673
79478,24961336.938235674
79479,24959053.09592753
79480,24956771.616737477
79481,24954492.510108173
79482,24952215.77909931
79483,24949941.42625045
79484,24947669.450965725
79485,24945399.865067195
79486,24943132.66456774
79487,24940867.856728826
79488,24938605.441508185
79489,24936345.426812734
79490,24934087.81272776
79491,24931832.60239041
79492,24929579.804640196
79493,24927329.414019372
79494,24925081.440465514
79495,24922835.883640446
79496,24920592.75057103
79497,24918352.0408312
79498,24916113.76178955
79499,24913877.914054375
79500,24911644.503309116
79501,24909413.531725354
79502,24907185.000286758
79503,24904958.916333508
79504,24902735.279643785
79505,24900514.09620649
79506,24898295.367827896
79507,24896079.101487428
79508,24893865.295976892
79509,24891653.95886859
79510,24889445.08798845
79511,24887238.693705216
79512,24885034.774881586
79513,24882833.337719094
79514,24880634.379429504
79515,24878437.91302834
79516,24876243.934416223
79517,24874052.448833894
79518,24871863.462201446
79519,24869676.974891853
79520,24867492.99259827
79521,24865311.51831661
79522,24863132.556073762
79523,24860956.10489352
79524,24858782.17246266
79525,24856610.763262533
79526,24854441.874833964
79527,24852275.518513028
79528,24850111.693352558
79529,24847950.4017779
79530,24845791.650430124
79531,24843635.43955525
79532,24841481.77572118
79533,24839330.661557082
79534,24837182.098143335
79535,24835036.092734143
79536,24832892.645227216
79537,24830751.760850146
79538,24828613.44188181
79539,24826477.695194956
79540,24824344.51964787
79541,24822213.921190728
79542,24820085.903280366
79543,24817960.46866297
79544,24815837.623234004
79545,24813717.366806064
79546,24811599.7032351
79547,24809484.639373142
79548,24807372.17557697
79549,24805262.31984925
79550,24803155.066671792
79551,24801050.429288562
79552,24798948.407052726
79553,24796848.999576733
79554,24794752.214503855
79555,24792658.060336273
79556,24790566.529984772
79557,24788477.634067297
79558,24786391.37687691
79559,24784307.753724337
79560,24782226.77947444
79561,24780148.44741713
79562,24778072.765479166
79563,24775999.741501413
79564,24773929.36875006
79565,24771861.66194535
79566,24769796.61545862
79567,24767734.239487432
79568,24765674.53436484
79569,24763617.502582863
79570,24761563.149012104
79571,24759511.478120927
79572,24757462.49059615
79573,24755416.19255557
79574,24753372.58743929
79575,24751331.676596973
79576,24749293.46746539
79577,24747257.958774704
79578,24745225.157797504
79579,24743195.06507807
79580,24741167.68724441
79581,24739143.025738418
79582,24737121.08174194
79583,24735101.864871334
79584,24733085.375752144
79585,24731071.617088802
79586,24729060.59386171
79587,24727052.30638973
79588,24725046.761318382
79589,24723043.96223351
79590,24721043.910530318
79591,24719046.60870281
79592,24717052.067125723
79593,24715060.281333584
79594,24713071.25873503
79595,24711085.00319541
79596,24709101.516851205
79597,24707120.804887697
79598,24705142.868748713
79599,24703167.714501932
79600,24701195.343516894
79601,24699225.756915163
79602,24697258.96271509
79603,24695294.965859152
79604,24693333.765339963
79605,24691375.36554875
79606,24689419.76950031
79607,24687466.984755877
79608,24685517.01238098
79609,24683569.854018424
79610,24681625.515291404
79611,24679684.00288156
79612,24677745.310518287
79613,24675809.453378364
79614,24673876.42665137
79615,24671946.237867534
79616,24670018.889912203
79617,24668094.383636065
79618,24666172.72715262
79619,24664253.92217094
79620,24662337.96875511
79621,24660424.879362077
79622,24658514.646680597
79623,24656607.27976127
79624,24654702.78476432
79625,24652801.159100644
79626,24650902.409539856
79627,24649006.541915808
79628,24647113.552352343
79629,24645223.4553471
79630,24643336.246572163
79631,24641451.928390678
79632,24639570.509073816
79633,24637691.992623657
79634,24635816.377624203
79635,24633943.67444775
79636,24632073.876909003
79637,24630206.99736728
79638,24628343.036631186
79639,24626481.994807094
79640,24624623.88271036
79641,24622768.698846783
79642,24620916.445315912
79643,24619067.128053203
79644,24617220.75224661
79645,24615377.31746213
79646,24613536.83253926
79647,24611699.29769095
79648,24609864.71354458
79649,24608033.0898333
79650,24606204.423533473
79651,24604378.727232236
79652,24602555.99481518
79653,24600736.233054884
79654,24598919.447156988
79655,24597105.641512066
79656,24595294.81798627
79657,24593486.980154675
79658,24591682.127538808
79659,24589880.274186336
79660,24588081.412855543
79661,24586285.550873343
79662,24584492.692279562
79663,24582702.84464479
79664,24580916.00482502
79665,24579132.178037394
79666,24577351.37109625
79667,24575573.584760617
79668,24573798.819411557
79669,24572027.084219355
79670,24570258.383436628
79671,24568492.713379044
79672,24566730.08479173
79673,24564970.49623633
79674,24563213.956398487
79675,24561460.461655762
79676,24559710.02343815
79677,24557962.640254807
79678,24556218.316236507
79679,24554477.05555776
79680,24552738.864596434
79681,24551003.740574546
79682,24549271.68973316
79683,24547542.716933925
79684,24545816.829418033
79685,24544094.020551886
79686,24542374.303008214
79687,24540657.675948907
79688,24538944.1440068
79689,24537233.708359588
79690,24535526.377997745
79691,24533822.1521095
79692,24532121.034833927
79693,24530423.030859344
79694,24528728.141559273
79695,24527036.372586653
79696,24525347.725288358
79697,24523662.207838323
79698,24521979.816083115
79699,24520300.560437255
79700,24518624.44094793
79701,24516951.462494936
79702,24515281.62843224
79703,24513614.939047776
79704,24511951.404330373
79705,24510291.022305664
79706,24508633.797740303
79707,24506979.735212423
79708,24505328.836152904
79709,24503681.107678164
79710,24502036.54868712
79711,24500395.16821101
79712,24498756.965200372
79713,24497121.9429107
79714,24495490.109428063
79715,24493861.46440128
79716,24492236.010191116
79717,24490613.752936874
79718,24488994.69503581
79719,24487378.84166895
79720,24485766.19259795
79721,24484156.753561415
79722,24482550.53341345
79723,24480947.52561474
79724,24479347.73679003
79725,24477751.173547387
79726,24476157.83952481
79727,24474567.73467836
79728,24472980.864843953
79729,24471397.230770692
79730,24469816.84044623
79731,24468239.691809546
79732,24466665.79396279
79733,24465095.14471798
79734,24463527.751045924
79735,24461963.61684053
79736,24460402.74489877
79737,24458845.136781223
79738,24457290.79724226
79739,24455739.72891163
79740,24454191.938086193
79741,24452647.424528327
79742,24451106.19379869
79743,24449568.250444826
79744,24448033.592743132
79745,24446502.22924388
79746,24444974.16284355
79747,24443449.393385302
79748,24441927.928231247
79749,24440409.771306567
79750,24438894.919318136
79751,24437383.38316908
79752,24435875.164311774
79753,24434370.2609841
79754,24432868.68336901
79755,24431370.431672104
79756,24429875.509386458
79757,24428383.92140554
79758,24426895.66926031
79759,24425410.756652094
79760,24423929.189855047
79761,24422450.965373904
79762,24420976.09541944
79763,24419504.576789852
79764,24418036.414478038
79765,24416571.614725877
79766,24415110.175166845
79767,24413652.10471307
79768,24412197.404974807
79769,24410746.074985776
79770,24409298.12753139
79771,24407853.556177076
79772,24406412.369215515
79773,24404974.56833967
79774,24403540.160215616
79775,24402109.144093383
79776,24400681.525417812
79777,24399257.30538274
79778,24397836.489351984
79779,24396419.081922516
79780,24395005.08242829
79781,24393594.498328805
79782,24392187.328335516
79783,24390783.581725948
79784,24389383.25730587
79785,24387986.35714412
79786,24386592.89005402
79787,24385202.854038328
79788,24383816.25466787
79789,24382433.09510961
79790,24381053.3783905
79791,24379677.110235333
79792,24378304.289695017
79793,24376934.920137953
79794,24375569.009865474
79795,24374206.55684321
79796,24372847.56863133
79797,24371492.045246072
79798,24370139.98836126
79799,24368791.40759764
79800,24367446.301428426
79801,24366104.67321864
79802,24364766.52906468
79803,24363431.86511871
79804,24362100.6959365
79805,24360773.013284907
79806,24359448.826524105
79807,24358128.14160879
79808,24356810.95511288
79809,24355497.273811422
79810,24354187.100450873
79811,24352880.437612653
79812,24351577.287779346
79813,24350277.657668523
79814,24348981.543867826
79815,24347688.958476417
79816,24346399.899218783
79817,24345114.36789472
79818,24343832.37034446
79819,24342553.908962287
79820,24341278.988147758
79821,24340007.608648475
79822,24338739.77646614
79823,24337475.491154663
79824,24336214.761097673
79825,24334957.58321429
79826,24333703.96590244
79827,24332453.906575903
79828,24331207.415634908
79829,24329964.488280427
79830,24328725.136202876
79831,24327489.35520688
79832,24326257.152292248
79833,24325028.5298592
79834,24323803.490028832
79835,24322582.03656667
79836,24321364.171892855
79837,24320149.900344368
79838,24318939.22336465
79839,24317732.14531747
79840,24316528.67015872
79841,24315328.796591476
79842,24314132.53566905
79843,24312939.883450866
79844,24311750.84439411
79845,24310565.42125743
79846,24309383.61785405
79847,24308205.441550102
79848,24307030.887089454
79849,24305859.96258306
79850,24304692.67283327
79851,24303529.013575014
79852,24302368.995838836
79853,24301212.61990078
79854,24300059.883595385
79855,24298910.796350427
79856,24297765.361073658
79857,24296623.577017922
79858,24295485.447104275
79859,24294350.97979791
79860,24293220.173781347
79861,24292093.0316911
79862,24290969.55549922
79863,24289849.752449468
79864,24288733.62235474
79865,24287621.16927874
79866,24286512.394165035
79867,24285407.30398662
79868,24284305.895764556
79869,24283208.179356493
79870,24282114.1508413
79871,24281023.81740564
79872,24279937.184140515
79873,24278854.25068487
79874,24277775.015003193
79875,24276699.48705614
79876,24275627.669590715
79877,24274559.56035388
79878,24273495.16570992
79879,24272434.492174026
79880,24271377.53647095
79881,24270324.301500555
79882,24269274.79374622
79883,24268229.013323557
79884,24267186.96552943
79885,24266148.65175293
79886,24265114.074305106
79887,24264083.236722432
79888,24263056.138469048
79889,24262032.79198834
79890,24261013.18878732
79891,24259997.33974116
79892,24258985.243107814
79893,24257976.901798405
79894,24256972.31844359
79895,24255971.499032646
79896,24254974.444747
79897,24253981.1580293
79898,24252991.640685022
79899,24252005.89544893
79900,24251023.925129376
79901,24250045.73659824
79902,24249071.325766046
79903,24248100.699503355
79904,24247133.859963488
79905,24246170.80860927
79906,24245211.552729107
79907,24244256.08749787
79908,24243304.420092117
79909,24242356.554385696
79910,24241412.49005134
79911,24240472.228160396
79912,24239535.779861152
79913,24238603.139376264
79914,24237674.309159882
79915,24236749.29688354
79916,24235828.1049252
79917,24234910.728238795
79918,24233997.17912633
79919,24233087.45665949
79920,24232181.562360235
79921,24231279.497672517
79922,24230381.267106637
79923,24229486.875927385
79924,24228596.32034618
79925,24227709.607620735
79926,24226826.739913613
79927,24225947.718494013
79928,24225072.544406526
79929,24224201.223524295
79930,24223333.757191837
79931,24222470.145751137
79932,24221610.394498874
79933,24220754.505484875
79934,24219902.479963664
79935,24219054.321536962
79936,24218210.035771742
79937,24217369.615235727
79938,24216533.073096488
79939,24215700.40600253
79940,24214871.61941509
79941,24214046.71221454
79942,24213225.691102516
79943,24212408.553512238
79944,24211595.30653837
79945,24210785.950829424
79946,24209980.487598497
79947,24209178.921175864
79948,24208381.252497066
79949,24207587.48305728
79950,24206797.62055772
79951,24206011.661717664
79952,24205229.60894028
79953,24204451.46752369
79954,24203677.23915038
79955,24202906.92673174
79956,24202140.527555395
79957,24201378.050957598
79958,24200619.494405024
79959,24199864.86347231
79960,24199114.15623656
79961,24198367.38257287
79962,24197624.535313178
