epoch,phase,cycle_slip
53491,30172126.393353514,0
53492,30170927.982798528,0
53493,30169729.41157397,0
53494,30168530.68248261,0
53495,30167331.792127058,0
53496,30166132.74163473,0
53497,30164933.53029721,0
53498,30163734.158791162,0
53499,30162534.628329124,0
53500,30161334.937802367,0
53501,30160135.092227124,0
53502,30158935.083100468,0
53503,30157734.914933287,0
53504,30156534.586696845,0
53505,30155334.10165392,0
53506,30154133.45630451,0
53507,30152932.65586831,0
53508,30151731.692639142,0
53509,30150530.569592435,0
53510,30149329.292843554,0
53511,30148127.8523088,0
53512,30146926.25681233,0
53513,30145724.501953665,0
53514,30144522.588451285,0
53515,30143320.5170866,0
53516,30142118.288266823,0
53517,30140915.90089186,0
53518,30139713.356553063,0
53519,30138510.65401526,0
53520,30137307.793012366,0
53521,30136104.776932813,0
53522,30134901.59987161,0
53523,30133698.26865529,0
53524,30132494.778258726,0
53525,30131291.130935974,0
53526,30130087.32770549,0
53527,30128883.36656836,0
53528,30127679.250299793,0
53529,30126474.975221183,0
53530,30125270.545719683,0
53531,30124065.955891095,0
53532,30122861.21069224,0
53533,30121656.312982243,0
53534,30120451.257757533,0
53535,30119246.043817382,0
53536,30118040.673623383,0
53537,30116835.14882085,0
53538,30115629.47128557,0
53539,30114423.63253156,0
53540,30113217.639879733,0
53541,30112011.494498495,0
53542,30110805.19010122,0
53543,30109598.729785684,0
53544,30108392.120181948,0
53545,30107185.349788155,0
53546,30105978.423712716,0
53547,30104771.347653966,0
53548,30103564.111354526,0
53549,30102356.722646132,0
53550,30101149.179519136,0
53551,30099941.48440917,0
53552,30098733.632073216,0
53553,30097525.62263458,0
53554,30096317.463736676,0
53555,30095109.144383643,0
53556,30093900.67811258,0
53557,30092692.055076074,0
53558,30091483.277814504,0
53559,30090274.34516111,0
53560,30089065.260703653,0
53561,30087856.020848267,0
53562,30086646.629490025,0
53563,30085437.083769094,0
53564,30084227.384846166,0
53565,30083017.534100477,0
53566,30081807.52793933,0
53567,30080597.371133957,0
53568,30079387.05846026,0
53569,30078176.596327372,0
53570,30076965.978536576,0
53571,30075755.207742646,0
53572,30074544.285968095,0
53573,30073333.210458785,0
53574,30072121.984602693,0
53575,30070910.60433933,0
53576,30069699.075364485,0
53577,30068487.390332922,0
53578,30067275.555701897,0
53579,30066063.56585926,0
53580,30064851.4288895,0
53581,30063639.13812009,0
53582,30062426.697164014,0
53583,30061214.10303038,0
53584,30060001.35840168,0
53585,30058788.46140939,0
53586,30057575.414585836,0
53587,30056362.21506524,0
53588,30055148.863560297,0
53589,30053935.364233404,0
53590,30052721.712866135,0
53591,30051507.907512154,0
53592,30050293.957021642,0
53593,30049079.85682642,0
53594,30047865.600839496,0
53595,30046651.197018165,0
53596,30045436.64073191,0
53597,30044221.93722427,0
53598,30043007.08468882,0
53599,30041792.079441674,0
53600,30040576.9246656,0
53601,30039361.62320331,0
53602,30038146.16769679,0
53603,30036930.564046796,0
53604,30035714.81289299,0
53605,30034498.91019458,0
53606,30033282.859099694,0
53607,30032066.65960785,0
53608,30030850.30972226,0
53609,30029633.8104368,0
53610,30028417.1655384,0
53611,30027200.369957335,0
53612,30025983.42428504,0
53613,30024766.332029894,0
53614,30023549.08944196,0
53615,30022331.697926305,0
53616,30021114.162479527,0
53617,30019896.475049466,0
53618,30018678.64078103,0
53619,30017460.658018146,0
53620,30016242.527547598,0
53621,30015024.249683388,0
53622,30013805.823819403,0
53623,30012587.251440395,0
53624,30011368.529632743,0
53625,30010149.661985103,0
53626,30008930.64662305,0
53627,30007711.480602674,0
53628,30006492.173476614,0
53629,30005272.715823933,0
53630,30004053.111712355,0
53631,30002833.36144605,0
53632,30001613.46270079,0
53633,30000393.419451054,0
53634,29999173.22714456,0
53635,29997952.88971232,0
53636,29996732.408243418,0
53637,29995511.77799216,0
53638,29994291.00226832,0
53639,29993070.079640094,0
53640,29991849.013049528,0
53641,29990627.798603885,0
53642,29989406.439603966,0
53643,29988184.934129786,0
53644,29986963.283223186,0
53645,29985741.487766966,0
53646,29984519.54774547,0
53647,29983297.459407184,0
53648,29982075.227905303,0
53649,29980852.850847322,0
53650,29979630.328581676,0
53651,29978407.66367743,0
53652,29977184.84953616,0
53653,29975961.894579485,0
53654,29974738.79300294,0
53655,29973515.549107004,0
53656,29972292.158975918,0
53657,29971068.626032602,0
53658,29969844.947396453,0
53659,29968621.12445546,0
53660,29967397.158827756,0
53661,29966173.04872345,0
53662,29964948.792971414,0
53663,29963724.39694233,0
53664,29962499.855137955,0
53665,29961275.170485057,0
53666,29960050.34132349,0
53667,29958825.369289897,0
53668,29957600.254298076,0
53669,29956374.9939841,0
53670,29955149.59571231,0
53671,29953924.05495654,0
53672,29952698.36659881,0
53673,29951472.536614638,0
53674,29950246.5651348,0
53675,29949020.449246276,0
53676,29947794.191999055,0
53677,29946567.792634644,0
53678,29945341.250469193,0
53679,29944114.56667538,0
53680,29942887.741377883,0
53681,29941660.773560587,0
53682,29940433.665059756,0
53683,29939206.413227767,0
53684,29937979.01751642,0
53685,29936751.48393281,0
53686,29935523.80687047,0
53687,29934295.987737328,0
53688,29933068.03152028,0
53689,29931839.931912646,0
53690,29930611.690221235,0
53691,29929383.30841055,0
53692,29928154.784569044,0
53693,29926926.12000968,0
53694,29925697.31610473,0
53695,29924468.372672603,0
53696,29923239.286005437,0
53697,29922010.05802912,0
53698,29920780.693288162,0
53699,29919551.18782637,0
53700,29918321.540591862,0
53701,29917091.75437582,0
53702,29915861.824936636,0
53703,29914631.760061905,0
53704,29913401.55337071,0
53705,29912171.20846584,0
53706,29910940.721639805,0
53707,29909710.096803688,0
53708,29908479.333508898,0
53709,29907248.429189418,0
53710,29906017.38782444,0
53711,29904786.20393143,0
53712,29903554.886600718,0
53713,29902323.423240136,0
53714,29901091.828773472,0
53715,29899860.090471424,0
53716,29898628.21422369,0
53717,29897396.20199847,0
53718,29896164.05050083,0
53719,29894931.760289047,0
53720,29893699.33159738,0
53721,29892466.762876987,0
53722,29891234.05922399,0
53723,29890001.21464182,0
53724,29888768.23611397,0
53725,29887535.118298788,0
53726,29886301.861919824,0
53727,29885068.46729894,0
53728,29883834.937982902,0
53729,29882601.27262577,0
53730,29881367.466047812,0
53731,29880133.523004204,0
53732,29878899.44415261,0
53733,29877665.228607208,0
53734,29876430.873769216,0
53735,29875196.384199098,0
53736,29873961.75871721,0
53737,29872726.996175405,0
53738,29871492.099287327,0
53739,29870257.06204105,0
53740,29869021.88969801,0
53741,29867786.58238052,0
53742,29866551.136369854,0
53743,29865315.557620026,0
53744,29864079.842060827,0
53745,29862843.990326792,0
53746,29861608.005469766,0
53747,29860371.882230308,0
53748,29859135.622238673,0
53749,29857899.228702456,0
53750,29856662.699968137,0
53751,29855426.03713435,0
53752,29854189.23854704,0
53753,29852952.304818213,0
53754,29851715.234569255,0
53755,29850478.031810377,0
53756,29849240.693658486,0
53757,29848003.222054485,0
53758,29846765.61428959,0
53759,29845527.870349627,0
53760,29844289.993879393,0
53761,29843051.985436194,0
53762,29841813.84059686,0
53763,29840575.56195989,0
53764,29839337.14994813,0
53765,29838098.605261747,0
53766,29836859.9234472,0
53767,29835621.11345591,0
53768,29834382.16403185,0
53769,29833143.08510583,0
53770,29831903.87020734,0
53771,29830664.522537388,0
53772,29829425.04396221,0
53773,29828185.429876897,0
53774,29826945.685368076,0
53775,29825705.80645014,0
53776,29824465.79429643,0
53777,29823225.65101655,0
53778,29821985.3752334,0
53779,29820744.9649665,0
53780,29819504.4228792,0
53781,29818263.75028546,0
53782,29817022.94444831,0
53783,29815782.005783573,0
53784,29814540.937541164,0
53785,29813299.734101877,0
53786,29812058.40235462,0
53787,29810816.935005732,0
53788,29809575.339730192,0
53789,29808333.610401902,0
53790,29807091.75125168,0
53791,29805849.75803495,0
53792,29804607.640121434,0
53793,29803365.385071766,0
53794,29802123.001581278,0
53795,29800880.484101072,0
53796,29799637.839766137,0
53797,29798395.062829494,0
53798,29797152.1547612,0
53799,29795909.11940651,0
53800,29794665.950159434,0
53801,29793422.651537467,0
53802,29792179.22357833,0
53803,29790935.66334133,0
53804,29789691.97557718,0
53805,29788448.156800408,0
53806,29787204.20831014,0
53807,29785960.130937483,0
53808,29784715.921585247,0
53809,29783471.584041648,0
53810,29782227.117078483,0
53811,29780982.520814616,0
53812,29779737.79710351,0
53813,29778492.941311512,0
53814,29777247.958733227,0
53815,29776002.845353868,0
53816,29774757.602722257,0
53817,29773512.231841035,0
53818,29772266.73298265,0
53819,29771021.106062513,0
53820,29769775.35202074,0
53821,29768529.46797539,0
53822,29767283.454163995,0
53823,29766037.314214215,0
53824,29764791.043865386,0
53825,29763544.6469393,0
53826,29762298.123595335,0
53827,29761051.470455874,0
53828,29759804.690792702,0
53829,29758557.78228155,0
53830,29757310.74652448,0
53831,29756063.58394902,0
53832,29754816.294429094,0
53833,29753568.877108287,0
53834,29752321.33156913,0
53835,29751073.660995062,0
53836,29749825.861291956,0
53837,29748577.937336132,0
53838,29747329.884911086,0
53839,29746081.70430337,0
53840,29744833.40454438,0
53841,29743584.970111858,0
53842,29742336.412154198,0
53843,29741087.730688225,0
53844,29739838.917718492,0
53845,29738589.98121664,0
53846,29737340.920289364,0
53847,29736091.731972646,0
53848,29734842.418044146,0
53849,29733592.978322007,0
53850,29732343.4140434,0
53851,29731093.72539487,0
53852,29729843.906304765,0
53853,29728593.967640582,0
53854,29727343.902042653,0
53855,29726093.70851312,0
53856,29724843.393164232,0
53857,29723592.951429524,0
53858,29722342.38380783,0
53859,29721091.696030628,0
53860,29719840.879537154,0
53861,29718589.939173862,0
53862,29717338.87396562,0
53863,29716087.687497053,0
53864,29714836.374410413,0
53865,29713584.938036375,0
53866,29712333.37714516,0
53867,29711081.691019908,0
53868,29709829.879837196,0
53869,29708577.950848773,0
53870,29707325.89485765,0
53871,29706073.715746112,0
53872,29704821.414215874,0
53873,29703568.986430053,0
53874,29702316.43771408,0
53875,29701063.764800098,0
53876,29699810.967395347,0
53877,29698558.048899632,0
53878,29697305.009902384,0
53879,29696051.84367452,0
53880,29694798.55807137,0
53881,29693545.14726637,0
53882,29692291.617161598,0
53883,29691037.962420963,0
53884,29689784.185364477,0
53885,29688530.287644908,0
53886,29687276.266478118,0
53887,29686022.122757122,0
53888,29684767.858870048,0
53889,29683513.473120455,0
53890,29682258.96546367,0
53891,29681004.33454009,0
53892,29679749.585273117,0
53893,29678494.710161828,0
53894,29677239.715467833,0
53895,29675984.60052743,0
53896,29674729.36573463,0
53897,29673474.008551784,0
53898,29672218.530546445,0
53899,29670962.93081657,0
53900,29669707.214053653,0
53901,29668451.373058464,0
53902,29667195.409595955,0
53903,29665939.329400934,0
53904,29664683.12798149,0
53905,29663426.80681066,0
53906,29662170.36265395,0
53907,29660913.800474208,0
53908,29659657.11903348,0
53909,29658400.319971226,0
53910,29657143.39627454,0
53911,29655886.356544122,0
53912,29654629.195571765,0
53913,29653371.914588377,0
53914,29652114.516015146,0
53915,29650856.995111164,0
53916,29649599.357846282,0
53917,29648341.599004906,0
53918,29647083.72524483,0
53919,29645825.72939872,0
53920,29644567.61863999,0
53921,29643309.38407968,0
53922,29642051.033819955,0
53923,29640792.5641384,0
53924,29639533.975495104,0
53925,29638275.270350903,0
53926,29637016.44497361,0
53927,29635757.502890278,0
53928,29634498.444235954,0
53929,29633239.26361939,0
53930,29631979.96663113,0
53931,29630720.552462284,0
53932,29629461.02147428,0
53933,29628201.37253461,0
53934,29626941.605906233,0
53935,29625681.720361,0
53936,29624421.71853842,0
53937,29623161.601551924,0
53938,29621901.36725449,0
53939,29620641.01498728,0
53940,29619380.546256833,0
53941,29618119.960290104,0
53942,29616859.256895676,0
53943,29615598.43728267,0
53944,29614337.50326927,0
53945,29613076.451052647,0
53946,29611815.28154175,0
53947,29610553.998895027,0
53948,29609292.598786082,0
53949,29608031.082197573,0
53950,29606769.45006853,0
53951,29605507.70026302,0
53952,29604245.83808531,0
53953,29602983.85770253,0
53954,29601721.765035726,0
53955,29600459.553615913,0
53956,29599197.227579083,0
53957,29597934.788087554,0
53958,29596672.229977004,0
53959,29595409.56013303,0
53960,29594146.776000682,0
53961,29592883.87394143,0
53962,29591620.857919883,0
53963,29590357.727512542,0
53964,29589094.48229835,0
53965,29587831.124028377,0
53966,29586567.650214087,0
53967,29585304.063278034,0
53968,29584040.361730367,0
53969,29582776.54711525,0
53970,29581512.61605409,0
53971,29580248.572349213,0
53972,29578984.416559786,0
53973,29577720.145436138,0
53974,29576455.759999707,0
53975,29575191.26288124,0
53976,29573926.650685605,0
53977,29572661.926128443,0
53978,29571397.090112835,0
53979,29570132.137558453,0
53980,29568867.07344436,0
53981,29567601.897135183,0
53982,29566336.60562889,0
53983,29565071.20520965,0
53984,29563805.690818746,0
53985,29562540.065231483,0
53986,29561274.32362478,0
53987,29560008.471945494,0
53988,29558742.50761865,0
53989,29557476.433191538,0
53990,29556210.24355897,0
53991,29554943.940817874,0
53992,29553677.531386446,0
53993,29552411.005373213,0
53994,29551144.370194376,0
53995,29549877.62254371,0
53996,29548610.767223384,0
53997,29547343.796803754,0
53998,29546076.71581977,0
53999,29544809.523448557,0
54000,29543542.219875433,0
54001,29542274.804682042,0
54002,29541007.280166432,0
54003,29539739.643640865,0
54004,29538471.89683738,0
54005,29537204.040011007,0
54006,29535936.075496264,0
54007,29534667.994874775,0
54008,29533399.80809375,0
54009,29532131.510823496,0
54010,29530863.1010944,0
54011,29529594.581103597,0
54012,29528325.952840026,0
54013,29527057.215584114,0
54014,29525788.369910825,0
54015,29524519.41166306,0
54016,29523250.343854852,0
54017,29521981.166782457,0
54018,29520711.88172074,0
54019,29519442.486667998,0
54020,29518172.982678406,0
54021,29516903.36861267,0
54022,29515633.646658756,0
54023,29514363.81711546,0
54024,29513093.876126032,0
54025,29511823.828521464,0
54026,29510553.672495414,0
54027,29509283.407670613,0
54028,29508013.03498094,0
54029,29506742.55088533,0
54030,29505471.96100589,0
54031,29504201.26562049,0
54032,29502930.460086238,0
54033,29501659.543595,0
54034,29500388.522253457,0
54035,29499117.394430522,0
54036,29497846.157143172,0
54037,29496574.812880084,0
54038,29495303.3603882,0
54039,29494031.80294639,0
54040,29492760.13585643,0
54041,29491488.36259595,0
54042,29490216.481509134,0
54043,29488944.49630452,0
54044,29487672.40121947,0
54045,29486400.200894665,0
54046,29485127.894876357,0
54047,29483855.47887065,0
54048,29482582.959642425,0
54049,29481310.33165962,0
54050,29480037.599956296,0
54051,29478764.76290027,0
54052,29477491.815169167,0
54053,29476218.766107533,0
54054,29474945.610795897,0
54055,29473672.34731726,0
54056,29472398.978112902,0
54057,29471125.503961664,0
54058,29469851.92406532,0
54059,29468578.243120085,0
54060,29467304.451437403,0
54061,29466030.55519093,0
54062,29464756.556036856,0
54063,29463482.451071914,0
54064,29462208.241870176,0
54065,29460933.93018859,0
54066,29459659.509474196,0
54067,29458384.985199008,0
54068,29457110.35758446,0
54069,29455835.62549833,0
54070,29454560.787171677,0
54071,29453285.846861757,0
54072,29452010.799451135,0
54073,29450735.649891194,0
54074,29449460.3964714,0
54075,29448185.040729474,0
54076,29446909.577017915,0
54077,29445634.016560886,0
54078,29444358.3468034,0
54079,29443082.57675308,0
54080,29441806.69982987,0
54081,29440530.724389322,0
54082,29439254.643575188,0
54083,29437978.45816371,0
54084,29436702.17150759,0
54085,29435425.78001942,0
54086,29434149.288400248,0
54087,29432872.693975545,0
54088,29431595.99478466,0
54089,29430319.19623059,0
54090,29429042.290166046,0
54091,29427765.286590405,0
54092,29426488.17778877,0
54093,29425210.97073445,0
54094,29423933.658927277,0
54095,29422656.24579645,0
54096,29421378.731750652,0
54097,29420101.11406784,0
54098,29418823.398898117,0
54099,29417545.577134944,0
54100,29416267.655182928,0
54101,29414989.63199239,0
54102,29413711.508054644,0
54103,29412433.28458094,0
54104,29411154.95777251,0
54105,29409876.5325179,0
54106,29408598.00384184,0
54107,29407319.375507683,0
54108,29406040.64672535,0
54109,29404761.816940684,0
54110,29403482.887406003,0
54111,29402203.85888494,0
54112,29400924.726789467,0
54113,29399645.495948087,0
54114,29398366.165527,0
54115,29397086.733882114,0
54116,29395807.202409204,0
54117,29394527.569963854,0
54118,29393247.840866257,0
54119,29391968.014019493,0
54120,29390688.08451133,0
54121,29389408.05547826,0
54122,29388127.930181216,0
54123,29386847.70078252,0
54124,29385567.37235427,0
54125,29384286.95036334,0
54126,29383006.42676442,0
54127,29381725.80350416,0
54128,29380445.082426626,0
54129,29379164.25933921,0
54130,29377883.342522543,0
54131,29376602.324500356,0
54132,29375321.210426953,0
54133,29374039.997764803,0
54134,29372758.684080273,0
54135,29371477.27526341,0
54136,29370195.7659544,0
54137,29368914.161184233,0
54138,29367632.457306415,0
54139,29366350.65858464,0
54140,29365068.75710713,0
54141,29363786.76221499,0
54142,29362504.67006848,0
54143,29361222.47605536,0
54144,29359940.190557636,0
54145,29358657.805284623,0
54146,29357375.32255665,0
54147,29356092.74563157,0
54148,29354810.07051852,0
54149,29353527.29715322,0
54150,29352244.427292854,0
54151,29350961.46073492,0
54152,29349678.400548,0
54153,29348395.242090594,0
54154,29347111.987813715,0
54155,29345828.636954498,0
54156,29344545.19038966,0
54157,29343261.648601122,0
54158,29341978.00910896,0
54159,29340694.27741152,0
54160,29339410.44600947,0
54161,29338126.521741334,0
54162,29336842.500716485,0
54163,29335558.385753483,0
54164,29334274.174508363,0
54165,29332989.868072763,0
54166,29331705.464988902,0
54167,29330420.969592743,0
54168,29329136.380146243,0
54169,29327851.69218838,0
54170,29326566.9128893,0
54171,29325282.036559206,0
54172,29323997.06650452,0
54173,29322712.002857476,0
54174,29321426.843403034,0
54175,29320141.59250319,0
54176,29318856.244017247,0
54177,29317570.80468852,0
54178,29316285.270569026,0
54179,29314999.64145955,0
54180,29313713.91829213,0
54181,29312428.103254087,0
54182,29311142.193017352,0
54183,29309856.19079537,0
54184,29308570.094406508,0
54185,29307283.90485561,0
54186,29305997.62379445,0
54187,29304711.24865084,0
54188,29303424.780275133,0
54189,29302138.21816689,0
54190,29300851.565340783,0
54191,29299564.81648155,0
54192,29298277.979166307,0
54193,29296991.047045317,0
54194,29295704.02205805,0
54195,29294416.905847568,0
54196,29293129.69808692,0
54197,29291842.39705434,0
54198,29290555.004007548,0
54199,29289267.51875709,0
54200,29287979.94194796,0
54201,29286692.274945054,0
54202,29285404.514052413,0
54203,29284116.66478047,0
54204,29282828.71971284,0
54205,29281540.687916405,0
54206,29280252.562234122,0
54207,29278964.345848273,0
54208,29277676.038759008,0
54209,29276387.637968212,0
54210,29275099.151386466,0
54211,29273810.571197443,0
54212,29272521.90080168,0
54213,29271233.143819932,0
54214,29269944.287898906,0
54215,29268655.34791532,0
54216,29267366.314693343,0
54217,29266077.19238076,0
54218,29264787.979680393,0
54219,29263498.67991579,0
54220,29262209.28787411,0
54221,29260919.804149456,0
54222,29259630.234095573,0
54223,29258340.5709709,0
54224,29257050.820934337,0
54225,29255760.98194439,0
54226,29254471.05089135,0
54227,29253181.032573424,0
54228,29251890.925646227,0
54229,29250600.728952717,0
54230,29249310.44221134,0
54231,29248020.07107325,0
54232,29246729.604819305,0
54233,29245439.054806806,0
54234,29244148.41410467,0
54235,29242857.68391793,0
54236,29241566.868056584,0
54237,29240275.9613741,0
54238,29238984.96875406,0
54239,29237693.88791875,0
54240,29236402.716986742,0
54241,29235111.46054131,0
54242,29233820.11436905,0
54243,29232528.682262097,0
54244,29231237.161755964,0
54245,29229945.553364325,0
54246,29228653.856594287,0
54247,29227362.076610476,0
54248,29226070.208029114,0
54249,29224778.24928818,0
54250,29223486.204642106,0
54251,29222194.074662186,0
54252,29220901.857987244,0
54253,29219609.55379179,0
54254,29218317.16247466,0
54255,29217024.68453427,0
54256,29215732.120861664,0
54257,29214439.470068842,0
54258,29213146.732521374,0
54259,29211853.910484068,0
54260,29210561.001879025,0
54261,29209268.00788364,0
54262,29207974.92536181,0
54263,29206681.761412844,0
54264,29205388.507001817,0
54265,29204095.171971787,0
54266,29202801.74980438,0
54267,29201508.24122759,0
54268,29200214.64585505,0
54269,29198920.96860786,0
54270,29197627.204833325,0
54271,29196333.356986336,0
54272,29195039.42190046,0
54273,29193745.404013272,0
54274,29192451.29929635,0
54275,29191157.11101734,0
54276,29189862.84035486,0
54277,29188568.48357087,0
54278,29187274.040935945,0
54279,29185979.515010532,0
54280,29184684.906864427,0
54281,29183390.21326737,0
54282,29182095.435999017,0
54283,29180800.57534737,0
54284,29179505.630437262,0
54285,29178210.60070921,0
54286,29176915.48744073,0
54287,29175620.291982375,0
54288,29174325.013016365,0
54289,29173029.65112646,0
54290,29171734.20518983,0
54291,29170438.67683721,0
54292,29169143.06554875,0
54293,29167847.37033586,0
54294,29166551.594011538,0
54295,29165255.735529985,0
54296,29163959.790946193,0
54297,29162663.765335187,0
54298,29161367.658816427,0
54299,29160071.4678921,0
54300,29158775.196497392,0
54301,29157478.841799434,0
54302,29156182.405212436,0
54303,29154885.887274932,0
54304,29153589.287526242,0
54305,29152292.605436772,0
54306,29150995.844402183,0
54307,29149698.998648614,0
54308,29148402.072797466,0
54309,29147105.062775776,0
54310,29145807.974854212,0
54311,29144510.805412497,0
54312,29143213.555417858,0
54313,29141916.220806405,0
54314,29140618.80718445,0
54315,29139321.314786226,0
54316,29138023.73935538,0
54317,29136726.086572684,0
54318,29135428.34974629,0
54319,29134130.532851208,0
54320,29132832.636477385,0
54321,29131534.660043024,0
54322,29130236.601636034,0
54323,29128938.466770906,0
54324,29127640.249582756,0
54325,29126341.954211377,0
54326,29125043.576453406,0
54327,29123745.12216495,0
54328,29122446.586611237,0
54329,29121147.971363723,0
54330,29119849.278238807,0
54331,29118550.50162223,0
54332,29117251.651308965,0
54333,29115952.71911011,0
54334,29114653.708397646,0
54335,29113354.61792934,0
54336,29112055.44914884,0
54337,29110756.20443152,0
54338,29109456.878706805,0
54339,29108157.475601014,0
54340,29106857.99324858,0
54341,29105558.42891582,0
54342,29104258.79127803,0
54343,29102959.074537832,0
54344,29101659.280084793,0
54345,29100359.4074618,0
54346,29099059.45409003,0
54347,29097759.425929587,0
54348,29096459.321555607,0
54349,29095159.1346839,0
54350,29093858.87400611,0
54351,29092558.536894817,0
54352,29091258.122629933,0
54353,29089957.62585662,0
54354,29088657.057486113,0
54355,29087356.410903983,0
54356,29086055.687867977,0
54357,29084754.8861143,0
54358,29083454.006411497,0
54359,29082153.052964307,0
54360,29080852.025126133,0
54361,29079550.91730039,0
54362,29078249.732537784,0
54363,29076948.474753335,0
54364,29075647.139051262,0
54365,29074345.72471727,0
54366,29073044.237658568,0
54367,29071742.676789008,0
54368,29070441.03950308,0
54369,29069139.323085338,0
54370,29067837.530185856,0
54371,29066535.665391646,0
54372,29065233.726648904,0
54373,29063931.71052256,0
54374,29062629.61819906,0
54375,29061327.451450996,0
54376,29060025.211301684,0
54377,29058722.8953122,0
54378,29057420.50382264,0
54379,29056118.036413178,0
54380,29054815.497917067,0
54381,29053512.881823055,0
54382,29052210.192335486,0
54383,29050907.42875535,0
54384,29049604.591669247,0
54385,29048301.680359032,0
54386,29046998.691892214,0
54387,29045695.633385036,0
54388,29044392.500031836,0
54389,29043089.29417523,0
54390,29041786.011282645,0
54391,29040482.657288432,0
54392,29039179.23045384,0
54393,29037875.728358526,0
54394,29036572.15527184,0
54395,29035268.505848587,0
54396,29033964.78707716,0
54397,29032660.993482888,0
54398,29031357.12522997,0
54399,29030053.185762785,0
54400,29028749.17379212,0
54401,29027445.089349415,0
54402,29026140.931462552,0
54403,29024836.70291499,0
54404,29023532.400350578,0
54405,29022228.027131874,0
54406,29020923.57807536,0
54407,29019619.061508622,0
54408,29018314.472149014,0
54409,29017009.808005314,0
54410,29015705.075857878,0
54411,29014400.27067868,0
54412,29013095.39489804,0
54413,29011790.444483124,0
54414,29010485.425333876,0
54415,29009180.333609577,0
54416,29007875.17190489,0
54417,29006569.94047819,0
54418,29005264.63467037,0
54419,29003959.258954015,0
54420,29002653.813662108,0
54421,29001348.296820413,0
54422,29000042.709800452,0
54423,28998737.05210845,0
54424,28997431.324150957,0
54425,28996125.525160763,0
54426,28994819.657901507,0
54427,28993513.71822153,0
54428,28992207.711687542,0
54429,28990901.631653298,0
54430,28989595.483961146,0
54431,28988289.265813652,0
54432,28986982.97577516,0
54433,28985676.62000679,0
54434,28984370.19520154,0
54435,28983063.696560144,0
54436,28981757.134198472,0
54437,28980450.49789534,0
54438,28979143.79422005,0
54439,28977837.02131748,0
54440,28976530.18061713,0
54441,28975223.270378336,0
54442,28973916.290271983,0
54443,28972609.242276687,0
54444,28971302.12519635,0
54445,28969994.94294171,0
54446,28968687.689388018,0
54447,28967380.367455423,0
54448,28966072.978573054,0
54449,28964765.521911748,0
54450,28963457.995892536,0
54451,28962150.403978594,0
54452,28960842.74162297,0
54453,28959535.014375653,0
54454,28958227.21785803,0
54455,28956919.3558738,0
54456,28955611.423985783,0
54457,28954303.426426236,0
54458,28952995.36409301,0
54459,28951687.230467398,0
54460,28950379.03098832,0
54461,28949070.765581455,0
54462,28947762.43189833,0
54463,28946454.030384153,0
54464,28945145.56427005,0
54465,28943837.03016509,0
54466,28942528.43395044,0
54467,28941219.76724186,0
54468,28939911.036059894,0
54469,28938602.23850838,0
54470,28937293.374382105,0
54471,28935984.445177685,0
54472,28934675.44930482,0
54473,28933366.387829654,0
54474,28932057.25963235,0
54475,28930748.06882857,0
54476,28929438.812702436,0
54477,28928129.487370558,0
54478,28926820.10065377,0
54479,28925510.64392438,0
54480,28924201.125260185,0
54481,28922891.541520413,0
54482,28921581.89249958,0
54483,28920272.180159997,0
54484,28918962.398421194,0
54485,28917652.557160325,0
54486,28916342.651762184,0
54487,28915032.67766145,0
54488,28913722.642816182,0
54489,28912412.54198616,0
54490,28911102.376663562,0
54491,28909792.148361225,0
54492,28908481.85531671,0
54493,28907171.496777207,0
54494,28905861.079103306,0
54495,28904550.59410019,0
54496,28903240.045840308,0
54497,28901929.43662744,0
54498,28900618.76220195,0
54499,28899308.02521478,0
54500,28897997.223131116,0
54501,28896686.360311214,0
54502,28895375.432529658,0
54503,28894064.443000194,0
54504,28892753.39041431,0
54505,28891442.27326735,0
54506,28890131.096960902,0
54507,28888819.856142614,0
54508,28887508.5527861,0
54509,28886197.18784845,0
54510,28884885.762713462,0
54511,28883574.268521722,0
54512,28882262.718529005,0
54513,28880951.105728522,0
54514,28879639.428058043,0
54515,28878327.6922885,0
54516,28877015.893153604,0
54517,28875704.030611154,0
54518,28874392.1094744,0
54519,28873080.128304888,0
54520,28871768.08009231,0
54521,28870455.975198906,0
54522,28869143.808315422,0
54523,28867831.58031001,0
54524,28866519.2907949,0
54525,28865206.941363875,0
54526,28863894.530585706,0
54527,28862582.060031828,0
54528,28861269.528321527,0
54529,28859956.935621526,0
54530,28858644.282767836,0
54531,28857331.5680554,0
54532,28856018.796655603,0
54533,28854705.964502368,0
54534,28853393.068648245,0
54535,28852080.115929145,0
54536,28850767.10593665,0
54537,28849454.03045081,0
54538,28848140.89974993,0
54539,28846827.707699522,0
54540,28845514.458670344,0
54541,28844201.147212442,0
54542,28842887.77814954,0
54543,28841574.34873507,0
54544,28840260.862962432,0
54545,28838947.31357229,0
54546,28837633.709164467,0
54547,28836320.04583267,0
54548,28835006.32315858,0
54549,28833692.539944816,0
54550,28832378.698259052,0
54551,28831064.801599044,0
54552,28829750.84714785,0
54553,28828436.82987857,0
54554,28827122.75808149,0
54555,28825808.62663687,0
54556,28824494.438125037,0
54557,28823180.192956753,0
54558,28821865.887634758,0
54559,28820551.52754063,0
54560,28819237.107070453,0
54561,28817922.62939231,0
54562,28816608.094999604,0
54563,28815293.504018325,0
54564,28813978.853900623,0
54565,28812664.148472153,0
54566,28811349.387725927,0
54567,28810034.568465,0
54568,28808719.69003074,0
54569,28807404.759347536,0
54570,28806089.76886694,0
54571,28804774.722280696,0
54572,28803459.620475564,0
54573,28802144.46305985,0
54574,28800829.247959267,0
54575,28799513.976718485,0
54576,28798198.649856392,0
54577,28796883.265474036,0
54578,28795567.828473367,0
54579,28794252.333049715,0
54580,28792936.785471685,0
54581,28791621.177471213,0
54582,28790305.519029774,0
54583,28788989.800240517,0
54584,28787674.02864494,0
54585,28786358.2016179,0
54586,28785042.31875491,0
54587,28783726.384462833,0
54588,28782410.3914739,0
54589,28781094.34545527,0
54590,28779778.24519992,0
54591,28778462.087609775,0
54592,28777145.877297863,0
54593,28775829.61277303,0
54594,28774513.292264733,0
54595,28773196.91841442,0
54596,28771880.491305493,0
54597,28770564.01258084,0
54598,28769247.47560263,0
54599,28767930.887454752,0
54600,28766614.243400514,0
54601,28765297.54541108,0
54602,28763980.797619663,0
54603,28762663.992158756,0
54604,28761347.136545163,0
54605,28760030.226523846,0
54606,28758713.262002707,0
54607,28757396.24587348,0
54608,28756079.174328517,0
54609,28754762.05612276,0
54610,28753444.878271982,0
54611,28752127.650529247,0
54612,28750810.36997459,0
54613,28749493.03566371,0
54614,28748175.65020742,0
54615,28746858.21319977,0
54616,28745540.721484594,0
54617,28744223.179827403,0
54618,28742905.58542845,0
54619,28741587.93778506,0
54620,28740270.240650803,0
54621,28738952.488422677,0
54622,28737634.68926153,0
54623,28736316.83655057,0
54624,28734998.931028172,0
54625,28733680.975360047,0
54626,28732362.965533473,0
54627,28731044.907290168,0
54628,28729726.7977406,0
54629,28728408.636818558,0
54630,28727090.424395543,0
54631,28725772.161225263,0
54632,28724453.850427378,0
54633,28723135.48377974,0
54634,28721817.071625937,0
54635,28720498.605359677,0
54636,28719180.089594863,0
54637,28717861.524188247,0
54638,28716542.909242205,0
54639,28715224.239081815,0
54640,28713905.52606087,0
54641,28712586.759948015,0
54642,28711267.944277972,0
54643,28709949.079615198,0
54644,28708630.163030513,0
54645,28707311.197933644,0
54646,28705992.1837152,0
54647,28704673.120872207,0
54648,28703354.00990614,0
54649,28702034.848015636,0
54650,28700715.63763297,0
54651,28699396.37656931,0
54652,28698077.0680277,0
54653,28696757.712739073,0
54654,28695438.30606956,0
54655,28694118.851182364,0
54656,28692799.34549565,0
54657,28691479.79777194,0
54658,28690160.195913605,0
54659,28688840.54816099,0
54660,28687520.852303244,0
54661,28686201.107866637,0
54662,28684881.315449227,0
54663,28683561.47585172,0
54664,28682241.58868887,0
54665,28680921.653600845,0
54666,28679601.671119217,0
54667,28678281.63849082,0
54668,28676961.561366603,0
54669,28675641.437818646,0
54670,28674321.263271384,0
54671,28673001.045795593,0
54672,28671680.778650656,0
54673,28670360.466894355,0
54674,28669040.105602328,0
54675,28667719.69948344,0
54676,28666399.24633328,0
54677,28665078.74712954,0
54678,28663758.201673493,0
54679,28662437.609245263,0
54680,28661116.969676286,0
54681,28659796.28347323,0
54682,28658475.556221273,0
54683,28657154.77665613,0
54684,28655833.954249237,0
54685,28654513.08568019,0
54686,28653192.171576,0
54687,28651871.21057486,0
54688,28650550.206569377,0
54689,28649229.15726397,0
54690,28647908.05744131,0
54691,28646586.918280855,0
54692,28645265.73080866,0
54693,28643944.50157803,0
54694,28642623.225460038,0
54695,28641301.90308543,0
54696,28639980.53742618,0
54697,28638659.125988152,0
54698,28637337.66946036,0
54699,28636016.17203569,0
54700,28634694.628212273,0
54701,28633373.040314995,0
54702,28632051.404658843,0
54703,28630729.729790464,0
54704,28629408.009617686,0
54705,28628086.24686889,0
54706,28626764.43924969,0
54707,28625442.585667625,0
54708,28624120.69110073,0
54709,28622798.751818266,0
54710,28621476.772017404,0
54711,28620154.74385001,0
54712,28618832.674811836,0
54713,28617510.56227509,0
54714,28616188.405983955,0
54715,28614866.210360378,0
54716,28613543.96840503,0
54717,28612221.684462674,0
54718,28610899.358528517,0
54719,28609576.987672385,0
54720,28608254.57942726,0
54721,28606932.121838376,0
54722,28605609.629126932,0
54723,28604287.08880995,0
54724,28602964.50778901,0
54725,28601641.88616644,0
54726,28600319.220531847,0
54727,28598996.51534933,0
54728,28597673.766514488,0
54729,28596350.977051556,0
54730,28595028.145947646,0
54731,28593705.271831904,0
54732,28592382.35869275,0
54733,28591059.40268469,0
54734,28589736.40674938,0
54735,28588413.367200166,0
54736,28587090.290081847,0
54737,28585767.168181863,0
54738,28584444.00637013,0
54739,28583120.805711284,0
54740,28581797.564813226,0
54741,28580474.28294002,0
54742,28579150.95978249,0
54743,28577827.597292315,0
54744,28576504.191787355,0
54745,28575180.751031347,0
54746,28573857.266901027,0
54747,28572533.74276288,0
54748,28571210.179481275,0
54749,28569886.573261496,0
54750,28568562.932414226,0
54751,28567239.24975298,0
54752,28565915.527766783,0
54753,28564591.766015753,0
54754,28563267.96465883,0
54755,28561944.12443341,0
54756,28560620.24589831,0
54757,28559296.325715285,0
54758,28557972.369387034,0
54759,28556648.372290704,0
54760,28555324.337750424,0
54761,28554000.261617467,0
54762,28552676.151228122,0
54763,28551352.00098606,0
54764,28550027.81193093,0
54765,28548703.584653456,0
54766,28547379.318229116,0
54767,28546055.01539635,0
54768,28544730.675109476,0
54769,28543406.29409455,0
54770,28542081.878227305,0
54771,28540757.422957625,0
54772,28539432.92828724,0
54773,28538108.39903915,0
54774,28536783.829291612,0
54775,28535459.22431812,0
54776,28534134.582976747,0
54777,28532809.90368525,0
54778,28531485.188013516,0
54779,28530160.43246561,0
54780,28528835.642130345,0
54781,28527510.81456989,0
54782,28526185.95206699,0
54783,28524861.05079427,0
54784,28523536.112485312,0
54785,28522211.139106404,0
54786,28520886.128530372,0
54787,28519561.082872886,0
54788,28518236.00011968,0
54789,28516910.88035092,0
54790,28515585.726175845,0
54791,28514260.53578301,0
54792,28512935.309532136,0
54793,28511610.046938937,0
54794,28510284.7502504,0
54795,28508959.416364517,0
54796,28507634.04783469,0
54797,28506308.644526757,0
54798,28504983.20591271,0
54799,28503657.73273187,0
54800,28502332.223037276,0
54801,28501006.679309435,0
54802,28499681.100988008,0
54803,28498355.484882932,0
54804,28497029.837762278,0
54805,28495704.154807772,0
54806,28494378.436833635,0
54807,28493052.685600217,0
54808,28491726.898626097,0
54809,28490401.078834813,0
54810,28489075.222260255,0
54811,28487749.335171603,0
54812,28486423.413443558,0
54813,28485097.457495175,0
54814,28483771.46559618,0
54815,28482445.44271696,0
54816,28481119.384521697,0
54817,28479793.294520397,0
54818,28478467.17117755,0
54819,28477141.01457335,0
54820,28475814.823933557,0
54821,28474488.599652957,0
54822,28473162.342181005,0
54823,28471836.05318838,0
54824,28470509.733547598,0
54825,28469183.374574184,0
54826,28467856.987099823,0
54827,28466530.56828273,0
54828,28465204.116172403,0
54829,28463877.631337896,0
54830,28462551.11351474,0
54831,28461224.56229558,0
54832,28459897.982112955,0
54833,28458571.367105953,0
54834,28457244.723920267,0
54835,28455918.046841875,0
54836,28454591.33742041,0
54837,28453264.59591693,0
54838,28451937.82431944,0
54839,28450611.02013163,0
54840,28449284.186990485,0
54841,28447957.32426058,0
54842,28446630.423896663,0
54843,28445303.495433714,0
54844,28443976.536967162,0
54845,28442649.545630198,0
54846,28441322.524921793,0
54847,28439995.473995056,0
54848,28438668.393487178,0
54849,28437341.280428458,0
54850,28436014.13702539,0
54851,28434686.96471321,0
54852,28433359.762234934,0
54853,28432032.52769944,0
54854,28430705.262349833,0
54855,28429377.96794905,0
54856,28428050.644705378,0
54857,28426723.294181433,0
54858,28425395.90975513,0
54859,28424068.49896223,0
54860,28422741.055842977,0
54861,28421413.585455224,0
54862,28420086.085245717,0
54863,28418758.55403988,0
54864,28417430.99681667,0
54865,28416103.40749097,0
54866,28414775.790683653,0
54867,28413448.146612387,0
54868,28412120.472092137,0
54869,28410792.768944442,0
54870,28409465.035854194,0
54871,28408137.276586022,0
54872,28406809.489305355,0
54873,28405481.674271792,0
54874,28404153.82898899,0
54875,28402825.953810092,0
54876,28401498.052722033,0
54877,28400170.126309514,0
54878,28398842.16856647,0
54879,28397514.18316434,0
54880,28396186.17179783,0
54881,28394858.13092582,0
54882,28393530.066245597,0
54883,28392201.972347695,0
54884,28390873.85094139,0
54885,28389545.701815195,0
54886,28388217.524584,0
54887,28386889.323032886,0
54888,28385561.09394554,0
54889,28384232.83698001,0
54890,28382904.553734705,0
54891,28381576.243307944,0
54892,28380247.905927192,0
54893,28378919.545978133,0
54894,28377591.15504166,0
54895,28376262.741006054,0
54896,28374934.30083375,0
54897,28373605.83177073,0
54898,28372277.33857871,0
54899,28370948.817136936,0
54900,28369620.2722334,0
54901,28368291.70342584,0
54902,28366963.10521539,0
54903,28365634.482524045,0
54904,28364305.834893618,0
54905,28362977.163707573,0
54906,28361648.465837795,0
54907,28360319.74407312,0
54908,28358990.994051803,0
54909,28357662.223433774,0
54910,28356333.423001055,0
54911,28355004.60041919,0
54912,28353675.754461456,0
54913,28352346.882512506,0
54914,28351017.986686107,0
54915,28349689.06418077,0
54916,28348360.120654527,0
54917,28347031.149355568,0
54918,28345702.155450184,0
54919,28344373.142056555,0
54920,28343044.09992192,0
54921,28341715.033674296,0
54922,28340385.94270602,0
54923,28339056.831661157,0
54924,28337727.69639077,0
54925,28336398.53582888,0
54926,28335069.354813788,0
54927,28333740.147553667,0
54928,28332410.916473728,0
54929,28331081.663166143,0
54930,28329752.389986396,0
54931,28328423.091379333,0
54932,28327093.769889724,0
54933,28325764.426675245,0
54934,28324435.058656722,0
54935,28323105.66894697,0
54936,28321776.257808685,0
54937,28320446.82409909,0
54938,28319117.367092818,0
54939,28317787.887790956,0
54940,28316458.387986936,0
54941,28315128.864370964,0
54942,28313799.319132052,0
54943,28312469.753267612,0
54944,28311140.164626144,0
54945,28309810.55502341,0
54946,28308480.92288407,0
54947,28307151.271898907,0
54948,28305821.596924245,0
54949,28304491.90196416,0
54950,28303162.185103774,0
54951,28301832.446003754,0
54952,28300502.689522013,0
54953,28299172.90836695,0
54954,28297843.10781657,0
54955,28296513.28726194,0
54956,28295183.44552731,0
54957,28293853.585607737,0
54958,28292523.700877156,0
54959,28291193.79672039,0
54960,28289863.875772834,0
54961,28288533.92874884,0
54962,28287203.966328464,0
54963,28285873.982705336,0
54964,28284543.97981815,0
54965,28283213.9569328,0
54966,28281883.914081,0
54967,28280553.85150757,0
54968,28279223.7696435,0
54969,28277893.667446543,0
54970,28276563.547951233,0
54971,28275233.404958103,0
54972,28273903.2447714,0
54973,28272573.06975517,0
54974,28271242.871402733,0
54975,28269912.657291368,0
54976,28268582.42166904,0
54977,28267252.167571593,0
54978,28265921.894248188,0
54979,28264591.604650423,0
54980,28263261.294397004,0
54981,28261930.967342768,0
54982,28260600.62120916,0
54983,28259270.257901207,0
54984,28257939.87544378,0
54985,28256609.476785596,0
54986,28255279.058457155,0
54987,28253948.62193583,0
54988,28252618.168750804,0
54989,28251287.697085667,0
54990,28249957.20805681,0
54991,28248626.705182847,0
54992,28247296.180814058,0
54993,28245965.63964385,0
54994,28244635.08385902,0
54995,28243304.508200523,0
54996,28241973.917405706,0
54997,28240643.307873063,0
54998,28239312.684733357,0
54999,28237982.042411722,0
55000,28236651.38447473,0
55001,28235320.708702132,0
55002,28233990.01812682,0
55003,28232659.30886078,0
55004,28231328.588805247,0
55005,28229997.847029734,0
55006,28228667.09236792,0
55007,28227336.318492446,0
55008,28226005.52995102,0
55009,28224674.72698739,0
55010,28223343.908240363,0
55011,28222013.07339155,0
55012,28220682.22510379,0
55013,28219351.35672224,0
55014,28218020.476002038,0
55015,28216689.581133228,0
55016,28215358.667522974,0
55017,28214027.74272599,0
55018,28212696.801623955,0
55019,28211365.84578163,0
55020,28210034.874804962,0
55021,28208703.89088474,0
55022,28207372.887877703,0
55023,28206041.873499524,0
55024,28204710.84574209,0
55025,28203379.802046478,0
55026,28202048.74464887,0
55027,28200717.671251487,0
55028,28199386.589169536,0
55029,28198055.48783599,0
55030,28196724.37235386,0
55031,28195393.247345593,0
55032,28194062.10476746,0
55033,28192730.952365994,0
55034,28191399.782208096,0
55035,28190068.6032287,0
55036,28188737.40640425,0
55037,28187406.1988478,0
55038,28186074.979042906,0
55039,28184743.744353935,0
55040,28183412.49754008,0
55041,28182081.2368534,0
55042,28180749.965593264,0
55043,28179418.68168894,0
55044,28178087.3849991,0
55045,28176756.073788695,0
55046,28175424.75110234,0
55047,28174093.413892683,0
55048,28172762.06851449,0
55049,28171430.708743304,0
55050,28170099.33671673,0
55051,28168767.953859843,0
55052,28167436.56086763,0
55053,28166105.152964365,0
55054,28164773.73371425,0
55055,28163442.30465726,0
55056,28162110.864215087,0
55057,28160779.41050241,0
55058,28159447.945927713,0
55059,28158116.470979962,0
55060,28156784.986439336,0
55061,28155453.486115184,0
55062,28154121.979637712,0
55063,28152790.460668948,0
55064,28151458.930163313,0
55065,28150127.389443945,0
55066,28148795.840307314,0
55067,28147464.278755628,0
55068,28146132.705953684,0
55069,28144801.123089794,0
55070,28143469.531333677,0
55071,28142137.92910746,0
55072,28140806.316058382,0
55073,28139474.694144975,0
55074,28138143.061070524,0
55075,28136811.416241553,0
55076,28135479.76751733,0
55077,28134148.107153755,0
55078,28132816.4357887,0
55079,28131484.756013036,0
55080,28130153.066022433,0
55081,28128821.367529236,0
55082,28127489.66021651,0
55083,28126157.945298605,0
55084,28124826.218583543,0
55085,28123494.48400524,0
55086,28122162.74031279,0
55087,28120830.98693861,0
55088,28119499.229098808,0
55089,28118167.45991468,0
55090,28116835.682129897,0
55091,28115503.89618987,0
55092,28114172.1030534,0
55093,28112840.300445054,0
55094,28111508.491558533,0
55095,28110176.672223754,0
55096,28108844.845550127,0
55097,28107513.012915794,0
55098,28106181.173263885,0
55099,28104849.324266955,0
55100,28103517.468397524,0
55101,28102185.60384728,0
55102,28100853.734755706,0
55103,28099521.8555307,0
55104,28098189.972071297,0
55105,28096858.078152057,0
55106,28095526.17979559,0
55107,28094194.27389482,0
55108,28092862.362932373,0
55109,28091530.44273496,0
55110,28090198.517898172,0
55111,28088866.586419646,0
55112,28087534.648484807,0
55113,28086202.702072043,0
55114,28084870.749676302,0
55115,28083538.794858728,0
55116,28082206.831930712,0
55117,28080874.861244638,0
55118,28079542.887672223,0
55119,28078210.90599058,0
55120,28076878.91764704,0
55121,28075546.926760055,0
55122,28074214.929497276,0
55123,28072882.92686731,0
55124,28071550.91823386,0
55125,28070218.90493734,0
55126,28068886.888871685,0
55127,28067554.862392396,0
55128,28066222.835078545,0
55129,28064890.803257875,0
55130,28063558.76416492,0
55131,28062226.72255023,0
55132,28060894.67460846,0
55133,28059562.62383022,0
55134,28058230.566351317,0
55135,28056898.505231302,0
55136,28055566.44218392,0
55137,28054234.372177098,0
55138,28052902.301254306,0
55139,28051570.22360649,0
55140,28050238.143197127,0
55141,28048906.06161961,0
55142,28047573.97258461,0
55143,28046241.87936603,0
55144,28044909.785963804,0
55145,28043577.68758799,0
55146,28042245.584080696,0
55147,28040913.481704872,0
55148,28039581.374398366,0
55149,28038249.26208171,0
55150,28036917.14833261,0
55151,28035585.03133908,0
55152,28034252.91279524,0
55153,28032920.790006112,0
55154,28031588.665314432,0
55155,28030256.537496142,0
55156,28028924.410731792,0
55157,28027592.27650949,0
55158,28026260.14333245,0
55159,28024928.006634552,0
55160,28023595.86551143,0
55161,28022263.72745744,0
55162,28020931.584577657,0
55163,28019599.442845594,0
55164,28018267.295066718,0
55165,28016935.149708457,0
55166,28015603.001597267,0
55167,28014270.850865185,0
55168,28012938.699259713,0
55169,28011606.546308566,0
55170,28010274.39289716,0
55171,28008942.23695462,0
55172,28007610.082794797,0
55173,28006277.927128937,0
55174,28004945.76789416,0
55175,28003613.610792786,0
55176,28002281.452087793,0
55177,28000949.293419924,0
55178,27999617.133076217,0
55179,27998284.972289,0
55180,27996952.8126319,0
55181,27995620.651248217,0
55182,27994288.494107135,0
55183,27992956.33353334,0
55184,27991624.173056062,0
55185,27990292.012528867,0
55186,27988959.85352975,0
55187,27987627.694529835,0
55188,27986295.53539435,0
55189,27984963.377370544,0
55190,27983631.221772302,0
55191,27982299.062582072,0
55192,27980966.90904692,0
55193,27979634.75160122,0
55194,27978302.60101765,0
55195,27976970.44433503,0
55196,27975638.295716047,0
55197,27974306.14441931,0
55198,27972973.99612967,0
55199,27971641.84886152,0
55200,27970309.703873716,0
55201,27968977.55723925,0
55202,27967645.416854087,0
55203,27966313.276595484,0
55204,27964981.13720562,0
55205,27963649.001233768,0
55206,27962316.866269797,0
55207,27960984.735278953,0
55208,27959652.60516948,0
55209,27958320.477484863,0
55210,27956988.352863554,0
55211,27955656.23094249,0
55212,27954324.108848702,0
55213,27952991.994947903,0
55214,27951659.878834967,0
55215,27950327.766577207,0
55216,27948995.661024746,0
55217,27947663.553057056,0
55218,27946331.450197972,0
55219,27944999.352116045,0
55220,27943667.256654534,0
55221,27942335.16634335,0
55222,27941003.076741003,0
55223,27939670.992188394,0
55224,27938338.911115386,0
55225,27937006.83500018,0
55226,27935674.760202285,0
55227,27934342.691008948,0
55228,27933010.6253025,0
55229,27931678.56452554,0
55230,27930346.508694105,0
55231,27929014.45647764,0
55232,27927682.40947595,0
55233,27926350.36423602,0
55234,27925018.325266816,0
55235,27923686.29183453,0
55236,27922354.26168121,0
55237,27921022.237117734,0
55238,27919690.21867577,0
55239,27918358.203629117,0
55240,27917026.194564845,0
55241,27915694.191547856,0
55242,27914362.192684077,0
55243,27913030.201239936,0
55244,27911698.212549966,0
55245,27910366.22886245,0
55246,27909034.252934214,0
55247,27907702.281457465,0
55248,27906370.317235384,0
55249,27905038.360820007,0
55250,27903706.40669036,0
55251,27902374.45914286,0
55252,27901042.51838266,0
55253,27899710.58498874,0
55254,27898378.65820762,0
55255,27897046.738072306,0
55256,27895714.823328756,0
55257,27894382.91676828,0
55258,27893051.014255755,0
55259,27891719.122406643,0
55260,27890387.23398874,0
55261,27889055.354574095,0
55262,27887723.480721615,0
55263,27886391.616609495,0
55264,27885059.75593031,0
55265,27883727.90509225,0
55266,27882396.061918505,0
55267,27881064.228208315,0
55268,27879732.398611654,0
55269,27878400.577478148,0
55270,27877068.765658755,0
55271,27875736.96139607,0
55272,27874405.163545545,0
55273,27873073.37629971,0
55274,27871741.59573001,0
55275,27870409.823384028,0
55276,27869078.059034444,0
55277,27867746.30607674,0
55278,27866414.558172647,0
55279,27865082.81781518,0
55280,27863751.09195886,0
55281,27862419.371670548,0
55282,27861087.660832476,0
55283,27859755.957935147,0
55284,27858424.264384467,0
55285,27857092.579674315,0
55286,27855760.904872637,0
55287,27854429.240597498,0
55288,27853097.583788686,0
55289,27851765.936080117,0
55290,27850434.30038246,0
55291,27849102.673608195,0
55292,27847771.054423373,0
55293,27846439.449817386,0
55294,27845107.85172203,0
55295,27843776.263092767,0
55296,27842444.687064894,0
55297,27841113.120428607,0
55298,27839781.564996324,0
55299,27838450.01892716,0
55300,27837118.48357694,0
55301,27835786.95798201,0
55302,27834455.442767493,0
55303,27833123.939125247,0
55304,27831792.446829047,0
55305,27830460.965936102,0
55306,27829129.495513037,0
55307,27827798.037256494,0
55308,27826466.58790468,0
55309,27825135.149398062,0
55310,27823803.724912282,0
55311,27822472.31132167,0
55312,27821140.909111694,0
55313,27819809.5167611,0
55314,27818478.142391257,0
55315,27817146.77175973,0
55316,27815815.418443605,0
55317,27814484.07679436,0
55318,27813152.745976806,0
55319,27811821.425390176,0
55320,27810490.12184987,0
55321,27809158.827886965,0
55322,27807827.545315675,0
55323,27806496.27677297,0
55324,27805165.019746985,0
55325,27803833.777583424,0
55326,27802502.547071673,0
55327,27801171.32880644,0
55328,27799840.125408396,0
55329,27798508.93367502,0
55330,27797177.758337315,0
55331,27795846.58929156,0
55332,27794515.439972937,0
55333,27793184.29970099,0
55334,27791853.17654936,0
55335,27790522.06253524,0
55336,27789190.967468098,0
55337,27787859.88512011,0
55338,27786528.815466236,0
55339,27785197.757798906,0
55340,27783866.71805815,0
55341,27782535.69278982,0
55342,27781204.67945098,0
55343,27779873.680846028,0
55344,27778542.698144693,0
55345,27777211.724486675,0
55346,27775880.77089714,0
55347,27774549.83109226,0
55348,27773218.904897995,0
55349,27771887.995209146,0
55350,27770557.10081615,0
55351,27769226.21912092,0
55352,27767895.35145524,0
55353,27766564.504226644,0
55354,27765233.66875584,0
55355,27763902.84723189,0
55356,27762572.04494392,0
55357,27761241.255568523,0
55358,27759910.484446388,0
55359,27758579.7274341,0
55360,27757248.985479176,0
55361,27755918.2622727,0
55362,27754587.551995996,0
55363,27753256.86158802,0
55364,27751926.183834333,0
55365,27750595.52311292,0
55366,27749264.880729407,0
55367,27747934.252319753,0
55368,27746603.64156141,0
55369,27745273.046964776,0
55370,27743942.469279274,0
55371,27742611.90939703,0
55372,27741281.366842,0
55373,27739950.835237257,0
55374,27738620.330966283,0
55375,27737289.83572181,0
55376,27735959.361833356,0
55377,27734628.90220267,0
55378,27733298.465146065,0
55379,27731968.03955138,0
55380,27730637.636969034,0
55381,27729307.248239562,0
55382,27727976.878761955,0
55383,27726646.52600774,0
55384,27725316.194815096,0
55385,27723985.87785258,0
55386,27722655.58128535,0
55387,27721325.29932094,0
55388,27719995.039655767,0
55389,27718664.798386145,0
55390,27717334.57266296,0
55391,27716004.369312808,0
55392,27714674.181694098,0
55393,27713344.01376464,0
55394,27712013.866111744,0
55395,27710683.73578505,0
55396,27709353.623552464,0
55397,27708023.53399699,0
55398,27706693.460800175,0
55399,27705363.405012805,0
55400,27704033.37285673,0
55401,27702703.35915402,0
55402,27701373.363866962,0
55403,27700043.385516785,0
55404,27698713.433518797,0
55405,27697383.498669088,0
55406,27696053.582215726,0
55407,27694723.68675583,0
55408,27693393.81222921,0
55409,27692063.954327974,0
55410,27690734.121633664,0
55411,27689404.306592137,0
55412,27688074.510442603,0
55413,27686744.739124272,0
55414,27685414.987227753,0
55415,27684085.2534732,0
55416,27682755.542222593,0
55417,27681425.850030545,0
55418,27680096.18089227,0
55419,27678766.531983152,0
55420,27677436.906050343,0
55421,27676107.29904139,0
55422,27674777.714223944,0
55423,27673448.152179144,0
55424,27672118.611332405,0
55425,27670789.08936585,0
55426,27669459.58936098,0
55427,27668130.114238065,0
55428,27666800.659519043,0
55429,27665471.22724404,0
55430,27664141.815217838,0
55431,27662812.427682634,0
55432,27661483.061009064,0
55433,27660153.715770587,0
55434,27658824.395071637,0
55435,27657495.09584753,0
55436,27656165.81706351,0
55437,27654836.5650115,0
55438,27653507.332574762,0
55439,27652178.12392589,0
55440,27650848.93846693,0
55441,27649519.777228393,0
55442,27648190.637736604,0
55443,27646861.520671953,0
55444,27645532.427437067,0
55445,27644203.357397262,0
55446,27642874.313984167,0
55447,27641545.287922937,0
55448,27640216.28910826,0
55449,27638887.314519092,0
55450,27637558.36177252,0
55451,27636229.436079577,0
55452,27634900.529887963,0
55453,27633571.65103858,0
55454,27632242.795896243,0
55455,27630913.964079015,0
55456,27629585.15923824,0
55457,27628256.374411497,0
55458,27626927.61679587,0
55459,27625598.883705806,0
55460,27624270.176528085,0
55461,27622941.49320641,0
55462,27621612.833199337,0
55463,27620284.197228078,0
55464,27618955.588815916,0
55465,27617627.00701966,0
55466,27616298.44669271,0
55467,27614969.911726728,0
55468,27613641.407255333,0
55469,27612312.921847947,0
55470,27610984.465257917,0
55471,27609656.033199325,0
55472,27608327.62721361,0
55473,27606999.24956832,0
55474,27605670.894477338,0
55475,27604342.56659841,0
55476,27603014.26308631,0
55477,27601685.988317598,0
55478,27600357.73850169,0
55479,27599029.51514827,0
55480,27597701.319722302,0
55481,27596373.148716565,0
55482,27595045.00615237,0
55483,27593716.88927912,0
55484,27592388.798002847,0
55485,27591060.735639587,0
55486,27589732.698426977,0
55487,27588404.688847993,0
55488,27587076.70645301,0
55489,27585748.75269469,0
55490,27584420.824267663,0
55491,27583092.92618162,0
55492,27581765.05370358,0
55493,27580437.20739433,0
55494,27579109.389659803,0
55495,27577781.599674214,0
55496,27576453.84009849,0
55497,27575126.10567349,0
55498,27573798.397497255,0
55499,27572470.71958558,0
55500,27571143.07037319,0
55501,27569815.447394907,0
55502,27568487.853656635,0
55503,27567160.28944167,0
55504,27565832.754329387,0
55505,27564505.246153228,0
55506,27563177.76972302,0
55507,27561850.316759057,0
55508,27560522.895730387,0
55509,27559195.503033604,0
55510,27557868.14107677,0
55511,27556540.807316888,0
55512,27555213.50285507,0
55513,27553886.227432758,0
55514,27552558.980779357,0
55515,27551231.76377016,0
55516,27549904.57823795,0
55517,27548577.419578075,0
55518,27547250.29366697,0
55519,27545923.193647873,0
55520,27544596.126550227,0
55521,27543269.09151946,0
55522,27541942.08393253,0
55523,27540615.102854487,0
55524,27539288.158156674,0
55525,27537961.241655543,0
55526,27536634.354644116,0
55527,27535307.497586425,0
55528,27533980.670415856,0
55529,27532653.877830412,0
55530,27531327.1143515,0
55531,27530000.381254148,0
55532,27528673.679536816,0
55533,27527347.00734733,0
55534,27526020.367917616,0
55535,27524693.757478744,0
55536,27523367.183550872,0
55537,27522040.635954134,0
55538,27520714.122284174,0
55539,27519387.640045147,0
55540,27518061.18815433,0
55541,27516734.76831642,0
55542,27515408.38215685,0
55543,27514082.02455455,0
55544,27512755.703553736,0
55545,27511429.41199492,0
55546,27510103.15151794,0
55547,27508776.924579296,0
55548,27507450.72945057,0
55549,27506124.567867335,0
55550,27504798.438392907,0
55551,27503472.34123932,0
55552,27502146.278677177,0
55553,27500820.24394366,0
55554,27499494.24612918,0
55555,27498168.28208016,0
55556,27496842.35076904,0
55557,27495516.448356126,0
55558,27494190.583965667,0
55559,27492864.748850927,0
55560,27491538.95006008,0
55561,27490213.184395563,0
55562,27488887.451205194,0
55563,27487561.752647787,0
55564,27486236.08662249,0
55565,27484910.457413852,0
55566,27483584.858516093,0
55567,27482259.29543266,0
55568,27480933.76609134,0
55569,27479608.27110239,0
55570,27478282.811201286,0
55571,27476957.384699486,0
55572,27475631.99517628,0
55573,27474306.63496114,0
55574,27472981.312268518,0
55575,27471656.02556946,0
55576,27470330.77110824,0
55577,27469005.552309476,0
55578,27467680.36875997,0
55579,27466355.220619902,0
55580,27465030.108066704,0
55581,27463705.030323412,0
55582,27462379.987202372,0
55583,27461054.979223654,0
55584,27459730.007033154,0
55585,27458405.072492342,0
55586,27457080.16926414,0
55587,27455755.305460386,0
55588,27454430.476785485,0
55589,27453105.68341674,0
55590,27451780.924369678,0
55591,27450456.206791736,0
55592,27449131.520663023,0
55593,27447806.87132609,0
55594,27446482.256877445,0
55595,27445157.68291196,0
55596,27443833.140185986,0
55597,27442508.639433727,0
55598,27441184.17363081,0
55599,27439859.743709132,0
55600,27438535.3532382,0
55601,27437210.996203892,0
55602,27435886.676619165,0
55603,27434562.396935105,0
55604,27433238.152389597,0
55605,27431913.943341084,0
55606,27430589.776915573,0
55607,27429265.643628724,0
55608,27427941.55001522,0
55609,27426617.492582016,0
55610,27425293.47270138,0
55611,27423969.492140714,0
55612,27422645.548191603,0
55613,27421321.643142972,0
55614,27419997.77608333,0
55615,27418673.94641517,0
55616,27417350.155762058,0
55617,27416026.40228217,0
55618,27414702.68785494,0
55619,27413379.013474293,0
55620,27412055.377009828,0
55621,27410731.776575558,0
55622,27409408.217700996,0
55623,27408084.695114974,0
55624,27406761.216398552,0
55625,27405437.772827324,0
55626,27404114.367288683,0
55627,27402791.002900574,0
55628,27401467.67911961,0
55629,27400144.39210506,0
55630,27398821.14602867,0
55631,27397497.937410396,0
55632,27396174.771594256,0
55633,27394851.643195514,0
55634,27393528.555761736,0
55635,27392205.50706214,0
55636,27390882.499209445,0
55637,27389559.53153502,0
55638,27388236.602992658,0
55639,27386913.71821459,0
55640,27385590.867567796,0
55641,27384268.062192462,0
55642,27382945.295545015,0
55643,27381622.570118435,0
55644,27380299.88162365,0
55645,27378977.23794129,0
55646,27377654.635407016,0
55647,27376332.07411205,0
55648,27375009.551159035,0
55649,27373687.07043032,0
55650,27372364.631229583,0
55651,27371042.232103918,0
55652,27369719.876484398,0
55653,27368397.56069979,0
55654,27367075.28701353,0
55655,27365753.055626296,0
55656,27364430.863160357,0
55657,27363108.714548305,0
55658,27361786.606353242,0
55659,27360464.540925246,0
55660,27359142.519034155,0
55661,27357820.538118307,0
55662,27356498.599874455,0
55663,27355176.703211635,0
55664,27353854.848709118,0
55665,27352533.038411066,0
55666,27351211.267224133,0
55667,27349889.540780887,0
55668,27348567.857397985,0
55669,27347246.21487061,0
55670,27345924.61856345,0
55671,27344603.062734745,0
55672,27343281.55059373,0
55673,27341960.082024552,0
55674,27340638.656059537,0
55675,27339317.273605704,0
55676,27337995.933710784,0
55677,27336674.640056062,0
55678,27335353.38497643,0
55679,27334032.17735641,0
55680,27332711.012829818,0
55681,27331389.89182442,0
55682,27330068.81386923,0
55683,27328747.784324083,0
55684,27327426.79446565,0
55685,27326105.848499343,0
55686,27324784.94938527,0
55687,27323464.092420314,0
55688,27322143.28060338,0
55689,27320822.512754027,0
55690,27319501.791142717,0
55691,27318181.112581577,0
55692,27316860.47909258,0
55693,27315539.89271906,0
55694,27314219.347573113,0
55695,27312898.851450443,0
55696,27311578.39608574,0
55697,27310257.98724123,0
55698,27308937.62648767,0
55699,27307617.30809425,0
55700,27306297.034983903,0
55701,27304976.810373753,0
55702,27303656.627983335,0
55703,27302336.49217146,0
55704,27301016.40549554,0
55705,27299696.36283709,0
55706,27298376.363439992,0
55707,27297056.41357515,0
55708,27295736.507821847,0
55709,27294416.648556035,0
55710,27293096.834885996,0
55711,27291777.06800958,0
55712,27290457.348968163,0
55713,27289137.67584386,0
55714,27287818.047145687,0
55715,27286498.46801633,0
55716,27285178.934894577,0
55717,27283859.448439114,0
55718,27282540.008662835,0
55719,27281220.615686335,0
55720,27279901.271545187,0
55721,27278581.973636795,0
55722,27277262.722826466,0
55723,27275943.520738035,0
55724,27274624.36299937,0
55725,27273305.25650252,0
55726,27271986.19394245,0
55727,27270667.18292894,0
55728,27269348.21582856,0
55729,27268029.30019827,0
55730,27266710.432070125,0
55731,27265391.60975599,0
55732,27264072.83702137,0
55733,27262754.114935644,0
55734,27261435.436211906,0
55735,27260116.80996723,0
55736,27258798.23235048,0
55737,27257479.700399965,0
55738,27256161.218349226,0
55739,27254842.784434006,0
55740,27253524.400114153,0
55741,27252206.065267567,0
55742,27250887.777069066,0
55743,27249569.542812686,0
55744,27248251.353930805,0
55745,27246933.213172495,0
55746,27245615.12650198,0
55747,27244297.086154286,0
55748,27242979.09544146,0
55749,27241661.156379018,0
55750,27240343.263077322,0
55751,27239025.423131987,0
55752,27237707.630115572,0
55753,27236389.888982855,0
55754,27235072.19645436,0
55755,27233754.553721305,0
55756,27232436.962585323,0
55757,27231119.42342382,0
55758,27229801.932743132,0
55759,27228484.49173307,0
55760,27227167.103113655,0
55761,27225849.76494858,0
55762,27224532.47761149,0
55763,27223215.23824972,0
55764,27221898.052839875,0
55765,27220580.9186597,0
55766,27219263.83319703,0
55767,27217946.79834179,0
55768,27216629.817099135,0
55769,27215312.886375837,0
55770,27213996.00741328,0
55771,27212679.178875614,0
55772,27211362.40294146,0
55773,27210045.678743903,0
55774,27208729.003668394,0
55775,27207412.38220976,0
55776,27206095.814847995,0
55777,27204779.296777878,0
55778,27203462.832553886,0
55779,27202146.419690214,0
55780,27200830.055900503,0
55781,27199513.748383306,0
55782,27198197.492970154,0
55783,27196881.28843649,0
55784,27195565.13792651,0
55785,27194249.03871886,0
55786,27192932.993900225,0
55787,27191617.000541635,0
55788,27190301.061933126,0
55789,27188985.175568104,0
55790,27187669.341232315,0
55791,27186353.562744282,0
55792,27185037.83365775,0
55793,27183722.15952631,0
55794,27182406.537866987,0
55795,27181090.97046874,0
55796,27179775.458461836,0
55797,27178459.99701978,0
55798,27177144.591147017,0
55799,27175829.238618694,0
55800,27174513.940933336,0
55801,27173198.696895376,0
55802,27171883.50677085,0
55803,27170568.369281877,0
55804,27169253.287907533,0
55805,27167938.260541312,0
55806,27166623.28858775,0
55807,27165308.366764188,0
55808,27163993.504585933,0
55809,27162678.69463712,0
55810,27161363.940219007,0
55811,27160049.24022219,0
55812,27158734.596866876,0
55813,27157420.00415013,0
55814,27156105.471837636,0
55815,27154790.990716003,0
55816,27153476.56767681,0
55817,27152162.1993417,0
55818,27150847.885774378,0
55819,27149533.62900819,0
55820,27148219.42733025,0
55821,27146905.28148281,0
55822,27145591.18873578,0
55823,27144277.154981546,0
55824,27142963.176304113,0
55825,27141649.251410134,0
55826,27140335.38627621,0
55827,27139021.572218608,0
55828,27137707.820321552,0
55829,27136394.123621203,0
55830,27135080.480553206,0
55831,27133766.89523184,0
55832,27132453.36680919,0
55833,27131139.896753434,0
55834,27129826.4787555,0
55835,27128513.12188411,0
55836,27127199.821994938,0
55837,27125886.577381454,0
55838,27124573.391278625,0
55839,27123260.261003308,0
55840,27121947.18736339,0
55841,27120634.17329962,0
55842,27119321.21373399,0
55843,27118008.312908076,0
55844,27116695.4718055,0
55845,27115382.687692486,0
55846,27114069.959784087,0
55847,27112757.291624535,0
55848,27111444.68031815,0
55849,27110132.125247728,0
55850,27108819.631538834,0
55851,27107507.19619636,0
55852,27106194.81720846,0
55853,27104882.49586564,0
55854,27103570.235478286,0
55855,27102258.033452656,0
55856,27100945.886735585,0
55857,27099633.802072097,0
55858,27098321.77487658,0
55859,27097009.805653203,0
55860,27095697.895794284,0
55861,27094386.04841672,0
55862,27093074.256819695,0
55863,27091762.523627654,0
55864,27090450.852587,0
55865,27089139.238772776,0
55866,27087827.685728814,0
55867,27086516.18857851,0
55868,27085204.755438387,0
55869,27083893.382606503,0
55870,27082582.068665627,0
55871,27081270.810482163,0
55872,27079959.61528419,0
55873,27078648.48123847,0
55874,27077337.405891716,0
55875,27076026.391284272,0
55876,27074715.434087105,0
55877,27073404.54188732,0
55878,27072093.709269755,0
55879,27070782.93299344,0
55880,27069472.221242227,0
55881,27068161.56930936,0
55882,27066850.98075274,0
55883,27065540.4490696,0
55884,27064229.979657266,0
55885,27062919.572817348,0
55886,27061609.224554326,0
55887,27060298.940490738,0
55888,27058988.717992306,0
55889,27057678.552127175,0
55890,27056368.448931843,0
55891,27055058.410345733,0
55892,27053748.432840362,0
55893,27052438.516003408,0
55894,27051128.661509264,0
55895,27049818.8670121,0
55896,27048509.136221755,0
55897,27047199.46498975,0
55898,27045889.861122843,0
55899,27044580.314476043,0
55900,27043270.833557174,0
55901,27041961.412433397,0
55902,27040652.055625025,0
55903,27039342.761620454,0
55904,27038033.52780091,0
55905,27036724.35778354,0
55906,27035415.25160301,0
55907,27034106.206910368,0
55908,27032797.225521695,0
55909,27031488.310282055,0
55910,27030179.451636888,0
55911,27028870.662429202,0
55912,27027561.93321372,0
55913,27026253.2674708,0
55914,27024944.667047694,0
55915,27023636.128677655,0
55916,27022327.65552905,0
55917,27021019.242344495,0
55918,27019710.896021523,0
55919,27018402.614479024,0
55920,27017094.394146264,0
55921,27015786.23981872,0
55922,27014478.149527323,0
55923,27013170.122117996,0
55924,27011862.15847353,0
55925,27010554.260631002,0
55926,27009246.42855392,0
55927,27007938.658368614,0
55928,27006630.953509424,0
55929,27005323.314296305,0
55930,27004015.737610605,0
55931,27002708.228505604,0
55932,27001400.78345953,0
55933,27000093.40326983,0
55934,26998786.087910797,0
55935,26997478.838133067,0
55936,26996171.653743908,0
55937,26994864.536096055,0
55938,26993557.478655234,0
55939,26992250.493307196,0
55940,26990943.56988137,0
55941,26989636.71295894,0
55942,26988329.92144255,0
55943,26987023.19703657,0
55944,26985716.538111668,0
55945,26984409.94191529,0
55946,26983103.418661367,0
55947,26981796.955656048,0
55948,26980490.56083727,0
55949,26979184.230902743,0
55950,26977877.96973164,0
55951,26976571.776186276,0
55952,26975265.646021888,0
55953,26973959.584178936,0
55954,26972653.587878454,0
55955,26971347.661735922,0
55956,26970041.797968913,0
55957,26968736.00462376,0
55958,26967430.27580955,0
55959,26966124.615954913,0
55960,26964819.022867583,0
55961,26963513.497691862,0
55962,26962208.039184317,0
55963,26960902.64715849,0
55964,26959597.325569786,0
55965,26958292.067872383,0
55966,26956986.879886735,0
55967,26955681.76082497,0
55968,26954376.70947665,0
55969,26953071.724030904,0
55970,26951766.809030708,0
55971,26950461.959946908,0
55972,26949157.181535326,0
55973,26947852.47158235,0
55974,26946547.82698724,0
55975,26945243.2523265,0
55976,26943938.74822338,0
55977,26942634.310015295,0
55978,26941329.944927637,0
55979,26940025.64322474,0
55980,26938721.413493577,0
55981,26937417.249580957,0
55982,26936113.158852357,0
55983,26934809.134043176,0
55984,26933505.180761486,0
55985,26932201.29539888,0
55986,26930897.481802817,0
55987,26929593.735179782,0
55988,26928290.05863725,0
55989,26926986.453189917,0
55990,26925682.914883673,0
55991,26924379.448749162,0
55992,26923076.05226447,0
55993,26921772.723325346,0
55994,26920469.466224294,0
55995,26919166.279839206,0
55996,26917863.16346368,0
55997,26916560.115601823,0
55998,26915257.13866927,0
55999,26913954.234474804,0
56000,26912651.399031878,0
56001,26911348.634801522,0
56002,26910045.9408421,0
56003,26908743.31734525,0
56004,26907440.765276503,0
56005,26906138.284547832,0
56006,26904835.87227192,0
56007,26903533.536051065,0
56008,26902231.2673773,0
56009,26900929.069575,0
56010,26899626.945469834,0
56011,26898324.89291854,0
56012,26897022.909738947,0
56013,26895720.998180646,0
56014,26894419.158799432,0
56015,26893117.395479046,0
56016,26891815.696076248,0
56017,26890514.074895702,0
56018,26889212.522740263,0
56019,26887911.045243412,0
56020,26886609.63604678,0
56021,26885308.304203235,0
56022,26884007.040153004,0
56023,26882705.85017427,0
56024,26881404.73271237,0
56025,26880103.687660825,0
56026,26878802.71579075,0
56027,26877501.817543793,0
56028,26876200.98861131,0
56029,26874900.236014917,0
56030,26873599.557694804,0
56031,26872298.948631555,0
56032,26870998.413840037,0
56033,26869697.952077966,0
56034,26868397.564454164,0
56035,26867097.252291203,0
56036,26865797.009665526,0
56037,26864496.84404793,0
56038,26863196.74867578,0
56039,26861896.72968263,0
56040,26860596.783712097,0
56041,26859296.910902563,0
56042,26857997.113591965,0
56043,26856697.38732311,0
56044,26855397.73942121,0
56045,26854098.164253775,0
56046,26852798.661582194,0
56047,26851499.235629745,0
56048,26850199.883042328,0
56049,26848900.60510851,0
56050,26847601.400231425,0
56051,26846302.273049537,0
56052,26845003.217408318,0
56053,26843704.23955687,0
56054,26842405.336199027,0
56055,26841106.507470015,0
56056,26839807.752234686,0
56057,26838509.074547004,0
56058,26837210.472299077,0
56059,26835911.942565672,0
56060,26834613.488881342,0
56061,26833315.114584208,0
56062,26832016.811743397,0
56063,26830718.586370043,0
56064,26829420.437237088,0
56065,26828122.363136135,0
56066,26826824.36596905,0
56067,26825526.442611765,0
56068,26824228.59692667,0
56069,26822930.82535006,0
56070,26821633.134116787,0
56071,26820335.51558496,0
56072,26819037.9787185,0
56073,26817740.510989364,0
56074,26816443.12392846,0
56075,26815145.813109558,0
56076,26813848.57809873,0
56077,26812551.421168588,0
56078,26811254.342441645,0
56079,26809957.335877802,0
56080,26808660.4079057,0
56081,26807363.55951658,0
56082,26806066.789721366,0
56083,26804770.093464796,0
56084,26803473.47889165,0
56085,26802176.93737985,0
56086,26800880.473650813,0
56087,26799584.0888155,0
56088,26798287.782157946,0
56089,26796991.551350888,0
56090,26795695.402386155,0
56091,26794399.3294578,0
56092,26793103.332496535,0
56093,26791807.414736472,0
56094,26790511.57640717,0
56095,26789215.817631,0
56096,26787920.13512028,0
56097,26786624.530663718,0
56098,26785329.006750483,0
56099,26784033.556689486,0
56100,26782738.19013069,0
56101,26781442.901631102,0
56102,26780147.69144458,0
56103,26778852.55997537,0
56104,26777557.507425994,0
56105,26776262.53464645,0
56106,26774967.639888123,0
56107,26773672.823028382,0
56108,26772378.088120382,0
56109,26771083.43068968,0
56110,26769788.856688898,0
56111,26768494.359773465,0
56112,26767199.93990411,0
56113,26765905.603030052,0
56114,26764611.343760747,0
56115,26763317.16740251,0
56116,26762023.068685733,0
56117,26760729.050396644,0
56118,26759435.113734283,0
56119,26758141.25805918,0
56120,26756847.479694907,0
56121,26755553.78175523,0
56122,26754260.165530868,0
56123,26752966.631576043,0
56124,26751673.175700955,0
56125,26750379.799583074,0
56126,26749086.506633677,0
56127,26747793.292240474,0
56128,26746500.16131866,0
56129,26745207.111141674,0
56130,26743914.141590554,0
56131,26742621.25131242,0
56132,26741328.445606723,0
56133,26740035.718756232,0
56134,26738743.073752925,0
56135,26737450.512895625,0
56136,26736158.0291625,0
56137,26734865.62862332,0
56138,26733573.311019577,0
56139,26732281.076211043,0
56140,26730988.92020502,0
56141,26729696.849720713,0
56142,26728404.857811026,0
56143,26727112.95051647,0
56144,26725821.126962844,0
56145,26724529.380345758,0
56146,26723237.718078382,0
56147,26721946.142811004,0
56148,26720654.643943362,0
56149,26719363.231066756,0
56150,26718071.901858907,0
56151,26716780.65386555,0
56152,26715489.48572549,0
56153,26714198.405635003,0
56154,26712907.407745115,0
56155,26711616.492952593,0
56156,26710325.656912874,0
56157,26709034.909724038,0
56158,26707744.24185478,0
56159,26706453.660856046,0
56160,26705163.159588564,0
56161,26703872.744810272,0
56162,26702582.413516086,0
56163,26701292.165928286,0
56164,26700002.00122674,0
56165,26698711.919826653,0
56166,26697421.923350103,0
56167,26696132.013304893,0
56168,26694842.183633674,0
56169,26693552.43894854,0
56170,26692262.780346557,0
56171,26690973.205212705,0
56172,26689683.712494645,0
56173,26688394.308149245,0
56174,26687104.984608114,0
56175,26685815.74863776,0
56176,26684526.596260812,0
56177,26683237.52995868,0
56178,26681948.54744764,0
56179,26680659.65051745,0
56180,26679370.83677144,0
56181,26678082.111734435,0
56182,26676793.46912898,0
56183,26675504.916288696,0
56184,26674216.442815483,0
56185,26672928.05768203,0
56186,26671639.758954104,0
56187,26670351.545575045,0
56188,26669063.414822444,0
56189,26667775.374154303,0
56190,26666487.418042175,0
56191,26665199.54674833,0
56192,26663911.762288846,0
56193,26662624.0633253,0
56194,26661336.451460224,0
56195,26660048.925931543,0
56196,26658761.486261714,0
56197,26657474.13469505,0
56198,26656186.866605096,0
56199,26654899.68863261,0
56200,26653612.596114937,0
56201,26652325.588956323,0
56202,26651038.667465296,0
56203,26649751.83748374,0
56204,26648465.090872608,0
56205,26647178.43274096,0
56206,26645891.86256989,0
56207,26644605.379519183,0
56208,26643318.980304264,0
56209,26642032.673000555,0
56210,26640746.45341699,0
56211,26639460.3163929,0
56212,26638174.271021932,0
56213,26636888.312080044,0
56214,26635602.44269567,0
56215,26634316.65794021,0
56216,26633030.962799966,0
56217,26631745.35844302,0
56218,26630459.839230318,0
56219,26629174.407405626,0
56220,26627889.06642232,0
56221,26626603.81148607,0
56222,26625318.648424726,0
56223,26624033.571051992,0
56224,26622748.58194633,0
56225,26621463.6826634,0
56226,26620178.872141477,0
56227,26618894.14973654,0
56228,26617609.51929544,0
56229,26616324.97527471,0
56230,26615040.51895789,0
56231,26613756.15346284,0
56232,26612471.876322426,0
56233,26611187.690281715,0
56234,26609903.5933367,0
56235,26608619.58592105,0
56236,26607335.665302534,0
56237,26606051.835618258,0
56238,26604768.097124815,0
56239,26603484.44932086,0
56240,26602200.88923662,0
56241,26600917.42074986,0
56242,26599634.040317345,0
56243,26598350.752529696,0
56244,26597067.55016559,0
56245,26595784.44037611,0
56246,26594501.42569198,0
56247,26593218.49545125,0
56248,26591935.658807885,0
56249,26590652.911821898,0
56250,26589370.255704436,0
56251,26588087.68934586,0
56252,26586805.214140438,0
56253,26585522.830242865,0
56254,26584240.539049413,0
56255,26582958.337455742,0
56256,26581676.225819003,0
56257,26580394.20608239,0
56258,26579112.279162,0
56259,26577830.440408766,0
56260,26576548.69859889,0
56261,26575267.043400932,0
56262,26573985.480707817,0
56263,26572704.011314046,0
56264,26571422.632508576,0
56265,26570141.345362436,0
56266,26568860.14842102,0
56267,26567579.047919285,0
56268,26566298.038253173,0
56269,26565017.117701646,0
56270,26563736.29292438,0
56271,26562455.558851637,0
56272,26561174.9167402,0
56273,26559894.36754515,0
56274,26558613.91142766,0
56275,26557333.547419105,0
56276,26556053.27775081,0
56277,26554773.09848322,0
56278,26553493.012758546,0
56279,26552213.020600606,0
56280,26550933.1207788,0
56281,26549653.311631937,0
56282,26548373.600430436,0
56283,26547093.980033305,0
56284,26545814.45443627,0
56285,26544535.020435303,0
56286,26543255.68197359,0
56287,26541976.43493704,0
56288,26540697.28469524,0
56289,26539418.226029217,0
56290,26538139.258134592,0
56291,26536860.389005423,0
56292,26535581.61129936,0
56293,26534302.92914782,0
56294,26533024.340751305,0
56295,26531745.844367296,0
56296,26530467.444444887,0
56297,26529189.138711125,0
56298,26527910.92759838,0
56299,26526632.810743067,0
56300,26525354.789781947,0
56301,26524076.861610185,0
56302,26522799.027679995,0
56303,26521521.290234167,0
56304,26520243.645104256,0
56305,26518966.1014095,0
56306,26517688.64639768,0
56307,26516411.289514214,0
56308,26515134.02668719,0
56309,26513856.85853895,0
56310,26512579.7842609,0
56311,26511302.809617642,0
56312,26510025.929605063,0
56313,26508749.14400909,0
56314,26507472.45538551,0
56315,26506195.860517263,0
56316,26504919.36439099,0
56317,26503642.959452722,0
56318,26502366.6550053,0
56319,26501090.443523828,0
56320,26499814.331699934,0
56321,26498538.312511824,0
56322,26497262.39031143,0
56323,26495986.565786824,0
56324,26494710.838486254,0
56325,26493435.208760157,0
56326,26492159.672822133,0
56327,26490884.234120835,0
56328,26489608.89199402,0
56329,26488333.646187816,0
56330,26487058.498584136,0
56331,26485783.44819374,0
56332,26484508.494435307,0
56333,26483233.637934566,0
56334,26481958.878413,0
56335,26480684.21748082,0
56336,26479409.652248885,0
56337,26478135.187150143,0
56338,26476860.817729212,0
56339,26475586.54544634,0
56340,26474312.37129497,0
56341,26473038.2930254,0
56342,26471764.31851859,0
56343,26470490.43555601,0
56344,26469216.654278584,0
56345,26467942.970080275,0
56346,26466669.382161424,0
56347,26465395.89480071,0
56348,26464122.506400667,0
56349,26462849.213456843,0
56350,26461576.022417367,0
56351,26460302.926196747,0
56352,26459029.933346007,0
56353,26457757.038191665,0
56354,26456484.23910884,0
56355,26455211.538834535,0
56356,26453938.939900845,0
56357,26452666.440271698,0
56358,26451394.03815074,0
56359,26450121.735965315,0
56360,26448849.532150164,0
56361,26447577.427722815,0
56362,26446305.424214777,0
56363,26445033.51927021,0
56364,26443761.714931965,0
56365,26442490.00780454,0
56366,26441218.40243731,0
56367,26439946.89617949,0
56368,26438675.492434256,0
56369,26437404.183219716,0
56370,26436132.97745475,0
56371,26434861.87088024,0
56372,26433590.867348846,0
56373,26432319.96191667,0
56374,26431049.155179296,0
56375,26429778.451880306,0
56376,26428507.846839778,0
56377,26427237.343626358,0
56378,26425966.939015206,0
56379,26424696.638007443,0
56380,26423426.43838205,0
56381,26422156.337555576,0
56382,26420886.337433983,0
56383,26419616.43918964,0
56384,26418346.643418033,0
56385,26417076.945731,0
56386,26415807.349534716,0
56387,26414537.858028736,0
56388,26413268.46480604,0
56389,26411999.17495623,0
56390,26410729.985772647,0
56391,26409460.89780882,0
56392,26408191.91344343,0
56393,26406923.030550085,0
56394,26405654.248678293,0
56395,26404385.568760928,0
56396,26403116.99048403,0
56397,26401848.51356859,0
56398,26400580.14193935,0
56399,26399311.871593527,0
56400,26398043.700303223,0
56401,26396775.636265177,0
56402,26395507.67263178,0
56403,26394239.81080761,0
56404,26392972.054156628,0
56405,26391704.398769513,0
56406,26390436.84690065,0
56407,26389169.395228557,0
56408,26387902.04970443,0
56409,26386634.80381263,0
56410,26385367.663619373,0
56411,26384100.62724528,0
56412,26382833.691778425,0
56413,26381566.861511204,0
56414,26380300.135198954,0
56415,26379033.51056323,0
56416,26377766.989460222,0
56417,26376500.57327835,0
56418,26375234.26083682,0
56419,26373968.05277108,0
56420,26372701.946839675,0
56421,26371435.94368112,0
56422,26370170.049943183,0
56423,26368904.256967034,0
56424,26367638.56663532,0
56425,26366372.98223812,0
56426,26365107.50476101,0
56427,26363842.127652436,0
56428,26362576.857650965,0
56429,26361311.68980564,0
56430,26360046.629431568,0
56431,26358781.670881215,0
56432,26357516.820081785,0
56433,26356252.072776057,0
56434,26354987.42809502,0
56435,26353722.8930814,0
56436,26352458.46017048,0
56437,26351194.13512418,0
56438,26349929.912695326,0
56439,26348665.796005182,0
56440,26347401.787003536,0
56441,26346137.878330037,0
56442,26344874.08250188,0
56443,26343610.3884606,0
56444,26342346.797951672,0
56445,26341083.316808037,0
56446,26339819.93988173,0
56447,26338556.666362748,0
56448,26337293.504239213,0
56449,26336030.444716055,0
56450,26334767.49245918,0
56451,26333504.647643466,0
56452,26332241.908149257,0
56453,26330979.276520837,0
56454,26329716.74796568,0
56455,26328454.328321945,0
56456,26327192.016744398,0
56457,26325929.808591608,0
56458,26324667.708474614,0
56459,26323405.716947485,0
56460,26322143.830690775,0
56461,26320882.051372387,0
56462,26319620.380427837,0
56463,26318358.813682638,0
56464,26317097.357046284,0
56465,26315836.009671822,0
56466,26314574.762107976,0
56467,26313313.62943828,0
56468,26312052.60147218,0
56469,26310791.68292304,0
56470,26309530.87138138,0
56471,26308270.167611875,0
56472,26307009.569703117,0
56473,26305749.080755427,0
56474,26304488.69982382,0
56475,26303228.429028064,0
56476,26301968.266996652,0
56477,26300708.208431028,0
56478,26299448.261432428,0
56479,26298188.422537945,0
56480,26296928.69136446,0
56481,26295669.071160074,0
56482,26294409.557535492,0
56483,26293150.152449533,0
56484,26291890.856688533,0
56485,26290631.66800702,0
56486,26289372.589451976,0
56487,26288113.62084937,0
56488,26286854.761829015,0
56489,26285596.010416772,0
56490,26284337.36974989,0
56491,26283078.8370509,0
56492,26281820.412763488,0
56493,26280562.101977732,0
56494,26279303.896409538,0
56495,26278045.80351657,0
56496,26276787.817393277,0
56497,26275529.94264739,0
56498,26274272.177739605,0
56499,26273014.52230526,0
56500,26271756.97740171,0
56501,26270499.544342306,0
56502,26269242.218341548,0
56503,26267985.005153283,0
56504,26266727.90075395,0
56505,26265470.907759175,0
56506,26264214.022545286,0
56507,26262957.251842547,0
56508,26261700.58770264,0
56509,26260444.034377255,0
56510,26259187.596581027,0
56511,26257931.265622143,0
56512,26256675.04901464,0
56513,26255418.93981977,0
56514,26254162.942499466,0
56515,26252907.05698949,0
56516,26251651.281706657,0
56517,26250395.620592695,0
56518,26249140.06642838,0
56519,26247884.626947004,0
56520,26246629.29668645,0
56521,26245374.080118664,0
56522,26244118.97315687,0
56523,26242863.980639987,0
56524,26241609.09830964,0
56525,26240354.328518406,0
56526,26239099.670129042,0
56527,26237845.12342327,0
56528,26236590.69128409,0
56529,26235336.36726922,0
56530,26234082.15763731,0
56531,26232828.060166527,0
56532,26231574.075526174,0
56533,26230320.20260273,0
56534,26229066.442654416,0
56535,26227812.796552435,0
56536,26226559.261248663,0
56537,26225305.840641912,0
56538,26224052.528854195,0
56539,26222799.336375505,0
56540,26221546.252872124,0
56541,26220293.28214431,0
56542,26219040.425506853,0
56543,26217787.68285857,0
56544,26216535.05114497,0
56545,26215282.535558145,0
56546,26214030.132493325,0
56547,26212777.84065763,0
56548,26211525.667033125,0
56549,26210273.60301151,0
56550,26209021.65689536,0
56551,26207769.822444096,0
56552,26206518.101830207,0
56553,26205266.49320577,0
56554,26204015.000470154,0
56555,26202763.62025344,0
56556,26201512.358552724,0
56557,26200261.20630124,0
56558,26199010.170667566,0
56559,26197759.250564046,0
56560,26196508.44303226,0
56561,26195257.751040436,0
56562,26194007.174582258,0
56563,26192756.71269319,0
56564,26191506.36444618,0
56565,26190256.13108425,0
56566,26189006.013997775,0
56567,26187756.00997721,0
56568,26186506.121439073,0
56569,26185256.34850396,0
56570,26184006.692401502,0
56571,26182757.1486648,0
56572,26181507.723447558,0
56573,26180258.411494173,0
56574,26179009.21547389,0
56575,26177760.13548614,0
56576,26176511.173051074,0
56577,26175262.32276192,0
56578,26174013.590738036,0
56579,26172764.973884962,0
56580,26171516.474762343,0
56581,26170268.090678778,0
56582,26169019.821648866,0
56583,26167771.66820074,0
56584,26166523.633066326,0
56585,26165275.712347858,0
56586,26164027.910461765,0
56587,26162780.222022828,0
56588,26161532.654152997,0
56589,26160285.20068403,0
56590,26159037.86475956,0
56591,26157790.644718613,0
56592,26156543.542885043,0
56593,26155296.555586882,0
56594,26154049.68846293,0
56595,26152802.936664905,0
56596,26151556.302972626,0
56597,26150309.786009118,0
56598,26149063.38422286,0
56599,26147817.10344151,0
56600,26146570.937010158,0
56601,26145324.892162804,0
56602,26144078.960627537,0
56603,26142833.149302583,0
56604,26141587.45590079,0
56605,26140341.880295247,0
56606,26139096.421748728,0
56607,26137851.081985034,0
56608,26136605.85916933,0
56609,26135360.755508058,0
56610,26134115.76784806,0
56611,26132870.903309833,0
56612,26131626.1530535,0
56613,26130381.522441335,0
56614,26129137.012875956,0
56615,26127892.614912055,0
56616,26126648.343086362,0
56617,26125404.18488384,0
56618,26124160.150432374,0
56619,26122916.23127346,0
56620,26121672.429902565,0
56621,26120428.7538488,0
56622,26119185.190525256,0
56623,26117941.751025625,0
56624,26116698.426644556,0
56625,26115455.2240517,0
56626,26114212.13855745,0
56627,26112969.177093003,0
56628,26111726.331497896,0
56629,26110483.60675877,0
56630,26109241.00180772,0
56631,26107998.514829893,0
56632,26106756.151615772,0
56633,26105513.90475338,0
56634,26104271.782023545,0
56635,26103029.773753256,0
56636,26101787.88851462,0
56637,26100546.122459564,0
56638,26099304.477428857,0
56639,26098062.95553461,0
56640,26096821.551794354,0
56641,26095580.266779654,0
56642,26094339.104687493,0
56643,26093098.063712098,0
56644,26091857.1414204,0
56645,26090616.341106728,0
56646,26089375.66110408,0
56647,26088135.101736784,0
56648,26086894.665198416,0
56649,26085654.35022615,0
56650,26084414.15258781,0
56651,26083174.079994466,0
56652,26081934.12667267,0
56653,26080694.294684857,0
56654,26079454.58644587,0
56655,26078214.998171628,0
56656,26076975.531454705,0
56657,26075736.187817693,0
56658,26074496.964885984,0
56659,26073257.86194583,0
56660,26072018.882560637,0
56661,26070780.024021223,0
56662,26069541.291843962,0
56663,26068302.67725366,0
56664,26067064.18596092,0
56665,26065825.817179937,0
56666,26064587.571090292,0
56667,26063349.450154264,0
56668,26062111.448179096,0
56669,26060873.567271996,0
56670,26059635.811458796,0
56671,26058398.17991506,0
56672,26057160.66847735,0
56673,26055923.2818294,0
56674,26054686.0191824,0
56675,26053448.87728021,0
56676,26052211.85618758,0
56677,26050974.96175593,0
56678,26049738.191133983,0
56679,26048501.543465603,0
56680,26047265.016360983,0
56681,26046028.615871027,0
56682,26044792.336912982,0
56683,26043556.18460426,0
56684,26042320.152650867,0
56685,26041084.244776547,0
56686,26039848.46025465,0
56687,26038612.801378593,0
56688,26037377.26458985,0
56689,26036141.856119633,0
56690,26034906.569376066,0
56691,26033671.406492468,0
56692,26032436.366504345,0
56693,26031201.45409004,0
56694,26029966.664507423,0
56695,26028731.996867623,0
56696,26027497.457891773,0
56697,26026263.0406685,0
56698,26025028.748534217,0
56699,26023794.58361142,0
56700,26022560.539352685,0
56701,26021326.622185893,0
56702,26020092.83139171,0
56703,26018859.164754782,0
56704,26017625.621686544,0
56705,26016392.20739097,0
56706,26015158.914986998,0
56707,26013925.748694867,0
56708,26012692.710332863,0
56709,26011459.79444778,0
56710,26010227.00671652,0
56711,26008994.34256042,0
56712,26007761.80407865,0
56713,26006529.393355872,0
56714,26005297.106538117,0
56715,26004064.9459091,0
56716,26002832.91227548,0
56717,26001601.00423946,0
56718,26000369.220701385,0
56719,25999137.568496253,0
56720,25997906.036862325,0
56721,25996674.633925837,0
56722,25995443.35558405,0
56723,25994212.207504705,0
56724,25992981.184187498,0
56725,25991750.286182478,0
56726,25990519.516358864,0
56727,25989288.87338735,0
56728,25988058.35777433,0
56729,25986827.969032463,0
56730,25985597.70638539,0
56731,25984367.57181222,0
56732,25983137.564270124,0
56733,25981907.683479827,0
56734,25980677.92997222,0
56735,25979448.303966444,0
56736,25978218.805516426,0
56737,25976989.434173137,0
56738,25975760.190371238,0
56739,25974531.075339906,0
56740,25973302.08825135,0
56741,25972073.22824623,0
56742,25970844.496014856,0
56743,25969615.89091999,0
56744,25968387.415119123,0
56745,25967159.06718777,0
56746,25965930.847054835,0
56747,25964702.757086176,0
56748,25963474.79122301,0
56749,25962246.960370194,0
56750,25961019.254192036,0
56751,25959791.674495623,0
56752,25958564.225807924,0
56753,25957336.905910764,0
56754,25956109.71273641,0
56755,25954882.65134064,0
56756,25953655.718288794,0
56757,25952428.910353802,0
56758,25951202.23496476,0
56759,25949975.690538697,0
56760,25948749.27210764,0
56761,25947522.983858474,0
56762,25946296.82513545,0
56763,25945070.794975296,0
56764,25943844.895825796,0
56765,25942619.124615368,0
56766,25941393.48658213,0
56767,25940167.974454198,0
56768,25938942.593256775,0
56769,25937717.34249978,0
56770,25936492.22323179,0
56771,25935267.227994855,0
56772,25934042.365880106,0
56773,25932817.636507645,0
56774,25931593.033740427,0
56775,25930368.564541966,0
56776,25929144.22542499,0
56777,25927920.016176537,0
56778,25926695.933680754,0
56779,25925471.98547289,0
56780,25924248.168592647,0
56781,25923024.481511287,0
56782,25921800.924883068,0
56783,25920577.49972076,0
56784,25919354.20407776,0
56785,25918131.0393346,0
56786,25916908.00769519,0
56787,25915685.105026796,0
56788,25914462.334772132,0
56789,25913239.69483185,0
56790,25912017.1876713,0
56791,25910794.809504777,0
56792,25909572.567291927,0
56793,25908350.4519453,0
56794,25907128.470409594,0
56795,25905906.61903183,0
56796,25904684.902385537,0
56797,25903463.315959733,0
56798,25902241.862777464,0
56799,25901020.53891102,0
56800,25899799.349481672,0
56801,25898578.29111199,0
56802,25897357.364115905,0
56803,25896136.572487094,0
56804,25894915.910763055,0
56805,25893695.38218723,0
56806,25892474.98664558,0
56807,25891254.722065367,0
56808,25890034.59061303,0
56809,25888814.59347379,0
56810,25887594.726618927,0
56811,25886374.993693016,0
56812,25885155.39505096,0
56813,25883935.92678724,0
56814,25882716.594993614,0
56815,25881497.393390372,0
56816,25880278.327418245,0
56817,25879059.391695492,0
56818,25877840.59196783,0
56819,25876621.922073744,0
56820,25875403.39118865,0
56821,25874184.99036094,0
56822,25872966.722433835,0
56823,25871748.59106551,0
56824,25870530.589839388,0
56825,25869312.725371003,0
56826,25868094.993705843,0
56827,25866877.398163393,0
56828,25865659.935247067,0
56829,25864442.60444501,0
56830,25863225.40872864,0
56831,25862008.34841114,0
56832,25860791.42322086,0
56833,25859574.631322574,0
56834,25858357.9736124,0
56835,25857141.450347576,0
56836,25855925.064667035,0
56837,25854708.808987297,0
56838,25853492.690121405,0
56839,25852276.708297662,0
56840,25851060.85798389,0
56841,25849845.144885115,0
56842,25848629.56466646,0
56843,25847414.122348536,0
56844,25846198.814081635,0
56845,25844983.639008105,0
56846,25843768.601712987,0
56847,25842553.69888031,0
56848,25841338.93228136,0
56849,25840124.302991614,0
56850,25838909.80585612,0
56851,25837695.44745419,0
56852,25836481.222664792,0
56853,25835267.133828323,0
56854,25834053.181577418,0
56855,25832839.364689387,0
56856,25831625.68469182,0
56857,25830412.13911181,0
56858,25829198.731025912,0
56859,25827985.4590331,0
56860,25826772.32230498,0
56861,25825559.324364122,0
56862,25824346.462023977,0
56863,25823133.733959243,0
56864,25821921.144111603,0
56865,25820708.691513225,0
56866,25819496.377273038,0
56867,25818284.196358334,0
56868,25817072.15306799,0
56869,25815860.24767818,0
56870,25814648.479395833,0
56871,25813436.848278444,0
56872,25812225.35346309,0
56873,25811013.99858781,0
56874,25809802.778232805,0
56875,25808591.696786612,0
56876,25807380.74924517,0
56877,25806169.94543614,0
56878,25804959.2747037,0
56879,25803748.743379153,0
56880,25802538.350235283,0
56881,25801328.092728324,0
56882,25800117.97600054,0
56883,25798907.991489805,0
56884,25797698.150554888,0
56885,25796488.444664415,0
56886,25795278.880540367,0
56887,25794069.452293348,0
56888,25792860.161418475,0
56889,25791651.013351027,0
56890,25790441.99792808,0
56891,25789233.12170456,0
56892,25788024.388797436,0
56893,25786815.79167279,0
56894,25785607.33208088,0
56895,25784399.013725407,0
56896,25783190.83122689,0
56897,25781982.78993348,0
56898,25780774.887921218,0
56899,25779567.12470211,0
56900,25778359.498947136,0
56901,25777152.013295718,0
56902,25775944.667626876,0
56903,25774737.458864722,0
56904,25773530.393297534,0
56905,25772323.46375534,0
56906,25771116.676615775,0
56907,25769910.027389016,0
56908,25768703.520396054,0
56909,25767497.14996541,0
56910,25766290.922604773,0
56911,25765084.83010192,0
56912,25763878.88226947,0
56913,25762673.07321261,0
56914,25761467.40435423,0
56915,25760261.8769446,0
56916,25759056.484011598,0
56917,25757851.236738183,0
56918,25756646.131410025,0
56919,25755441.160878718,0
56920,25754236.335167456,0
56921,25753031.647320613,0
56922,25751827.10107945,0
56923,25750622.69661894,0
56924,25749418.435190737,0
56925,25748214.30871236,0
56926,25747010.3272032,0
56927,25745806.485895548,0
56928,25744602.78681106,0
56929,25743399.227933455,0
56930,25742195.80905697,0
56931,25740992.529208407,0
56932,25739789.39633158,0
56933,25738586.402288657,0
56934,25737383.552423876,0
56935,25736180.83970471,0
56936,25734978.27332129,0
56937,25733775.844778888,0
56938,25732573.560028635,0
56939,25731371.41753235,0
56940,25730169.412644446,0
56941,25728967.55227829,0
56942,25727765.8364628,0
56943,25726564.261744354,0
56944,25725362.82684605,0
56945,25724161.536543418,0
56946,25722960.389064893,0
56947,25721759.382720686,0
56948,25720558.517258834,0
56949,25719357.796902288,0
56950,25718157.217107173,0
56951,25716956.780695632,0
56952,25715756.49036647,0
56953,25714556.336566765,0
56954,25713356.331480913,0
56955,25712156.46647691,0
56956,25710956.745989703,0
56957,25709757.166455224,0
56958,25708557.73315571,0
56959,25707358.439909417,0
56960,25706159.293013345,0
56961,25704960.28659278,0
56962,25703761.42358686,0
56963,25702562.70696176,0
56964,25701364.132208046,0
56965,25700165.7007124,0
56966,25698967.412826687,0
56967,25697769.2709869,0
56968,25696571.269576784,0
56969,25695373.414031167,0
56970,25694175.70377015,0
56971,25692978.13545454,0
56972,25691780.71026335,0
56973,25690583.432037875,0
56974,25689386.298455007,0
56975,25688189.30717537,0
56976,25686992.461155333,0
56977,25685795.75981392,0
56978,25684599.20285653,0
56979,25683402.789986383,0
56980,25682206.51870271,0
56981,25681010.398895036,0
56982,25679814.42018133,0
56983,25678618.587372247,0
56984,25677422.900018483,0
56985,25676227.35452136,0
56986,25675031.95740965,0
56987,25673836.70473315,0
56988,25672641.596103095,0
56989,25671446.632568426,0
56990,25670251.81551547,0
56991,25669057.14497221,0
56992,25667862.618187897,0
56993,25666668.23626458,0
56994,25665474.00242958,0
56995,25664279.91268211,0
56996,25663085.97127423,0
56997,25661892.171441376,0
56998,25660698.52267098,0
56999,25659505.01772879,0
57000,25658311.65520899,0
57001,25657118.441846732,0
57002,25655925.37611402,0
57003,25654732.455231223,0
57004,25653539.678967346,0
57005,25652347.050736535,0
57006,25651154.568933472,0
57007,25649962.233242795,0
57008,25648770.046344314,0
57009,25647578.003603805,0
57010,25646386.107484117,0
57011,25645194.359848917,0
57012,25644002.75786286,0
57013,25642811.3061518,0
57014,25641619.995825112,0
57015,25640428.83632641,0
57016,25639237.822688084,0
57017,25638046.955992945,0
57018,25636856.23776527,0
57019,25635665.666076276,0
57020,25634475.24432081,0
57021,25633284.96520078,0
57022,25632094.83371859,0
57023,25630904.85717371,0
57024,25629715.02083417,0
57025,25628525.33555729,0
57026,25627335.796889976,0
57027,25626146.40670171,0
57028,25624957.1640208,0
57029,25623768.06901573,0
57030,25622579.12428738,0
57031,25621390.327681657,0
57032,25620201.67592734,0
57033,25619013.176797193,0
57034,25617824.825709336,0
57035,25616636.619221665,0
57036,25615448.561606117,0
57037,25614260.656042125,0
57038,25613072.89789237,0
57039,25611885.288253143,0
57040,25610697.825937554,0
57041,25609510.514009845,0
57042,25608323.35083356,0
57043,25607136.33615374,0
57044,25605949.470495846,0
57045,25604762.753290366,0
57046,25603576.187828746,0
57047,25602389.76854472,0
57048,25601203.503218047,0
57049,25600017.38090726,0
57050,25598831.412745327,0
57051,25597645.590592697,0
57052,25596459.920920365,0
57053,25595274.40000183,0
57054,25594089.02815238,0
57055,25592903.807676103,0
57056,25591718.737211563,0
57057,25590533.815141827,0
57058,25589349.045125157,0
57059,25588164.42161617,0
57060,25586979.952000286,0
57061,25585795.629673187,0
57062,25584611.460632674,0
57063,25583427.43986699,0
57064,25582243.57008659,0
57065,25581059.84937946,0
57066,25579876.281882115,0
57067,25578692.860516813,0
57068,25577509.594926577,0
57069,25576326.47766888,0
57070,25575143.5122292,0
57071,25573960.69606558,0
57072,25572778.030852247,0
57073,25571595.51745561,0
57074,25570413.156330273,0
57075,25569230.945027348,0
57076,25568048.88630778,0
57077,25566866.977853328,0
57078,25565685.219748463,0
57079,25564503.613947153,0
57080,25563322.160693847,0
57081,25562140.85664612,0
57082,25560959.70557002,0
57083,25559778.705022942,0
57084,25558597.8595513,0
57085,25557417.16273266,0
57086,25556236.61999884,0
57087,25555056.225651357,0
57088,25553875.986387283,0
57089,25552695.89993609,0
57090,25551515.96358559,0
57091,25550336.178570736,0
57092,25549156.549462978,0
57093,25547977.06838125,0
57094,25546797.74408572,0
57095,25545618.568342846,0
57096,25544439.549158704,0
57097,25543260.67931178,0
57098,25542081.96348844,0
57099,25540903.399769574,0
57100,25539724.989472184,0
57101,25538546.73189584,0
57102,25537368.62790829,0
57103,25536190.6755576,0
57104,25535012.87859586,0
57105,25533835.231072236,0
57106,25532657.74057249,0
57107,25531480.401474874,0
57108,25530303.216705132,0
57109,25529126.183582637,0
57110,25527949.30527676,0
57111,25526772.58031344,0
57112,25525596.007456478,0
57113,25524419.591439057,0
57114,25523243.33045041,0
57115,25522067.218753997,0
57116,25520891.260224994,0
57117,25519715.457026754,0
57118,25518539.8107308,0
57119,25517364.317708828,0
57120,25516188.976695847,0
57121,25515013.792961344,0
57122,25513838.75892478,0
57123,25512663.882924642,0
57124,25511489.16001392,0
57125,25510314.592771586,0
57126,25509140.179318964,0
57127,25507965.920814265,0
57128,25506791.81530243,0
57129,25505617.867245447,0
57130,25504444.071720947,0
57131,25503270.433017384,0
57132,25502096.94839883,0
57133,25500923.617185142,0
57134,25499750.44185313,0
57135,25498577.423249736,0
57136,25497404.559780926,0
57137,25496231.84832094,0
57138,25495059.29572464,0
57139,25493886.898719616,0
57140,25492714.652756996,0
57141,25491542.567175157,0
57142,25490370.636083525,0
57143,25489198.860789288,0
57144,25488027.2404824,0
57145,25486855.776254144,0
57146,25485684.466866318,0
57147,25484513.31756126,0
57148,25483342.31879754,0
57149,25482171.477202278,0
57150,25481000.796092495,0
57151,25479830.266252242,0
57152,25478659.894169535,0
57153,25477489.68076423,0
57154,25476319.620688275,0
57155,25475149.71897886,0
57156,25473979.97232842,0
57157,25472810.383264966,0
57158,25471640.95018159,0
57159,25470471.674152687,0
57160,25469302.559843007,0
57161,25468133.593426406,0
57162,25466964.787618555,0
57163,25465796.1420488,0
57164,25464627.650097664,0
57165,25463459.31590309,0
57166,25462291.13865985,0
57167,25461123.11927675,0
57168,25459955.2572606,0
57169,25458787.55397425,0
57170,25457620.00533991,0
57171,25456452.617019366,0
57172,25455285.383711196,0
57173,25454118.309117265,0
57174,25452951.391592436,0
57175,25451784.635849345,0
57176,25450618.032675665,0
57177,25449451.589546394,0
57178,25448285.306289963,0
57179,25447119.177793257,0
57180,25445953.208977442,0
57181,25444787.397776846,0
57182,25443621.744468935,0
57183,25442456.2523103,0
57184,25441290.91391788,0
57185,25440125.7370539,0
57186,25438960.71847124,0
57187,25437795.859303974,0
57188,25436631.157493565,0
57189,25435466.61282115,0
57190,25434302.232958917,0
57191,25433138.00620771,0
57192,25431973.938677352,0
57193,25430810.032301676,0
57194,25429646.28406029,0
57195,25428482.69413845,0
57196,25427319.264893446,0
57197,25426155.99417727,0
57198,25424992.883441553,0
57199,25423829.93036942,0
57200,25422667.138009273,0
57201,25421504.50436838,0
57202,25420342.03060106,0
57203,25419179.716355108,0
57204,25418017.562108833,0
57205,25416855.567999657,0
57206,25415693.733608834,0
57207,25414532.06012457,0
57208,25413370.543972343,0
57209,25412209.18927609,0
57210,25411047.994662683,0
57211,25409886.960407924,0
57212,25408726.087874323,0
57213,25407565.37180195,0
57214,25406404.81909687,0
57215,25405244.425654925,0
57216,25404084.192616623,0
57217,25402924.119390666,0
57218,25401764.20927659,0
57219,25400604.45590634,0
57220,25399444.8666304,0
57221,25398285.437733237,0
57222,25397126.169544026,0
57223,25395967.062281158,0
57224,25394808.117016543,0
57225,25393649.330748364,0
57226,25392490.705909483,0
57227,25391332.242221512,0
57228,25390173.940308146,0
57229,25389015.798899237,0
57230,25387857.818715435,0
57231,25386700.00179058,0
57232,25385542.347998206,0
57233,25384384.8514605,0
57234,25383227.51864048,0
57235,25382070.348892104,0
57236,25380913.335712586,0
57237,25379756.49009429,0
57238,25378599.803815186,0
57239,25377443.281411227,0
57240,25376286.91991547,0
57241,25375130.720273696,0
57242,25373974.6837164,0
57243,25372818.807500135,0
57244,25371663.09422795,0
57245,25370507.54580478,0
57246,25369352.153059896,0
57247,25368196.93169364,0
57248,25367041.86809315,0
57249,25365886.965678755,0
57250,25364732.227278356,0
57251,25363577.652232025,0
57252,25362423.24031789,0
57253,25361268.992394548,0
57254,25360114.902263284,0
57255,25358960.983276185,0
57256,25357807.220870867,0
57257,25356653.624787282,0
57258,25355500.188317314,0
57259,25354346.91946905,0
57260,25353193.81165709,0
57261,25352040.867750093,0
57262,25350888.085865095,0
57263,25349735.469064474,0
57264,25348583.01468596,0
57265,25347430.726806946,0
57266,25346278.601219468,0
57267,25345126.637769714,0
57268,25343974.836259183,0
57269,25342823.20565127,0
57270,25341671.733738746,0
57271,25340520.424323525,0
57272,25339369.282730326,0
57273,25338218.304997135,0
57274,25337067.491893236,0
57275,25335916.841004755,0
57276,25334766.355622757,0
57277,25333616.03633101,0
57278,25332465.879990816,0
57279,25331315.88768531,0
57280,25330166.057642274,0
57281,25329016.397437762,0
57282,25327866.89797042,0
57283,25326717.567168467,0
57284,25325568.3970888,0
57285,25324419.394597456,0
57286,25323270.555483624,0
57287,25322121.881964523,0
57288,25320973.3728895,0
57289,25319825.03137652,0
57290,25318676.85326096,0
57291,25317528.839473072,0
57292,25316380.992215093,0
57293,25315233.310235247,0
57294,25314085.79556222,0
57295,25312938.4443465,0
57296,25311791.25939559,0
57297,25310644.23944126,0
57298,25309497.387713153,0
57299,25308350.697043546,0
57300,25307204.17747887,0
57301,25306057.82179383,0
57302,25304911.630624216,0
57303,25303765.605699718,0
57304,25302619.749881875,0
57305,25301474.0592511,0
57306,25300328.53465093,0
57307,25299183.174693063,0
57308,25298037.98097546,0
57309,25296892.95629554,0
57310,25295748.09663913,0
57311,25294603.403583713,0
57312,25293458.87615082,0
57313,25292314.518121395,0
57314,25291170.32525765,0
57315,25290026.301321037,0
57316,25288882.43999074,0
57317,25287738.74957612,0
57318,25286595.224280667,0
57319,25285451.86504237,0
57320,25284308.67549057,0
57321,25283165.649952143,0
57322,25282022.794310078,0
57323,25280880.10508106,0
57324,25279737.58398512,0
57325,25278595.228138674,0
57326,25277453.045480434,0
57327,25276311.024515666,0
57328,25275169.174410563,0
57329,25274027.490399886,0
57330,25272885.97420463,0
57331,25271744.625374746,0
57332,25270603.445830584,0
57333,25269462.434582014,0
57334,25268321.59045953,0
57335,25267180.91418345,0
57336,25266040.406862874,0
57337,25264900.068636667,0
57338,25263759.897973806,0
57339,25262619.893210802,0
57340,25261480.05919953,0
57341,25260340.39448203,0
57342,25259200.89683899,0
57343,25258061.56798269,0
57344,25256922.40929187,0
57345,25255783.41731183,0
57346,25254644.593061365,0
57347,25253505.94030545,0
57348,25252367.454790097,0
57349,25251229.14060696,0
57350,25250090.992844615,0
57351,25248953.014912713,0
57352,25247815.206296988,0
57353,25246677.57125526,0
57354,25245540.098127108,0
57355,25244402.798764244,0
57356,25243265.66815543,0
57357,25242128.70672243,0
57358,25240991.915285833,0
57359,25239855.292292368,0
57360,25238718.839247826,0
57361,25237582.55702152,0
57362,25236446.443916578,0
57363,25235310.50053088,0
57364,25234174.727824442,0
57365,25233039.123254187,0
57366,25231903.690431092,0
57367,25230768.426176257,0
57368,25229633.33430814,0
57369,25228498.41120933,0
57370,25227363.660503164,0
57371,25226229.075954176,0
57372,25225094.66534126,0
57373,25223960.424185697,0
57374,25222826.354830094,0
57375,25221692.45295084,0
57376,25220558.724979825,0
57377,25219425.166547053,0
57378,25218291.779690243,0
57379,25217158.56107808,0
57380,25216025.514722615,0
57381,25214892.641595162,0
57382,25213759.935870785,0
57383,25212627.404006086,0
57384,25211495.042733513,0
57385,25210362.85327357,0
57386,25209230.832106445,0
57387,25208098.985709444,0
57388,25206967.30981816,0
57389,25205835.804209143,0
57390,25204704.47154432,0
57391,25203573.311238673,0
57392,25202442.319968373,0
57393,25201311.501977615,0
57394,25200180.856895767,0
57395,25199050.381325256,0
57396,25197920.080341697,0
57397,25196789.9468138,0
57398,25195659.989678625,0
57399,25194530.20434115,0
57400,25193400.58863351,0
57401,25192271.147143636,0
57402,25191141.878965683,0
57403,25190012.779613275,0
57404,25188883.85597936,0
57405,25187755.10383744,0
57406,25186626.5233086,0
57407,25185498.11602229,0
57408,25184369.880378734,0
57409,25183241.820289027,0
57410,25182113.929252904,0
57411,25180986.214704458,0
57412,25179858.670519456,0
57413,25178731.300348226,0
57414,25177604.103289127,0
57415,25176477.079841476,0
57416,25175350.229921427,0
57417,25174223.550716057,0
57418,25173097.045419425,0
57419,25171970.7135859,0
57420,25170844.558484357,0
57421,25169718.573273465,0
57422,25168592.76217655,0
57423,25167467.12537486,0
57424,25166341.66265093,0
57425,25165216.37176355,0
57426,25164091.255580008,0
57427,25162966.312853172,0
57428,25161841.54490724,0
57429,25160716.951432917,0
57430,25159592.532673005,0
57431,25158468.285001475,0
57432,25157344.213834714,0
57433,25156220.316976845,0
57434,25155096.592787832,0
57435,25153973.04527056,0
57436,25152849.668653913,0
57437,25151726.468178425,0
57438,25150603.442224376,0
57439,25149480.593451858,0
57440,25148357.91617667,0
57441,25147235.411701158,0
57442,25146113.088240895,0
57443,25144990.934427414,0
57444,25143868.956746757,0
57445,25142747.154775277,0
57446,25141625.525949802,0
57447,25140504.074830644,0
57448,25139382.79718507,0
57449,25138261.69518957,0
57450,25137140.769822266,0
57451,25136020.017230988,0
57452,25134899.441606924,0
57453,25133779.04128782,0
57454,25132658.81685863,0
57455,25131538.76770126,0
57456,25130418.8925907,0
57457,25129299.19402579,0
57458,25128179.673882704,0
57459,25127060.322781183,0
57460,25125941.155480284,0
57461,25124822.159650113,0
57462,25123703.34153683,0
57463,25122584.698231257,0
57464,25121466.232808933,0
57465,25120347.941457517,0
57466,25119229.825363263,0
57467,25118111.887359925,0
57468,25116994.127009302,0
57469,25115876.54264813,0
57470,25114759.134642467,0
57471,25113641.90050011,0
57472,25112524.843392756,0
57473,25111407.967131056,0
57474,25110291.26456024,0
57475,25109174.739261873,0
57476,25108058.389461894,0
57477,25106942.220104817,0
57478,25105826.22340988,0
57479,25104710.406874392,0
57480,25103594.766268924,0
57481,25102479.30311745,0
57482,25101364.015605446,0
57483,25100248.906478018,0
57484,25099133.97663529,0
57485,25098019.22210587,0
57486,25096904.645110127,0
57487,25095790.246634055,0
57488,25094676.024155248,0
57489,25093561.97938138,0
57490,25092448.113900464,0
57491,25091334.425217725,0
57492,25090220.914441865,0
57493,25089107.580157094,0
57494,25087994.42507023,0
57495,25086881.449934382,0
57496,25085768.64996698,0
57497,25084656.027350057,0
57498,25083543.585276887,0
57499,25082431.320922293,0
57500,25081319.23719865,0
57501,25080207.328331813,0
57502,25079095.599083103,0
57503,25077984.04784111,0
57504,25076872.674821638,0
57505,25075761.482925937,0
57506,25074650.467764225,0
57507,25073539.63007344,0
57508,25072428.974626638,0
57509,25071318.49525695,0
57510,25070208.193846684,0
57511,25069098.07356297,0
57512,25067988.131653566,0
57513,25066878.3695868,0
57514,25065768.78424049,0
57515,25064659.38056077,0
57516,25063550.15691899,0
57517,25062441.10871875,0
57518,25061332.243671197,0
57519,25060223.555648398,0
57520,25059115.050296072,0
57521,25058006.7217969,0
57522,25056898.57167916,0
57523,25055790.603480276,0
57524,25054682.815655,0
57525,25053575.20425501,0
57526,25052467.776245352,0
57527,25051360.52722742,0
57528,25050253.46002452,0
57529,25049146.56889361,0
57530,25048039.860962454,0
57531,25046933.330825027,0
57532,25045826.983259324,0
57533,25044720.812461175,0
57534,25043614.82513035,0
57535,25042509.01798598,0
57536,25041403.390976027,0
57537,25040297.944345877,0
57538,25039192.678019475,0
57539,25038087.59277791,0
57540,25036982.68740579,0
57541,25035877.96349683,0
57542,25034773.419034623,0
57543,25033669.056034118,0
57544,25032564.875077702,0
57545,25031460.87405054,0
57546,25030357.056562237,0
57547,25029253.41899502,0
57548,25028149.960003644,0
57549,25027046.68609265,0
57550,25025943.590965163,0
57551,25024840.676744998,0
57552,25023737.94515039,0
57553,25022635.396291472,0
57554,25021533.024063148,0
57555,25020430.840303324,0
57556,25019328.83454656,0
57557,25018227.00923298,0
57558,25017125.367673486,0
57559,25016023.90916912,0
57560,25014922.62789973,0
57561,25013821.532645483,0
57562,25012720.619102653,0
57563,25011619.886362355,0
57564,25010519.336030584,0
57565,25009418.969809134,0
57566,25008318.781145286,0
57567,25007218.777757723,0
57568,25006118.95524142,0
57569,25005019.31803419,0
57570,25003919.862290394,0
57571,25002820.589661404,0
57572,25001721.499289982,0
57573,25000622.58901678,0
57574,24999523.864209436,0
57575,24998425.32289955,0
57576,24997326.961306814,0
57577,24996228.78490201,0
57578,24995130.791350555,0
57579,24994032.978162635,0
57580,24992935.34989752,0
57581,24991837.90772476,0
57582,24990740.64494937,0
57583,24989643.564562157,0
57584,24988546.669662986,0
57585,24987449.958720297,0
57586,24986353.431944773,0
57587,24985257.08665171,0
57588,24984160.925403178,0
57589,24983064.946172018,0
57590,24981969.1525382,0
57591,24980873.541408844,0
57592,24979778.115235664,0
57593,24978682.871814262,0
57594,24977587.813251343,0
57595,24976492.938542485,0
57596,24975398.248286936,0
57597,24974303.742092863,0
57598,24973209.420714125,0
57599,24972115.28025223,0
57600,24971021.327028487,0
57601,24969927.556395806,0
57602,24968833.97204268,0
57603,24967740.568758264,0
57604,24966647.35289936,0
57605,24965554.32206537,0
57606,24964461.474556535,0
57607,24963368.811810806,0
57608,24962276.334578,0
57609,24961184.038173504,0
57610,24960091.93023033,0
57611,24959000.00852124,0
57612,24957908.270204727,0
57613,24956816.716492355,0
57614,24955725.350064985,0
57615,24954634.163091015,0
57616,24953543.166216683,0
57617,24952452.352865566,0
57618,24951361.725953642,0
57619,24950271.283469044,0
57620,24949181.025760178,0
57621,24948090.955332033,0
57622,24947001.0692344,0
57623,24945911.369084403,0
57624,24944821.855552122,0
57625,24943732.528076306,0
57626,24942643.380632542,0
57627,24941554.426617533,0
57628,24940465.654643416,0
57629,24939377.067879632,0
57630,24938288.668885414,0
57631,24937200.456821214,0
57632,24936112.42880349,0
57633,24935024.587698564,0
57634,24933936.93229445,0
57635,24932849.463752575,0
57636,24931762.18143167,0
57637,24930675.08618636,0
57638,24929588.17733795,0
57639,24928501.45512042,0
57640,24927414.91782975,0
57641,24926328.5699405,0
57642,24925242.405512575,0
57643,24924156.431186244,0
57644,24923070.64036744,0
57645,24921985.04094385,0
57646,24920899.62420353,0
57647,24919814.39601775,0
57648,24918729.35367714,0
57649,24917644.500237484,0
57650,24916559.831326094,0
57651,24915475.35177458,0
57652,24914391.05989797,0
57653,24913306.956518024,0
57654,24912223.0381994,0
57655,24911139.30460466,0
57656,24910055.763016947,0
57657,24908972.40864916,0
57658,24907889.24235411,0
57659,24906806.26139037,0
57660,24905723.46640145,0
57661,24904640.863360748,0
57662,24903558.448707607,0
57663,24902476.219562963,0
57664,24901394.178839933,0
57665,24900312.327195555,0
57666,24899230.661205955,0
57667,24898149.185867004,0
57668,24897067.898631234,0
57669,24895986.79729764,0
57670,24894905.884582758,0
57671,24893825.161832202,0
57672,24892744.626572143,0
57673,24891664.27894358,0
57674,24890584.12265328,0
57675,24889504.154945992,0
57676,24888424.37385136,0
57677,24887344.78345453,0
57678,24886265.379272867,0
57679,24885186.16588281,0
57680,24884107.138004053,0
57681,24883028.30304123,0
57682,24881949.655935954,0
57683,24880871.197170705,0
57684,24879792.930436604,0
57685,24878714.847076356,0
57686,24877636.958225776,0
57687,24876559.2581007,0
57688,24875481.745712467,0
57689,24874404.421959773,0
57690,24873327.288296726,0
57691,24872250.346668784,0
57692,24871173.591018725,0
57693,24870097.02630944,0
57694,24869020.65343537,0
57695,24867944.467790287,0
57696,24866868.471987855,0
57697,24865792.667388443,0
57698,24864717.052155126,0
57699,24863641.62628342,0
57700,24862566.391155504,0
57701,24861491.3435981,0
57702,24860416.490565512,0
57703,24859341.82515012,0
57704,24858267.35037424,0
57705,24857193.06619485,0
57706,24856118.972467847,0
57707,24855045.069188178,0
57708,24853971.356664956,0
57709,24852897.833328474,0
57710,24851824.502749614,0
57711,24850751.361800093,0
57712,24849678.41134251,0
57713,24848605.65188144,0
57714,24847533.081540845,0
57715,24846460.70389162,0
57716,24845388.517408963,0
57717,24844316.520741098,0
57718,24843244.71507153,0
57719,24842173.10190864,0
57720,24841101.681400277,0
57721,24840030.44760726,0
57722,24838959.40742837,0
57723,24837888.558890354,0
57724,24836817.902609374,0
57725,24835747.43647223,0
57726,24834677.162415333,0
57727,24833607.081396185,0
57728,24832537.188465424,0
57729,24831467.489007223,0
57730,24830397.983169857,0
57731,24829328.66479781,0
57732,24828259.539766442,0
57733,24827190.607613955,0
57734,24826121.868696947,0
57735,24825053.318132903,0
57736,24823984.96126024,0
57737,24822916.79834185,0
57738,24821848.828129116,0
57739,24820781.04829491,0
57740,24819713.460237995,0
57741,24818646.066522148,0
57742,24817578.86353167,0
57743,24816511.853209406,0
57744,24815445.035318136,0
57745,24814378.411285836,0
57746,24813311.9788392,0
57747,24812245.738201685,0
57748,24811179.692431662,0
57749,24810113.83691682,0
57750,24809048.176622603,0
57751,24807982.708526324,0
57752,24806917.432506196,0
57753,24805852.3507238,0
57754,24804787.462035414,0
57755,24803722.76432791,0
57756,24802658.262778558,0
57757,24801593.95525082,0
57758,24800529.83596451,0
57759,24799465.914944835,0
57760,24798402.1843684,0
57761,24797338.649677347,0
57762,24796275.305338252,0
57763,24795212.157228008,0
57764,24794149.204241887,0
57765,24793086.44037152,0
57766,24792023.87345237,0
57767,24790961.49950407,0
57768,24789899.316843722,0
57769,24788837.333209146,0
57770,24787775.53939975,0
57771,24786713.943184026,0
57772,24785652.538677894,0
57773,24784591.32760502,0
57774,24783530.31189633,0
57775,24782469.491642967,0
57776,24781408.86714369,0
57777,24780348.433606572,0
57778,24779288.194092654,0
57779,24778228.150483187,0
57780,24777168.301344745,0
57781,24776108.645580005,0
57782,24775049.185444824,0
57783,24773989.921718676,0
57784,24772930.84975881,0
57785,24771871.976112176,0
57786,24770813.2925032,0
57787,24769754.807068963,0
57788,24768696.518484917,0
57789,24767638.420921236,0
57790,24766580.520319823,0
57791,24765522.81547316,0
57792,24764465.30557811,0
57793,24763407.989882432,0
57794,24762350.869730286,0
57795,24761293.945786458,0
57796,24760237.21636539,0
57797,24759180.68349484,0
57798,24758124.347258393,0
57799,24757068.202492166,0
57800,24756012.254361127,0
57801,24754956.5051979,0
57802,24753900.948710356,0
57803,24752845.58970563,0
57804,24751790.42611668,0
57805,24750735.457474697,0
57806,24749680.685971767,0
57807,24748626.108355522,0
57808,24747571.73097393,0
57809,24746517.54819291,0
57810,24745463.560403828,0
57811,24744409.768941622,0
57812,24743356.175101656,0
57813,24742302.775470395,0
57814,24741249.573463727,0
57815,24740196.56963177,0
57816,24739143.760801475,0
57817,24738091.14843162,0
57818,24737038.731960334,0
57819,24735986.51438994,0
57820,24734934.489958186,0
57821,24733882.665375505,0
57822,24732831.03787075,0
57823,24731779.606347628,0
57824,24730728.370050274,0
57825,24729677.335324205,0
57826,24728626.492489167,0
57827,24727575.849279437,0
57828,24726525.403930333,0
57829,24725475.155508142,0
57830,24724425.10231983,0
57831,24723375.249086477,0
57832,24722325.590519443,0
57833,24721276.133168608,0
57834,24720226.86958015,0
57835,24719177.805468835,0
57836,24718128.938046526,0
57837,24717080.26952885,0
57838,24716031.797237314,0
57839,24714983.524349842,0
57840,24713935.44871838,0
57841,24712887.56983318,0
57842,24711839.89045916,0
57843,24710792.407079726,0
57844,24709745.12415025,0
57845,24708698.039705135,0
57846,24707651.153178226,0
57847,24706604.462586932,0
57848,24705557.971918643,0
57849,24704511.680450644,0
57850,24703465.585850738,0
57851,24702419.69000801,0
57852,24701373.991977755,0
57853,24700328.49258951,0
57854,24699283.19330262,0
57855,24698238.092677005,0
57856,24697193.190404225,0
57857,24696148.486973964,0
57858,24695103.98089204,0
57859,24694059.67307773,0
57860,24693015.564434852,0
57861,24691971.657828227,0
57862,24690927.948951654,0
57863,24689884.435024597,0
57864,24688841.124969773,0
57865,24687798.014065243,0
57866,24686755.10108269,0
57867,24685712.38688245,0
57868,24684669.87487589,0
57869,24683627.56115985,0
57870,24682585.444625553,0
57871,24681543.527575642,0
57872,24680501.81344424,0
57873,24679460.29576464,0
57874,24678418.97919101,0
57875,24677377.864226665,0
57876,24676336.947330654,0
57877,24675296.228554737,0
57878,24674255.712192677,0
57879,24673215.392962668,0
57880,24672175.277153034,0
57881,24671135.35889256,0
57882,24670095.640722636,0
57883,24669056.12408588,0
57884,24668016.808574725,0
57885,24666977.69013628,0
57886,24665938.77512172,0
57887,24664900.060646325,0
57888,24663861.543701336,0
57889,24662823.227764517,0
57890,24661785.114689462,0
57891,24660747.201907475,0
57892,24659709.486851826,0
57893,24658671.976966158,0
57894,24657634.664935533,0
57895,24656597.553732496,0
57896,24655560.64404053,0
57897,24654523.934595335,0
57898,24653487.426785115,0
57899,24652451.119536147,0
57900,24651415.014446113,0
57901,24650379.110092707,0
57902,24649343.40440722,0
57903,24648307.90219944,0
57904,24647272.601481635,0
57905,24646237.501587573,0
57906,24645202.605058786,0
57907,24644167.90561252,0
57908,24643133.412353877,0
57909,24642099.11946212,0
57910,24641065.025379423,0
57911,24640031.13698476,0
57912,24638997.447949633,0
57913,24637963.95950097,0
57914,24636930.675558425,0
57915,24635897.59068723,0
57916,24634864.709124263,0
57917,24633832.030465495,0
57918,24632799.555027172,0
57919,24631767.278063573,0
57920,24630735.205559134,0
57921,24629703.333712332,0
57922,24628671.66703937,0
57923,24627640.200770006,0
57924,24626608.935362965,0
57925,24625577.87229486,0
57926,24624547.01526377,0
57927,24623516.35960355,0
57928,24622485.905258276,0
57929,24621455.654090285,0
57930,24620425.60577851,0
57931,24619395.75907096,0
57932,24618366.115266215,0
57933,24617336.67703972,0
57934,24616307.438087452,0
57935,24615278.40338767,0
57936,24614249.573704425,0
57937,24613220.943764582,0
57938,24612192.51882203,0
57939,24611164.29914715,0
57940,24610136.28029084,0
57941,24609108.464291297,0
57942,24608080.851571962,0
57943,24607053.443049096,0
57944,24606026.238355607,0
57945,24604999.235460345,0
57946,24603972.43611626,0
57947,24602945.841814898,0
57948,24601919.449184798,0
57949,24600893.2621873,0
57950,24599867.27835902,0
57951,24598841.497945994,0
57952,24597815.921526216,0
57953,24596790.550779615,0
57954,24595765.38013566,0
57955,24594740.416831996,0
57956,24593715.65504165,0
57957,24592691.098073684,0
57958,24591666.749183085,0
57959,24590642.60138881,0
57960,24589618.655993503,0
57961,24588594.917218838,0
57962,24587571.381933905,0
57963,24586548.05140799,0
57964,24585524.925151642,0
57965,24584502.004565913,0
57966,24583479.286765855,0
57967,24582456.775230497,0
57968,24581434.468831234,0
57969,24580412.364632946,0
57970,24579390.466232117,0
57971,24578368.772236004,0
57972,24577347.28438172,0
57973,24576325.99925492,0
57974,24575304.923987117,0
57975,24574284.048056394,0
57976,24573263.378759887,0
57977,24572242.917387158,0
57978,24571222.659860384,0
57979,24570202.60809846,0
57980,24569182.759591896,0
57981,24568163.118203156,0
57982,24567143.681547474,0
57983,24566124.45025102,0
57984,24565105.4226002,0
57985,24564086.60412491,0
57986,24563067.98772639,0
57987,24562049.58227249,0
57988,24561031.37786356,0
57989,24560013.37920195,0
57990,24558995.588688325,0
57991,24557978.00166439,0
57992,24556960.62141132,0
57993,24555943.450114246,0
57994,24554926.480560273,0
57995,24553909.71974775,0
57996,24552893.1646577,0
57997,24551876.81498062,0
57998,24550860.671085116,0
57999,24549844.735414863,0
58000,24548829.005085837,0
58001,24547813.48178706,0
58002,24546798.165784527,0
58003,24545783.050284784,0
58004,24544768.14693327,0
58005,24543753.450026225,0
58006,24542738.959537923,0
58007,24541724.674301315,0
58008,24540710.597261306,0
58009,24539696.72364885,0
58010,24538683.060659915,0
58011,24537669.605198123,0
58012,24536656.35259673,0
58013,24535643.307291366,0
58014,24534630.47317146,0
58015,24533617.84533921,0
58016,24532605.422911957,0
58017,24531593.206997395,0
58018,24530581.200130217,0
58019,24529569.39941199,0
58020,24528557.806793027,0
58021,24527546.42181451,0
58022,24526535.24496169,0
58023,24525524.272157457,0
58024,24524513.51317828,0
58025,24523502.956605144,0
58026,24522492.608178373,0
58027,24521482.468619354,0
58028,24520472.537048664,0
58029,24519462.813613985,0
58030,24518453.297568377,0
58031,24517443.988968614,0
58032,24516434.888139673,0
58033,24515425.996655084,0
58034,24514417.3104524,0
58035,24513408.83531182,0
58036,24512400.56804326,0
58037,24511392.50781206,0
58038,24510384.657663915,0
58039,24509377.013617408,0
58040,24508369.58213683,0
58041,24507362.35288093,0
58042,24506355.338261917,0
58043,24505348.525705837,0
58044,24504341.929275744,0
58045,24503335.536064267,0
58046,24502329.353182405,0
58047,24501323.37668779,0
58048,24500317.612195306,0
58049,24499312.055578806,0
58050,24498306.707957912,0
58051,24497301.570508674,0
58052,24496296.64011045,0
58053,24495291.918492924,0
58054,24494287.408004392,0
58055,24493283.105692934,0
58056,24492279.01065486,0
58057,24491275.126597755,0
58058,24490271.454638712,0
58059,24489267.986879636,0
58060,24488264.73053004,0
58061,24487261.684533678,0
58062,24486258.848790027,0
58063,24485256.221024103,0
58064,24484253.80238358,0
58065,24483251.59498803,0
58066,24482249.596208304,0
58067,24481247.807162188,0
58068,24480246.228165995,0
58069,24479244.859641403,0
58070,24478243.700020667,0
58071,24477242.751417443,0
58072,24476242.01222417,0
58073,24475241.481817275,0
58074,24474241.163850445,0
58075,24473241.05540113,0
58076,24472241.159017336,0
58077,24471241.468764294,0
58078,24470241.991283122,0
58079,24469242.725615885,0
58080,24468243.66475939,0
58081,24467244.818147883,0
58082,24466246.182767432,0
58083,24465247.757646132,0
58084,24464249.542800725,0
58085,24463251.5382459,0
58086,24462253.743967496,0
58087,24461256.163390104,0
58088,24460258.78999773,0
58089,24459261.630542453,0
58090,24458264.678168237,0
58091,24457267.941942986,0
58092,24456271.41013641,0
58093,24455275.094677463,0
58094,24454278.987704214,0
58095,24453283.093919624,0
58096,24452287.40930681,0
58097,24451291.935813956,0
58098,24450296.67617223,0
58099,24449301.628913205,0
58100,24448306.788101647,0
58101,24447312.16286497,0
58102,24446317.747137185,0
58103,24445323.543021724,0
58104,24444329.553484403,0
58105,24443335.77076073,0
58106,24442342.202598203,0
58107,24441348.845636982,0
58108,24440355.702067666,0
58109,24439362.765803926,0
58110,24438370.048274748,0
58111,24437377.538245957,0
58112,24436385.239837654,0
58113,24435393.15483881,0
58114,24434401.28089005,0
58115,24433409.620332066,0
58116,24432418.171881843,0
58117,24431426.934098672,0
58118,24430435.912387256,0
58119,24429445.09931717,0
58120,24428454.49987403,0
58121,24427464.11196876,0
58122,24426473.93962136,0
58123,24425483.976584427,0
58124,24424494.226895995,0
58125,24423504.689787403,0
58126,24422515.366875004,0
58127,24421526.254790206,0
58128,24420537.35803872,0
58129,24419548.673059225,0
58130,24418560.199392058,0
58131,24417571.94047905,0
58132,24416583.89492784,0
58133,24415596.060055826,0
58134,24414608.439749617,0
58135,24413621.032641605,0
58136,24412633.838180475,0
58137,24411646.857507467,0
58138,24410660.08963072,0
58139,24409673.536720768,0
58140,24408687.195512127,0
58141,24407701.06892466,0
58142,24406715.15558858,0
58143,24405729.453305066,0
58144,24404743.966904912,0
58145,24403758.695465546,0
58146,24402773.6352464,0
58147,24401788.79005271,0
58148,24400804.158319924,0
58149,24399819.7393948,0
58150,24398835.53684641,0
58151,24397851.54652684,0
58152,24396867.769195963,0
58153,24395884.208003625,0
58154,24394900.860110912,0
58155,24393917.72715424,0
58156,24392934.807951022,0
58157,24391952.101374086,0
58158,24390969.60858843,0
58159,24389987.334212843,0
58160,24389005.27328213,0
58161,24388023.423827767,0
58162,24387041.789340064,0
58163,24386060.3710429,0
58164,24385079.167045742,0
58165,24384098.176585466,0
58166,24383117.40268639,0
58167,24382136.839858785,0
58168,24381156.49497606,0
58169,24380176.365046095,0
58170,24379196.449358698,0
58171,24378216.747101743,0
58172,24377237.26114835,0
58173,24376257.989898834,0
58174,24375278.933845896,0
58175,24374300.094243824,0
58176,24373321.467979357,0
58177,24372343.05881235,0
58178,24371364.861174323,0
58179,24370386.882166695,0
58180,24369409.11846714,0
58181,24368431.568882886,0
58182,24367454.233695954,0
58183,24366477.117698483,0
58184,24365500.213939354,0
58185,24364523.52865093,0
58186,24363547.05513377,0
58187,24362570.800645716,0
58188,24361594.759089332,0
58189,24360618.934957966,0
58190,24359643.32726908,0
58191,24358667.93253663,0
58192,24357692.755614612,0
58193,24356717.796330668,0
58194,24355743.05110947,0
58195,24354768.52163025,0
58196,24353794.21222883,0
58197,24352820.114467334,0
58198,24351846.23490668,0
58199,24350872.571649328,0
58200,24349899.124590334,0
58201,24348925.89330831,0
58202,24347952.87857902,0
58203,24346980.080657855,0
58204,24346007.498008,0
58205,24345035.132670205,0
58206,24344062.982544873,0
58207,24343091.053630847,0
58208,24342119.33713723,0
58209,24341147.84138406,0
58210,24340176.558511466,0
58211,24339205.493939947,0
58212,24338234.645802863,0
58213,24337264.014673866,0
58214,24336293.60065183,0
58215,24335323.40381194,0
58216,24334353.423566956,0
58217,24333383.660054535,0
58218,24332414.11394884,0
58219,24331444.787232168,0
58220,24330475.677055594,0
58221,24329506.78191397,0
58222,24328538.105834354,0
58223,24327569.64542478,0
58224,24326601.404811207,0
58225,24325633.380070217,0
58226,24324665.573732167,0
58227,24323697.986188933,0
58228,24322730.61488493,0
58229,24321763.462283652,0
58230,24320796.526564393,0
58231,24319829.80702254,0
58232,24318863.30590287,0
58233,24317897.02472297,0
58234,24316930.960732307,0
58235,24315965.115752228,0
58236,24314999.48760313,0
58237,24314034.076815285,0
58238,24313068.885601092,0
58239,24312103.913597565,0
58240,24311139.15531376,0
58241,24310174.617865875,0
58242,24309210.298242304,0
58243,24308246.198750056,0
58244,24307282.317328587,0
58245,24306318.65191131,0
58246,24305355.206743605,0
58247,24304391.979891155,0
58248,24303428.971140277,0
58249,24302466.182951126,0
58250,24301503.612207353,0
58251,24300541.259958245,0
58252,24299579.128589645,0
58253,24298617.21273765,0
58254,24297655.51569089,0
58255,24296694.04083936,0
58256,24295732.782244284,0
58257,24294771.743655544,0
58258,24293810.92428253,0
58259,24292850.323760185,0
58260,24291889.943069696,0
58261,24290929.782881193,0
58262,24289969.837622073,0
58263,24289010.11460963,0
58264,24288050.61063741,0
58265,24287091.325172186,0
58266,24286132.260011192,0
58267,24285173.41562676,0
58268,24284214.787883233,0
58269,24283256.38085213,0
58270,24282298.196502924,0
58271,24281340.226174455,0
58272,24280382.480649356,0
58273,24279424.95172415,0
58274,24278467.642689846,0
58275,24277510.55537449,0
58276,24276553.687285062,0
58277,24275597.03759988,0
58278,24274640.611383665,0
58279,24273684.403061833,0
58280,24272728.41426483,0
58281,24271772.647111263,0
58282,24270817.099059302,0
58283,24269861.77260547,0
58284,24268906.662976112,0
58285,24267951.77683594,0
58286,24266997.111582737,0
58287,24266042.66500109,0
58288,24265088.436507795,0
58289,24264134.43200765,0
58290,24263180.649109375,0
58291,24262227.086790778,0
58292,24261273.741418533,0
58293,24260320.619901776,0
58294,24259367.717487596,0
58295,24258415.036931902,0
58296,24257462.577213887,0
58297,24256510.337765865,0
58298,24255558.319343813,0
58299,24254606.52041379,0
58300,24253654.944498457,0
58301,24252703.589862324,0
58302,24251752.45563974,0
58303,24250801.542730946,0
58304,24249850.848558016,0
58305,24248900.380972046,0
58306,24247950.12882367,0
58307,24247000.10187791,0
58308,24246050.296321817,0
58309,24245100.711036682,0
58310,24244151.34891231,0
58311,24243202.20428419,0
58312,24242253.28463212,0
58313,24241304.584193993,0
58314,24240356.109133687,0
58315,24239407.85335045,0
58316,24238459.818638533,0
58317,24237512.009317122,0
58318,24236564.419072628,0
58319,24235617.049950514,0
58320,24234669.904849663,0
58321,24233722.979444228,0
58322,24232776.278114393,0
58323,24231829.798212014,0
58324,24230883.538358614,0
58325,24229937.504113715,0
58326,24228991.690325145,0
58327,24228046.097875282,0
58328,24227100.728677377,0
58329,24226155.583866667,0
58330,24225210.658904865,0
58331,24224265.95598961,0
58332,24223321.47879703,0
58333,24222377.222456288,0
58334,24221433.186240755,0
58335,24220489.37593259,0
58336,24219545.7886524,0
58337,24218602.42014539,0
58338,24217659.279455286,0
58339,24216716.356929544,0
58340,24215773.659547824,0
58341,24214831.18349279,0
58342,24213888.931748994,0
58343,24212946.90366649,0
58344,24212005.099464413,0
58345,24211063.51826195,0
58346,24210122.15900157,0
58347,24209181.01992368,0
58348,24208240.10656406,0
58349,24207299.41607735,0
58350,24206358.951630227,0
58351,24205418.706601467,0
58352,24204478.687305577,0
58353,24203538.891703464,0
58354,24202599.318815216,0
58355,24201659.968449593,0
58356,24200720.84324515,0
58357,24199781.94066573,0
58358,24198843.262000564,0
58359,24197904.80711062,0
58360,24196966.575731393,0
58361,24196028.570441447,0
58362,24195090.786569882,0
58363,24194153.22630549,0
58364,24193215.890788075,0
58365,24192278.779336788,0
58366,24191341.89256695,0
58367,24190405.230982874,0
58368,24189468.789978266,0
58369,24188532.57618872,0
58370,24187596.586377185,0
58371,24186660.818429578,0
58372,24185725.27524448,0
58373,24184789.958016623,0
58374,24183854.864552964,0
58375,24182919.99725229,0
58376,24181985.349203568,0
58377,24181050.93199057,0
58378,24180116.73364336,0
58379,24179182.765326634,0
58380,24178249.017896082,0
58381,24177315.498628203,0
58382,24176382.200724136,0
58383,24175449.12866787,0
58384,24174516.28003694,0
58385,24173583.66055343,0
58386,24172651.264262233,0
58387,24171719.091131814,0
58388,24170787.140809197,0
58389,24169855.41937762,0
58390,24168923.92124189,0
58391,24167992.64983613,0
58392,24167061.603941094,0
58393,24166130.78284032,0
58394,24165200.18638246,0
58395,24164269.813197304,0
58396,24163339.669324886,0
58397,24162409.74974074,0
58398,24161480.055496898,0
58399,24160550.585808966,0
58400,24159621.342253827,0
58401,24158692.323507514,0
58402,24157763.531638358,0
58403,24156834.96725661,0
58404,24155906.62491333,0
58405,24154978.508878674,0
58406,24154050.619867507,0
58407,24153122.95570102,0
58408,24152195.518088195,0
58409,24151268.30730952,0
58410,24150341.320095997,0
58411,24149414.5609394,0
58412,24148488.026154857,0
58413,24147561.72088357,0
58414,24146635.639929555,0
58415,24145709.784430012,0
58416,24144784.154817995,0
58417,24143858.752535813,0
58418,24142933.576600928,0
58419,24142008.627813257,0
58420,24141083.904453386,0
58421,24140159.405158963,0
58422,24139235.13541426,0
58423,24138311.092991713,0
58424,24137387.274093375,0
58425,24136463.68587877,0
58426,24135540.320910543,0
58427,24134617.18486018,0
58428,24133694.27393939,0
58429,24132771.590387512,0
58430,24131849.132852912,0
58431,24130926.90376259,0
58432,24130004.901524913,0
58433,24129083.125825677,0
58434,24128161.57807979,0
58435,24127240.25518534,0
58436,24126319.16140576,0
58437,24125398.295725513,0
58438,24124477.655050263,0
58439,24123557.241606787,0
58440,24122637.05462624,0
58441,24121717.096645676,0
58442,24120797.367988013,0
58443,24119877.864861414,0
58444,24118958.58643078,0
58445,24118039.54085648,0
58446,24117120.7189456,0
58447,24116202.126066927,0
58448,24115283.761982754,0
58449,24114365.624148153,0
58450,24113447.713382773,0
58451,24112530.032022495,0
58452,24111612.57665403,0
58453,24110695.349784736,0
58454,24109778.353308607,0
58455,24108861.58280887,0
58456,24107945.038277604,0
58457,24107028.72387231,0
58458,24106112.638872404,0
58459,24105196.778995913,0
58460,24104281.150374964,0
58461,24103365.746654127,0
58462,24102450.573759146,0
58463,24101535.629697517,0
58464,24100620.910772044,0
58465,24099706.422567494,0
58466,24098792.163381185,0
58467,24097878.12953453,0
58468,24096964.328254648,0
58469,24096050.754756413,0
58470,24095137.40848067,0
58471,24094224.290237233,0
58472,24093311.401671723,0
58473,24092398.743243344,0
58474,24091486.31200164,0
58475,24090574.108238045,0
58476,24089662.13426945,0
58477,24088750.391230617,0
58478,24087838.87592871,0
58479,24086927.589595165,0
58480,24086016.53125458,0
58481,24085105.70184842,0
58482,24084195.10119,0
58483,24083284.73461814,0
58484,24082374.706255723,0
58485,24081464.79177253,0
58486,24080555.109909564,0
58487,24079645.656012814,0
58488,24078736.432192564,0
58489,24077827.43703939,0
58490,24076918.672908,0
58491,24076010.135364998,0
58492,24075101.829936273,0
58493,24074193.75462575,0
58494,24073285.904834393,0
58495,24072378.289848223,0
58496,24071470.901442293,0
58497,24070563.745816905,0
58498,24069656.816545673,0
58499,24068750.11729058,0
58500,24067843.65127913,0
58501,24066937.411529187,0
58502,24066031.40329223,0
58503,24065125.625717428,0
58504,24064220.075951472,0
58505,24063314.75983196,0
58506,24062409.670931768,0
58507,24061504.811868362,0
58508,24060600.18445933,0
58509,24059695.786286943,0
58510,24058791.620814294,0
58511,24057887.68364594,0
58512,24056983.977849673,0
58513,24056080.499986805,0
58514,24055177.255796578,0
58515,24054274.240492955,0
58516,24053371.457687348,0
58517,24052468.902918674,0
58518,24051566.580965832,0
58519,24050664.487628426,0
58520,24049762.62818662,0
58521,24048860.995786212,0
58522,24047959.59664163,0
58523,24047058.426462628,0
58524,24046157.489250083,0
58525,24045256.78024846,0
58526,24044356.304658636,0
58527,24043456.05894157,0
58528,24042556.047049955,0
58529,24041656.26087806,0
58530,24040756.712174747,0
58531,24039857.3879623,0
58532,24038958.30054083,0
58533,24038059.44092916,0
58534,24037160.814871773,0
58535,24036262.418873426,0
58536,24035364.254044402,0
58537,24034466.322231457,0
58538,24033568.620495494,0
58539,24032671.151774514,0
58540,24031773.912058186,0
58541,24030876.90700834,0
58542,24029980.13252546,0
58543,24029083.588373497,0
58544,24028187.2757158,0
58545,24027291.19910586,0
58546,24026395.34999509,0
58547,24025499.73282275,0
58548,24024604.349956036,0
58549,24023709.195649065,0
58550,24022814.278349277,0
58551,24021919.591172684,0
58552,24021025.133816086,0
58553,24020130.908042736,0
58554,24019236.91526186,0
58555,24018343.159012835,0
58556,24017449.63013333,0
58557,24016556.334796824,0
58558,24015663.273577455,0
58559,24014770.441404376,0
58560,24013877.844738744,0
58561,24012985.478422433,0
58562,24012093.34554986,0
58563,24011201.446359448,0
58564,24010309.776232887,0
58565,24009418.340738628,0
58566,24008527.138360523,0
58567,24007636.16729152,0
58568,24006745.432091452,0
58569,24005854.92738928,0
58570,24004964.65481829,0
58571,24004074.614997685,0
58572,24003184.80716409,0
58573,24002295.235997427,0
58574,24001405.896497186,0
58575,24000516.78774276,0
58576,23999627.918107335,0
58577,23998739.27509761,0
58578,23997850.86743503,0
58579,23996962.692129314,0
58580,23996074.751626648,0
58581,23995187.042459987,0
58582,23994299.567773495,0
58583,23993412.32785875,0
58584,23992525.319454566,0
58585,23991638.543673746,0
58586,23990752.00450143,0
58587,23989865.69469807,0
58588,23988979.620123066,0
58589,23988093.780192953,0
58590,23987208.173433095,0
58591,23986322.798675805,0
58592,23985437.660802137,0
58593,23984552.75662689,0
58594,23983668.08345158,0
58595,23982783.644987244,0
58596,23981899.440498192,0
58597,23981015.468628097,0
58598,23980131.732191745,0
58599,23979248.23090821,0
58600,23978364.96190896,0
58601,23977481.926558226,0
58602,23976599.12743817,0
58603,23975716.562179912,0
58604,23974834.230447076,0
58605,23973952.131409027,0
58606,23973070.26884878,0
58607,23972188.640280653,0
58608,23971307.243927456,0
58609,23970426.08415211,0
58610,23969545.159079514,0
58611,23968664.46683127,0
58612,23967784.01058027,0
58613,23966903.79113191,0
58614,23966023.799457267,0
58615,23965144.049358208,0
58616,23964264.529925186,0
58617,23963385.244730562,0
58618,23962506.19776551,0
58619,23961627.38306359,0
58620,23960748.805001363,0
58621,23959870.460113544,0
58622,23958992.3502282,0
58623,23958114.47526614,0
58624,23957236.83728412,0
58625,23956359.43130777,0
58626,23955482.26096622,0
58627,23954605.326259136,0
58628,23953728.627869602,0
58629,23952852.166061115,0
58630,23951975.936289366,0
58631,23951099.942556854,0
58632,23950224.184893284,0
58633,23949348.663515925,0
58634,23948473.376080938,0
58635,23947598.323812082,0
58636,23946723.506733928,0
58637,23945848.92614778,0
58638,23944974.581171416,0
58639,23944100.470775053,0
58640,23943226.597565446,0
58641,23942352.958415475,0
58642,23941479.55713413,0
58643,23940606.390412014,0
58644,23939733.460015696,0
58645,23938860.7639624,0
58646,23937988.30461256,0
58647,23937116.08014798,0
58648,23936244.09349376,0
58649,23935372.341073535,0
58650,23934500.824983373,0
58651,23933629.54709042,0
58652,23932758.503635596,0
58653,23931887.69768994,0
58654,23931017.125250787,0
58655,23930146.794394296,0
58656,23929276.692742947,0
58657,23928406.831107806,0
58658,23927537.20491912,0
58659,23926667.816963635,0
58660,23925798.663103215,0
58661,23924929.74593964,0
58662,23924061.065197363,0
58663,23923192.624266032,0
58664,23922324.417591847,0
58665,23921456.447162602,0
58666,23920588.713149622,0
58667,23919721.216297068,0
58668,23918853.957390822,0
58669,23917986.9332941,0
58670,23917120.148125514,0
58671,23916253.597370915,0
58672,23915387.284705907,0
58673,23914521.209524766,0
58674,23913655.371838845,0
58675,23912789.769936617,0
58676,23911924.404083062,0
58677,23911059.276226677,0
58678,23910194.384997923,0
58679,23909329.73367986,0
58680,23908465.31520023,0
58681,23907601.13993917,0
58682,23906737.197619632,0
58683,23905873.491904598,0
58684,23905010.02712597,0
58685,23904146.79709712,0
58686,23903283.805118687,0
58687,23902421.049973186,0
58688,23901558.53390776,0
58689,23900696.252618026,0
58690,23899834.212380823,0
58691,23898972.407563537,0
58692,23898110.841561787,0
58693,23897249.51248713,0
58694,23896388.42162299,0
58695,23895527.570430942,0
58696,23894666.95242725,0
58697,23893806.576860905,0
58698,23892946.435826793,0
58699,23892086.536735963,0
58700,23891226.87228958,0
58701,23890367.444933325,0
58702,23889508.259216394,0
58703,23888649.3088356,0
58704,23887790.598552614,0
58705,23886932.123974632,0
58706,23886073.891732857,0
58707,23885215.891963314,0
58708,23884358.134910416,0
58709,23883500.614730123,0
58710,23882643.33466074,0
58711,23881786.290671993,0
58712,23880929.48631516,0
58713,23880072.91968342,0
58714,23879216.591310594,0
58715,23878360.50337158,0
58716,23877504.651823606,0
58717,23876649.0394644,0
58718,23875793.6687741,0
58719,23874938.532480896,0
58720,23874083.639507115,0
58721,23873228.982594144,0
58722,23872374.564023256,0
58723,23871520.38283564,0
58724,23870666.44583781,0
58725,23869812.740057558,0
58726,23868959.27920792,0
58727,23868106.057630245,0
58728,23867253.07332107,0
58729,23866400.326711886,0
58730,23865547.820661306,0
58731,23864695.554418854,0
58732,23863843.526949804,0
58733,23862991.73822314,0
58734,23862140.19129756,0
58735,23861288.879232023,0
58736,23860437.81102522,0
58737,23859586.97901269,0
58738,23858736.3881167,0
58739,23857886.033573978,0
58740,23857035.92358666,0
58741,23856186.05059731,0
58742,23855336.415578704,0
58743,23854487.023364507,0
58744,23853637.866978023,0
58745,23852788.953631945,0
58746,23851940.28066728,0
58747,23851091.84449447,0
58748,23850243.649408795,0
58749,23849395.695932154,0
58750,23848547.977324296,0
58751,23847700.503783546,0
58752,23846853.268549386,0
58753,23846006.272481292,0
58754,23845159.51936074,0
58755,23844313.00186856,0
58756,23843466.72679413,0
58757,23842620.69029092,0
58758,23841774.899141394,0
58759,23840929.343202226,0
58760,23840084.02897575,0
58761,23839238.95517012,0
58762,23838394.123002294,0
58763,23837549.53023066,0
58764,23836705.174114514,0
58765,23835861.063070986,0
58766,23835017.190580737,0
58767,23834173.560206637,0
58768,23833330.16962326,0
58769,23832487.01788659,0
58770,23831644.110509053,0
58771,23830801.440907717,0
58772,23829959.01407248,0
58773,23829116.826013166,0
58774,23828274.87775047,0
58775,23827433.17439523,0
58776,23826591.707621653,0
58777,23825750.48381568,0
58778,23824909.501757223,0
58779,23824068.759794246,0
58780,23823228.257346746,0
58781,23822387.999025837,0
58782,23821547.98024762,0
58783,23820708.20249806,0
58784,23819868.664391287,0
58785,23819029.37087672,0
58786,23818190.31724332,0
58787,23817351.5024425,0
58788,23816512.93119006,0
58789,23815674.602877583,0
58790,23814836.514879797,0
58791,23813998.665764794,0
58792,23813161.059571557,0
58793,23812323.69580471,0
58794,23811486.57408035,0
58795,23810649.690560445,0
58796,23809813.051218603,0
58797,23808976.653126873,0
58798,23808140.49583406,0
58799,23807304.583432943,0
58800,23806468.909923103,0
58801,23805633.476515565,0
58802,23804798.28921806,0
58803,23803963.34345055,0
58804,23803128.636521436,0
58805,23802294.174243193,0
58806,23801459.950444233,0
58807,23800625.97234422,0
58808,23799792.235111635,0
58809,23798958.73822416,0
58810,23798125.48450389,0
58811,23797292.474787563,0
58812,23796459.705191027,0
58813,23795627.178795576,0
58814,23794794.893708915,0
58815,23793962.850970425,0
58816,23793131.051051922,0
58817,23792299.49324916,0
58818,23791468.178876474,0
58819,23790637.10561642,0
58820,23789806.27584618,0
58821,23788975.68711701,0
58822,23788145.341928992,0
58823,23787315.240825932,0
58824,23786485.380717847,0
58825,23785655.762649633,0
58826,23784826.38990546,0
58827,23783997.25589135,0
58828,23783168.368104644,0
58829,23782339.72188701,0
58830,23781511.318087954,0
58831,23780683.158785094,0
58832,23779855.24154588,0
58833,23779027.564118814,0
58834,23778200.13133279,0
58835,23777372.944480285,0
58836,23776545.998407334,0
58837,23775719.296469137,0
58838,23774892.839372836,0
58839,23774066.624063943,0
58840,23773240.647436123,0
58841,23772414.91886423,0
58842,23771589.432371933,0
58843,23770764.189356633,0
58844,23769939.187827248,0
58845,23769114.434002362,0
58846,23768289.920655105,0
58847,23767465.649713207,0
58848,23766641.62535331,0
58849,23765817.840134904,0
58850,23764994.300898362,0
58851,23764171.00746761,0
58852,23763347.95587705,0
58853,23762525.14719259,0
58854,23761702.584077515,0
58855,23760880.261665195,0
58856,23760058.186653897,0
58857,23759236.353174325,0
58858,23758414.76503115,0
58859,23757593.4160584,0
58860,23756772.315924384,0
58861,23755951.458035793,0
58862,23755130.846237544,0
58863,23754310.47757496,0
58864,23753490.350229405,0
58865,23752670.46989389,0
58866,23751850.833560113,0
58867,23751031.43942902,0
58868,23750212.290990144,0
58869,23749393.38372626,0
58870,23748574.726966437,0
58871,23747756.309098408,0
58872,23746938.140404247,0
58873,23746120.209596984,0
58874,23745302.528046954,0
58875,23744485.08996889,0
58876,23743667.89269437,0
58877,23742850.947542597,0
58878,23742034.241629485,0
58879,23741217.779100146,0
58880,23740401.565294642,0
58881,23739585.594276346,0
58882,23738769.867457766,0
58883,23737954.385403115,0
58884,23737139.149100486,0
58885,23736324.15799649,0
58886,23735509.41075498,0
58887,23734694.9076088,0
58888,23733880.650397364,0
58889,23733066.637547214,0
58890,23732252.869178824,0
58891,23731439.347579,0
58892,23730626.069427952,0
58893,23729813.036769856,0
58894,23729000.248060685,0
58895,23728187.70793146,0
58896,23727375.41216739,0
58897,23726563.360862456,0
58898,23725751.553593516,0
58899,23724939.990645085,0
58900,23724128.675899144,0
58901,23723317.604366917,0
58902,23722506.7822885,0
58903,23721696.200273104,0
58904,23720885.865906008,0
58905,23720075.778556295,0
58906,23719265.934355345,0
58907,23718456.337789472,0
58908,23717646.983515058,0
58909,23716837.87827902,0
58910,23716029.017915104,0
58911,23715220.39970825,0
58912,23714412.032296773,0
58913,23713603.90878829,0
58914,23712796.031683903,0
58915,23711988.39938333,0
58916,23711181.01392699,0
58917,23710373.87324096,0
58918,23709566.980408747,0
58919,23708760.33313367,0
58920,23707953.92729406,0
58921,23707147.772635303,0
58922,23706341.86359157,0
58923,23705536.197809797,0
58924,23704730.780947167,0
58925,23703925.608623426,0
58926,23703120.68255128,0
58927,23702316.00333911,0
58928,23701511.56896996,0
58929,23700707.385009933,0
58930,23699903.444830924,0
58931,23699099.749788657,0
58932,23698296.30302235,0
58933,23697493.100876007,0
58934,23696690.14835526,0
58935,23695887.43944903,0
58936,23695084.979203567,0
58937,23694282.7632846,0
58938,23693480.794417158,0
58939,23692679.073325403,0
58940,23691877.600518137,0
58941,23691076.372980963,0
58942,23690275.388012763,0
58943,23689474.655854296,0
58944,23688674.166096855,0
58945,23687873.925563343,0
58946,23687073.93254571,0
58947,23686274.18576872,0
58948,23685474.684456754,0
58949,23684675.43269736,0
58950,23683876.427204106,0
58951,23683077.667745136,0
58952,23682279.15414502,0
58953,23681480.88989259,0
58954,23680682.873603694,0
58955,23679885.103869747,0
58956,23679087.577869676,0
58957,23678290.30353159,0
58958,23677493.275350854,0
58959,23676696.491940837,0
58960,23675899.96044361,0
58961,23675103.675027087,0
58962,23674307.634497143,0
58963,23673511.842787176,0
58964,23672716.297358945,0
58965,23671921.001042485,0
58966,23671125.95187561,0
58967,23670331.150229197,0
58968,23669536.59709638,0
58969,23668742.291540127,0
58970,23667948.231966555,0
58971,23667154.421804108,0
58972,23666360.859565254,0
58973,23665567.54202503,0
58974,23664774.477820545,0
58975,23663981.65768097,0
58976,23663189.086191706,0
58977,23662396.76355203,0
58978,23661604.6877313,0
58979,23660812.85979785,0
58980,23660021.279900707,0
58981,23659229.948107988,0
58982,23658438.864132863,0
58983,23657648.02848136,0
58984,23656857.44272325,0
58985,23656067.103822306,0
58986,23655277.01289311,0
58987,23654487.168996222,0
58988,23653697.573570743,0
58989,23652908.230497714,0
58990,23652119.13118775,0
58991,23651330.28431538,0
58992,23650541.685351126,0
58993,23649753.331600804,0
58994,23648965.227195073,0
58995,23648177.371475566,0
58996,23647389.765395116,0
58997,23646602.407978702,0
58998,23645815.29975852,0
58999,23645028.43815479,0
59000,23644241.825743455,0
59001,23643455.463453285,0
59002,23642669.349758424,0
59003,23641883.48288787,0
59004,23641097.865879998,0
59005,23640312.495998368,0
59006,23639527.377153814,0
59007,23638742.506803423,0
59008,23637957.886832494,0
59009,23637173.513906036,0
59010,23636389.390977878,0
59011,23635605.516412087,0
59012,23634821.891368125,0
59013,23634038.514255457,0
59014,23633255.38946088,0
59015,23632472.51225284,0
59016,23631689.883147098,0
59017,23630907.504212264,0
59018,23630125.37436017,0
59019,23629343.493678045,0
59020,23628561.86279956,0
59021,23627780.481218684,0
59022,23626999.3490883,0
59023,23626218.462505534,0
59024,23625437.831291422,0
59025,23624657.44551098,0
59026,23623877.313560113,0
59027,23623097.427221227,0
59028,23622317.792033214,0
59029,23621538.4061085,0
59030,23620759.270100843,0
59031,23619980.385133974,0
59032,23619201.748051476,0
59033,23618423.361502673,0
59034,23617645.22258311,0
59035,23616867.333357956,0
59036,23616089.698792167,0
59037,23615312.309379917,0
59038,23614535.172507178,0
59039,23613758.28513324,0
59040,23612981.647508767,0
59041,23612205.260479096,0
59042,23611429.121289574,0
59043,23610653.235298157,0
59044,23609877.59705288,0
59045,23609102.21256152,0
59046,23608327.071262017,0
59047,23607552.186080843,0
59048,23606777.54990956,0
59049,23606003.162496787,0
59050,23605229.026251156,0
59051,23604455.142401945,0
59052,23603681.50653794,0
59053,23602908.119916603,0
59054,23602134.984681427,0
59055,23601362.102663923,0
59056,23600589.468803234,0
59057,23599817.085981797,0
59058,23599044.9527671,0
59059,23598273.07183314,0
59060,23597501.441271,0
59061,23596730.060549024,0
59062,23595958.928230856,0
59063,23595188.05229529,0
59064,23594417.42194601,0
59065,23593647.04213114,0
59066,23592876.917073887,0
59067,23592107.040785525,0
59068,23591337.41523082,0
59069,23590568.040838756,0
59070,23589798.918373693,0
59071,23589030.045973014,0
59072,23588261.42327293,0
59073,23587493.052945126,0
59074,23586724.933587253,0
59075,23585957.065759942,0
59076,23585189.44971605,0
59077,23584422.08408069,0
59078,23583654.967897236,0
59079,23582888.10565986,0
59080,23582121.492699243,0
59081,23581355.131365538,0
59082,23580589.023384415,0
59083,23579823.16347096,0
59084,23579057.556003075,0
59085,23578292.201373477,0
59086,23577527.095139995,0
59087,23576762.243449345,0
59088,23575997.642724086,0
59089,23575233.29350208,0
59090,23574469.19490191,0
59091,23573705.34683859,0
59092,23572941.752329096,0
59093,23572178.409519956,0
59094,23571415.31861083,0
59095,23570652.477202877,0
59096,23569889.89178257,0
59097,23569127.55433397,0
59098,23568365.469759118,0
59099,23567603.636588074,0
59100,23566842.05447204,0
59101,23566080.727057338,0
59102,23565319.6506937,0
59103,23564558.8247296,0
59104,23563798.252878573,0
59105,23563037.93069347,0
59106,23562277.86244866,0
59107,23561518.04471985,0
59108,23560758.480399564,0
59109,23559999.1682203,0
59110,23559240.10577655,0
59111,23558481.299212508,0
59112,23557722.74356165,0
59113,23556964.440904338,0
59114,23556206.387286633,0
59115,23555448.585943215,0
59116,23554691.03944438,0
59117,23553933.745907146,0
59118,23553176.70606249,0
59119,23552419.91740968,0
59120,23551663.377716787,0
59121,23550907.093594603,0
59122,23550151.058916368,0
59123,23549395.28267365,0
59124,23548639.75528013,0
59125,23547884.480648093,0
59126,23547129.458346236,0
59127,23546374.690058563,0
59128,23545620.17288661,0
59129,23544865.909941822,0
59130,23544111.898882765,0
59131,23543358.141297467,0
59132,23542604.636160623,0
59133,23541851.38576464,0
59134,23541098.384810116,0
59135,23540345.639610603,0
59136,23539593.14523459,0
59137,23538840.904928144,0
59138,23538088.91756384,0
59139,23537337.185359325,0
59140,23536585.703005616,0
59141,23535834.47435807,0
59142,23535083.499158755,0
59143,23534332.777046647,0
59144,23533582.309101112,0
59145,23532832.093041644,0
59146,23532082.131962407,0
59147,23531332.422897976,0
59148,23530582.96735508,0
59149,23529833.767250568,0
59150,23529084.81702567,0
59151,23528336.121754035,0
59152,23527587.68132332,0
59153,23526839.49025634,0
59154,23526091.556199986,0
59155,23525343.873737603,0
59156,23524596.447514497,0
59157,23523849.27379591,0
59158,23523102.350125182,0
59159,23522355.686417796,0
59160,23521609.272552513,0
59161,23520863.112667136,0
59162,23520117.20551304,0
59163,23519371.555415638,0
59164,23518626.158009432,0
59165,23517881.011425436,0
59166,23517136.120874852,0
59167,23516391.484456863,0
59168,23515647.101188313,0
59169,23514902.97250449,0
59170,23514159.098776665,0
59171,23513415.476747323,0
59172,23512672.110198464,0
59173,23511928.999094997,0
59174,23511186.139767446,0
59175,23510443.532614987,0
59176,23509701.184910964,0
59177,23508959.088224206,0
59178,23508217.246227264,0
59179,23507475.656227067,0
59180,23506734.32344708,0
59181,23505993.243519302,0
59182,23505252.41902892,0
59183,23504511.850007344,0
59184,23503771.532123074,0
59185,23503031.46839942,0
59186,23502291.66232049,0
59187,23501552.109080277,0
59188,23500812.813061826,0
59189,23500073.766521078,0
59190,23499334.97754313,0
59191,23498596.442776795,0
59192,23497858.164559886,0
59193,23497120.13837234,0
59194,23496382.367101274,0
59195,23495644.85058609,0
59196,23494907.589115582,0
59197,23494170.58228019,0
59198,23493433.832347967,0
59199,23492697.331928063,0
59200,23491961.088174805,0
59201,23491225.103999786,0
59202,23490489.372476157,0
59203,23489753.89370448,0
59204,23489018.66894192,0
59205,23488283.704057127,0
59206,23487548.989650633,0
59207,23486814.531879622,0
59208,23486080.329705365,0
59209,23485346.38169512,0
59210,23484612.69125709,0
59211,23483879.253313776,0
59212,23483146.07072542,0
59213,23482413.14774504,0
59214,23481680.473386496,0
59215,23480948.057794224,0
59216,23480215.898421552,0
59217,23479483.99199886,0
59218,23478752.34304092,0
59219,23478020.945633102,0
59220,23477289.80798743,0
59221,23476558.92348371,0
59222,23475828.2955121,0
59223,23475097.922384392,0
59224,23474367.803318344,0
59225,23473637.945019666,0
59226,23472908.33362539,0
59227,23472178.98432377,0
59228,23471449.89081144,0
59229,23470721.0510318,0
59230,23469992.467182655,0
59231,23469264.139796782,0
59232,23468536.06602394,0
59233,23467808.251273297,0
59234,23467080.6896801,0
59235,23466353.386423517,0
59236,23465626.335796583,0
59237,23464899.543541092,0
59238,23464173.00660428,0
59239,23463446.72571499,0
59240,23462720.699667614,0
59241,23461994.93016955,0
59242,23461269.416540243,0
59243,23460544.16072185,0
59244,23459819.15734796,0
59245,23459094.414680813,0
59246,23458369.926026735,0
59247,23457645.69496175,0
59248,23456921.716071926,0
59249,23456197.996793516,0
59250,23455474.532894235,0
59251,23454751.32404238,0
59252,23454028.37386786,0
59253,23453305.677596096,0
59254,23452583.241331987,0
59255,23451861.058785874,0
59256,23451139.132875245,0
59257,23450417.462505303,0
59258,23449696.051737294,0
59259,23448974.89291527,0
59260,23448253.994264495,0
59261,23447533.34982011,0
59262,23446812.96416888,0
59263,23446092.835601415,0
59264,23445372.961424015,0
59265,23444653.343322307,0
59266,23443933.983710904,0
59267,23443214.88056851,0
59268,23442496.03358149,0
59269,23441777.444936376,0
59270,23441059.11390317,0
59271,23440341.035050433,0
59272,23439623.21829245,0
59273,23438905.654001396,0
59274,23438188.348886445,0
59275,23437471.300328586,0
59276,23436754.506846264,0
59277,23436037.974470884,0
59278,23435321.69408364,0
59279,23434605.67627747,0
59280,23433889.912863903,0
59281,23433174.4049065,0
59282,23432459.157381095,0
59283,23431744.165060043,0
59284,23431029.430424664,0
59285,23430314.95287609,0
59286,23429600.732114874,0
59287,23428886.769733883,0
59288,23428173.064775135,0
59289,23427459.615245797,0
59290,23426746.4243608,0
59291,23426033.491364464,0
59292,23425320.816694047,0
59293,23424608.39537262,0
59294,23423896.232462853,0
59295,23423184.329353742,0
59296,23422472.68445064,0
59297,23421761.296497896,0
59298,23421050.162742753,0
59299,23420339.289941177,0
59300,23419628.673919722,0
59301,23418918.31469393,0
59302,23418208.2162335,0
59303,23417498.3727978,0
59304,23416788.78663995,0
59305,23416079.458291303,0
59306,23415370.389862813,0
59307,23414661.577422526,0
59308,23413953.02230678,0
59309,23413244.72741035,0
59310,23412536.6883896,0
59311,23411828.905854136,0
59312,23411121.38395659,0
59313,23410414.119019456,0
59314,23409707.114772614,0
59315,23409000.364450853,0
59316,23408293.875237256,0
59317,23407587.644310944,0
59318,23406881.668560542,0
59319,23406175.951099515,0
59320,23405470.492678016,0
59321,23404765.293196026,0
59322,23404060.35075913,0
59323,23403355.667157073,0
59324,23402651.242267698,0
59325,23401947.076658692,0
59326,23401243.16696845,0
59327,23400539.51696206,0
59328,23399836.125716012,0
59329,23399132.992421206,0
59330,23398430.11462561,0
59331,23397727.498132534,0
59332,23397025.1412369,0
59333,23396323.04076743,0
59334,23395621.20151443,0
59335,23394919.61751813,0
59336,23394218.295672156,0
59337,23393517.227875713,0
59338,23392816.42178389,0
59339,23392115.87256838,0
59340,23391415.58415772,0
59341,23390715.553314917,0
59342,23390015.781554654,0
59343,23389316.26714656,0
59344,23388617.013943356,0
59345,23387918.01716894,0
59346,23387219.27925242,0
59347,23386520.801141657,0
59348,23385822.583270203,0
59349,23385124.6234768,0
59350,23384426.919694837,0
59351,23383729.47913121,0
59352,23383032.29344192,0
59353,23382335.36986927,0
59354,23381638.705571093,0
59355,23380942.297890242,0
59356,23380246.152947374,0
59357,23379550.26394717,0
59358,23378854.63315276,0
59359,23378159.265149746,0
59360,23377464.152523823,0
59361,23376769.302413248,0
59362,23376074.711093217,0
59363,23375380.37799804,0
59364,23374686.30356725,0
59365,23373992.488991667,0
59366,23373298.933203444,0
59367,23372605.63893752,0
59368,23371912.603346862,0
59369,23371219.827813767,0
59370,23370527.307944145,0
59371,23369835.051368106,0
59372,23369143.052902345,0
59373,23368451.312798396,0
59374,23367759.834678736,0
59375,23367068.613395464,0
59376,23366377.654319305,0
59377,23365686.953323096,0
59378,23364996.51309691,0
59379,23364306.331967577,0
59380,23363616.409403965,0
59381,23362926.74813368,0
59382,23362237.34597293,0
59383,23361548.202742964,0
59384,23360859.320991237,0
59385,23360170.698133387,0
59386,23359482.33478462,0
59387,23358794.232180104,0
59388,23358106.389695805,0
59389,23357418.806902133,0
59390,23356731.482444387,0
59391,23356044.42170216,0
59392,23355357.617926802,0
59393,23354671.074062552,0
59394,23353984.78981072,0
59395,23353298.767771453,0
59396,23352613.004762437,0
59397,23351927.50112907,0
59398,23351242.25836863,0
59399,23350557.277789436,0
59400,23349872.554388132,0
59401,23349188.09350814,0
59402,23348503.89076589,0
59403,23347819.949957956,0
59404,23347136.268647283,0
59405,23346452.84743841,0
59406,23345769.687541924,0
59407,23345086.786216583,0
59408,23344404.1447725,0
59409,23343721.765501603,0
59410,23343039.647196777,0
59411,23342357.790072035,0
59412,23341676.1909028,0
59413,23340994.853997733,0
59414,23340313.777358916,0
59415,23339632.96058422,0
59416,23338952.402315453,0
59417,23338272.108221088,0
59418,23337592.076614354,0
59419,23336912.301278397,0
59420,23336232.78504436,0
59421,23335553.53531761,0
59422,23334874.54529087,0
59423,23334195.812763173,0
59424,23333517.34232003,0
59425,23332839.131042883,0
59426,23332161.184029587,0
59427,23331483.494944323,0
59428,23330806.06853423,0
59429,23330128.902380902,0
59430,23329452.000577323,0
59431,23328775.3555263,0
59432,23328098.97313833,0
59433,23327422.848355763,0
59434,23326746.9888388,0
59435,23326071.387659714,0
59436,23325396.04886148,0
59437,23324720.972425897,0
59438,23324046.155452166,0
59439,23323371.60002355,0
59440,23322697.304116182,0
59441,23322023.27232984,0
59442,23321349.500598803,0
59443,23320675.988867562,0
59444,23320002.73982918,0
59445,23319329.75030475,0
59446,23318657.022957653,0
59447,23317984.561623275,0
59448,23317312.355683416,0
59449,23316640.412369132,0
59450,23315968.732185345,0
59451,23315297.310609438,0
59452,23314626.153139196,0
59453,23313955.257165603,0
59454,23313284.61949206,0
59455,23312614.246165026,0
59456,23311944.13289098,0
59457,23311274.284297086,0
59458,23310604.694456402,0
59459,23309935.36783449,0
59460,23309266.301563546,0
59461,23308597.49618697,0
59462,23307928.954280086,0
59463,23307260.673428435,0
59464,23306592.654618338,0
59465,23305924.8979929,0
59466,23305257.39986478,0
59467,23304590.16531828,0
59468,23303923.194216713,0
59469,23303256.48567141,0
59470,23302590.037423808,0
59471,23301923.85015675,0
59472,23301257.926096696,0
59473,23300592.263127778,0
59474,23299926.863422595,0
59475,23299261.724400807,0
59476,23298596.850316703,0
59477,23297932.235631816,0
59478,23297267.882728763,0
59479,23296603.79182234,0
59480,23295939.96482966,0
59481,23295276.39782499,0
59482,23294613.09408276,0
59483,23293950.050571587,0
59484,23293287.27314392,0
59485,23292624.754404552,0
59486,23291962.500357196,0
59487,23291300.508268144,0
59488,23290638.776837498,0
59489,23289977.310172733,0
59490,23289316.105047375,0
59491,23288655.159780193,0
59492,23287994.479839407,0
59493,23287334.059946127,0
59494,23286673.903931685,0
59495,23286014.01177295,0
59496,23285354.381021798,0
59497,23284695.010148525,0
59498,23284035.907582585,0
59499,23283377.061462745,0
59500,23282718.48116502,0
59501,23282060.16201653,0
59502,23281402.106477037,0
59503,23280744.315131012,0
59504,23280086.784632515,0
59505,23279429.51367678,0
59506,23278772.509672157,0
59507,23278115.7708261,0
59508,23277459.287835743,0
59509,23276803.071860958,0
59510,23276147.11854297,0
59511,23275491.427049447,0
59512,23274835.995012105,0
59513,23274180.8326634,0
59514,23273525.93146736,0
59515,23272871.290047318,0
59516,23272216.912210323,0
59517,23271562.79841909,0
59518,23270908.948410347,0
59519,23270255.36145375,0
59520,23269602.03886052,0
59521,23268948.973919038,0
59522,23268296.17607662,0
59523,23267643.63836611,0
59524,23266991.365734253,0
59525,23266339.357565533,0
59526,23265687.612308066,0
59527,23265036.128755666,0
59528,23264384.909075987,0
59529,23263733.9521525,0
59530,23263083.259049222,0
59531,23262432.82870093,0
59532,23261782.660852857,0
59533,23261132.757230774,0
59534,23260483.119935557,0
59535,23259833.740962964,0
59536,23259184.628133886,0
59537,23258535.77955282,0
59538,23257887.191503886,0
59539,23257238.869505797,0
59540,23256590.80806122,0
59541,23255943.01431361,0
59542,23255295.480304193,0
59543,23254648.210901126,0
59544,23254001.205167685,0
59545,23253354.464077637,0
59546,23252707.985126328,0
59547,23252061.766889468,0
59548,23251415.818476517,0
59549,23250770.131747033,0
59550,23250124.70664189,0
59551,23249479.54699751,0
59552,23248834.65073261,0
59553,23248190.020084493,0
59554,23247545.650227554,0
59555,23246901.544891976,0
59556,23246257.702144932,0
59557,23245614.125210032,0
59558,23244970.81318676,0
59559,23244327.76331776,0
59560,23243684.975459192,0
59561,23243042.456423607,0
59562,23242400.196251996,0
59563,23241758.20352481,0
59564,23241116.475940756,0
59565,23240475.00683797,0
59566,23239833.805502743,0
59567,23239192.866906457,0
59568,23238552.193843093,0
59569,23237911.785389476,0
59570,23237271.638181597,0
59571,23236631.756630205,0
59572,23235992.14073433,0
59573,23235352.78525301,0
59574,23234713.69768527,0
59575,23234074.87218203,0
59576,23233436.312222254,0
59577,23232798.015387505,0
59578,23232159.982945953,0
59579,23231522.214572642,0
59580,23230884.7130624,0
59581,23230247.474825777,0
59582,23229610.500863615,0
59583,23228973.78855835,0
59584,23228337.344301544,0
59585,23227701.16339694,0
59586,23227065.246340353,0
59587,23226429.5938554,0
59588,23225794.203548856,0
59589,23225159.082222078,0
59590,23224524.223427817,0
59591,23223889.62978273,0
59592,23223255.30093183,0
59593,23222621.23419282,0
59594,23221987.43363607,0
59595,23221353.898282964,0
59596,23220720.627008732,0
59597,23220087.62093788,0
59598,23219454.87925766,0
59599,23218822.401501108,0
59600,23218190.1898713,0
59601,23217558.24161505,0
59602,23216926.557632767,0
59603,23216295.13998468,0
59604,23215663.985692557,0
59605,23215033.101426467,0
59606,23214402.47765544,0
59607,23213772.118902124,0
59608,23213142.024059642,0
59609,23212512.19659325,0
59610,23211882.63280738,0
59611,23211253.331721406,0
59612,23210624.298648834,0
59613,23209995.53124597,0
59614,23209367.026527226,0
59615,23208738.787671745,0
59616,23208110.815640528,0
59617,23207483.10552217,0
59618,23206855.66548169,0
59619,23206228.486380316,0
59620,23205601.571515247,0
59621,23204974.925098002,0
59622,23204348.541351933,0
59623,23203722.423284143,0
59624,23203096.57345046,0
59625,23202470.984893333,0
59626,23201845.661917124,0
59627,23201220.60687889,0
59628,23200595.817022137,0
59629,23199971.28961167,0
59630,23199347.029442452,0
59631,23198723.033935733,0
59632,23198099.30498912,0
59633,23197475.839480255,0
59634,23196852.640922636,0
59635,23196229.70809518,0
59636,23195607.040803857,0
59637,23194984.6394465,0
59638,23194362.501404036,0
59639,23193740.631134957,0
59640,23193119.024182614,0
59641,23192497.685106013,0
59642,23191876.611209594,0
59643,23191255.801007513,0
59644,23190635.25822459,0
59645,23190014.979696095,0
59646,23189394.968956202,0
59647,23188775.219353676,0
59648,23188155.74003231,0
59649,23187536.527471747,0
59650,23186917.576260913,0
59651,23186298.894182824,0
59652,23185680.478646677,0
59653,23185062.326495048,0
59654,23184444.44224983,0
59655,23183826.820009682,0
59656,23183209.4658061,0
59657,23182592.37774828,0
59658,23181975.55457692,0
59659,23181358.998986058,0
59660,23180742.707589593,0
59661,23180126.68564696,0
59662,23179510.92682844,0
59663,23178895.432557456,0
59664,23178280.206712116,0
59665,23177665.24747762,0
59666,23177050.553138148,0
59667,23176436.12368699,0
59668,23175821.962780885,0
59669,23175208.06739253,0
59670,23174594.43767517,0
59671,23173981.075180523,0
59672,23173367.97635269,0
59673,23172755.143673863,0
59674,23172142.57888682,0
59675,23171530.28248796,0
59676,23170918.25038609,0
59677,23170306.48256582,0
59678,23169694.9831099,0
59679,23169083.749267846,0
59680,23168472.7816635,0
59681,23167862.079616025,0
59682,23167251.647107534,0
59683,23166641.48033219,0
59684,23166031.577056233,0
59685,23165421.94135468,0
59686,23164812.572449397,0
59687,23164203.471075207,0
59688,23163594.635918383,0
59689,23162986.065999594,0
59690,23162377.76082651,0
59691,23161769.728216276,0
59692,23161161.957652252,0
59693,23160554.453570187,0
59694,23159947.21675632,0
59695,23159340.247000076,0
59696,23158733.54511232,0
59697,23158127.10573845,0
59698,23157520.93837203,0
59699,23156915.03498218,0
59700,23156309.39852914,0
59701,23155704.027396947,0
59702,23155098.923907846,0
59703,23154494.091682065,0
59704,23153889.52018863,0
59705,23153285.219420522,0
59706,23152681.18264618,0
59707,23152077.412961543,0
59708,23151473.911053885,0
59709,23150870.67676022,0
59710,23150267.70863419,0
59711,23149665.00660095,0
59712,23149062.572841823,0
59713,23148460.405472472,0
59714,23147858.50422226,0
59715,23147256.86984511,0
59716,23146655.50451651,0
59717,23146054.403874144,0
59718,23145453.571895987,0
59719,23144853.007397104,0
59720,23144252.708731018,0
59721,23143652.6790423,0
59722,23143052.913106926,0
59723,23142453.414822124,0
59724,23141854.188603736,0
59725,23141255.224863403,0
59726,23140656.52963005,0
59727,23140058.10068076,0
59728,23139459.938752953,0
59729,23138862.046236508,0
59730,23138264.421313554,0
59731,23137667.061518103,0
59732,23137069.969668012,0
59733,23136473.143906187,0
59734,23135876.590363357,0
59735,23135280.298798986,0
59736,23134684.278884027,0
59737,23134088.52198827,0
59738,23133493.0356655,0
59739,23132897.81332098,0
59740,23132302.859898068,0
59741,23131708.176066827,0
59742,23131113.759139262,0
59743,23130519.609076697,0
59744,23129925.726152148,0
59745,23129332.112937447,0
59746,23128738.763481844,0
59747,23128145.68279829,0
59748,23127552.870484956,0
59749,23126960.32513279,0
59750,23126368.049078073,0
59751,23125776.04035811,0
59752,23125184.298839673,0
59753,23124592.82296815,0
59754,23124001.616744142,0
59755,23123410.677402772,0
59756,23122820.00799296,0
59757,23122229.6025208,0
59758,23121639.467532106,0
59759,23121049.596380606,0
59760,23120459.999446344,0
59761,23119870.667942207,0
59762,23119281.603768095,0
59763,23118692.806584936,0
59764,23118104.27822364,0
59765,23117516.01997888,0
59766,23116928.025208734,0
59767,23116340.299375582,0
59768,23115752.843280382,0
59769,23115165.654391523,0
59770,23114578.734425373,0
59771,23113992.081924006,0
59772,23113405.69529078,0
59773,23112819.580053132,0
59774,23112233.732306767,0
59775,23111648.151140142,0
59776,23111062.838000525,0
59777,23110477.79322339,0
59778,23109893.016007517,0
59779,23109308.50938341,0
59780,23108724.268182468,0
59781,23108140.294903103,0
59782,23107556.59169361,0
59783,23106973.15550523,0
59784,23106389.988595255,0
59785,23105807.090736423,0
59786,23105224.45838208,0
59787,23104642.09506873,0
59788,23104060.002493422,0
59789,23103478.17662004,0
59790,23102896.616767164,0
59791,23102315.32957656,0
59792,23101734.307955157,0
59793,23101153.553705536,0
59794,23100573.071126673,0
59795,23099992.852728557,0
59796,23099412.9059505,0
59797,23098833.226244837,0
59798,23098253.815723266,0
59799,23097674.67538035,0
59800,23097095.800829884,0
59801,23096517.194551297,0
59802,23095938.858409822,0
59803,23095360.790207636,0
59804,23094782.991548415,0
59805,23094205.46256494,0
59806,23093628.198077373,0
59807,23093051.20432545,0
59808,23092474.480395153,0
59809,23091898.021746688,0
59810,23091321.835709546,0
59811,23090745.914707273,0
59812,23090170.264211148,0
59813,23089594.882382046,0
59814,23089019.76946238,0
59815,23088444.924985714,0
59816,23087870.349860143,0
59817,23087296.042185113,0
59818,23086722.004599985,0
59819,23086148.23357688,0
59820,23085574.73547512,0
59821,23085001.504160322,0
59822,23084428.540433075,0
59823,23083855.847006433,0
59824,23083283.42034823,0
59825,23082711.26652654,0
59826,23082139.37793479,0
59827,23081567.75780358,0
59828,23080996.411232796,0
59829,23080425.330304492,0
59830,23079854.520004466,0
59831,23079283.977335565,0
59832,23078713.703561172,0
59833,23078143.6982658,0
59834,23077573.96311808,0
59835,23077004.494996414,0
59836,23076435.29854073,0
59837,23075866.37363328,0
59838,23075297.709857196,0
59839,23074729.321951315,0
59840,23074161.200794112,0
59841,23073593.35003148,0
59842,23073025.76688927,0
59843,23072458.454601444,0
59844,23071891.409297757,0
59845,23071324.635167852,0
59846,23070758.129101273,0
59847,23070191.892032687,0
59848,23069625.9247414,0
59849,23069060.22858252,0
59850,23068494.799352605,0
59851,23067929.640456222,0
59852,23067364.750772204,0
59853,23066800.12839761,0
59854,23066235.77739874,0
59855,23065671.69545469,0
59856,23065107.8843398,0
59857,23064544.340315517,0
59858,23063981.06674215,0
59859,23063418.061272167,0
59860,23062855.328368165,0
59861,23062292.863083158,0
59862,23061730.666948937,0
59863,23061168.74020811,0
59864,23060607.08425674,0
59865,23060045.695858855,0
59866,23059484.57956333,0
59867,23058923.730651326,0
59868,23058363.150039025,0
59869,23057802.842119876,0
59870,23057242.803133156,0
59871,23056683.032284267,0
59872,23056123.533866193,0
59873,23055564.30026455,0
59874,23055005.342161838,0
59875,23054446.650844384,0
59876,23053888.226656236,0
59877,23053330.076945737,0
59878,23052772.194329657,0
59879,23052214.58384351,0
59880,23051657.23900385,0
59881,23051100.16782492,0
59882,23050543.364992503,0
59883,23049986.830369048,0
59884,23049430.56864083,0
59885,23048874.573337946,0
59886,23048318.85134025,0
59887,23047763.398725066,0
59888,23047208.21303758,0
59889,23046653.298594646,0
59890,23046098.653287876,0
59891,23045544.28131469,0
59892,23044990.175975516,0
59893,23044436.34020424,0
59894,23043882.777703673,0
59895,23043329.481831603,0
59896,23042776.457907688,0
59897,23042223.70233624,0
59898,23041671.2173452,0
59899,23041119.00297035,0
59900,23040567.059099358,0
59901,23040015.38568299,0
59902,23039463.98064065,0
59903,23038912.84601083,0
59904,23038361.981823385,0
59905,23037811.390136886,0
59906,23037261.06498185,0
59907,23036711.009533208,0
59908,23036161.228036627,0
59909,23035611.71436399,0
59910,23035062.47191474,0
59911,23034513.498284273,0
59912,23033964.797504317,0
59913,23033416.363669086,0
59914,23032868.201470554,0
59915,23032320.30949114,0
59916,23031772.688689217,0
59917,23031225.337315172,0
59918,23030678.255544756,0
59919,23030131.44529972,0
59920,23029584.90470223,0
59921,23029038.63583766,0
59922,23028492.634099435,0
59923,23027946.905829567,0
59924,23027401.44715242,0
59925,23026856.260330413,0
59926,23026311.34212294,0
59927,23025766.693789773,0
59928,23025222.315305464,0
59929,23024678.209725663,0
59930,23024134.375396926,0
59931,23023590.807711747,0
59932,23023047.512840517,0
59933,23022504.488272056,0
59934,23021961.733145803,0
59935,23021419.249646682,0
59936,23020877.036669776,0
59937,23020335.094783533,0
59938,23019793.423717823,0
59939,23019252.022245,0
59940,23018710.89200134,0
59941,23018170.033706516,0
59942,23017629.44484013,0
59943,23017089.123699088,0
59944,23016549.076562926,0
59945,23016009.299021587,0
59946,23015469.79286413,0
59947,23014930.55696921,0
59948,23014391.590268925,0
59949,23013852.89839103,0
59950,23013314.47430989,0
59951,23012776.320884608,0
59952,23012238.43852667,0
59953,23011700.82695963,0
59954,23011163.486297514,0
59955,23010626.417235315,0
59956,23010089.617894627,0
59957,23009553.090063356,0
59958,23009016.83261824,0
59959,23008480.846248586,0
59960,23007945.132976875,0
59961,23007409.68685584,0
59962,23006874.512862924,0
59963,23006339.61087258,0
59964,23005804.977878183,0
59965,23005270.61936491,0
59966,23004736.52874565,0
59967,23004202.70970013,0
59968,23003669.161889996,0
59969,23003135.884045023,0
59970,23002602.881777465,0
59971,23002070.145517077,0
59972,23001537.683546495,0
59973,23001005.48896564,0
59974,23000473.56823888,0
59975,22999941.918167207,0
59976,22999410.538674437,0
59977,22998879.429601844,0
59978,22998348.59128058,0
59979,22997818.029449373,0
59980,22997287.73175792,0
59981,22996757.71149071,0
59982,22996227.955996625,0
59983,22995698.476819884,0
59984,22995169.266074803,0
59985,22994640.327389397,0
59986,22994111.658632297,0
59987,22993583.262602106,0
59988,22993055.137623288,0
59989,22992527.284435984,0
59990,22991999.70163971,0
59991,22991472.390178263,0
59992,22990945.349940054,0
59993,22990418.58153198,0
59994,22989892.085611627,0
59995,22989365.858553153,0
59996,22988839.903694004,0
59997,22988314.22184563,0
59998,22987788.807820432,0
59999,22987263.66969259,0
60000,22986738.800885826,0
60001,22986214.20390184,0
60002,22985689.877648566,0
60003,22985165.821447134,0
60004,22984642.039418,0
60005,22984118.52861027,0
60006,22983595.288215358,0
60007,22983072.318354264,0
60008,22982549.622402325,0
60009,22982027.197275445,0
60010,22981505.041294638,0
60011,22980983.157769706,0
60012,22980461.550523996,0
60013,22979940.209658552,0
60014,22979419.14106483,0
60015,22978898.34480738,0
60016,22978377.820832703,0
60017,22977857.56873634,0
60018,22977337.584829595,0
60019,22976817.876229372,0
60020,22976298.440234285,0
60021,22975779.27302614,0
60022,22975260.37824539,0
60023,22974741.75491384,0
60024,22974223.403524283,0
60025,22973705.32317298,0
60026,22973187.51524205,0
60027,22972669.98050928,0
60028,22972152.714822266,0
60029,22971635.723072257,0
60030,22971119.002146512,0
60031,22970602.555184778,0
60032,22970086.375634316,0
60033,22969570.471580673,0
60034,22969054.837564547,0
60035,22968539.475024436,0
60036,22968024.384033408,0
60037,22967509.567223277,0
60038,22966995.022049256,0
60039,22966480.745685734,0
60040,22965966.745405324,0
60041,22965453.015481837,0
60042,22964939.55572632,0
60043,22964426.369969103,0
60044,22963913.454566196,0
60045,22963400.81232498,0
60046,22962888.442543574,0
60047,22962376.340772837,0
60048,22961864.51483044,0
60049,22961352.96211881,0
60050,22960841.67959089,0
60051,22960330.66606226,0
60052,22959819.93038517,0
60053,22959309.459653206,0
60054,22958799.268314693,0
60055,22958289.345444422,0
60056,22957779.694113255,0
60057,22957270.31589121,0
60058,22956761.209751505,0
60059,22956252.376123916,0
60060,22955743.816385813,0
60061,22955235.525435764,0
60062,22954727.508412424,0
60063,22954219.761185136,0
60064,22953712.288441755,0
60065,22953205.086030524,0
60066,22952698.15791193,0
60067,22952191.500934966,0
60068,22951685.11749323,0
60069,22951179.004046112,0
60070,22950673.16390687,0
60071,22950167.597384393,0
60072,22949662.30144351,0
60073,22949157.27758125,0
60074,22948652.526506767,0
60075,22948148.04802207,0
60076,22947643.84321605,0
60077,22947139.908817466,0
60078,22946636.24597425,0
60079,22946132.85668548,0
60080,22945629.739277937,0
60081,22945126.89542029,0
60082,22944624.323699556,0
60083,22944122.022846434,0
60084,22943619.99845804,0
60085,22943118.241847273,0
60086,22942616.758562375,0
60087,22942115.548479766,0
60088,22941614.609243326,0
60089,22941113.944126423,0
60090,22940613.55380047,0
60091,22940113.43373697,0
60092,22939613.581993658,0
60093,22939114.009280194,0
60094,22938614.70729645,0
60095,22938115.675192975,0
60096,22937616.9191995,0
60097,22937118.433129102,0
60098,22936620.22004102,0
60099,22936122.279131144,0
60100,22935624.61182145,0
60101,22935127.216213867,0
60102,22934630.09447861,0
60103,22934133.244555227,0
60104,22933636.66659828,0
60105,22933140.36043601,0
60106,22932644.330169298,0
60107,22932148.569968827,0
60108,22931653.08313979,0
60109,22931157.86950654,0
60110,22930662.929631595,0
60111,22930168.258984342,0
60112,22929673.863191735,0
60113,22929179.741472792,0
60114,22928685.8894007,0
60115,22928192.31116319,0
60116,22927699.007957194,0
60117,22927205.97462099,0
60118,22926713.215172227,0
60119,22926220.728003934,0
60120,22925728.51454666,0
60121,22925236.57348913,0
60122,22924744.904155806,0
60123,22924253.507060744,0
60124,22923762.385951456,0
60125,22923271.5352341,0
60126,22922780.95918657,0
60127,22922290.653033923,0
60128,22921800.62207043,0
60129,22921310.862223253,0
60130,22920821.3786835,0
60131,22920332.16620578,0
60132,22919843.22446727,0
60133,22919354.557640668,0
60134,22918866.162819028,0
60135,22918378.04163375,0
60136,22917890.194692995,0
60137,22917402.61809166,0
60138,22916915.31662105,0
60139,22916428.286644224,0
60140,22915941.53089678,0
60141,22915455.04622349,0
60142,22914968.83716349,0
60143,22914482.9004182,0
60144,22913997.232318908,0
60145,22913511.842425153,0
60146,22913026.723953795,0
60147,22912541.877900887,0
60148,22912057.306644473,0
60149,22911573.0080378,0
60150,22911088.97869288,0
60151,22910605.225445822,0
60152,22910121.749069963,0
60153,22909638.54018783,0
60154,22909155.606639136,0
60155,22908672.944720224,0
60156,22908190.55819821,0
60157,22907708.445023492,0
60158,22907226.602796696,0
60159,22906745.034292936,0
60160,22906263.737293724,0
60161,22905782.717942834,0
60162,22905301.96852832,0
60163,22904821.49242078,0
60164,22904341.291382015,0
60165,22903861.3608123,0
60166,22903381.706360687,0
60167,22902902.32438485,0
60168,22902423.213927686,0
60169,22901944.377201587,0
60170,22901465.81416125,0
60171,22900987.525488745,0
60172,22900509.508320563,0
60173,22900031.768048592,0
60174,22899554.294488464,0
60175,22899077.09929634,0
60176,22898600.1765312,0
60177,22898123.526563648,0
60178,22897647.149328835,0
60179,22897171.047938187,0
60180,22896695.217534915,0
60181,22896219.661124673,0
60182,22895744.37659736,0
60183,22895269.36711535,0
60184,22894794.631640412,0
60185,22894320.167075794,0
60186,22893845.979264885,0
60187,22893372.062328994,0
60188,22892898.420741573,0
60189,22892425.049921494,0
60190,22891951.956269283,0
60191,22891479.1324141,0
60192,22891006.583523724,0
60193,22890534.306770243,0
60194,22890062.30564416,0
60195,22889590.576246664,0
60196,22889119.120146286,0
60197,22888647.93987597,0
60198,22888177.033122197,0
60199,22887706.397294335,0
60200,22887236.035983197,0
60201,22886765.94841712,0
60202,22886296.13695007,0
60203,22885826.594846085,0
60204,22885357.325730458,0
60205,22884888.333422165,0
60206,22884419.61377977,0
60207,22883951.167253442,0
60208,22883482.9954202,0
60209,22883015.095758587,0
60210,22882547.470400125,0
60211,22882080.119258843,0
60212,22881613.03937733,0
60213,22881146.234208256,0
60214,22880679.706680186,0
60215,22880213.44899758,0
60216,22879747.464905363,0
60217,22879281.75487856,0
60218,22878816.31809149,0
60219,22878351.158681083,0
60220,22877886.266928136,0
60221,22877421.65410704,0
60222,22876957.312027313,0
60223,22876493.242601518,0
60224,22876029.44782308,0
60225,22875565.927668095,0
60226,22875102.680604085,0
60227,22874639.708560485,0
60228,22874177.009617552,0
60229,22873714.58232143,0
60230,22873252.43452745,0
60231,22872790.553272713,0
60232,22872328.94728931,0
60233,22871867.61960483,0
60234,22871406.562046017,0
60235,22870945.78045352,0
60236,22870485.271702785,0
60237,22870025.037022214,0
60238,22869565.07635575,0
60239,22869105.386950996,0
60240,22868645.97404699,0
60241,22868186.83539168,0
60242,22867727.968217146,0
60243,22867269.37502483,0
60244,22866811.059423104,0
60245,22866353.01402137,0
60246,22865895.243626706,0
60247,22865437.74794702,0
60248,22864980.525303572,0
60249,22864523.577680692,0
60250,22864066.900737505,0
60251,22863610.503478315,0
60252,22863154.372965544,0
60253,22862698.52109684,0
60254,22862242.94166974,0
60255,22861787.637603633,0
60256,22861332.606540196,0
60257,22860877.84963197,0
60258,22860423.366649278,0
60259,22859969.15860216,0
60260,22859515.22235297,0
60261,22859061.562485237,0
60262,22858608.17225429,0
60263,22858155.05874261,0
60264,22857702.22199791,0
60265,22857249.65717061,0
60266,22856797.365318492,0
60267,22856345.348894052,0
60268,22855893.60708161,0
60269,22855442.137836028,0
60270,22854990.942059543,0
60271,22854540.021882635,0
60272,22854089.375817407,0
60273,22853639.001288246,0
60274,22853188.903264545,0
60275,22852739.08064411,0
60276,22852289.527748704,0
60277,22851840.252258986,0
60278,22851391.250127174,0
60279,22850942.52437675,0
60280,22850494.06862645,0
60281,22850045.89089641,0
60282,22849597.984292112,0
60283,22849150.355119556,0
60284,22848702.996325858,0
60285,22848255.91428922,0
60286,22847809.104882173,0
60287,22847362.569352053,0
60288,22846916.3093596,0
60289,22846470.323144715,0
60290,22846024.610640254,0
60291,22845579.17416399,0
60292,22845134.012175504,0
60293,22844689.120391004,0
60294,22844244.505830057,0
60295,22843800.164715104,0
60296,22843356.094890244,0
60297,22842912.305553503,0
60298,22842468.787319243,0
60299,22842025.54170556,0
60300,22841582.57150915,0
60301,22841139.878341828,0
60302,22840697.45845694,0
60303,22840255.309625637,0
60304,22839813.437139332,0
60305,22839371.841554422,0
60306,22838930.516222633,0
60307,22838489.46450464,0
60308,22838048.689716183,0
60309,22837608.191643044,0
60310,22837167.962165862,0
60311,22836728.00999758,0
60312,22836288.33324636,0
60313,22835848.928706333,0
60314,22835409.800162744,0
60315,22834970.94511821,0
60316,22834532.36416385,0
60317,22834094.05937075,0
60318,22833656.025118392,0
60319,22833218.26912936,0
60320,22832780.785441794,0
60321,22832343.57907217,0
60322,22831906.64306792,0
60323,22831469.985387154,0
60324,22831033.597680952,0
60325,22830597.487271916,0
60326,22830161.65173878,0
60327,22829726.08761676,0
60328,22829290.802442707,0
60329,22828855.78776652,0
60330,22828421.0494101,0
60331,22827986.585259847,0
60332,22827552.39481606,0
60333,22827118.478729334,0
60334,22826684.838754933,0
60335,22826251.47025121,0
60336,22825818.379039634,0
60337,22825385.562789686,0
60338,22824953.02155401,0
60339,22824520.753103625,0
60340,22824088.758654557,0
60341,22823657.036738884,0
60342,22823225.59370145,0
60343,22822794.42218828,0
60344,22822363.527160898,0
60345,22821932.906898417,0
60346,22821502.559859663,0
60347,22821072.488290396,0
60348,22820642.687956497,0
60349,22820213.165259913,0
60350,22819783.919270143,0
60351,22819354.945335824,0
60352,22818926.24442292,0
60353,22818497.81962095,0
60354,22818069.67060782,0
60355,22817641.794348642,0
60356,22817214.193400487,0
60357,22816786.865448408,0
60358,22816359.815708328,0
60359,22815933.03715701,0
60360,22815506.533379186,0
60361,22815080.306027465,0
60362,22814654.35287655,0
60363,22814228.67624924,0
60364,22813803.27001008,0
60365,22813378.1416699,0
60366,22812953.284401584,0
60367,22812528.707328476,0
60368,22812104.400138225,0
60369,22811680.370522078,0
60370,22811256.614391528,0
60371,22810833.133177258,0
60372,22810409.92609811,0
60373,22809986.995585177,0
60374,22809564.336472485,0
60375,22809141.955798555,0
60376,22808719.846172128,0
60377,22808298.012496438,0
60378,22807876.454508387,0
60379,22807455.16992143,0
60380,22807034.160999205,0
60381,22806613.42644495,0
60382,22806192.966619868,0
60383,22805772.78349738,0
60384,22805352.873394325,0
60385,22804933.235933367,0
60386,22804513.876096178,0
60387,22804094.790018696,0
60388,22803675.978646874,0
60389,22803257.44159551,0
60390,22802839.179974765,0
60391,22802421.192912646,0
60392,22802003.479426723,0
60393,22801586.04266211,0
60394,22801168.878895607,0
60395,22800751.99282118,0
60396,22800335.379620083,0
60397,22799919.04162874,0
60398,22799502.9766959,0
60399,22799087.189781673,0
60400,22798671.675444584,0
60401,22798256.43817635,0
60402,22797841.472537946,0
60403,22797426.781745337,0
60404,22797012.366431147,0
60405,22796598.22826922,0
60406,22796184.362127155,0
60407,22795770.772367094,0
60408,22795357.45692507,0
60409,22794944.41694773,0
60410,22794531.65347549,0
60411,22794119.160399172,0
60412,22793706.94515002,0
60413,22793295.003217448,0
60414,22792883.336884145,0
60415,22792471.947127003,0
60416,22792060.83130721,0
60417,22791649.988524154,0
60418,22791239.42161538,0
60419,22790829.129613355,0
60420,22790419.11487356,0
60421,22790009.37380403,0
60422,22789599.904483248,0
60423,22789190.713211697,0
60424,22788781.797798976,0
60425,22788373.15427368,0
60426,22787964.787074506,0
60427,22787556.695163853,0
60428,22787148.87687388,0
60429,22786741.334001496,0
60430,22786334.06748115,0
60431,22785927.0731234,0
60432,22785520.355163254,0
60433,22785113.913297977,0
60434,22784707.746864066,0
60435,22784301.8544276,0
60436,22783896.234858144,0
60437,22783490.893189743,0
60438,22783085.82572963,0
60439,22782681.0313399,0
60440,22782276.513862085,0
60441,22781872.271988597,0
60442,22781468.301290065,0
60443,22781064.608605992,0
60444,22780661.19228438,0
60445,22780258.046566825,0
60446,22779855.179476224,0
60447,22779452.585499927,0
60448,22779050.269296743,0
60449,22778648.22355379,0
60450,22778246.456481088,0
60451,22777844.962318406,0
60452,22777443.74372677,0
60453,22777042.800137315,0
60454,22776642.133730303,0
60455,22776241.74125891,0
60456,22775841.622697894,0
60457,22775441.779845737,0
60458,22775042.211138763,0
60459,22774642.919553254,0
60460,22774243.901329253,0
60461,22773845.157799587,0
60462,22773446.689995266,0
60463,22773048.496486116,0
60464,22772650.58110877,0
60465,22772252.937235486,0
60466,22771855.56864394,0
60467,22771458.475952156,0
60468,22771061.65817472,0
60469,22770665.115770005,0
60470,22770268.848886862,0
60471,22769872.85457614,0
60472,22769477.1387495,0
60473,22769081.696659714,0
60474,22768686.529653978,0
60475,22768291.637790546,0
60476,22767897.020686466,0
60477,22767502.67918619,0
60478,22767108.611863304,0
60479,22766714.821296908,0
60480,22766321.304373622,0
60481,22765928.064467587,0
60482,22765535.096530974,0
60483,22765142.40379609,0
60484,22764749.98820363,0
60485,22764357.84678206,0
60486,22763965.981338743,0
60487,22763574.391585127,0
60488,22763183.0744376,0
60489,22762792.033587396,0
60490,22762401.26918951,0
60491,22762010.77750067,0
60492,22761620.562212266,0
60493,22761230.623369645,0
60494,22760840.95623013,0
60495,22760451.56770837,0
60496,22760062.45435418,0
60497,22759673.612112246,0
60498,22759285.047775168,0
60499,22758896.758837275,0
60500,22758508.743422758,0
60501,22758121.00908302,0
60502,22757733.543491356,0
60503,22757346.354039334,0
60504,22756959.439915232,0
60505,22756572.80506113,0
60506,22756186.440330636,0
60507,22755800.351526346,0
60508,22755414.54001896,0
60509,22755029.001500715,0
60510,22754643.738092426,0
60511,22754258.750642534,0
60512,22753874.038487267,0
60513,22753489.60106668,0
60514,22753105.441377718,0
60515,22752721.55311201,0
60516,22752337.94352953,0
60517,22751954.60507848,0
60518,22751571.54422548,0
60519,22751188.75847787,0
60520,22750806.24732742,0
60521,22750424.012128636,0
60522,22750042.05294848,0
60523,22749660.36847891,0
60524,22749278.95765303,0
60525,22748897.82144022,0
60526,22748516.96251006,0
60527,22748136.378213145,0
60528,22747756.071379814,0
60529,22747376.036759496,0
60530,22746996.278291643,0
60531,22746616.792882543,0
60532,22746237.584044416,0
60533,22745858.652831607,0
60534,22745479.99395401,0
60535,22745101.612079114,0
60536,22744723.50479222,0
60537,22744345.67179741,0
60538,22743968.11623152,0
60539,22743590.83202561,0
60540,22743213.827079225,0
60541,22742837.096358906,0
60542,22742460.641321518,0
60543,22742084.458922688,0
60544,22741708.554445114,0
60545,22741332.924011953,0
60546,22740957.570023555,0
60547,22740582.488112558,0
60548,22740207.68517983,0
60549,22739833.154514994,0
60550,22739458.89798753,0
60551,22739084.920608062,0
60552,22738711.21596263,0
60553,22738337.789952744,0
60554,22737964.635379136,0
60555,22737591.75592504,0
60556,22737219.15540861,0
60557,22736846.82837701,0
60558,22736474.774431504,0
60559,22736102.99741758,0
60560,22735731.496348098,0
60561,22735360.267870545,0
60562,22734989.31917982,0
60563,22734618.64420545,0
60564,22734248.241163693,0
60565,22733878.118214954,0
60566,22733508.267182484,0
60567,22733138.691185653,0
60568,22732769.392232765,0
60569,22732400.368792057,0
60570,22732031.61819474,0
60571,22731663.144567087,0
60572,22731294.945024543,0
60573,22730927.022090446,0
60574,22730559.374827057,0
60575,22730192.001128323,0
60576,22729824.90325493,0
60577,22729458.082627125,0
60578,22729091.534945253,0
60579,22728725.262238845,0
60580,22728359.267998282,0
60581,22727993.54715666,0
60582,22727628.1001269,0
60583,22727262.927259292,0
60584,22726898.033475656,0
60585,22726533.413545575,0
60586,22726169.06653457,0
60587,22725804.99974905,0
60588,22725441.204478983,0
60589,22725077.68638118,0
60590,22724714.441218354,0
60591,22724351.473550353,0
60592,22723988.780417763,0
60593,22723626.362172067,0
60594,22723264.21985087,0
60595,22722902.35187716,0
60596,22722540.75876522,0
60597,22722179.44112012,0
60598,22721818.401037946,0
60599,22721457.636219844,0
60600,22721097.143444523,0
60601,22720736.929879405,0
60602,22720376.989826184,0
60603,22720017.323805522,0
60604,22719657.933346335,0
60605,22719298.819998343,0
60606,22718939.98087408,0
60607,22718581.415517636,0
60608,22718223.12713565,0
60609,22717865.112827964,0
60610,22717507.375800945,0
60611,22717149.910603818,0
60612,22716792.724817093,0
60613,22716435.81197815,0
60614,22716079.175747924,0
60615,22715722.813328363,0
60616,22715366.72578097,0
60617,22715010.91589354,0
60618,22714655.380207967,0
60619,22714300.121167846,0
60620,22713945.134163186,0
60621,22713590.42394096,0
60622,22713235.988863256,0
60623,22712881.83174666,0
60624,22712527.94621215,0
60625,22712174.337820474,0
60626,22711821.002399072,0
60627,22711467.943864197,0
60628,22711115.16167458,0
60629,22710762.656438023,0
60630,22710410.421242397,0
60631,22710058.464507043,0
60632,22709706.783225443,0
60633,22709355.375946384,0
60634,22709004.2456883,0
60635,22708653.38829593,0
60636,22708302.80722163,0
60637,22707952.505514123,0
60638,22707602.471610777,0
60639,22707252.71837101,0
60640,22706903.23693853,0
60641,22706554.031920794,0
60642,22706205.104228012,0
60643,22705856.44910885,0
60644,22705508.071462497,0
60645,22705159.967739478,0
60646,22704812.141740028,0
60647,22704464.586171623,0
60648,22704117.31088669,0
60649,22703770.308264334,0
60650,22703423.580789063,0
60651,22703077.128568664,0
60652,22702730.953076776,0
60653,22702385.051975735,0
60654,22702039.426257603,0
60655,22701694.074974783,0
60656,22701348.99874479,0
60657,22701004.20067918,0
60658,22700659.674972292,0
60659,22700315.4248011,0
60660,22699971.45011297,0
60661,22699627.75299902,0
60662,22699284.32968334,0
60663,22698941.18035624,0
60664,22698598.307163782,0
60665,22698255.709691614,0
60666,22697913.385411732,0
60667,22697571.340417463,0
60668,22697229.564987898,0
60669,22696888.068821438,0
60670,22696546.846562732,0
60671,22696205.90091836,0
60672,22695865.231356014,0
60673,22695524.833405696,0
60674,22695184.71333218,0
60675,22694844.864515193,0
60676,22694505.297608834,0
60677,22694166.00318118,0
60678,22693826.98254972,0
60679,22693488.23684575,0
60680,22693149.767436784,0
60681,22692811.57404642,0
60682,22692473.654593065,0
60683,22692136.013814658,0
60684,22691798.64437734,0
60685,22691461.552258722,0
60686,22691124.732660685,0
60687,22690788.18955113,0
60688,22690451.922207218,0
60689,22690115.930269584,0
60690,22689780.213284686,0
60691,22689444.773272123,0
60692,22689109.606457792,0
60693,22688774.714529768,0
60694,22688440.096533228,0
60695,22688105.75763979,0
60696,22687771.69140178,0
60697,22687437.902701057,0
60698,22687104.386985198,0
60699,22686771.146237887,0
60700,22686438.179213263,0
60701,22686105.491597656,0
60702,22685773.076708995,0
60703,22685440.938600197,0
60704,22685109.07308747,0
60705,22684777.485727016,0
60706,22684446.16968013,0
60707,22684115.1321429,0
60708,22683784.369473673,0
60709,22683453.881825186,0
60710,22683123.669969063,0
60711,22682793.730322823,0
60712,22682464.06892144,0
60713,22682134.68171661,0
60714,22681805.5709731,0
60715,22681476.733227078,0
60716,22681148.170764055,0
60717,22680819.884142075,0
60718,22680491.87333236,0
60719,22680164.13607359,0
60720,22679836.678355273,0
60721,22679509.490900766,0
60722,22679182.579333488,0
60723,22678855.943698484,0
60724,22678529.58321331,0
60725,22678203.499619022,0
60726,22677877.687578972,0
60727,22677552.154193867,0
60728,22677226.8952377,0
60729,22676901.909520727,0
60730,22676577.19968548,0
60731,22676252.76727143,0
60732,22675928.606181484,0
60733,22675604.723056354,0
60734,22675281.114608385,0
60735,22674957.780184228,0
60736,22674634.721018758,0
60737,22674311.938218564,0
60738,22673989.430805944,0
60739,22673667.196551733,0
60740,22673345.23967347,0
60741,22673023.556022506,0
60742,22672702.147850327,0
60743,22672381.01502343,0
60744,22672060.158387583,0
60745,22671739.57679966,0
60746,22671419.268419687,0
60747,22671099.235063385,0
60748,22670779.479954142,0
60749,22670459.99590832,0
60750,22670140.791552093,0
60751,22669821.8577862,0
60752,22669503.20028402,0
60753,22669184.820025217,0
60754,22668866.712544918,0
60755,22668548.881772086,0
60756,22668231.324974265,0
60757,22667914.04213333,0
60758,22667597.037147045,0
60759,22667280.306494527,0
60760,22666963.849950083,0
60761,22666647.670003366,0
60762,22666331.763031837,0
60763,22666016.131509986,0
60764,22665700.776050523,0
60765,22665385.69448961,0
60766,22665070.88953467,0
60767,22664756.358772658,0
60768,22664442.10145827,0
60769,22664128.12279411,0
60770,22663814.41861731,0
60771,22663500.986326832,0
60772,22663187.82817926,0
60773,22662874.94923925,0
60774,22662562.342868365,0
60775,22662250.01335951,0
60776,22661937.95885927,0
60777,22661626.176992252,0
60778,22661314.674144324,0
60779,22661003.438936524,0
60780,22660692.486131966,0
60781,22660381.80632397,0
60782,22660071.39928832,0
60783,22659761.26897795,0
60784,22659451.415371653,0
60785,22659141.836081453,0
60786,22658832.530721374,0
60787,22658523.497832168,0
60788,22658214.744011078,0
60789,22657906.26204603,0
60790,22657598.057457052,0
60791,22657290.12572217,0
60792,22656982.4691539,0
60793,22656675.091205854,0
60794,22656367.98573804,0
60795,22656061.152678598,0
60796,22655754.598208588,0
60797,22655448.316244517,0
60798,22655142.312629256,0
60799,22654836.57795177,0
60800,22654531.123196498,0
60801,22654225.940787617,0
60802,22653921.03443441,0
60803,22653616.404613793,0
60804,22653312.047906317,0
60805,22653007.96588714,0
60806,22652704.161188066,0
60807,22652400.630008895,0
60808,22652097.372485172,0
60809,22651794.38825666,0
60810,22651491.683529012,0
60811,22651189.25146635,0
60812,22650887.09312844,0
60813,22650585.212033574,0
60814,22650283.603776686,0
60815,22649982.270934086,0
60816,22649681.212913215,0
60817,22649380.43213839,0
60818,22649079.924668107,0
60819,22648779.690162335,0
60820,22648479.73307152,0
60821,22648180.050246403,0
60822,22647880.640330117,0
60823,22647581.50644181,0
60824,22647282.64814654,0
60825,22646984.062829852,0
60826,22646685.755033877,0
60827,22646387.720281877,0
60828,22646089.95928792,0
60829,22645792.47457915,0
60830,22645495.264979716,0
60831,22645198.331375424,0
60832,22644901.670225717,0
60833,22644605.28503638,0
60834,22644309.175719697,0
60835,22644013.338877264,0
60836,22643717.77665766,0
60837,22643422.489958916,0
60838,22643127.47967251,0
60839,22642832.741588756,0
60840,22642538.281771693,0
60841,22642244.09348511,0
60842,22641950.180846404,0
60843,22641656.541992724,0
60844,22641363.18054539,0
60845,22641070.092776056,0
60846,22640777.277971428,0
60847,22640484.740229826,0
60848,22640192.47481972,0
60849,22639900.4858095,0
60850,22639608.773324545,0
60851,22639317.33094848,0
60852,22639026.166650966,0
60853,22638735.275218517,0
60854,22638444.660084568,0
60855,22638154.319392044,0
60856,22637864.25137724,0
60857,22637574.459840477,0
60858,22637284.94406143,0
60859,22636995.70127901,0
60860,22636706.734584015,0
60861,22636418.04064117,0
60862,22636129.62385161,0
60863,22635841.47896392,0
60864,22635553.611071788,0
60865,22635266.016453985,0
60866,22634978.69433399,0
60867,22634691.651302952,0
60868,22634404.880239304,0
60869,22634118.384270553,0
60870,22633832.163306005,0
60871,22633546.2151469,0
60872,22633260.543728713,0
60873,22632975.145527713,0
60874,22632690.025404688,0
60875,22632405.174081862,0
60876,22632120.59988409,0
60877,22631836.30125544,0
60878,22631552.277505692,0
60879,22631268.527558524,0
60880,22630985.053136595,0
60881,22630701.851464655,0
60882,22630418.924681723,0
60883,22630136.27395251,0
60884,22629853.897472184,0
60885,22629571.793891475,0
60886,22629289.9664637,0
60887,22629008.412117288,0
60888,22628727.13273557,0
60889,22628446.129172232,0
60890,22628165.39869245,0
60891,22627884.94396398,0
60892,22627604.763497695,0
60893,22627324.85533257,0
60894,22627045.224072047,0
60895,22626765.86695555,0
60896,22626486.783237632,0
60897,22626207.974748913,0
60898,22625929.440259546,0
60899,22625651.18070906,0
60900,22625373.195767324,0
60901,22625095.483877968,0
60902,22624818.04647032,0
60903,22624540.886200756,0
60904,22624263.99866998,0
60905,22623987.387434907,0
60906,22623711.04750572,0
60907,22623434.98357944,0
60908,22623159.192820914,0
60909,22622883.677252833,0
60910,22622608.43602547,0
60911,22622333.469000448,0
60912,22622058.778770752,0
60913,22621784.360511664,0
60914,22621510.218213923,0
60915,22621236.34818288,0
60916,22620962.753131233,0
60917,22620689.430514753,0
60918,22620416.388358604,0
60919,22620143.61478383,0
60920,22619871.115289226,0
60921,22619598.89455497,0
60922,22619326.944795944,0
60923,22619055.270353157,0
60924,22618783.871368114,0
60925,22618512.744718637,0
60926,22618241.894833628,0
60927,22617971.316482272,0
60928,22617701.014072016,0
60929,22617430.985590275,0
60930,22617161.23089788,0
60931,22616891.750747085,0
60932,22616622.544819,0
60933,22616353.61456692,0
60934,22616084.95655826,0
60935,22615816.571902946,0
60936,22615548.462593514,0
60937,22615280.628247596,0
60938,22615013.069024757,0
60939,22614745.781260043,0
60940,22614478.76968467,0
60941,22614212.03116638,0
60942,22613945.569805175,0
60943,22613679.380086146,0
60944,22613413.465030596,0
60945,22613147.822577912,0
60946,22612882.45436011,0
60947,22612617.362508874,0
60948,22612352.54337318,0
60949,22612087.99888444,0
60950,22611823.731039215,0
60951,22611559.733446877,0
60952,22611296.01189911,0
60953,22611032.56474664,0
60954,22610769.38876842,0
60955,22610506.490650542,0
60956,22610243.86292899,0
60957,22609981.513069224,0
60958,22609719.43640253,0
60959,22609457.630789716,0
60960,22609196.103420667,0
60961,22608934.847541943,0
60962,22608673.86564257,0
60963,22608413.15772401,0
60964,22608152.72603452,0
60965,22607892.567188296,0
60966,22607632.68130516,0
60967,22607373.069588937,0
60968,22607113.734291777,0
60969,22606854.67167806,0
60970,22606595.882408965,0
60971,22606337.367996532,0
60972,22606079.124691144,0
60973,22605821.156838525,0
60974,22605563.465543877,0
60975,22605306.045570992,0
60976,22605048.901756104,0
60977,22604792.02847243,0
60978,22604535.431225583,0
60979,22604279.108869147,0
60980,22604023.059511967,0
60981,22603767.28446442,0
60982,22603511.78205321,0
60983,22603256.552498195,0
60984,22603001.60402528,0
60985,22602746.920651786,0
60986,22602492.517430846,0
60987,22602238.382212073,0
60988,22601984.522944927,0
60989,22601730.93919665,0
60990,22601477.629979495,0
60991,22601224.59270443,0
60992,22600971.829432435,0
60993,22600719.339928962,0
60994,22600467.124803152,0
60995,22600215.18301872,0
60996,22599963.51666098,0
60997,22599712.12247139,0
60998,22599461.00049136,0
60999,22599210.153613843,0
61000,22598959.58129404,0
61001,22598709.28335625,0
61002,22598459.25888171,0
61003,22598209.50730146,0
61004,22597960.030422106,0
61005,22597710.825944915,0
61006,22597461.89744658,0
61007,22597213.23996704,0
61008,22596964.85679155,0
61009,22596716.746278048,0
61010,22596468.912846323,0
61011,22596221.35138619,0
61012,22595974.062240183,0
61013,22595727.047532037,0
61014,22595480.30917698,0
61015,22595233.84015909,0
61016,22594987.647981845,0
61017,22594741.728169892,0
61018,22594496.082537092,0
61019,22594250.708698466,0
61020,22594005.610718787,0
61021,22593760.784653597,0
61022,22593516.234070756,0
61023,22593271.956461843,0
61024,22593027.952391542,0
61025,22592784.22209821,0
61026,22592540.763007596,0
61027,22592297.579209846,0
61028,22592054.670527387,0
61029,22591812.033128835,0
61030,22591569.670616683,0
61031,22591327.581676338,0
61032,22591085.762734354,0
61033,22590844.221742842,0
61034,22590602.951182805,0
61035,22590361.957678292,0
61036,22590121.232735626,0
61037,22589880.786116824,0
61038,22589640.609379914,0
61039,22589400.708672266,0
61040,22589161.08101158,0
61041,22588921.724157717,0
61042,22588682.641815588,0
61043,22588443.834922418,0
61044,22588205.300097976,0
61045,22587967.03790266,0
61046,22587729.049268376,0
61047,22587491.337965485,0
61048,22587253.897082806,0
61049,22587016.727194224,0
61050,22586779.833062146,0
61051,22586543.213066027,0
61052,22586306.86532122,0
61053,22586070.791843347,0
61054,22585834.98957048,0
61055,22585599.460117273,0
61056,22585364.207427718,0
61057,22585129.224724013,0
61058,22584894.5174236,0
61059,22584660.083942275,0
61060,22584425.92052898,0
61061,22584192.033220854,0
61062,22583958.417173896,0
61063,22583725.075753447,0
61064,22583492.00776538,0
61065,22583259.21473114,0
61066,22583026.691132307,0
61067,22582794.44494123,0
61068,22582562.467641182,0
61069,22582330.765239224,0
61070,22582099.33390656,0
61071,22581868.178753506,0
61072,22581637.294824395,0
61073,22581406.68586255,0
61074,22581176.349055562,0
61075,22580946.285936784,0
61076,22580716.496386807,0
61077,22580486.977989048,0
61078,22580257.734881904,0
61079,22580028.761448096,0
61080,22579800.065316707,0
61081,22579571.63945646,0
61082,22579343.488229223,0
61083,22579115.609972507,0
61084,22578888.00184267,0
61085,22578660.671959102,0
61086,22578433.610523783,0
61087,22578206.82581878,0
61088,22577980.31026971,0
61089,22577754.07075418,0
61090,22577528.101710744,0
61091,22577302.4071093,0
61092,22577076.98511312,0
61093,22576851.83588617,0
61094,22576626.959901407,0
61095,22576402.35737186,0
61096,22576178.02760687,0
61097,22575953.97011926,0
61098,22575730.18613709,0
61099,22575506.672727257,0
61100,22575283.436662197,0
61101,22575060.469403967,0
61102,22574837.775753032,0
61103,22574615.359357543,0
61104,22574393.211875513,0
61105,22574171.336245876,0
61106,22573949.735942796,0
61107,22573728.40597452,0
61108,22573507.35007466,0
61109,22573286.566983722,0
61110,22573066.056757934,0
61111,22572845.819733765,0
61112,22572625.85463949,0
61113,22572406.160620827,0
61114,22572186.744146977,0
61115,22571967.59695727,0
61116,22571748.724544607,0
61117,22571530.12304298,0
61118,22571311.795657434,0
61119,22571093.739469625,0
61120,22570875.95530796,0
61121,22570658.445099633,0
61122,22570441.207579397,0
61123,22570224.243064128,0
61124,22570007.55097537,0
61125,22569791.13297976,0
61126,22569574.985250864,0
61127,22569359.108819112,0
61128,22569143.508021146,0
61129,22568928.17966714,0
61130,22568713.12208665,0
61131,22568498.339128643,0
61132,22568283.826724365,0
61133,22568069.588493504,0
61134,22567855.6216609,0
61135,22567641.928471778,0
61136,22567428.508446824,0
61137,22567215.359051667,0
61138,22567002.480725743,0
61139,22566789.88045132,0
61140,22566577.547728244,0
61141,22566365.48693249,0
61142,22566153.700275827,0
61143,22565942.187448494,0
61144,22565730.94620961,0
61145,22565519.97809011,0
61146,22565309.280058958,0
61147,22565098.854513258,0
61148,22564888.702684283,0
61149,22564678.824210163,0
61150,22564469.21500139,0
61151,22564259.8829503,0
61152,22564050.81836941,0
61153,22563842.029665597,0
61154,22563633.51202024,0
61155,22563425.26830217,0
61156,22563217.291669153,0
61157,22563009.590713415,0
61158,22562802.16195723,0
61159,22562595.006023705,0
61160,22562388.121025108,0
61161,22562181.510946717,0
61162,22561975.171042386,0
61163,22561769.102299836,0
61164,22561563.306580793,0
61165,22561357.78379075,0
61166,22561152.532882955,0
61167,22560947.555149388,0
61168,22560742.84831942,0
61169,22560538.41457488,0
61170,22560334.25301164,0
61171,22560130.361727584,0
61172,22559926.744048666,0
61173,22559723.40004926,0
61174,22559520.324400336,0
61175,22559317.52166462,0
61176,22559114.992487133,0
61177,22558912.733355943,0
61178,22558710.75008722,0
61179,22558509.035554457,0
61180,22558307.593806133,0
61181,22558106.424444016,0
61182,22557905.529072437,0
61183,22557704.902286213,0
61184,22557504.54991007,0
61185,22557304.468105208,0
61186,22557104.65845495,0
61187,22556905.12035631,0
61188,22556705.855658386,0
61189,22556506.861086342,0
61190,22556308.139933117,0
61191,22556109.691050418,0
61192,22555911.5133201,0
61193,22555713.605505593,0
61194,22555515.972120248,0
61195,22555318.609994844,0
61196,22555121.51915481,0
61197,22554924.701020192,0
61198,22554728.154191166,0
61199,22554531.88022278,0
61200,22554335.87730692,0
61201,22554140.14353627,0
61202,22553944.685684893,0
61203,22553749.496548273,0
61204,22553554.57976539,0
61205,22553359.936120797,0
61206,22553165.562576685,0
61207,22552971.461776063,0
61208,22552777.63143233,0
61209,22552584.0750084,0
61210,22552390.789936665,0
61211,22552197.775465358,0
61212,22552005.032501955,0
61213,22551812.562909007,0
61214,22551620.363968693,0
61215,22551428.434611354,0
61216,22551236.779593244,0
61217,22551045.393818885,0
61218,22550854.280611325,0
61219,22550663.440105043,0
61220,22550472.869249456,0
61221,22550282.568678692,0
61222,22550092.544028226,0
61223,22549902.78754792,0
61224,22549713.304937784,0
61225,22549524.09254579,0
61226,22549335.15179784,0
61227,22549146.481999844,0
61228,22548958.084022816,0
61229,22548769.95818837,0
61230,22548582.103508953,0
61231,22548394.520044815,0
61232,22548207.2084707,0
61233,22548020.168180317,0
61234,22547833.39710707,0
61235,22547646.89925329,0
61236,22547460.675159313,0
61237,22547274.718961455,0
61238,22547089.033468306,0
61239,22546903.620347876,0
61240,22546718.4797651,0
61241,22546533.609964877,0
61242,22546349.012133818,0
61243,22546164.681650586,0
61244,22545980.62674247,0
61245,22545796.844502702,0
61246,22545613.328942973,0
61247,22545430.086428534,0
61248,22545247.114443857,0
61249,22545064.41562881,0
61250,22544881.984045092,0
61251,22544699.827596508,0
61252,22544517.93926396,0
61253,22544336.32578704,0
61254,22544154.98094758,0
61255,22543973.906462654,0
61256,22543793.106901024,0
61257,22543612.575464543,0
61258,22543432.315761212,0
61259,22543252.324241642,0
61260,22543072.606808323,0
61261,22542893.162111457,0
61262,22542713.98583781,0
61263,22542535.081556182,0
61264,22542356.446032252,0
61265,22542178.083263442,0
61266,22541999.992057294,0
61267,22541822.169113025,0
61268,22541644.62062425,0
61269,22541467.3438558,0
61270,22541290.33276999,0
61271,22541113.594232887,0
61272,22540937.129844002,0
61273,22540760.933003057,0
61274,22540585.009129908,0
61275,22540409.356505062,0
61276,22540233.97299078,0
61277,22540058.8597804,0
61278,22539884.0197513,0
61279,22539709.446682926,0
61280,22539535.148766693,0
61281,22539361.119171433,0
61282,22539187.358935203,0
61283,22539013.8725637,0
61284,22538840.656965774,0
61285,22538667.711645942,0
61286,22538495.03553909,0
61287,22538322.630524956,0
61288,22538150.49760645,0
61289,22537978.633704837,0
61290,22537807.041706335,0
61291,22537635.719192833,0
61292,22537464.66643281,0
61293,22537293.88694554,0
61294,22537123.376954924,0
61295,22536953.13768928,0
61296,22536783.16661903,0
61297,22536613.468188208,0
61298,22536444.041371148,0
61299,22536274.883792076,0
61300,22536105.995406445,0
61301,22535937.37870312,0
61302,22535769.0328799,0
61303,22535600.9577942,0
61304,22535433.151679806,0
61305,22535265.618276663,0
61306,22535098.351842083,0
61307,22534931.358857743,0
61308,22534764.636388525,0
61309,22534598.182180658,0
61310,22534431.999943502,0
61311,22534266.087848645,0
61312,22534100.448049136,0
61313,22533935.072898068,0
61314,22533769.97302565,0
61315,22533605.14064646,0
61316,22533440.579771597,0
61317,22533276.289388582,0
61318,22533112.2697896,0
61319,22532948.521300923,0
61320,22532785.041187186,0
61321,22532621.82990927,0
61322,22532458.890651632,0
61323,22532296.222241275,0
61324,22532133.82260622,0
61325,22531971.692962945,0
61326,22531809.835449997,0
61327,22531648.247722067,0
61328,22531486.92858109,0
61329,22531325.880395394,0
61330,22531165.100495648,0
61331,22531004.591214158,0
61332,22530844.35200928,0
61333,22530684.383686785,0
61334,22530524.687326446,0
61335,22530365.25981492,0
61336,22530206.101922102,0
61337,22530047.213071007,0
61338,22529888.593818497,0
61339,22529730.246855415,0
61340,22529572.16659751,0
61341,22529414.35820586,0
61342,22529256.82134094,0
61343,22529099.55080287,0
61344,22528942.552453753,0
61345,22528785.82328438,0
61346,22528629.36531952,0
61347,22528473.176457327,0
61348,22528317.257017348,0
61349,22528161.60615802,0
61350,22528006.22669121,0
61351,22527851.117485665,0
61352,22527696.27586763,0
61353,22527541.704873443,0
61354,22527387.404259056,0
61355,22527233.37311795,0
61356,22527079.612277605,0
61357,22526926.120421972,0
61358,22526772.89814917,0
61359,22526619.945034906,0
61360,22526467.262056757,0
61361,22526314.850412693,0
61362,22526162.70648643,0
61363,22526010.83167841,0
61364,22525859.22760121,0
61365,22525707.89397489,0
61366,22525556.827340003,0
61367,22525406.03158413,0
61368,22525255.506810218,0
61369,22525105.24954434,0
61370,22524955.26050775,0
61371,22524805.544361643,0
61372,22524656.094716717,0
61373,22524506.914868835,0
61374,22524358.00767834,0
61375,22524209.365525994,0
61376,22524060.994978003,0
61377,22523912.893734805,0
61378,22523765.06414149,0
61379,22523617.498485655,0
61380,22523470.205497347,0
61381,22523323.18173372,0
61382,22523176.427877434,0
61383,22523029.94183749,0
61384,22522883.725063458,0
61385,22522737.779429715,0
61386,22522592.102473345,0
61387,22522446.6910247,0
61388,22522301.552701768,0
61389,22522156.683819436,0
61390,22522012.081171926,0
61391,22521867.750504382,0
61392,22521723.68932612,0
61393,22521579.895199932,0
61394,22521436.370730184,0
61395,22521293.11568261,0
61396,22521150.12906463,0
61397,22521007.411269426,0
61398,22520864.96448513,0
61399,22520722.783988792,0
61400,22520580.874262296,0
61401,22520439.231726024,0
61402,22520297.860845227,0
61403,22520156.75830969,0
61404,22520015.924116533,0
61405,22519875.359807994,0
61406,22519735.0621593,0
61407,22519595.03481557,0
61408,22519455.276174735,0
61409,22519315.78733078,0
61410,22519176.567863878,0
61411,22519037.612073895,0
61412,22518898.930785626,0
61413,22518760.51661755,0
61414,22518622.369322143,0
61415,22518484.494588718,0
61416,22518346.886376068,0
61417,22518209.547048405,0
61418,22518072.47586685,0
61419,22517935.6750745,0
61420,22517799.140879557,0
61421,22517662.87676417,0
61422,22517526.881626774,0
61423,22517391.155711167,0
61424,22517255.69659028,0
61425,22517120.506894745,0
61426,22516985.586937588,0
61427,22516850.932689272,0
61428,22516716.547035996,0
61429,22516582.431898855,0
61430,22516448.58451152,0
61431,22516315.006651595,0
61432,22516181.69628977,0
61433,22516048.654150974,0
61434,22515915.88287206,0
61435,22515783.37824337,0
61436,22515651.141155787,0
61437,22515519.17211507,0
61438,22515387.47377463,0
61439,22515256.041956063,0
61440,22515124.88113046,0
61441,22514993.9842711,0
61442,22514863.360075027,0
61443,22514733.002316333,0
61444,22514602.913133666,0
61445,22514473.091269072,0
61446,22514343.537839558,0
61447,22514214.25590416,0
61448,22514085.236202963,0
61449,22513956.489577837,0
61450,22513828.00885167,0
61451,22513699.797326535,0
61452,22513571.85363151,0
61453,22513444.17666476,0
61454,22513316.76898421,0
61455,22513189.6297375,0
61456,22513062.7593488,0
61457,22512936.156898037,0
61458,22512809.820875257,0
61459,22512683.753079727,0
61460,22512557.956411786,0
61461,22512432.422938168,0
61462,22512307.161929455,0
61463,22512182.16564333,0
61464,22512057.440512296,0
61465,22511932.979606837,0
61466,22511808.787130136,0
61467,22511684.86551263,0
61468,22511561.209259328,0
61469,22511437.823326726,0
61470,22511314.70311321,0
61471,22511191.85025603,0
61472,22511069.26580076,0
61473,22510946.949423563,0
61474,22510824.901434846,0
61475,22510703.122648634,0
61476,22510581.608152404,0
61477,22510460.3639841,0
61478,22510339.384009264,0
61479,22510218.673716944,0
61480,22510098.232517447,0
61481,22509978.05960455,0
61482,22509858.151785277,0
61483,22509738.513715055,0
61484,22509619.142447326,0
61485,22509500.03617377,0
61486,22509381.201484483,0
61487,22509262.633111395,0
61488,22509144.33136646,0
61489,22509026.29486725,0
61490,22508908.528235473,0
61491,22508791.030754264,0
61492,22508673.799370058,0
61493,22508556.836649366,0
61494,22508440.138294455,0
61495,22508323.71054554,0
61496,22508207.547308594,0
61497,22508091.65437529,0
61498,22507976.026570126,0
61499,22507860.667723384,0
61500,22507745.574661497,0
61501,22507630.747783173,0
61502,22507516.192751706,0
61503,22507401.90293382,0
61504,22507287.87769993,0
61505,22507174.12335019,0
61506,22507060.63314708,0
61507,22506947.410827126,0
61508,22506834.4571611,0
61509,22506721.77034463,0
61510,22506609.349106625,0
61511,22506497.198799714,0
61512,22506385.310048554,0
61513,22506273.6922554,0
61514,22506162.34016191,0
61515,22506051.25777703,0
61516,22505940.437288396,0
61517,22505829.88900872,0
61518,22505719.604765423,0
61519,22505609.58668394,0
61520,22505499.837903887,0
61521,22505390.3553387,0
61522,22505281.140295703,0
61523,22505172.190160602,0
61524,22505063.50941874,0
61525,22504955.093686327,0
61526,22504846.945789106,0
61527,22504739.062988654,0
61528,22504631.44897389,0
61529,22504524.101465095,0
61530,22504417.020352498,0
61531,22504310.205904942,0
61532,22504203.660449527,0
61533,22504097.378064796,0
61534,22503991.364053156,0
61535,22503885.616091114,0
61536,22503780.135560717,0
61537,22503674.921055336,0
61538,22503569.975131173,0
61539,22503465.29231866,0
61540,22503360.878865436,0
61541,22503256.732346002,0
61542,22503152.849692855,0
61543,22503049.234068137,0
61544,22502945.88544642,0
61545,22502842.80400883,0
61546,22502739.989697374,0
61547,22502637.442349654,0
61548,22502535.15886835,0
61549,22502433.14199824,0
61550,22502331.392601725,0
61551,22502229.90966194,0
61552,22502128.69173944,0
61553,22502027.742235966,0
61554,22501927.058131754,0
61555,22501826.643658016,0
61556,22501726.490341295,0
61557,22501626.603144757,0
61558,22501526.983701892,0
61559,22501427.631249085,0
61560,22501328.54746436,0
61561,22501229.724389844,0
61562,22501131.173210103,0
61563,22501032.88385581,0
61564,22500934.86152082,0
61565,22500837.10488869,0
61566,22500739.617660236,0
61567,22500642.39338304,0
61568,22500545.436235435,0
61569,22500448.74360008,0
61570,22500352.319096003,0
61571,22500256.160467856,0
61572,22500160.266119212,0
61573,22500064.636967376,0
61574,22499969.276984207,0
61575,22499874.181582887,0
61576,22499779.352772024,0
61577,22499684.78783098,0
61578,22499590.49036266,0
61579,22499496.457737405,0
61580,22499402.68945144,0
61581,22499309.191126887,0
61582,22499215.955694832,0
61583,22499122.98861586,0
61584,22499030.28197075,0
61585,22498937.844796512,0
61586,22498845.67488058,0
61587,22498753.769581556,0
61588,22498662.127532985,0
61589,22498570.752770476,0
61590,22498479.64395398,0
61591,22498388.79973354,0
61592,22498298.223265775,0
61593,22498207.909426127,0
61594,22498117.863789733,0
61595,22498028.08047718,0
61596,22497938.567740556,0
61597,22497849.31361392,0
61598,22497760.32985415,0
61599,22497671.613804925,0
61600,22497583.157717623,0
61601,22497494.96843304,0
61602,22497407.04468317,0
61603,22497319.387762867,0
61604,22497231.996078603,0
61605,22497144.869196683,0
61606,22497058.007264607,0
61607,22496971.408679627,0
61608,22496885.07939947,0
61609,22496799.01364521,0
61610,22496713.2129315,0
61611,22496627.677099757,0
61612,22496542.405519437,0
61613,22496457.400675494,0
61614,22496372.662809085,0
61615,22496288.185949367,0
61616,22496203.976242043,0
61617,22496120.031996477,0
61618,22496036.351474177,0
61619,22495952.938771833,0
61620,22495869.787345592,0
61621,22495786.905182607,0
61622,22495704.283226535,0
61623,22495621.929732267,0
61624,22495539.840743598,0
61625,22495458.016505394,0
61626,22495376.455711428,0
61627,22495295.1603415,0
61628,22495214.13243679,0
61629,22495133.36601795,0
61630,22495052.865309328,0
61631,22494972.628109057,0
61632,22494892.659350663,0
61633,22494812.953148633,0
61634,22494733.510534815,0
61635,22494654.334568616,0
61636,22494575.423603456,0
61637,22494496.77681856,0
61638,22494418.392833874,0
61639,22494340.27498389,0
61640,22494262.422867533,0
61641,22494184.83326775,0
61642,22494107.50984257,0
61643,22494030.452309348,0
61644,22493953.655517828,0
61645,22493877.12612457,0
61646,22493800.857891727,0
61647,22493724.85687801,0
61648,22493649.11981783,0
61649,22493573.646895476,0
61650,22493498.438034143,0
61651,22493423.496188447,0
61652,22493348.816943865,0
61653,22493274.400520694,0
61654,22493200.249957457,0
61655,22493126.36432266,0
61656,22493052.742092405,0
61657,22492979.385195363,0
61658,22492906.29162941,0
61659,22492833.46038248,0
61660,22492760.8957388,0
61661,22492688.59374073,0
61662,22492616.559337255,0
61663,22492544.78533195,0
61664,22492473.277406015,0
61665,22492402.031490397,0
61666,22492331.052389428,0
61667,22492260.335680418,0
61668,22492189.88381346,0
61669,22492119.69279908,0
61670,22492049.769814562,0
61671,22491980.110401437,0
61672,22491910.71187826,0
61673,22491841.580770396,0
61674,22491772.712157603,0
61675,22491704.107506897,0
61676,22491635.766219538,0
61677,22491567.689422313,0
61678,22491499.87597385,0
61679,22491432.327258464,0
61680,22491365.039662853,0
61681,22491298.018780995,0
61682,22491231.261450928,0
61683,22491164.7649499,0
61684,22491098.53423241,0
61685,22491032.568304587,0
61686,22490966.865664206,0
61687,22490901.424273293,0
61688,22490836.24823047,0
61689,22490771.33580642,0
61690,22490706.685822,0
61691,22490642.302905545,0
61692,22490578.177705366,0
61693,22490514.320131604,0
61694,22490450.72503087,0
61695,22490387.391069394,0
61696,22490324.32417649,0
61697,22490261.518833857,0
61698,22490198.979457937,0
61699,22490136.69895854,0
61700,22490074.68684831,0
61701,22490012.93330004,0
61702,22489951.447311487,0
61703,22489890.22009852,0
61704,22489829.26031686,0
61705,22489768.5624567,0
61706,22489708.126932297,0
61707,22489647.953162547,0
61708,22489588.046702728,0
61709,22489528.400450777,0
61710,22489469.014999826,0
61711,22489409.89801964,0
61712,22489351.04437036,0
61713,22489292.449335136,0
61714,22489234.11743378,0
61715,22489176.05120092,0
61716,22489118.24597589,0
61717,22489060.70606069,0
61718,22489003.42585259,0
61719,22488946.41241707,0
61720,22488889.65956936,0
61721,22488833.169608474,0
61722,22488776.944207717,0
61723,22488720.97914554,0
61724,22488665.277973562,0
61725,22488609.839677673,0
61726,22488554.663628988,0
61727,22488499.75048563,0
61728,22488445.099170152,0
61729,22488390.711707216,0
61730,22488336.58800099,0
61731,22488282.726028692,0
61732,22488229.125917714,0
61733,22488175.788506005,0
61734,22488122.71452394,0
61735,22488069.90284183,0
61736,22488017.353943933,0
61737,22487965.066737898,0
61738,22487913.04391123,0
61739,22487861.280891996,0
61740,22487809.781065535,0
61741,22487758.544760495,0
61742,22487707.56927595,0
61743,22487656.860307544,0
61744,22487606.409224723,0
61745,22487556.22116687,0
61746,22487506.297518786,0
61747,22487456.633109838,0
61748,22487407.23276084,0
61749,22487358.093813613,0
61750,22487309.217521813,0
61751,22487260.604816064,0
61752,22487212.253987476,0
61753,22487164.162515845,0
61754,22487116.335754924,0
61755,22487068.770497244,0
61756,22487021.46826248,0
61757,22486974.425910097,0
61758,22486927.647982724,0
61759,22486881.130847484,0
61760,22486834.874363925,0
61761,22486788.88159493,0
61762,22486743.15077568,0
61763,22486697.680987407,0
61764,22486652.473157674,0
61765,22486607.530038718,0
61766,22486562.843129992,0
61767,22486518.423331063,0
61768,22486474.264454465,0
61769,22486430.364058744,0
61770,22486386.72842488,0
61771,22486343.35457165,0
61772,22486300.237609718,0
61773,22486257.389274735,0
61774,22486214.7980921,0
61775,22486172.472609922,0
61776,22486130.404455874,0
61777,22486088.602230612,0
61778,22486047.05626181,0
61779,22486005.775986243,0
61780,22485964.754505854,0
61781,22485923.996492926,0
61782,22485883.499552745,0
61783,22485843.263864923,0
61784,22485803.291207816,0
61785,22485763.578102347,0
61786,22485724.124432262,0
61787,22485684.93509215,0
61788,22485646.005090624,0
61789,22485607.337381784,0
61790,22485568.931915082,0
61791,22485530.789340593,0
61792,22485492.90228763,0
61793,22485455.282088503,0
61794,22485417.920704722,0
61795,22485380.81940485,0
61796,22485343.98184444,0
61797,22485307.404015172,0
61798,22485271.086612657,0
61799,22485235.030851353,0
61800,22485199.23616026,0
61801,22485163.70199437,0
61802,22485128.43044085,0
61803,22485093.4181882,0
61804,22485058.668229457,0
61805,22485024.17776529,0
61806,22484989.94893433,0
61807,22484955.98114796,0
61808,22484922.27592362,0
61809,22484888.827075917,0
61810,22484855.64483734,0
61811,22484822.71923293,0
61812,22484790.053066492,0
61813,22484757.650956325,0
61814,22484725.50753346,0
61815,22484693.628116507,0
61816,22484662.007727884,0
61817,22484630.64630583,0
61818,22484599.54754067,0
61819,22484568.707345646,0
61820,22484538.129544403,0
61821,22484507.81082368,0
61822,22484477.753026575,0
61823,22484447.95676527,0
61824,22484418.419288255,0
61825,22484389.144804068,0
61826,22484360.127359394,0
61827,22484331.372970536,0
61828,22484302.87680163,0
61829,22484274.64139199,0
61830,22484246.669107538,0
61831,22484218.953033052,0
61832,22484191.503352236,0
61833,22484164.307468984,0
61834,22484137.374594994,0
61835,22484110.701417305,0
61836,22484084.28910314,0
61837,22484058.136693392,0
61838,22484032.243035417,0
61839,22484006.60894987,0
61840,22483981.238113854,0
61841,22483956.126497336,0
61842,22483931.275063403,0
61843,22483906.682775207,0
61844,22483882.35113655,0
61845,22483858.27649053,0
61846,22483834.46492452,0
61847,22483810.91296904,0
61848,22483787.622410957,0
61849,22483764.59094346,0
61850,22483741.814045068,0
61851,22483719.3034653,0
61852,22483697.04922543,0
61853,22483675.056219373,0
61854,22483653.320598368,0
61855,22483631.84924733,0
61856,22483610.63132568,0
61857,22483589.6775466,0
61858,22483568.983541057,0
61859,22483548.54777717,0
61860,22483528.37254073,0
61861,22483508.455534644,0
61862,22483488.799101964,0
61863,22483469.402023204,0
61864,22483450.26421789,0
61865,22483431.386282954,0
61866,22483412.768157903,0
61867,22483394.407044895,0
61868,22483376.30906676,0
61869,22483358.467047606,0
61870,22483340.886872374,0
61871,22483323.56318998,0
61872,22483306.499870423,0
61873,22483289.69727878,0
61874,22483273.155456755,0
61875,22483256.866429042,0
61876,22483240.842554614,0
61877,22483225.075294197,0
61878,22483209.56789115,0
61879,22483194.31775736,0
61880,22483179.329976343,0
61881,22483164.599425413,0
61882,22483150.126286402,0
61883,22483135.915544935,0
61884,22483121.96179266,0
61885,22483108.267256405,0
61886,22483094.83206641,0
61887,22483081.65660309,0
61888,22483068.73825292,0
61889,22483056.077881135,0
61890,22483043.679376177,0
61891,22483031.537588432,0
61892,22483019.654543616,0
61893,22483008.03019508,0
61894,22482996.66723874,0
61895,22482985.559554603,0
61896,22482974.713397134,0
61897,22482964.122421354,0
61898,22482953.795120556,0
61899,22482943.723980688,0
61900,22482933.908677872,0
61901,22482924.354762267,0
61902,22482915.056858428,0
61903,22482906.01909543,0
61904,22482897.24164166,0
61905,22482888.719836943,0
61906,22482880.455963578,0
61907,22482872.45344911,0
61908,22482864.70654641,0
61909,22482857.220313746,0
61910,22482849.99258656,0
61911,22482843.022318095,0
61912,22482836.30871205,0
61913,22482829.855580885,0
61914,22482823.657793935,0
61915,22482817.722143404,0
61916,22482812.04006029,0
61917,22482806.618440077,0
61918,22482801.45535381,0
61919,22482796.549705856,0
61920,22482791.90365625,0
61921,22482787.515097372,0
61922,22482783.38256137,0
61923,22482779.50952613,0
61924,22482775.892443284,0
61925,22482772.536448486,0
61926,22482769.438538752,0
61927,22482766.596459437,0
61928,22482764.010067277,0
61929,22482761.68464938,0
61930,22482759.620203324,0
61931,22482757.806681506,0
61932,22482756.254976258,0
61933,22482754.95995669,0
61934,22482753.919827115,0
61935,22482753.14189812,0
61936,22482752.619217858,0
61937,22482752.356226977,0
61938,22482752.349473994,0
61939,22482752.59725186,0
61940,22482753.109615605,0
61941,22482753.8719256,0
61942,22482754.895436715,0
61943,22482756.172638755,0
61944,22482757.714197963,0
61945,22482759.506319486,0
61946,22482761.56097233,0
61947,22482763.870537866,0
61948,22482766.43883653,0
61949,22482769.263107736,0
61950,22482772.34532493,0
61951,22482775.685018223,0
61952,22482779.279000554,0
61953,22482783.133203406,0
61954,22482787.243109856,0
61955,22482791.610699337,0
61956,22482796.238307875,0
61957,22482801.11692484,0
61958,22482806.256226756,0
61959,22482811.655107696,0
61960,22482817.305633735,0
61961,22482823.21549875,0
61962,22482829.38269487,0
61963,22482835.804721985,0
61964,22482842.48551179,0
61965,22482849.423171453,0
61966,22482856.6190047,0
61967,22482864.06960149,0
61968,22482871.776033014,0
61969,22482879.741001826,0
61970,22482887.963098384,0
61971,22482896.437802054,0
61972,22482905.17501423,0
61973,22482914.16662489,0
61974,22482923.412706044,0
61975,22482932.91860748,0
61976,22482942.67885326,0
61977,22482952.698050562,0
61978,22482962.96961174,0
61979,22482973.50108665,0
61980,22482984.28582534,0
61981,22482995.330581307,0
61982,22483006.63091598,0
61983,22483018.185526203,0
61984,22483029.999451034,0
61985,22483042.067832872,0
61986,22483054.391911674,0
61987,22483066.972598154,0
61988,22483079.807105884,0
61989,22483092.903052986,0
61990,22483106.254477907,0
61991,22483119.858915344,0
61992,22483133.721560776,0
61993,22483147.838645946,0
61994,22483162.211737387,0
61995,22483176.84399198,0
61996,22483191.728093524,0
61997,22483206.871107496,0
61998,22483222.26972446,0
61999,22483237.92258688,0
62000,22483253.83462742,0
62001,22483270.000680424,0
62002,22483286.41938093,0
62003,22483303.09670606,0
62004,22483320.030099362,0
62005,22483337.220500182,0
62006,22483354.664362237,0
62007,22483372.36484844,0
62008,22483390.32129797,0
62009,22483408.5305984,0
62010,22483426.999136142,0
62011,22483445.721394338,0
62012,22483464.70003488,0
62013,22483483.934539862,0
62014,22483503.422521006,0
62015,22483523.166726008,0
62016,22483543.166561645,0
62017,22483563.424968787,0
62018,22483583.934158154,0
62019,22483604.6991735,0
62020,22483625.72359296,0
62021,22483646.997467887,0
62022,22483668.529866837,0
62023,22483690.31858253,0
62024,22483712.36104806,0
62025,22483734.659789547,0
62026,22483757.21059207,0
62027,22483780.02101509,0
62028,22483803.08523949,0
62029,22483826.401324347,0
62030,22483849.97531787,0
62031,22483873.803301077,0
62032,22483897.887817405,0
62033,22483922.22477557,0
62034,22483946.817935452,0
62035,22483971.66717305,0
62036,22483996.77072337,0
62037,22484022.12844477,0
62038,22484047.740579907,0
62039,22484073.609201796,0
62040,22484099.73103797,0
62041,22484126.106644172,0
62042,22484152.736846317,0
62043,22484179.626427043,0
62044,22484206.766677894,0
62045,22484234.161470745,0
62046,22484261.814440757,0
62047,22484289.719224814,0
62048,22484317.87820915,0
62049,22484346.290989846,0
62050,22484374.955900997,0
62051,22484403.88298724,0
62052,22484433.058054153,0
62053,22484462.4899656,0
62054,22484492.17733252,0
62055,22484522.11870332,0
62056,22484552.31275163,0
62057,22484582.760194175,0
62058,22484613.46381446,0
62059,22484644.419237886,0
62060,22484675.63017432,0
62061,22484707.098486416,0
62062,22484738.81746583,0
62063,22484770.789529998,0
62064,22484803.018834632,0
62065,22484835.501444124,0
62066,22484868.23768969,0
62067,22484901.227348894,0
62068,22484934.470248383,0
62069,22484967.967577994,0
62070,22485001.720252976,0
62071,22485035.72651316,0
62072,22485069.986027915,0
62073,22485104.499921888,0
62074,22485139.265373554,0
62075,22485174.28497412,0
62076,22485209.56163634,0
62077,22485245.088788606,0
62078,22485280.869239774,0
62079,22485316.906594805,0
62080,22485353.196434002,0
62081,22485389.738029324,0
62082,22485426.53523822,0
62083,22485463.583011873,0
62084,22485500.88593604,0
62085,22485538.44414086,0
62086,22485576.2529824,0
62087,22485614.31798586,0
62088,22485652.63376407,0
62089,22485691.204962365,0
62090,22485730.027833417,0
62091,22485769.103039198,0
62092,22485808.431933936,0
62093,22485848.017913096,0
62094,22485887.854091913,0
62095,22485927.94206468,0
62096,22485968.2865678,0
62097,22486008.882947426,0
62098,22486049.72970843,0
62099,22486090.830382805,0
62100,22486132.188199505,0
62101,22486173.796396066,0
62102,22486215.655237008,0
62103,22486257.770514846,0
62104,22486300.136735335,0
62105,22486342.75582019,0
62106,22486385.628869593,0
62107,22486428.75294972,0
62108,22486472.130286794,0
62109,22486515.762474027,0
62110,22486559.645730183,0
62111,22486603.778992943,0
62112,22486648.169090368,0
62113,22486692.810955003,0
62114,22486737.70610185,0
62115,22486782.850568056,0
62116,22486828.25081875,0
62117,22486873.904627733,0
62118,22486919.806782436,0
62119,22486965.963314157,0
62120,22487012.37200722,0
62121,22487059.034317076,0
62122,22487105.946997028,0
62123,22487153.112679005,0
62124,22487200.53128788,0
62125,22487248.20296121,0
62126,22487296.12477006,0
62127,22487344.299360547,0
62128,22487392.72758803,0
62129,22487441.40513765,0
62130,22487490.333818894,0
62131,22487539.520911235,0
62132,22487588.95639325,0
62133,22487638.64284937,0
62134,22487688.58270746,0
62135,22487738.775699195,0
62136,22487789.218289625,0
62137,22487839.91460399,0
62138,22487890.860560276,0
62139,22487942.05913872,0
62140,22487993.510808658,0
62141,22488045.213054772,0
62142,22488097.167458,0
62143,22488149.372837786,0
62144,22488201.830230627,0
62145,22488254.539657913,0
62146,22488307.50172638,0
62147,22488360.714464016,0
62148,22488414.17535728,0
62149,22488467.892957114,0
62150,22488521.859305304,0
62151,22488576.07907478,0
62152,22488630.549087565,0
62153,22488685.271366563,0
62154,22488740.244311024,0
62155,22488795.470510457,0
62156,22488850.94432543,0
62157,22488906.671450287,0
62158,22488962.647504926,0
62159,22489018.877932154,0
62160,22489075.357717905,0
62161,22489132.091097374,0
62162,22489189.0733809,0
62163,22489246.306918662,0
62164,22489303.793218598,0
62165,22489361.5280344,0
62166,22489419.51668776,0
62167,22489477.754702114,0
62168,22489536.24172006,0
62169,22489594.983358983,0
62170,22489653.97313243,0
62171,22489713.21425332,0
62172,22489772.707492128,0
62173,22489832.448751386,0
62174,22489892.44380171,0
62175,22489952.68948748,0
62176,22490013.18420316,0
62177,22490073.93166994,0
62178,22490134.926923405,0
62179,22490196.174776692,0
62180,22490257.6724415,0
62181,22490319.41948203,0
62182,22490381.42036082,0
62183,22490443.669723034,0
62184,22490506.16735825,0
62185,22490568.917122588,0
62186,22490631.91982523,0
62187,22490695.172549233,0
62188,22490758.67539905,0
62189,22490822.422512658,0
62190,22490886.427871242,0
62191,22490950.679547127,0
62192,22491015.180138536,0
62193,22491079.93510626,0
62194,22491144.936324097,0
62195,22491210.18836641,0
62196,22491275.689619996,0
62197,22491341.444347758,0
62198,22491407.447139367,0
62199,22491473.702164553,0
62200,22491540.20175148,0
62201,22491606.95449504,0
62202,22491673.95743475,0
62203,22491741.213014726,0
62204,22491808.711438227,0
62205,22491876.465912424,0
62206,22491944.464815747,0
62207,22492012.71829628,0
62208,22492081.219143994,0
62209,22492149.969185483,0
62210,22492218.97106895,0
62211,22492288.219611157,0
62212,22492357.718419623,0
62213,22492427.468877234,0
62214,22492497.466924597,0
62215,22492567.7162212,0
62216,22492638.21323101,0
62217,22492708.96203943,0
62218,22492779.956485678,0
62219,22492851.202749223,0
62220,22492922.696287055,0
62221,22492994.441273466,0
62222,22493066.434282396,0
62223,22493138.6790837,0
62224,22493211.169025134,0
62225,22493283.910162855,0
62226,22493356.901257303,0
62227,22493430.139472466,0
62228,22493503.629873846,0
62229,22493577.367718093,0
62230,22493651.351144984,0
62231,22493725.588123847,0
62232,22493800.070590463,0
62233,22493874.804125305,0
62234,22493949.78707539,0
62235,22494025.017252978,0
62236,22494100.49679968,0
62237,22494176.22601181,0
62238,22494252.203012586,0
62239,22494328.427675243,0
62240,22494404.90135538,0
62241,22494481.62498686,0
62242,22494558.595571194,0
62243,22494635.817525502,0
62244,22494713.285243727,0
62245,22494791.001519457,0
62246,22494868.969627008,0
62247,22494947.182368595,0
62248,22495025.644133925,0
62249,22495104.356894653,0
62250,22495183.316216696,0
62251,22495262.520584863,0
62252,22495341.979364365,0
62253,22495421.682439763,0
62254,22495501.635485653,0
62255,22495581.83485302,0
62256,22495662.283848744,0
62257,22495742.979822878,0
62258,22495823.92585338,0
62259,22495905.116967276,0
62260,22495986.559453186,0
62261,22496068.247371968,0
62262,22496150.184661526,0
62263,22496232.367519412,0
62264,22496314.801454764,0
62265,22496397.481915127,0
62266,22496480.41139986,0
62267,22496563.586187724,0
62268,22496647.008594118,0
62269,22496730.679959938,0
62270,22496814.600439653,0
62271,22496898.765876636,0
62272,22496983.180251118,0
62273,22497067.841848336,0
62274,22497152.75232731,0
62275,22497237.909416974,0
62276,22497323.313358765,0
62277,22497408.96731773,0
62278,22497494.865549084,0
62279,22497581.01347584,0
62280,22497667.405939184,0
62281,22497754.046484224,0
62282,22497840.934915975,0
62283,22497928.071732555,0
62284,22498015.455772195,0
62285,22498103.085070215,0
62286,22498190.963724446,0
62287,22498279.088889524,0
62288,22498367.458383366,0
62289,22498456.07684622,0
62290,22498544.94466802,0
62291,22498634.056748085,0
62292,22498723.416515518,0
62293,22498813.023516677,0
62294,22498902.874807518,0
62295,22498992.977140233,0
62296,22499083.32406299,0
62297,22499173.918312352,0
62298,22499264.757614613,0
62299,22499355.84608642,0
62300,22499447.179642383,0
62301,22499538.761940308,0
62302,22499630.58819716,0
62303,22499722.66165433,0
62304,22499814.981783535,0
62305,22499907.550683107,0
62306,22500000.36430953,0
62307,22500093.425218396,0
62308,22500186.72935441,0
62309,22500280.28142616,0
62310,22500374.081423182,0
62311,22500468.126275048,0
62312,22500562.418047234,0
62313,22500656.957100403,0
62314,22500751.741879914,0
62315,22500846.77154141,0
62316,22500942.04772635,0
62317,22501037.57102932,0
62318,22501133.338653818,0
62319,22501229.35504661,0
62320,22501325.617320236,0
62321,22501422.120391,0
62322,22501518.874870468,0
62323,22501615.873419728,0
62324,22501713.117156897,0
62325,22501810.60817607,0
62326,22501908.34330946,0
62327,22502006.325439468,0
62328,22502104.552445482,0
62329,22502203.02577964,0
62330,22502301.745219816,0
62331,22502400.709584028,0
62332,22502499.918295182,0
62333,22502599.375596955,0
62334,22502699.076120067,0
62335,22502799.022585217,0
62336,22502899.216350406,0
62337,22502999.6521152,0
62338,22503100.33584168,0
62339,22503201.263471276,0
62340,22503302.437886253,0
62341,22503403.859724496,0
62342,22503505.52086791,0
62343,22503607.431006014,0
62344,22503709.587263063,0
62345,22503811.986177973,0
62346,22503914.630589593,0
62347,22504017.520109806,0
62348,22504120.656602215,0
62349,22504224.035747636,0
62350,22504327.66337151,0
62351,22504431.530987438,0
62352,22504535.647946615,0
62353,22504640.00699962,0
62354,22504744.6117007,0
62355,22504849.4601928,0
62356,22504954.554186,0
62357,22505059.893420327,0
62358,22505165.478466336,0
62359,22505271.30635677,0
62360,22505377.377014812,0
62361,22505483.695242163,0
62362,22505590.25861243,0
62363,22505697.06603303,0
62364,22505804.116514277,0
62365,22505911.41195016,0
62366,22506018.951606065,0
62367,22506126.738033734,0
62368,22506234.766109005,0
62369,22506343.040902115,0
62370,22506451.555422675,0
62371,22506560.31916799,0
62372,22506669.324997596,0
62373,22506778.575454004,0
62374,22506888.069739338,0
62375,22506997.80682534,0
62376,22507107.789650388,0
62377,22507218.01653999,0
62378,22507328.485922154,0
62379,22507439.202481885,0
62380,22507550.157439757,0
62381,22507661.361119725,0
62382,22507772.80684018,0
62383,22507884.49968783,0
62384,22507996.43267178,0
62385,22508108.609554533,0
62386,22508221.031543054,0
62387,22508333.696763076,0
62388,22508446.603968877,0
62389,22508559.75768647,0
62390,22508673.154848423,0
62391,22508786.794495557,0
62392,22508900.67677141,0
62393,22509014.802645136,0
62394,22509129.17322604,0
62395,22509243.786332402,0
62396,22509358.641203113,0
62397,22509473.741453607,0
62398,22509589.08634653,0
62399,22509704.67165695,0
62400,22509820.501147334,0
62401,22509936.576507162,0
62402,22510052.891488317,0
62403,22510169.450695563,0
62404,22510286.251984075,0
62405,22510403.298220865,0
62406,22510520.58682918,0
62407,22510638.11775546,0
62408,22510755.89188242,0
62409,22510873.91219681,0
62410,22510992.172087424,0
62411,22511110.67364459,0
62412,22511229.41830031,0
62413,22511348.406551924,0
62414,22511467.639210556,0
62415,22511587.111493085,0
62416,22511706.830042157,0
62417,22511826.787850063,0
62418,22511946.991746087,0
62419,22512067.436562233,0
62420,22512188.1232252,0
62421,22512309.05511494,0
62422,22512430.224717043,0
62423,22512551.64104701,0
62424,22512673.29638364,0
62425,22512795.197212175,0
62426,22512917.334861275,0
62427,22513039.719221372,0
62428,22513162.34593737,0
62429,22513285.21594554,0
62430,22513408.324382886,0
62431,22513531.676346805,0
62432,22513655.272128202,0
62433,22513779.108975317,0
62434,22513903.185867503,0
62435,22514027.506492417,0
62436,22514152.071367487,0
62437,22514276.875321824,0
62438,22514401.921862684,0
62439,22514527.209396794,0
62440,22514652.737512805,0
62441,22514778.51000793,0
62442,22514904.522381898,0
62443,22515030.779513337,0
62444,22515157.274743654,0
62445,22515284.01194421,0
62446,22515410.993721217,0
62447,22515538.216230888,0
62448,22515665.676736932,0
62449,22515793.382471092,0
62450,22515921.327961173,0
62451,22516049.51682737,0
62452,22516177.942474384,0
62453,22516306.61566979,0
62454,22516435.525134753,0
62455,22516564.67824014,0
62456,22516694.073037725,0
62457,22516823.708619226,0
62458,22516953.58329852,0
62459,22517083.699738223,0
62460,22517214.05822027,0
62461,22517344.659242395,0
62462,22517475.497515976,0
62463,22517606.58001564,0
62464,22517737.901906874,0
62465,22517869.46576078,0
62466,22518001.268990465,0
62467,22518133.31329327,0
62468,22518265.598773193,0
62469,22518398.12504717,0
62470,22518530.891189,0
62471,22518663.900742006,0
62472,22518797.148745637,0
62473,22518930.635964688,0
62474,22519064.366478894,0
62475,22519198.33658444,0
62476,22519332.54673477,0
62477,22519466.99810852,0
62478,22519601.68944074,0
62479,22519736.622135393,0
62480,22519871.793266904,0
62481,22520007.20619594,0
62482,22520142.85680539,0
62483,22520278.74995489,0
62484,22520414.882652003,0
62485,22520551.256791513,0
62486,22520687.870519448,0
62487,22520824.72548615,0
62488,22520961.816384263,0
62489,22521099.151462547,0
62490,22521236.723146874,0
62491,22521374.53729851,0
62492,22521512.5903101,0
62493,22521650.88258149,0
62494,22521789.41552055,0
62495,22521928.190605197,0
62496,22522067.200859472,0
62497,22522206.45448251,0
62498,22522345.94592263,0
62499,22522485.676024564,0
62500,22522625.64761818,0
62501,22522765.858285155,0
62502,22522906.308713865,0
62503,22523046.997366507,0
62504,22523187.92525419,0
62505,22523329.094457366,0
62506,22523470.504090127,0
62507,22523612.14999242,0
62508,22523754.035997275,0
62509,22523896.160594758,0
62510,22524038.528178748,0
62511,22524181.130788673,0
62512,22524323.97528268,0
62513,22524467.05718419,0
62514,22524610.378673438,0
62515,22524753.939946193,0
62516,22524897.737810783,0
62517,22525041.775916446,0
62518,22525186.054893147,0
62519,22525330.57032412,0
62520,22525475.323790126,0
62521,22525620.31934923,0
62522,22525765.552400265,0
62523,22525911.019895356,0
62524,22526056.730953835,0
62525,22526202.680046342,0
62526,22526348.86885489,0
62527,22526495.29477562,0
62528,22526641.958902787,0
62529,22526788.862159953,0
62530,22526936.00154152,0
62531,22527083.38123784,0
62532,22527231.00188124,0
62533,22527378.85726824,0
62534,22527526.953223635,0
62535,22527675.284443058,0
62536,22527823.85545038,0
62537,22527972.664800707,0
62538,22528121.714599777,0
62539,22528271.000782028,0
62540,22528420.524129093,0
62541,22528570.28508918,0
62542,22528720.286204726,0
62543,22528870.524144027,0
62544,22529020.99740935,0
62545,22529171.71287985,0
62546,22529322.665162545,0
62547,22529473.85546301,0
62548,22529625.281522464,0
62549,22529776.9467518,0
62550,22529928.849234853,0
62551,22530080.98993294,0
62552,22530233.366292022,0
62553,22530385.982637923,0
62554,22530538.834145557,0
62555,22530691.92658137,0
62556,22530845.255639702,0
62557,22530998.819908615,0
62558,22531152.623403296,0
62559,22531306.664358832,0
62560,22531460.944324657,0
62561,22531615.45643668,0
62562,22531770.209397454,0
62563,22531925.19785657,0
62564,22532080.424931265,0
62565,22532235.888207,0
62566,22532391.58856304,0
62567,22532547.526583273,0
62568,22532703.702846095,0
62569,22532860.113675177,0
62570,22533016.76091129,0
62571,22533173.64730284,0
62572,22533330.76931189,0
62573,22533488.130427152,0
62574,22533645.724816747,0
62575,22533803.559256192,0
62576,22533961.62889219,0
62577,22534119.934245463,0
62578,22534278.477456614,0
62579,22534437.255808458,0
62580,22534596.273104683,0
62581,22534755.52347045,0
62582,22534915.0131724,0
62583,22535074.738683634,0
62584,22535234.701726396,0
62585,22535394.900547307,0
62586,22535555.332803868,0
62587,22535716.00385448,0
62588,22535876.90969913,0
62589,22536038.053923976,0
62590,22536199.434394065,0
62591,22536361.046901975,0
62592,22536522.90020204,0
62593,22536684.988428943,0
62594,22536847.311297853,0
62595,22537009.87054474,0
62596,22537172.667028178,0
62597,22537335.69664566,0
62598,22537498.963823736,0
62599,22537662.465712544,0
62600,22537826.206607364,0
62601,22537990.180954855,0
62602,22538154.390301146,0
62603,22538318.835771848,0
62604,22538483.518019684,0
62605,22538648.435136262,0
62606,22538813.586347748,0
62607,22538978.973597262,0
62608,22539144.59726933,0
62609,22539310.456406724,0
62610,22539476.550895028,0
62611,22539642.881592285,0
62612,22539809.446632788,0
62613,22539976.246508062,0
62614,22540143.28237998,0
62615,22540310.552944846,0
62616,22540478.05853488,0
62617,22540645.79905361,0
62618,22540813.773726728,0
62619,22540981.984286215,0
62620,22541150.430877347,0
62621,22541319.113333397,0
62622,22541488.030201577,0
62623,22541657.178935163,0
62624,22541826.564078,0
62625,22541996.184911102,0
62626,22542166.040223535,0
62627,22542336.127357073,0
62628,22542506.455414027,0
62629,22542677.0129537,0
62630,22542847.803437497,0
62631,22543018.831787318,0
62632,22543190.098088346,0
62633,22543361.59325792,0
62634,22543533.32299779,0
62635,22543705.28943241,0
62636,22543877.490210105,0
62637,22544049.924752112,0
62638,22544222.593903832,0
62639,22544395.49567481,0
62640,22544568.632794935,0
62641,22544742.003377546,0
62642,22544915.60814427,0
62643,22545089.447495025,0
62644,22545263.521748222,0
62645,22545437.82964308,0
62646,22545612.369195424,0
62647,22545787.147953708,0
62648,22545962.154333234,0
62649,22546137.397117853,0
62650,22546312.874677643,0
62651,22546488.582811214,0
62652,22546664.52972246,0
62653,22546840.70621423,0
62654,22547017.11675011,0
62655,22547193.763866995,0
62656,22547370.642460633,0
62657,22547547.756361917,0
62658,22547725.100157525,0
62659,22547902.67913402,0
62660,22548080.491369516,0
62661,22548258.534458272,0
62662,22548436.816123776,0
62663,22548615.328270175,0
62664,22548794.073666632,0
62665,22548973.051650923,0
62666,22549152.26486342,0
62667,22549331.708235197,0
62668,22549511.38789006,0
62669,22549691.29856454,0
62670,22549871.443548884,0
62671,22550051.81859054,0
62672,22550232.430197217,0
62673,22550413.271734647,0
62674,22550594.346925717,0
62675,22550775.654402137,0
62676,22550957.19664032,0
62677,22551138.96945262,0
62678,22551320.97623867,0
62679,22551503.215995055,0
62680,22551685.686710544,0
62681,22551868.391114045,0
62682,22552051.328857146,0
62683,22552234.496903468,0
62684,22552417.897068348,0
62685,22552601.531117804,0
62686,22552785.39776795,0
62687,22552969.49814012,0
62688,22553153.825321734,0
62689,22553338.389690164,0
62690,22553523.185872912,0
62691,22553708.212255534,0
62692,22553893.47072431,0
62693,22554078.960394572,0
62694,22554264.686884657,0
62695,22554450.640119337,0
62696,22554636.826778248,0
62697,22554823.246999223,0
62698,22555009.899029903,0
62699,22555196.78065845,0
62700,22555383.89429508,0
62701,22555571.241028093,0
62702,22555758.818692148,0
62703,22555946.627531245,0
62704,22556134.66908332,0
62705,22556322.940758307,0
62706,22556511.44466887,0
62707,22556700.181753214,0
62708,22556889.147775378,0
62709,22557078.34649847,0
62710,22557267.775450554,0
62711,22557457.436656453,0
62712,22557647.32900239,0
62713,22557837.452381145,0
62714,22558027.807220027,0
62715,22558218.393626347,0
62716,22558409.211714104,0
62717,22558600.259035222,0
62718,22558791.536903374,0
62719,22558983.046541147,0
62720,22559174.786261205,0
62721,22559366.759122882,0
62722,22559558.961301275,0
62723,22559751.39586423,0
62724,22559944.061653264,0
62725,22560136.95448789,0
62726,22560330.079010665,0
62727,22560523.43648806,0
62728,22560717.023062736,0
62729,22560910.84214142,0
62730,22561104.886887945,0
62731,22561299.166147582,0
62732,22561493.67669913,0
62733,22561688.413558286,0
62734,22561883.38524048,0
62735,22562078.583847627,0
62736,22562274.01565128,0
62737,22562469.674912125,0
62738,22562665.565319814,0
62739,22562861.686737202,0
62740,22563058.036915164,0
62741,22563254.616474662,0
62742,22563451.4280198,0
62743,22563648.46771671,0
62744,22563845.739214253,0
62745,22564043.23856414,0
62746,22564240.97351329,0
62747,22564438.93142675,0
62748,22564637.12202807,0
62749,22564835.5404237,0
62750,22565034.191228576,0
62751,22565233.0705588,0
62752,22565432.179399412,0
62753,22565631.516612805,0
62754,22565831.085455142,0
62755,22566030.881046362,0
62756,22566230.9086704,0
62757,22566431.164372616,0
62758,22566631.64852104,0
62759,22566832.36253987,0
62760,22567033.308003686,0
62761,22567234.48115768,0
62762,22567435.883508876,0
62763,22567637.516286958,0
62764,22567839.3771624,0
62765,22568041.4660412,0
62766,22568243.784575295,0
62767,22568446.33147622,0
62768,22568649.108222537,0
62769,22568852.11384479,0
62770,22569055.34776166,0
62771,22569258.811215308,0
62772,22569462.502422117,0
62773,22569666.42234471,0
62774,22569870.572232682,0
62775,22570074.949491713,0
62776,22570279.557519354,0
62777,22570484.390519314,0
62778,22570689.45718399,0
62779,22570894.747796927,0
62780,22571100.265270542,0
62781,22571306.01627105,0
62782,22571511.991838023,0
62783,22571718.197758455,0
62784,22571924.632241704,0
62785,22572131.291562222,0
62786,22572338.181703568,0
62787,22572545.30086496,0
62788,22572752.645761594,0
62789,22572960.21794989,0
62790,22573168.02317167,0
62791,22573376.052554794,0
62792,22573584.310040902,0
62793,22573792.79592694,0
62794,22574001.511593603,0
62795,22574210.451694608,0
62796,22574419.618878018,0
62797,22574629.01660665,0
62798,22574838.642058868,0
62799,22575048.494028978,0
62800,22575258.57091185,0
62801,22575468.87897936,0
62802,22575679.412886247,0
62803,22575890.1766297,0
62804,22576101.164440114,0
62805,22576312.383603495,0
62806,22576523.82734715,0
62807,22576735.497066464,0
62808,22576947.394525304,0
62809,22577159.52065037,0
62810,22577371.874668986,0
62811,22577584.454934902,0
62812,22577797.260952268,0
62813,22578010.292330727,0
62814,22578223.556443803,0
62815,22578437.041522153,0
62816,22578650.756072912,0
62817,22578864.700667202,0
62818,22579078.86674415,0
62819,22579293.26318298,0
62820,22579507.884724393,0
62821,22579722.73218177,0
62822,22579937.808159173,0
62823,22580153.108936682,0
62824,22580368.637593284,0
62825,22580584.39169961,0
62826,22580800.372562487,0
62827,22581016.579777125,0
62828,22581233.013262473,0
62829,22581449.6750455,0
62830,22581666.560036633,0
62831,22581883.671875633,0
62832,22582101.011293508,0
62833,22582318.576004095,0
62834,22582536.367057946,0
62835,22582754.385132704,0
62836,22582972.6267624,0
62837,22583191.09594164,0
62838,22583409.79181189,0
62839,22583628.7123332,0
62840,22583847.857752047,0
62841,22584067.23174082,0
62842,22584286.829761975,0
62843,22584506.653467976,0
62844,22584726.702362414,0
62845,22584946.976928372,0
62846,22585167.47663744,0
62847,22585388.202461317,0
62848,22585609.155373357,0
62849,22585830.33252178,0
62850,22586051.734688256,0
62851,22586273.362628926,0
62852,22586495.217198834,0
62853,22586717.295818854,0
62854,22586939.59665896,0
62855,22587162.12680009,0
62856,22587384.880439598,0
62857,22587607.86002411,0
62858,22587831.06508578,0
62859,22588054.494540922,0
62860,22588278.147026923,0
62861,22588502.025211386,0
62862,22588726.128538467,0
62863,22588950.459939215,0
62864,22589175.010014072,0
62865,22589399.789666828,0
62866,22589624.791332085,0
62867,22589850.01765526,0
62868,22590075.472708356,0
62869,22590301.14580677,0
62870,22590527.046469525,0
62871,22590753.17485659,0
62872,22590979.523815077,0
62873,22591206.0988945,0
62874,22591432.8971356,0
62875,22591659.920715313,0
62876,22591887.167038847,0
62877,22592114.63966021,0
62878,22592342.33527178,0
62879,22592570.25558743,0
62880,22592798.399071008,0
62881,22593026.765495382,0
62882,22593255.358074833,0
62883,22593484.17351054,0
62884,22593713.213121988,0
62885,22593942.474833675,0
62886,22594171.964171633,0
62887,22594401.675048064,0
62888,22594631.610996045,0
62889,22594861.768748738,0
62890,22595092.149766672,0
62891,22595322.75513127,0
62892,22595553.58338235,0
62893,22595784.638850406,0
62894,22596015.91206191,0
62895,22596247.410756685,0
62896,22596479.136383057,0
62897,22596711.081742126,0
62898,22596943.251361445,0
62899,22597175.643950645,0
62900,22597408.25855361,0
62901,22597641.09896389,0
62902,22597874.160346746,0
62903,22598107.445327625,0
62904,22598340.955335908,0
62905,22598574.685783297,0
62906,22598808.63668266,0
62907,22599042.8160585,0
62908,22599277.216589294,0
62909,22599511.83673592,0
62910,22599746.682309564,0
62911,22599981.752052683,0
62912,22600217.041120566,0
62913,22600452.552716497,0
62914,22600688.29156772,0
62915,22600924.248375088,0
62916,22601160.429567672,0
62917,22601396.832207467,0
62918,22601633.458813686,0
62919,22601870.30435787,0
62920,22602107.376168195,0
62921,22602344.669108104,0
62922,22602582.180918343,0
62923,22602819.91815435,0
62924,22603057.8792675,0
62925,22603296.059490636,0
62926,22603534.460389283,0
62927,22603773.08476055,0
62928,22604011.932946336,0
62929,22604251.00155879,0
62930,22604490.291567307,0
62931,22604729.806143552,0
62932,22604969.538381945,0
62933,22605209.492515698,0
62934,22605449.671685394,0
62935,22605690.069562864,0
62936,22605930.689264957,0
62937,22606171.532794364,0
62938,22606412.596789878,0
62939,22606653.880375043,0
62940,22606895.385405354,0
62941,22607137.11405228,0
62942,22607379.061827213,0
62943,22607621.23309633,0
62944,22607863.624907494,0
62945,22608106.234610844,0
62946,22608349.07084318,0
62947,22608592.124354325,0
62948,22608835.39978092,0
62949,22609078.895600103,0
62950,22609322.613361713,0
62951,22609566.554585576,0
62952,22609810.712888304,0
62953,22610055.093338396,0
62954,22610299.69193214,0
62955,22610544.516029283,0
62956,22610789.55625486,0
62957,22611034.818227448,0
62958,22611280.301191308,0
62959,22611526.00498661,0
62960,22611771.929520674,0
62961,22612018.07402675,0
62962,22612264.440853436,0
62963,22612511.027908206,0
62964,22612757.830701478,0
62965,22613004.85659991,0
62966,22613252.10104072,0
62967,22613499.568190206,0
62968,22613747.25381155,0
62969,22613995.162616923,0
62970,22614243.29011614,0
62971,22614491.63344316,0
62972,22614740.200578887,0
62973,22614988.986661457,0
62974,22615237.99354556,0
62975,22615487.218697943,0
62976,22615736.666169748,0
62977,22615986.328454893,0
62978,22616236.214892406,0
62979,22616486.317780383,0
62980,22616736.640704293,0
62981,22616987.187165037,0
62982,22617237.95049963,0
62983,22617488.931333315,0
62984,22617740.131953526,0
62985,22617991.552422423,0
62986,22618243.194369562,0
62987,22618495.05115469,0
62988,22618747.132803988,0
62989,22618999.4292971,0
62990,22619251.94614401,0
62991,22619504.681418076,0
62992,22619757.63595472,0
62993,22620010.811181262,0
62994,22620264.20418269,0
62995,22620517.815497156,0
62996,22620771.647092834,0
62997,22621025.695228305,0
62998,22621279.963768985,0
62999,22621534.448137898,0
63000,22621789.15433961,0
63001,22622044.08001517,0
63002,22622299.221782267,0
63003,22622554.581905313,0
63004,22622810.160389848,0
63005,22623065.95741805,0
63006,22623321.97375304,0
63007,22623578.209144436,0
63008,22623834.658997733,0
63009,22624091.333451822,0
63010,22624348.221727885,0
63011,22624605.328646574,0
63012,22624862.65304953,0
63013,22625120.19556311,0
63014,22625377.956822388,0
63015,22625635.93499047,0
63016,22625894.134261966,0
63017,22626152.54662232,0
63018,22626411.17868391,0
63019,22626670.02902819,0
63020,22626929.096393067,0
63021,22627188.383389622,0
63022,22627447.885120604,0
63023,22627707.606120814,0
63024,22627967.545691006,0
63025,22628227.700987615,0
63026,22628488.071862232,0
63027,22628748.664396297,0
63028,22629009.469441794,0
63029,22629270.49426603,0
63030,22629531.737568755,0
63031,22629793.197488677,0
63032,22630054.873396665,0
63033,22630316.76756386,0
63034,22630578.877282962,0
63035,22630841.2031189,0
63036,22631103.749443013,0
63037,22631366.50945812,0
63038,22631629.489169497,0
63039,22631892.682896454,0
63040,22632156.096397832,0
63041,22632419.7256673,0
63042,22632683.567669485,0
63043,22632947.629049033,0
63044,22633211.909042176,0
63045,22633476.405235562,0
63046,22633741.115490496,0
63047,22634006.042553537,0
63048,22634271.1859202,0
63049,22634536.548057925,0
63050,22634802.125485606,0
63051,22635067.914920628,0
63052,22635333.926106136,0
63053,22635600.15351271,0
63054,22635866.5916034,0
63055,22636133.24929772,0
63056,22636400.12272411,0
63057,22636667.211563777,0
63058,22636934.5181787,0
63059,22637202.039840806,0
63060,22637469.77309305,0
63061,22637737.726374794,0
63062,22638005.896772526,0
63063,22638274.280001827,0
63064,22638542.87932378,0
63065,22638811.69463194,0
63066,22639080.724594988,0
63067,22639349.97101097,0
63068,22639619.431655034,0
63069,22639889.108575244,0
63070,22640159.00085516,0
63071,22640429.10796683,0
63072,22640699.431495633,0
63073,22640969.96915817,0
63074,22641240.71996145,0
63075,22641511.68967689,0
63076,22641782.872991152,0
63077,22642054.272580653,0
63078,22642325.883785896,0
63079,22642597.712085254,0
63080,22642869.754674453,0
63081,22643142.013634104,0
63082,22643414.48342817,0
63083,22643687.1708516,0
63084,22643960.07245261,0
63085,22644233.18959298,0
63086,22644506.51891809,0
63087,22644780.067220453,0
63088,22645053.825976655,0
63089,22645327.800366722,0
63090,22645601.99047016,0
63091,22645876.390928555,0
63092,22646151.00930337,0
63093,22646425.8404265,0
63094,22646700.886954278,0
63095,22646976.14580244,0
63096,22647251.61837587,0
63097,22647527.30711222,0
63098,22647803.207825683,0
63099,22648079.323722515,0
63100,22648355.653777763,0
63101,22648632.19704374,0
63102,22648908.953561828,0
63103,22649185.923152253,0
63104,22649463.110375572,0
63105,22649740.508747328,0
63106,22650018.120638758,0
63107,22650295.947622754,0
63108,22650573.983120386,0
63109,22650852.238599088,0
63110,22651130.70532849,0
63111,22651409.383743543,0
63112,22651688.27407801,0
63113,22651967.38058376,0
63114,22652246.698270235,0
63115,22652526.23043495,0
63116,22652805.97801408,0
63117,22653085.935231358,0
63118,22653366.106546916,0
63119,22653646.488883227,0
63120,22653927.085668176,0
63121,22654207.898198843,0
63122,22654488.920387123,0
63123,22654770.155258495,0
63124,22655051.60560613,0
63125,22655333.2654486,0
63126,22655615.1376148,0
63127,22655897.2227117,0
63128,22656179.52395948,0
63129,22656462.034081087,0
63130,22656744.758029934,0
63131,22657027.69394554,0
63132,22657310.84392804,0
63133,22657594.20395249,0
63134,22657877.775859714,0
63135,22658161.56086394,0
63136,22658445.558442354,0
63137,22658729.768726606,0
63138,22659014.18878397,0
63139,22659298.821408134,0
63140,22659583.66599989,0
63141,22659868.724232495,0
63142,22660153.992075566,0
63143,22660439.474364374,0
63144,22660725.166969366,0
63145,22661011.071895808,0
63146,22661297.186330542,0
63147,22661583.515004437,0
63148,22661870.05456385,0
63149,22662156.80350514,0
63150,22662443.767595597,0
63151,22662730.940127,0
63152,22663018.322891895,0
63153,22663305.922299266,0
63154,22663593.72652388,0
63155,22663881.74643182,0
63156,22664169.97525616,0
63157,22664458.415631913,0
63158,22664747.06839438,0
63159,22665035.930000372,0
63160,22665325.003494702,0
63161,22665614.288154807,0
63162,22665903.782546014,0
63163,22666193.49105494,0
63164,22666483.406387266,0
63165,22666773.53502668,0
63166,22667063.873267688,0
63167,22667354.422897946,0
63168,22667645.18188303,0
63169,22667936.151746463,0
63170,22668227.33301184,0
63171,22668518.72392262,0
63172,22668810.323893044,0
63173,22669102.136521097,0
63174,22669394.159842834,0
63175,22669686.393187962,0
63176,22669978.83134737,0
63177,22670271.4863237,0
63178,22670564.348110016,0
63179,22670857.419938117,0
63180,22671150.702595845,0
63181,22671444.194496114,0
63182,22671737.89635419,0
63183,22672031.810201194,0
63184,22672325.93346776,0
63185,22672620.263625167,0
63186,22672914.804701757,0
63187,22673209.55478415,0
63188,22673504.51492503,0
63189,22673799.685845062,0
63190,22674095.06423234,0
63191,22674390.655243713,0
63192,22674686.451772824,0
63193,22674982.45905754,0
63194,22675278.67897326,0
63195,22675575.10406411,0
63196,22675871.736784015,0
63197,22676168.58143183,0
63198,22676465.635525405,0
63199,22676762.89798688,0
63200,22677060.369087722,0
63201,22677358.051203202,0
63202,22677655.939268142,0
63203,22677954.037032984,0
63204,22678252.34324523,0
63205,22678550.85830605,0
63206,22678849.582908377,0
63207,22679148.515453115,0
63208,22679447.65643623,0
63209,22679747.008660723,0
63210,22680046.566870224,0
63211,22680346.33234298,0
63212,22680646.3091827,0
63213,22680946.491922352,0
63214,22681246.88198812,0
63215,22681547.481566366,0
63216,22681848.291454833,0
63217,22682149.307868015,0
63218,22682450.5304107,0
63219,22682751.9635072,0
63220,22683053.605182994,0
63221,22683355.454114977,0
63222,22683657.50870961,0
63223,22683959.772579025,0
63224,22684262.243735306,0
63225,22684564.925052825,0
63226,22684867.811165854,0
63227,22685170.904427946,0
63228,22685474.208274428,0
63229,22685777.716528356,0
63230,22686081.433477636,0
63231,22686385.358594995,0
63232,22686689.49015656,0
63233,22686993.829398733,0
63234,22687298.37545163,0
63235,22687603.129909698,0
63236,22687908.09099267,0
63237,22688213.258200705,0
63238,22688518.635176934,0
63239,22688824.214962836,0
63240,22689130.00539756,0
63241,22689436.00239569,0
63242,22689742.205677975,0
63243,22690048.613587257,0
63244,22690355.231545594,0
63245,22690662.053238314,0
63246,22690969.085586883,0
63247,22691276.31819968,0
63248,22691583.761531033,0
63249,22691891.412077565,0
63250,22692199.26648281,0
63251,22692507.32926201,0
63252,22692815.598996144,0
63253,22693124.073604025,0
63254,22693432.75449291,0
63255,22693741.641812943,0
63256,22694050.73282953,0
63257,22694360.03498513,0
63258,22694669.539787836,0
63259,22694979.25163198,0
63260,22695289.167928856,0
63261,22695599.293597974,0
63262,22695909.62271976,0
63263,22696220.156032518,0
63264,22696530.898141336,0
63265,22696841.84605697,0
63266,22697152.99663214,0
63267,22697464.352141023,0
63268,22697775.91677858,0
63269,22698087.686149176,0
63270,22698399.66223958,0
63271,22698711.838392515,0
63272,22699024.224258147,0
63273,22699336.813416388,0
63274,22699649.61066439,0
63275,22699962.609892037,0
63276,22700275.8131205,0
63277,22700589.226121668,0
63278,22700902.84208351,0
63279,22701216.663230702,0
63280,22701530.688586608,0
63281,22701844.919488013,0
63282,22702159.35394537,0
63283,22702473.994152408,0
63284,22702788.838788237,0
63285,22703103.887727022,0
63286,22703419.14268282,0
63287,22703734.601488784,0
63288,22704050.263629086,0
63289,22704366.130663708,0
63290,22704682.201955702,0
63291,22704998.479624685,0
63292,22705314.958794817,0
63293,22705631.644731887,0
63294,22705948.533671528,0
63295,22706265.62771762,0
63296,22706582.925238483,0
63297,22706900.42205275,0
63298,22707218.130116142,0
63299,22707536.03737895,0
63300,22707854.15368742,0
63301,22708172.469380625,0
63302,22708490.991213653,0
63303,22708809.714706775,0
63304,22709128.64116159,0
63305,22709447.773232333,0
63306,22709767.109326802,0
63307,22710086.648812853,0
63308,22710406.39055163,0
63309,22710726.336341262,0
63310,22711046.48484071,0
63311,22711366.838676102,0
63312,22711687.39330183,0
63313,22712008.152023476,0
63314,22712329.11424751,0
63315,22712650.278619796,0
63316,22712971.64682107,0
63317,22713293.21879076,0
63318,22713614.99317357,0
63319,22713936.97026348,0
63320,22714259.149018403,0
63321,22714581.53196132,0
63322,22714904.116597284,0
63323,22715226.906045336,0
63324,22715549.895005904,0
63325,22715873.089449782,0
63326,22716196.48591628,0
63327,22716520.08345321,0
63328,22716843.88434599,0
63329,22717167.88686784,0
63330,22717492.09070519,0
63331,22717816.49957556,0
63332,22718141.110202905,0
63333,22718465.921545893,0
63334,22718790.93691127,0
63335,22719116.151215523,0
63336,22719441.569005586,0
63337,22719767.19185929,0
63338,22720093.012979083,0
63339,22720419.03761644,0
63340,22720745.26252886,0
63341,22721071.691142485,0
63342,22721398.32115859,0
63343,22721725.152096096,0
63344,22722052.182476986,0
63345,22722379.416698344,0
63346,22722706.852771334,0
63347,22723034.491386123,0
63348,22723362.326656945,0
63349,22723690.36628651,0
63350,22724018.6091991,0
63351,22724347.049785033,0
63352,22724675.694400758,0
63353,22725004.537564885,0
63354,22725333.583975352,0
63355,22725662.829598412,0
63356,22725992.276548535,0
63357,22726321.926051147,0
63358,22726651.773897987,0
63359,22726981.825573836,0
63360,22727312.075638812,0
63361,22727642.525963426,0
63362,22727973.17971874,0
63363,22728304.032382246,0
63364,22728635.08297308,0
63365,22728966.33898081,0
63366,22729297.79317972,0
63367,22729629.447779402,0
63368,22729961.300710745,0
63369,22730293.357998986,0
63370,22730625.61349413,0
63371,22730958.06754604,0
63372,22731290.722701974,0
63373,22731623.578799978,0
63374,22731956.635594573,0
63375,22732289.88986958,0
63376,22732623.345297504,0
63377,22732957.004143372,0
63378,22733290.857227415,0
63379,22733624.911853287,0
63380,22733959.16611562,0
63381,22734293.620621312,0
63382,22734628.276688192,0
63383,22734963.129074965,0
63384,22735298.1834951,0
63385,22735633.433774043,0
63386,22735968.884070486,0
63387,22736304.53626022,0
63388,22736640.386764437,0
63389,22736976.436267704,0
63390,22737312.68380752,0
63391,22737649.133754063,0
63392,22737985.777432483,0
63393,22738322.62479141,0
63394,22738659.668854132,0
63395,22738996.911955472,0
63396,22739334.355403386,0
63397,22739671.99762132,0
63398,22740009.836708326,0
63399,22740347.875194814,0
63400,22740686.11014377,0
63401,22741024.548897125,0
63402,22741363.181899793,0
63403,22741702.015633862,0
63404,22742041.047224075,0
63405,22742380.276057865,0
63406,22742719.701728225,0
63407,22743059.331260122,0
63408,22743399.155959204,0
63409,22743739.17742009,0
63410,22744079.39642253,0
63411,22744419.816956222,0
63412,22744760.432003476,0
63413,22745101.24670575,0
63414,22745442.260331865,0
63415,22745783.469964176,0
63416,22746124.874913085,0
63417,22746466.48313649,0
63418,22746808.28743612,0
63419,22747150.285815127,0
63420,22747492.486636132,0
63421,22747834.87996703,0
63422,22748177.474844534,0
63423,22748520.266413856,0
63424,22748863.25376916,0
63425,22749206.440632608,0
63426,22749549.820701983,0
63427,22749893.402768653,0
63428,22750237.178964302,0
63429,22750581.15208406,0
63430,22750925.32441389,0
63431,22751269.691902664,0
63432,22751614.258355793,0
63433,22751959.01921424,0
63434,22752303.97759543,0
63435,22752649.131805122,0
63436,22752994.48460919,0
63437,22753340.032507252,0
63438,22753685.778221026,0
63439,22754031.72125663,0
63440,22754377.85792639,0
63441,22754724.191385653,0
63442,22755070.724310655,0
63443,22755417.45189777,0
63444,22755764.37625098,0
63445,22756111.49527957,0
63446,22756458.81004459,0
63447,22756806.322571795,0
63448,22757154.030734442,0
63449,22757501.93479857,0
63450,22757850.031840418,0
63451,22758198.3295677,0
63452,22758546.822267137,0
63453,22758895.510306273,0
63454,22759244.391703,0
63455,22759593.470711876,0
63456,22759942.745282695,0
63457,22760292.215331044,0
63458,22760641.881761126,0
63459,22760991.741050508,0
63460,22761341.798923183,0
63461,22761692.051079188,0
63462,22762042.496146914,0
63463,22762393.138214502,0
63464,22762743.97607489,0
63465,22763095.007718388,0
63466,22763446.235664573,0
63467,22763797.65673586,0
63468,22764149.276465155,0
63469,22764501.089572694,0
63470,22764853.094378334,0
63471,22765205.295334242,0
63472,22765557.694562618,0
63473,22765910.284562226,0
63474,22766263.070274904,0
63475,22766616.051351074,0
63476,22766969.22529612,0
63477,22767322.596501756,0
63478,22767676.158662017,0
63479,22768029.916998494,0
63480,22768383.86953583,0
63481,22768738.01768813,0
63482,22769092.35668588,0
63483,22769446.89569338,0
63484,22769801.62241032,0
63485,22770156.543870762,0
63486,22770511.662092824,0
63487,22770866.97482949,0
63488,22771222.48051188,0
63489,22771578.178060237,0
63490,22771934.07046197,0
63491,22772290.1550162,0
63492,22772646.437841095,0
63493,22773002.910294816,0
63494,22773359.57697238,0
63495,22773716.43705137,0
63496,22774073.491364308,0
63497,22774430.73719266,0
63498,22774788.179397006,0
63499,22775145.812976394,0
63500,22775503.638985522,0
63501,22775861.658862367,0
63502,22776219.870111827,0
63503,22776578.276703645,0
63504,22776936.878121868,0
63505,22777295.670540534,0
63506,22777654.65562973,0
63507,22778013.830945373,0
63508,22778373.20507254,0
63509,22778732.76696439,0
63510,22779092.521218795,0
63511,22779452.47037157,0
63512,22779812.609459374,0
63513,22780172.943965547,0
63514,22780533.470968235,0
63515,22780894.18870666,0
63516,22781255.100912154,0
63517,22781616.20047026,0
63518,22781977.496813513,0
63519,22782338.982919767,0
63520,22782700.664806522,0
63521,22783062.534785766,0
63522,22783424.59775617,0
63523,22783786.852764796,0
63524,22784149.299038425,0
63525,22784511.939943295,0
63526,22784874.769501064,0
63527,22785237.791861515,0
63528,22785601.006130498,0
63529,22785964.41020727,0
63530,22786328.010119077,0
63531,22786691.798226275,0
63532,22787055.77657636,0
63533,22787419.947633654,0
63534,22787784.31120804,0
63535,22788148.86557772,0
63536,22788513.61129676,0
63537,22788878.546424273,0
63538,22789243.673237294,0
63539,22789608.99159162,0
63540,22789974.4989043,0
63541,22790340.200606104,0
63542,22790706.092514142,0
63543,22791072.171820946,0
63544,22791438.446937792,0
63545,22791804.909322534,0
63546,22792171.56572993,0
63547,22792538.40847231,0
63548,22792905.44362726,0
63549,22793272.66936125,0
63550,22793640.085519712,0
63551,22794007.692704834,0
63552,22794375.48826129,0
63553,22794743.4755726,0
63554,22795111.65348545,0
63555,22795480.019970596,0
63556,22795848.577974726,0
63557,22796217.32425674,0
63558,22796586.262406003,0
63559,22796955.390630268,0
63560,22797324.70704747,0
63561,22797694.21149903,0
63562,22798063.910595648,0
63563,22798433.795245502,0
63564,22798803.871466536,0
63565,22799174.13845203,0
63566,22799544.59207959,0
63567,22799915.236492522,0
63568,22800286.071559887,0
63569,22800657.09426264,0
63570,22801028.30585432,0
63571,22801399.709886514,0
63572,22801771.301346324,0
63573,22802143.081421766,0
63574,22802515.04884493,0
63575,22802887.20839395,0
63576,22803259.554686096,0
63577,22803632.090010643,0
63578,22804004.815473244,0
63579,22804377.727131657,0
63580,22804750.83135571,0
63581,22805124.12208341,0
63582,22805497.603508722,0
63583,22805871.271915138,0
63584,22806245.126757313,0
63585,22806619.174547482,0
63586,22806993.4067767,0
63587,22807367.828315973,0
63588,22807742.437875297,0
63589,22808117.237367768,0
63590,22808492.224698562,0
63591,22808867.40061224,0
63592,22809242.762342643,0
63593,22809618.312960744,0
63594,22809994.05262329,0
63595,22810369.97883289,0
63596,22810746.091663804,0
63597,22811122.394977584,0
63598,22811498.88479733,0
63599,22811875.562836282,0
63600,22812252.427723862,0
63601,22812629.48014789,0
63602,22813006.72265988,0
63603,22813384.14881904,0
63604,22813761.76438215,0
63605,22814139.566143855,0
63606,22814517.55669035,0
63607,22814895.732599363,0
63608,22815274.097621866,0
63609,22815652.644825794,0
63610,22816031.38587265,0
63611,22816410.3110843,0
63612,22816789.423094507,0
63613,22817168.72053211,0
63614,22817548.206521682,0
63615,22817927.87857483,0
63616,22818307.73916732,0
63617,22818687.78527785,0
63618,22819068.014997244,0
63619,22819448.43563089,0
63620,22819829.039805647,0
63621,22820209.83406523,0
63622,22820590.810873363,0
63623,22820971.974240422,0
63624,22821353.324970435,0
63625,22821734.863089543,0
63626,22822116.584653776,0
63627,22822498.491671797,0
63628,22822880.58984405,0
63629,22823262.869951095,0
63630,22823645.33530039,0
63631,22824027.988968626,0
63632,22824410.826057933,0
63633,22824793.85005094,0
63634,22825177.060248017,0
63635,22825560.45624873,0
63636,22825944.036942713,0
63637,22826327.80372068,0
63638,22826711.754996404,0
63639,22827095.893085916,0
63640,22827480.21578227,0
63641,22827864.722042166,0
63642,22828249.414285127,0
63643,22828634.29246546,0
63644,22829019.35382725,0
63645,22829404.603907995,0
63646,22829790.03637441,0
63647,22830175.65430213,0
63648,22830561.457839135,0
63649,22830947.44344462,0
63650,22831333.617770273,0
63651,22831719.975240134,0
63652,22832106.5152113,0
63653,22832493.244378038,0
63654,22832880.154251833,0
63655,22833267.2503357,0
63656,22833654.529108267,0
63657,22834041.992999338,0
63658,22834429.642402627,0
63659,22834817.47465787,0
63660,22835205.491908006,0
63661,22835593.690570634,0
63662,22835982.07467482,0
63663,22836370.64307526,0
63664,22836759.39594993,0
63665,22837148.334173065,0
63666,22837537.45660357,0
63667,22837926.759525623,0
63668,22838316.24567657,0
63669,22838705.918103196,0
63670,22839095.771847595,0
63671,22839485.81049958,0
63672,22839876.032013737,0
63673,22840266.437547382,0
63674,22840657.027889322,0
63675,22841047.80092895,0
63676,22841438.75583534,0
63677,22841829.894777443,0
63678,22842221.215748664,0
63679,22842612.719637025,0
63680,22843004.406855702,0
63681,22843396.278613184,0
63682,22843788.329898912,0
63683,22844180.56734523,0
63684,22844572.98630416,0
63685,22844965.590190545,0
63686,22845358.372078005,0
63687,22845751.341490556,0
63688,22846144.4905918,0
63689,22846537.822727237,0
63690,22846931.336404834,0
63691,22847325.03231713,0
63692,22847718.913493656,0
63693,22848112.97533895,0
63694,22848507.218598273,0
63695,22848901.643735163,0
63696,22849296.250591006,0
63697,22849691.040968914,0
63698,22850086.013860196,0
63699,22850481.166334365,0
63700,22850876.501715057,0
63701,22851272.018562716,0
63702,22851667.71959806,0
63703,22852063.60029328,0
63704,22852459.663253758,0
63705,22852855.90382182,0
63706,22853252.332491342,0
63707,22853648.939215276,0
63708,22854045.72746294,0
63709,22854442.69583802,0
63710,22854839.846657366,0
63711,22855237.178564314,0
63712,22855634.690481678,0
63713,22856032.38464886,0
63714,22856430.26088836,0
63715,22856828.31651666,0
63716,22857226.554486305,0
63717,22857624.9712606,0
63718,22858023.56877922,0
63719,22858422.34818181,0
63720,22858821.308864813,0
63721,22859220.450982094,0
63722,22859619.77091544,0
63723,22860019.273401935,0
63724,22860418.95353122,0
63725,22860818.817837995,0
63726,22861218.860499803,0
63727,22861619.084692996,0
63728,22862019.486893687,0
63729,22862420.070875954,0
63730,22862820.835510544,0
63731,22863221.777075592,0
63732,22863622.902000576,0
63733,22864024.203923136,0
63734,22864425.68643959,0
63735,22864827.349823248,0
63736,22865229.19210755,0
63737,22865631.214491323,0
63738,22866033.416342363,0
63739,22866435.798113696,0
63740,22866838.360117156,0
63741,22867241.09812359,0
63742,22867644.01990045,0
63743,22868047.118832886,0
63744,22868450.398448188,0
63745,22868853.8542418,0
63746,22869257.492416363,0
63747,22869661.30617623,0
63748,22870065.301347677,0
63749,22870469.47594176,0
63750,22870873.828751963,0
63751,22871278.359335523,0
63752,22871683.07005821,0
63753,22872087.95862457,0
63754,22872493.027193446,0
63755,22872898.272468917,0
63756,22873303.697147,0
63757,22873709.30159728,0
63758,22874115.082474608,0
63759,22874521.042953923,0
63760,22874927.183108963,0
63761,22875333.495194122,0
63762,22875739.990905505,0
63763,22876146.663884092,0
63764,22876553.514903072,0
63765,22876960.54613088,0
63766,22877367.748938616,0
63767,22877775.13687282,0
63768,22878182.697471693,0
63769,22878590.43941161,0
63770,22878998.357735846,0
63771,22879406.45412239,0
63772,22879814.726279877,0
63773,22880223.177231688,0
63774,22880631.803685125,0
63775,22881040.613755465,0
63776,22881449.59487361,0
63777,22881858.75538936,0
63778,22882268.09363888,0
63779,22882677.607285835,0
63780,22883087.299677044,0
63781,22883497.168921173,0
63782,22883907.212676726,0
63783,22884317.437561035,0
63784,22884727.83885796,0
63785,22885138.415095735,0
63786,22885549.168200925,0
63787,22885960.098593477,0
63788,22886371.20207169,0
63789,22886782.48602911,0
63790,22887193.94537981,0
63791,22887605.585978236,0
63792,22888017.395313717,0
63793,22888429.382577006,0
63794,22888841.54808601,0
63795,22889253.89070614,0
63796,22889666.406802453,0
63797,22890079.103695493,0
63798,22890491.97231376,0
63799,22890905.01750776,0
63800,22891318.237727534,0
63801,22891731.63490151,0
63802,22892145.20980805,0
63803,22892558.958567448,0
63804,22892972.881792534,0
63805,22893386.983282566,0
63806,22893801.25910018,0
63807,22894215.711198945,0
63808,22894630.3393109,0
63809,22895045.137242675,0
63810,22895460.117554944,0
63811,22895875.26874252,0
63812,22896290.59773924,0
63813,22896706.10046032,0
63814,22897121.77891465,0
63815,22897537.63026904,0
63816,22897953.66053179,0
63817,22898369.862545174,0
63818,22898786.241670057,0
63819,22899202.794416286,0
63820,22899619.520317297,0
63821,22900036.422977798,0
63822,22900453.499389138,0
63823,22900870.750852365,0
63824,22901288.176277477,0
63825,22901705.77375389,0
63826,22902123.54945155,0
63827,22902541.496328756,0
63828,22902959.619966775,0
63829,22903377.916946284,0
63830,22903796.389058515,0
63831,22904215.03333535,0
63832,22904633.85248379,0
63833,22905052.846645724,0
63834,22905472.01339383,0
63835,22905891.35346226,0
63836,22906310.868350886,0
63837,22906730.55634595,0
63838,22907150.419385415,0
63839,22907570.45249393,0
63840,22907990.66073386,0
63841,22908411.043913092,0
63842,22908831.59836179,0
63843,22909252.32786603,0
63844,22909673.230864067,0
63845,22910094.305283967,0
63846,22910515.554077256,0
63847,22910936.9756223,0
63848,22911358.57006696,0
63849,22911780.33696307,0
63850,22912202.279524516,0
63851,22912624.393167756,0
63852,22913046.678806446,0
63853,22913469.137565635,0
63854,22913891.76762531,0
63855,22914314.5722235,0
63856,22914737.547804374,0
63857,22915160.697451696,0
63858,22915584.018949684,0
63859,22916007.511364967,0
63860,22916431.178921144,0
63861,22916855.01652046,0
63862,22917279.027741242,0
63863,22917703.209767018,0
63864,22918127.564914957,0
63865,22918552.09181205,0
63866,22918976.788324803,0
63867,22919401.65957961,0
63868,22919826.701368324,0
63869,22920251.917046614,0
63870,22920677.303091828,0
63871,22921102.858574796,0
63872,22921528.587626684,0
63873,22921954.485928286,0
63874,22922380.559314508,0
63875,22922806.801729616,0
63876,22923233.217630576,0
63877,22923659.80157355,0
63878,22924086.557693567,0
63879,22924513.48500733,0
63880,22924940.5854287,0
63881,22925367.854601968,0
63882,22925795.29719938,0
63883,22926222.908329606,0
63884,22926650.69012585,0
63885,22927078.64413945,0
63886,22927506.76923417,0
63887,22927935.060941927,0
63888,22928363.526648253,0
63889,22928792.164915714,0
63890,22929220.968358103,0
63891,22929649.94629966,0
63892,22930079.09367397,0
63893,22930508.40958406,0
63894,22930937.897604004,0
63895,22931367.55407562,0
63896,22931797.38371994,0
63897,22932227.37901232,0
63898,22932657.546006102,0
63899,22933087.88524993,0
63900,22933518.3923041,0
63901,22933949.068746906,0
63902,22934379.915343724,0
63903,22934810.931175012,0
63904,22935242.116882484,0
63905,22935673.472481724,0
63906,22936104.998332895,0
63907,22936536.69214687,0
63908,22936968.554535016,0
63909,22937400.588555194,0
63910,22937832.790928166,0
63911,22938265.16296947,0
63912,22938697.703162417,0
63913,22939130.414066676,0
63914,22939563.289740846,0
63915,22939996.338588938,0
63916,22940429.55483077,0
63917,22940862.939418018,0
63918,22941296.492505245,0
63919,22941730.214441314,0
63920,22942164.106003553,0
63921,22942598.163710967,0
63922,22943032.392502602,0
63923,22943466.788790464,0
63924,22943901.354956914,0
63925,22944336.08805365,0
63926,22944770.9875562,0
63927,22945206.056684207,0
63928,22945641.293993037,0
63929,22946076.701937336,0
63930,22946512.275354963,0
63931,22946948.016484573,0
63932,22947383.926586248,0
63933,22947820.00389936,0
63934,22948256.245895058,0
63935,22948692.658927348,0
63936,22949129.240139488,0
63937,22949565.984177925,0
63938,22950002.90174707,0
63939,22950439.98543721,0
63940,22950877.23395798,0
63941,22951314.65216346,0
63942,22951752.23378726,0
63943,22952189.987596147,0
63944,22952627.90548193,0
63945,22953065.991392177,0
63946,22953504.24332582,0
63947,22953942.665448382,0
63948,22954381.25035052,0
63949,22954820.00365425,0
63950,22955258.925529227,0
63951,22955698.009171568,0
63952,22956137.263472542,0
63953,22956576.68243248,0
63954,22957016.26864759,0
63955,22957456.022368524,0
63956,22957895.940819863,0
63957,22958336.028415944,0
63958,22958776.279788494,0
63959,22959216.695582245,0
63960,22959657.278049573,0
63961,22960098.029190216,0
63962,22960538.946401965,0
63963,22960980.026260722,0
63964,22961421.27640175,0
63965,22961862.68882263,0
63966,22962304.266246833,0
63967,22962746.01160301,0
63968,22963187.92219625,0
63969,22963629.997904837,0
63970,22964072.239042364,0
63971,22964514.646508154,0
63972,22964957.218953647,0
63973,22965399.958177537,0
63974,22965842.860091396,0
63975,22966285.928092662,0
63976,22966729.160990454,0
63977,22967172.55793298,0
63978,22967616.122943457,0
63979,22968059.849345405,0
63980,22968503.742280714,0
63981,22968947.800622914,0
63982,22969392.025098372,0
63983,22969836.409052756,0
63984,22970280.959609937,0
63985,22970725.67768889,0
63986,22971170.558719445,0
63987,22971615.602650195,0
63988,22972060.811889756,0
63989,22972506.18489808,0
63990,22972951.724416345,0
63991,22973397.428094465,0
63992,22973843.29403133,0
63993,22974289.32282329,0
63994,22974735.51628169,0
63995,22975181.87516396,0
63996,22975628.3963868,0
63997,22976075.081783272,0
63998,22976521.93201832,0
63999,22976968.946221195,0
64000,22977416.121434823,0
64001,22977863.46163377,0
64002,22978310.965247553,0
64003,22978758.633385886,0
64004,22979206.4638666,0
64005,22979654.45563627,0
64006,22980102.61344808,0
64007,22980550.934793465,0
64008,22980999.41650231,0
64009,22981448.06440313,0
64010,22981896.87283138,0
64011,22982345.84593286,0
64012,22982794.978730757,0
64013,22983244.277379863,0
64014,22983693.73775429,0
64015,22984143.361085996,0
64016,22984593.14592947,0
64017,22985043.094774,0
64018,22985493.203567903,0
64019,22985943.477071036,0
64020,22986393.910893608,0
64021,22986844.509629875,0
64022,22987295.26876619,0
64023,22987746.19180202,0
64024,22988197.2763834,0
64025,22988648.52189737,0
64026,22989099.929993935,0
64027,22989551.49907211,0
64028,22990003.230417013,0
64029,22990455.122720726,0
64030,22990907.176996216,0
64031,22991359.39406738,0
64032,22991811.77313058,0
64033,22992264.3144246,0
64034,22992717.01343847,0
64035,22993169.87637336,0
64036,22993622.90056149,0
64037,22994076.087402344,0
64038,22994529.43233969,0
64039,22994982.93989461,0
64040,22995436.60860605,0
64041,22995890.439016283,0
64042,22996344.42805757,0
64043,22996798.577423733,0
64044,22997252.891329918,0
64045,22997707.365392435,0
64046,22998161.99801302,0
64047,22998616.791614313,0
64048,22999071.746323638,0
64049,22999526.859182782,0
64050,22999982.134508893,0
64051,23000437.573196676,0
64052,23000893.16969295,0
64053,23001348.92410609,0
64054,23001804.84141684,0
64055,23002260.918427918,0
64056,23002717.156082418,0
64057,23003173.550925203,0
64058,23003630.10822928,0
64059,23004086.825810473,0
64060,23004543.69963806,0
64061,23005000.73579582,0
64062,23005457.93008516,0
64063,23005915.285178225,0
64064,23006372.801670678,0
64065,23006830.47600559,0
64066,23007288.309382454,0
64067,23007746.299919214,0
64068,23008204.45274239,0
64069,23008662.764620323,0
64070,23009121.23219307,0
64071,23009579.864323422,0
64072,23010038.65414923,0
64073,23010497.600748774,0
64074,23010956.70342181,0
64075,23011415.97126189,0
64076,23011875.39486101,0
64077,23012334.977380935,0
64078,23012794.718300033,0
64079,23013254.617505103,0
64080,23013714.67363549,0
64081,23014174.89282728,0
64082,23014635.26806109,0
64083,23015095.800093118,0
64084,23015556.493354756,0
64085,23016017.340072233,0
64086,23016478.3477073,0
64087,23016939.5152774,0
64088,23017400.838245533,0
64089,23017862.321544606,0
64090,23018323.95963631,0
64091,23018785.758694645,0
64092,23019247.71160421,0
64093,23019709.82511185,0
64094,23020172.093213256,0
64095,23020634.522897188,0
64096,23021097.10823429,0
64097,23021559.85197615,0
64098,23022022.74918966,0
64099,23022485.80761639,0
64100,23022949.023750674,0
64101,23023412.395416826,0
64102,23023875.921601042,0
64103,23024339.607359376,0
64104,23024803.44889596,0
64105,23025267.44789938,0
64106,23025731.605871636,0
64107,23026195.91859998,0
64108,23026660.390973285,0
64109,23027125.01554298,0
64110,23027589.797822263,0
64111,23028054.73800983,0
64112,23028519.834127635,0
64113,23028985.08641573,0
64114,23029450.493857164,0
64115,23029916.058197226,0
64116,23030381.77916511,0
64117,23030847.655832388,0
64118,23031313.688278466,0
64119,23031779.878735684,0
64120,23032246.222287364,0
64121,23032712.722091585,0
64122,23033179.379525118,0
64123,23033646.19232774,0
64124,23034113.157904524,0
64125,23034580.282418784,0
64126,23035047.560725432,0
64127,23035514.997997776,0
64128,23035982.58557692,0
64129,23036450.332024794,0
64130,23036918.23095645,0
64131,23037386.2864726,0
64132,23037854.49662654,0
64133,23038322.862070475,0
64134,23038791.382816747,0
64135,23039260.05775669,0
64136,23039728.888787627,0
64137,23040197.872355483,0
64138,23040667.014063768,0
64139,23041136.307261966,0
64140,23041605.757737797,0
64141,23042075.361675657,0
64142,23042545.120952565,0
64143,23043015.03243719,0
64144,23043485.09877776,0
64145,23043955.31961238,0
64146,23044425.696362726,0
64147,23044896.225095104,0
64148,23045366.908066873,0
64149,23045837.746609554,0
64150,23046308.736182496,0
64151,23046779.883583654,0
64152,23047251.182002902,0
64153,23047722.635486644,0
64154,23048194.24452134,0
64155,23048666.002375014,0
64156,23049137.91753674,0
64157,23049609.985170666,0
64158,23050082.205772072,0
64159,23050554.579443157,0
64160,23051027.105409246,0
64161,23051499.786536813,0
64162,23051972.61985204,0
64163,23052445.60759071,0
64164,23052918.747555904,0
64165,23053392.039899066,0
64166,23053865.487174187,0
64167,23054339.08477906,0
64168,23054812.836321395,0
64169,23055286.739227217,0
64170,23055760.797611825,0
64171,23056235.006763544,0
64172,23056709.368076563,0
64173,23057183.88331266,0
64174,23057658.549677365,0
64175,23058133.36907865,0
64176,23058608.340296105,0
64177,23059083.463724874,0
64178,23059558.74013301,0
64179,23060034.166089647,0
64180,23060509.74448808,0
64181,23060985.476387773,0
64182,23061461.359642625,0
64183,23061937.394132834,0
64184,23062413.579258744,0
64185,23062889.920369502,0
64186,23063366.410118878,0
64187,23063843.05346084,0
64188,23064319.846307814,0
64189,23064796.78943045,0
64190,23065273.88492326,0
64191,23065751.13039157,0
64192,23066228.529455073,0
64193,23066706.078313675,0
64194,23067183.7787922,0
64195,23067661.629080057,0
64196,23068139.632390864,0
64197,23068617.783579282,0
64198,23069096.091748886,0
64199,23069574.54464702,0
64200,23070053.149669338,0
64201,23070531.90279829,0
64202,23071010.80870768,0
64203,23071489.867314834,0
64204,23071969.07383803,0
64205,23072448.433417074,0
64206,23072927.939882208,0
64207,23073407.597090147,0
64208,23073887.40661389,0
64209,23074367.363378048,0
64210,23074847.471479822,0
64211,23075327.730274465,0
64212,23075808.136396643,0
64213,23076288.695728537,0
64214,23076769.40263909,0
64215,23077250.258176677,0
64216,23077731.2676745,0
64217,23078212.42140629,0
64218,23078693.72583843,0
64219,23079175.18169981,0
64220,23079656.78577505,0
64221,23080138.540602293,0
64222,23080620.44482079,0
64223,23081102.495368056,0
64224,23081584.697689105,0
64225,23082067.047150034,0
64226,23082549.542326853,0
64227,23083032.19366589,0
64228,23083514.988755066,0
64229,23083997.935148336,0
64230,23084481.028540652,0
64231,23084964.27394428,0
64232,23085447.662683833,0
64233,23085931.20238459,0
64234,23086414.890828725,0
64235,23086898.724541068,0
64236,23087382.7116566,0
64237,23087866.84309709,0
64238,23088351.123490583,0
64239,23088835.55393451,0
64240,23089320.128554873,0
64241,23089804.85584035,0
64242,23090289.727464885,0
64243,23090774.748039067,0
64244,23091259.914140925,0
64245,23091745.23319369,0
64246,23092230.696044415,0
64247,23092716.306361597,0
64248,23093202.064394984,0
64249,23093687.971992336,0
64250,23094174.024775073,0
64251,23094660.22490908,0
64252,23095146.57158655,0
64253,23095633.067675475,0
64254,23096119.709473796,0
64255,23096606.499397315,0
64256,23097093.43266082,0
64257,23097580.515778277,0
64258,23098067.747865494,0
64259,23098555.122266095,0
64260,23099042.645137787,0
64261,23099530.315252274,0
64262,23100018.13202359,0
64263,23100506.091430843,0
64264,23100994.20354546,0
64265,23101482.456413176,0
64266,23101970.858069044,0
64267,23102459.40540163,0
64268,23102948.10049654,0
64269,23103436.93966797,0
64270,23103925.924261715,0
64271,23104415.054896154,0
64272,23104904.33324848,0
64273,23105393.755407,0
64274,23105883.32660594,0
64275,23106373.039656986,0
64276,23106862.90043642,0
64277,23107352.90743103,0
64278,23107843.058232136,0
64279,23108333.35435632,0
64280,23108823.79503911,0
64281,23109314.383427694,0
64282,23109805.114433724,0
64283,23110295.993121292,0
64284,23110787.01376176,0
64285,23111278.183694378,0
64286,23111769.495014265,0
64287,23112260.9519711,0
64288,23112752.554318346,0
64289,23113244.300461702,0
64290,23113736.191934362,0
64291,23114228.2290185,0
64292,23114720.409149323,0
64293,23115212.733606786,0
64294,23115705.20231644,0
64295,23116197.815220118,0
64296,23116690.574315466,0
64297,23117183.474204328,0
64298,23117676.522869788,0
64299,23118169.71179941,0
64300,23118663.046235036,0
64301,23119156.52338214,0
64302,23119650.144481182,0
64303,23120143.911001455,0
64304,23120637.81778799,0
64305,23121131.87137392,0
64306,23121626.06809589,0
64307,23122120.40671997,0
64308,23122614.89197355,0
64309,23123109.519191984,0
64310,23123604.28609298,0
64311,23124099.200480413,0
64312,23124594.256970957,0
64313,23125089.45679082,0
64314,23125584.799665023,0
64315,23126080.283820372,0
64316,23126575.91320842,0
64317,23127071.68333545,0
64318,23127567.59636709,0
64319,23128063.65359878,0
64320,23128559.851110667,0
64321,23129056.19366462,0
64322,23129552.677760527,0
64323,23130049.30375162,0
64324,23130546.075645026,0
64325,23131042.985437576,0
64326,23131540.037559018,0
64327,23132037.233141556,0
64328,23132534.570649024,0
64329,23133032.05017027,0
64330,23133529.672448747,0
64331,23134027.43501434,0
64332,23134525.33709256,0
64333,23135023.386626225,0
64334,23135521.573325217,0
64335,23136019.903563745,0
64336,23136518.37657389,0
64337,23137016.986654393,0
64338,23137515.74453736,0
64339,23138014.63926334,0
64340,23138513.67564672,0
64341,23139012.854191426,0
64342,23139512.173659895,0
64343,23140011.632929172,0
64344,23140511.23464794,0
64345,23141010.974966124,0
64346,23141510.859666135,0
64347,23142010.88313798,0
64348,23142511.048345063,0
64349,23143011.352086693,0
64350,23143511.797788464,0
64351,23144012.382622596,0
64352,23144513.110035267,0
64353,23145013.977494676,0
64354,23145514.98472606,0
64355,23146016.133090515,0
64356,23146517.41934856,0
64357,23147018.84638783,0
64358,23147520.414646134,0
64359,23148022.121087734,0
64360,23148523.9704043,0
64361,23149025.955629602,0
64362,23149528.082903154,0
64363,23150030.348890714,0
64364,23150532.756311137,0
64365,23151035.30267114,0
64366,23151537.9889439,0
64367,23152040.81189629,0
64368,23152543.775722068,0
64369,23153046.876531877,0
64370,23153550.121870015,0
64371,23154053.503244743,0
64372,23154557.023858316,0
64373,23155060.68496014,0
64374,23155564.482530028,0
64375,23156068.41894639,0
64376,23156572.49461558,0
64377,23157076.70923438,0
64378,23157581.063459262,0
64379,23158085.556365978,0
64380,23158590.184474584,0
64381,23159094.95547792,0
64382,23159599.863811035,0
64383,23160104.907668877,0
64384,23160610.092450876,0
64385,23161115.413723346,0
64386,23161620.872184712,0
64387,23162126.472293768,0
64388,23162632.20818614,0
64389,23163138.084065765,0
64390,23163644.09562866,0
64391,23164150.243711278,0
64392,23164656.53332928,0
64393,23165162.95765495,0
64394,23165669.519107033,0
64395,23166176.219598804,0
64396,23166683.055631258,0
64397,23167190.028756063,0
64398,23167697.143214766,0
64399,23168204.390861087,0
64400,23168711.77822599,0
64401,23169219.302148715,0
64402,23169726.96006709,0
64403,23170234.75940945,0
64404,23170742.694071166,0
64405,23171250.76198846,0
64406,23171758.972307146,0
64407,23172267.317677345,0
64408,23172775.79627318,0
64409,23173284.414522577,0
64410,23173793.16646615,0
64411,23174302.058445327,0
64412,23174811.084385786,0
64413,23175320.246670995,0
64414,23175829.54534948,0
64415,23176338.980406936,0
64416,23176848.55079152,0
64417,23177358.256675526,0
64418,23177868.10017402,0
64419,23178378.078758832,0
64420,23178888.191859066,0
64421,23179398.442821383,0
64422,23179908.828372072,0
64423,23180419.348948855,0
64424,23180930.00632163,0
64425,23181440.79845357,0
64426,23181951.724420417,0
64427,23182462.787709195,0
64428,23182973.986131683,0
64429,23183485.316991486,0
64430,23183996.784165464,0
64431,23184508.387692265,0
64432,23185020.12687349,0
64433,23185531.9984419,0
64434,23186044.004981417,0
64435,23186556.149510417,0
64436,23187068.42371189,0
64437,23187580.835933417,0
64438,23188093.382543303,0
64439,23188606.06260088,0
64440,23189118.876823746,0
64441,23189631.824496187,0
64442,23190144.908692095,0
64443,23190658.12526167,0
64444,23191171.47683915,0
64445,23191684.96299216,0
64446,23192198.57955023,0
64447,23192712.334115453,0
64448,23193226.22065264,0
64449,23193740.241959393,0
64450,23194254.396952372,0
64451,23194768.684664942,0
64452,23195283.105011392,0
64453,23195797.658281356,0
64454,23196312.346536595,0
64455,23196827.169064526,0
64456,23197342.121676322,0
64457,23197857.210514747,0
64458,23198372.430891097,0
64459,23198887.784359477,0
64460,23199403.272646837,0
64461,23199918.892937392,0
64462,23200434.645312883,0
64463,23200950.530141573,0
64464,23201466.547658052,0
64465,23201982.698078662,0
64466,23202498.98260382,0
64467,23203015.396815963,0
64468,23203531.944778517,0
64469,23204048.626046885,0
64470,23204565.437227678,0
64471,23205082.383052807,0
64472,23205599.45931306,0
64473,23206116.668091074,0
64474,23206634.00940839,0
64475,23207151.483213995,0
64476,23207669.08727275,0
64477,23208186.82379067,0
64478,23208704.692352988,0
64479,23209222.691938944,0
64480,23209740.822412435,0
64481,23210259.085907616,0
64482,23210777.47935684,0
64483,23211296.005481556,0
64484,23211814.66287657,0
64485,23212333.45035054,0
64486,23212852.367711492,0
64487,23213371.418651875,0
64488,23213890.60097942,0
64489,23214409.910282083,0
64490,23214929.355717774,0
64491,23215448.929400053,0
64492,23215968.636309568,0
64493,23216488.469104707,0
64494,23217008.4342244,0
64495,23217528.531656906,0
64496,23218048.756738625,0
64497,23218569.114074104,0
64498,23219089.601358004,0
64499,23219610.219324842,0
64500,23220130.965404388,0
64501,23220651.844841383,0
64502,23221172.85116894,0
64503,23221693.991377003,0
64504,23222215.255292937,0
64505,23222736.653332163,0
64506,23223258.179068185,0
64507,23223779.84072414,0
64508,23224301.622777503,0
64509,23224823.540522274,0
64510,23225345.585689172,0
64511,23225867.758627452,0
64512,23226390.064178642,0
64513,23226912.495438885,0
64514,23227435.057956085,0
64515,23227957.748558287,0
64516,23228480.57115848,0
64517,23229003.517845973,0
64518,23229526.598390963,0
64519,23230049.804872483,0
64520,23230573.142472856,0
64521,23231096.605160546,0
64522,23231620.198967636,0
64523,23232143.920145556,0
64524,23232667.769497577,0
64525,23233191.749063402,0
64526,23233715.854986437,0
64527,23234240.090402804,0
64528,23234764.451642524,0
64529,23235288.944262538,0
64530,23235813.56372679,0
64531,23236338.308982804,0
64532,23236863.185029715,0
64533,23237388.186211146,0
64534,23237913.316951517,0
64535,23238438.576739896,0
64536,23238963.964462474,0
64537,23239489.477932498,0
64538,23240015.116601974,0
64539,23240540.88419554,0
64540,23241066.78163151,0
64541,23241592.80150431,0
64542,23242118.95308326,0
64543,23242645.229820836,0
64544,23243171.63459823,0
64545,23243698.16713724,0
64546,23244224.821141724,0
64547,23244751.60882809,0
64548,23245278.520397123,0
64549,23245805.558206376,0
64550,23246332.723378368,0
64551,23246860.014955837,0
64552,23247387.43241827,0
64553,23247914.97443587,0
64554,23248442.64611397,0
64555,23248970.445383158,0
64556,23249498.36557979,0
64557,23250026.41589627,0
64558,23250554.590199534,0
64559,23251082.892585915,0
64560,23251611.318752427,0
64561,23252139.8723962,0
64562,23252668.55066198,0
64563,23253197.354106408,0
64564,23253726.282092717,0
64565,23254255.33881807,0
64566,23254784.51930643,0
64567,23255313.825521436,0
64568,23255843.258784145,0
64569,23256372.817101996,0
64570,23256902.494588904,0
64571,23257432.30263307,0
64572,23257962.236493714,0
64573,23258492.29309605,0
64574,23259022.475784704,0
64575,23259552.78208908,0
64576,23260083.215008963,0
64577,23260613.770496804,0
64578,23261144.45164647,0
64579,23261675.25716686,0
64580,23262206.18480056,0
64581,23262737.240817867,0
64582,23263268.4194327,0
64583,23263799.721257314,0
64584,23264331.148238502,0
64585,23264862.69936083,0
64586,23265394.37393089,0
64587,23265926.172522753,0
64588,23266458.09903339,0
64589,23266990.144772567,0
64590,23267522.31427139,0
64591,23268054.607007615,0
64592,23268587.02685533,0
64593,23269119.567312993,0
64594,23269652.232349522,0
64595,23270185.022972573,0
64596,23270717.934159033,0
64597,23271250.9646784,0
64598,23271784.125365302,0
64599,23272317.406224452,0
64600,23272850.810503405,0
64601,23273384.336638447,0
64602,23273917.987133916,0
64603,23274451.75878681,0
64604,23274985.65641086,0
64605,23275519.67454401,0
64606,23276053.815940876,0
64607,23276588.076816224,0
64608,23277122.46360494,0
64609,23277656.973507278,0
64610,23278191.601228412,0
64611,23278726.353573516,0
64612,23279261.229729705,0
64613,23279796.22753631,0
64614,23280331.344669092,0
64615,23280866.588185273,0
64616,23281401.94813204,0
64617,23281937.434308384,0
64618,23282473.03931098,0
64619,23283008.76752199,0
64620,23283544.618401557,0
64621,23284080.588479374,0
64622,23284616.679725636,0
64623,23285152.894376595,0
64624,23285689.231129594,0
64625,23286225.687268037,0
64626,23286762.265216578,0
64627,23287298.96259435,0
64628,23287835.78185645,0
64629,23288372.72275807,0
64630,23288909.784355927,0
64631,23289446.967385445,0
64632,23289984.269298647,0
64633,23290521.695250377,0
64634,23291059.238982845,0
64635,23291596.902392022,0
64636,23292134.68828272,0
64637,23292672.59318199,0
64638,23293210.619797215,0
64639,23293748.765207566,0
64640,23294287.034426212,0
64641,23294825.417007856,0
64642,23295363.92364466,0
64643,23295902.550920434,0
64644,23296441.297351968,0
64645,23296980.16324191,0
64646,23297519.149654146,0
64647,23298058.254412092,0
64648,23298597.4778472,0
64649,23299136.82412396,0
64650,23299676.287404105,0
64651,23300215.87122525,0
64652,23300755.57222836,0
64653,23301295.39480913,0
64654,23301835.331669305,0
64655,23302375.393637534,0
64656,23302915.571927518,0
64657,23303455.871172085,0
64658,23303996.286201157,0
64659,23304536.823154744,0
64660,23305077.47690006,0
64661,23305618.248061363,0
64662,23306159.14001349,0
64663,23306700.149143375,0
64664,23307241.277461763,0
64665,23307782.524414364,0
64666,23308323.887917142,0
64667,23308865.369351596,0
64668,23309406.97248144,0
64669,23309948.691877168,0
64670,23310490.525991816,0
64671,23311032.482437063,0
64672,23311574.55414627,0
64673,23312116.746558856,0
64674,23312659.054645006,0
64675,23313201.478287388,0
64676,23313744.02094695,0
64677,23314286.68313089,0
64678,23314829.459785875,0
64679,23315372.357073985,0
64680,23315915.368645623,0
64681,23316458.500109416,0
64682,23317001.746974476,0
64683,23317545.11071781,0
64684,23318088.59035756,0
64685,23318632.186672386,0
64686,23319175.900600165,0
64687,23319719.73387169,0
64688,23320263.681795873,0
64689,23320807.745820545,0
64690,23321351.92517122,0
64691,23321896.22308046,0
64692,23322440.63770287,0
64693,23322985.167038202,0
64694,23323529.81312446,0
64695,23324074.575326897,0
64696,23324619.454622213,0
64697,23325164.449012022,0
64698,23325709.558779467,0
64699,23326254.785854515,0
64700,23326800.128110208,0
64701,23327345.585935403,0
64702,23327891.157978665,0
64703,23328436.8475413,0
64704,23328982.652262345,0
64705,23329528.57218158,0
64706,23330074.605870552,0
64707,23330620.75727919,0
64708,23331167.023820437,0
64709,23331713.403360296,0
64710,23332259.90008212,0
64711,23332806.510485902,0
64712,23333353.23565538,0
64713,23333900.077846833,0
64714,23334447.03150473,0
64715,23334994.10149841,0
64716,23335541.285731122,0
64717,23336088.586735785,0
64718,23336636.000144314,0
64719,23337183.527784117,0
64720,23337731.169702586,0
64721,23338278.92438325,0
64722,23338826.795417085,0
64723,23339374.779787246,0
64724,23339922.88029743,0
64725,23340471.094256487,0
64726,23341019.419125065,0
64727,23341567.860444255,0
64728,23342116.41327211,0
64729,23342665.08082845,0
64730,23343213.861205395,0
64731,23343762.757175665,0
64732,23344311.765682448,0
64733,23344860.887386113,0
64734,23345410.12128125,0
64735,23345959.46942996,0
64736,23346508.93036047,0
64737,23347058.504107807,0
64738,23347608.192792457,0
64739,23348157.990168907,0
64740,23348707.903385203,0
64741,23349257.93027072,0
64742,23349808.06799725,0
64743,23350358.32142927,0
64744,23350908.683518484,0
64745,23351459.16092792,0
64746,23352009.74984329,0
64747,23352560.44941173,0
64748,23353111.26273963,0
64749,23353662.188878033,0
64750,23354213.22599198,0
64751,23354764.372292146,0
64752,23355315.63527616,0
64753,23355867.009407505,0
64754,23356418.4941243,0
64755,23356970.089663144,0
64756,23357521.797354728,0
64757,23358073.61966559,0
64758,23358625.54971463,0
64759,23359177.593364984,0
64760,23359729.74794905,0
64761,23360282.013236262,0
64762,23360834.38927769,0
64763,23361386.878078856,0
64764,23361939.476636942,0
64765,23362492.18885072,0
64766,23363045.008341454,0
64767,23363597.94247327,0
64768,23364150.98113865,0
64769,23364704.135403886,0
64770,23365257.399271507,0
64771,23365810.77321927,0
64772,23366364.2585403,0
64773,23366917.853707988,0
64774,23367471.55883254,0
64775,23368025.37748185,0
64776,23368579.3016583,0
64777,23369133.33882757,0
64778,23369687.485079866,0
64779,23370241.74166271,0
64780,23370796.10527899,0
64781,23371350.583361845,0
64782,23371905.167588886,0
64783,23372459.864925038,0
64784,23373014.668225355,0
64785,23373569.58086931,0
64786,23374124.60703767,0
64787,23374679.74005864,0
64788,23375234.98001467,0
64789,23375790.33367157,0
64790,23376345.795289222,0
64791,23376901.363988068,0
64792,23377457.041348998,0
64793,23378012.831062384,0
64794,23378568.72728813,0
64795,23379124.731729366,0
64796,23379680.845529787,0
64797,23380237.069298793,0
64798,23380793.398918796,0
64799,23381349.83969192,0
64800,23381906.388743974,0
64801,23382463.04544056,0
64802,23383019.80801639,0
64803,23383576.67974709,0
64804,23384133.66151531,0
64805,23384690.751949705,0
64806,23385247.947250787,0
64807,23385805.253805492,0
64808,23386362.66450938,0
64809,23386920.184948243,0
64810,23387477.81323518,0
64811,23388035.54982962,0
64812,23388593.390278306,0
64813,23389151.34254405,0
64814,23389709.4002789,0
64815,23390267.564054098,0
64816,23390825.83763153,0
64817,23391384.216452044,0
64818,23391942.70190912,0
64819,23392501.296351887,0
64820,23393059.995671466,0
64821,23393618.803188775,0
64822,23394177.718577683,0
64823,23394736.737932254,0
64824,23395295.866253708,0
64825,23395855.098915797,0
64826,23396414.4382423,0
64827,23396973.88619599,0
64828,23397533.43909146,0
64829,23398093.09634533,0
64830,23398652.863910314,0
64831,23399212.735573784,0
64832,23399772.711962555,0
64833,23400332.79462596,0
64834,23400892.985627785,0
64835,23401453.279002506,0
64836,23402013.67921303,0
64837,23402574.186898056,0
64838,23403134.798538208,0
64839,23403695.51271382,0
64840,23404256.33627137,0
64841,23404817.265313853,0
64842,23405378.29916326,0
64843,23405939.43515813,0
64844,23406500.680724286,0
64845,23407062.02793457,0
64846,23407623.48253425,0
64847,23408185.03960726,0
64848,23408746.70100352,0
64849,23409308.46945709,0
64850,23409870.342648532,0
64851,23410432.320308805,0
64852,23410994.402523212,0
64853,23411556.588071898,0
64854,23412118.878955197,0
64855,23412681.273198035,0
64856,23413243.772585172,0
64857,23413806.376544315,0
64858,23414369.082675654,0
64859,23414931.894286413,0
64860,23415494.80941752,0
64861,23416057.827330414,0
64862,23416620.948234633,0
64863,23417184.176492352,0
64864,23417747.505381353,0
64865,23418310.940259974,0
64866,23418874.477556314,0
64867,23419438.11610191,0
64868,23420001.859992504,0
64869,23420565.70719056,0
64870,23421129.65555354,0
64871,23421693.709293623,0
64872,23422257.863653723,0
64873,23422822.125085846,0
64874,23423386.48741593,0
64875,23423950.95029071,0
64876,23424515.516597055,0
64877,23425080.187390193,0
64878,23425644.95817986,0
64879,23426209.833815664,0
64880,23426774.811025534,0
64881,23427339.89043392,0
64882,23427905.072931025,0
64883,23428470.357070673,0
64884,23429035.74266912,0
64885,23429601.231591534,0
64886,23430166.82105883,0
64887,23430732.51201877,0
64888,23431298.306040075,0
64889,23431864.201417763,0
64890,23432430.1981057,0
64891,23432996.297552947,0
64892,23433562.49495462,0
64893,23434128.798573706,0
64894,23434695.201643586,0
64895,23435261.705987424,0
64896,23435828.31173655,0
64897,23436395.016837448,0
64898,23436961.825194076,0
64899,23437528.73331569,0
64900,23438095.742195044,0
64901,23438662.850572217,0
64902,23439230.063818175,0
64903,23439797.374243747,0
64904,23440364.785894845,0
64905,23440932.29749335,0
64906,23441499.909137797,0
64907,23442067.626768176,0
64908,23442635.43873318,0
64909,23443203.351080425,0
64910,23443771.364812613,0
64911,23444339.479729388,0
64912,23444907.694723878,0
64913,23445476.008351933,0
64914,23446044.422028817,0
64915,23446612.933830835,0
64916,23447181.547580108,0
64917,23447750.26052014,0
64918,23448319.072487857,0
64919,23448887.98468341,0
64920,23449456.996669684,0
64921,23450026.105554245,0
64922,23450595.31422034,0
64923,23451164.621951185,0
64924,23451734.031239964,0
64925,23452303.537049916,0
64926,23452873.143692985,0
64927,23453442.848016974,0
64928,23454012.65236091,0
64929,23454582.55283727,0
64930,23455152.553510036,0
64931,23455722.651358932,0
64932,23456292.84799446,0
64933,23456863.146289956,0
64934,23457433.540511254,0
64935,23458004.031287387,0
64936,23458574.620145574,0
64937,23459145.311973527,0
64938,23459716.09832955,0
64939,23460286.98147267,0
64940,23460857.96494939,0
64941,23461429.043897595,0
64942,23462000.221904293,0
64943,23462571.49542418,0
64944,23463142.871173277,0
64945,23463714.338560995,0
64946,23464285.909783706,0
64947,23464857.574942462,0
64948,23465429.332855184,0
64949,23466001.196413282,0
64950,23466573.15114424,0
64951,23467145.205335647,0
64952,23467717.353960596,0
64953,23468289.60235723,0
64954,23468861.945581965,0
64955,23469434.386755116,0
64956,23470006.926169656,0
64957,23470579.559894834,0
64958,23471152.29013324,0
64959,23471725.115583047,0
64960,23472298.03855705,0
64961,23472871.056962606,0
64962,23473444.174817413,0
64963,23474017.387689825,0
64964,23474590.69483253,0
64965,23475164.096964244,0
64966,23475737.596840452,0
64967,23476311.191788223,0
64968,23476884.88334752,0
64969,23477458.67070436,0
64970,23478032.550467283,0
64971,23478606.528052833,0
64972,23479180.601243604,0
64973,23479754.769763906,0
64974,23480329.0340349,0
64975,23480903.39191638,0
64976,23481477.844897706,0
64977,23482052.393692277,0
64978,23482627.037075713,0
64979,23483201.776722815,0
64980,23483776.61122622,0
64981,23484351.5386823,0
64982,23484926.56152508,0
64983,23485501.677130647,0
64984,23486076.888771914,0
64985,23486652.19625284,0
64986,23487227.59777362,0
64987,23487803.09207124,0
64988,23488378.6794214,0
64989,23488954.365347408,0
64990,23489530.138003465,0
64991,23490106.01097813,0
64992,23490681.975829806,0
64993,23491258.034081113,0
64994,23491834.187087364,0
64995,23492410.43226225,0
64996,23492986.77042644,0
64997,23493563.204768084,0
64998,23494139.731356658,0
64999,23494716.351762686,0
65000,23495293.06517441,0
65001,23495869.86897678,0
65002,23496446.77067259,0
65003,23497023.760756135,0
65004,23497600.845796265,0
65005,23498178.02387994,0
65006,23498755.293108486,0
65007,23499332.658113617,0
65008,23499910.115954056,0
65009,23500487.66378074,0
65010,23501065.30466762,0
65011,23501643.03832671,0
65012,23502220.865095563,0
65013,23502798.78105923,0
65014,23503376.793112088,0
65015,23503954.894636482,0
65016,23504533.088161405,0
65017,23505111.375720665,0
65018,23505689.753511813,0
65019,23506268.22257424,0
65020,23506846.78396926,0
65021,23507425.43788936,0
65022,23508004.18264905,0
65023,23508583.02068996,0
65024,23509161.946959604,0
65025,23509740.96582422,0
65026,23510320.077590913,0
65027,23510899.279240616,0
65028,23511478.569575038,0
65029,23512057.952687778,0
65030,23512637.428903915,0
65031,23513216.99349319,0
65032,23513796.64924465,0
65033,23514376.397617534,0
65034,23514956.233730715,0
65035,23515536.16386683,0
65036,23516116.180421565,0
65037,23516696.289353706,0
65038,23517276.490558144,0
65039,23517856.777992435,0
65040,23518437.15649916,0
65041,23519017.625788257,0
65042,23519598.185953394,0
65043,23520178.836183704,0
65044,23520759.576239355,0
65045,23521340.40297566,0
65046,23521921.323327612,0
65047,23522502.33306365,0
65048,23523083.430045683,0
65049,23523664.618598636,0
65050,23524245.89257712,0
65051,23524827.26000634,0
65052,23525408.71572911,0
65053,23525990.260687865,0
65054,23526571.892882016,0
65055,23527153.616743192,0
65056,23527735.42833241,0
65057,23528317.328116015,0
65058,23528899.317772616,0
65059,23529481.395416602,0
65060,23530063.560846306,0
65061,23530645.81628004,0
65062,23531228.15857401,0
65063,23531810.590085585,0
65064,23532393.111890227,0
65065,23532975.718014497,0
65066,23533558.416079707,0
65067,23534141.201210614,0
65068,23534724.073274195,0
65069,23535307.03581083,0
65070,23535890.0822491,0
65071,23536473.21750215,0
65072,23537056.44200085,0
65073,23537639.75129851,0
65074,23538223.152346723,0
65075,23538806.63701749,0
65076,23539390.2121672,0
65077,23539973.87228348,0
65078,23540557.62053775,0
65079,23541141.45451575,0
65080,23541725.376133014,0
65081,23542309.38529606,0
65082,23542893.48081842,0
65083,23543477.665043052,0
65084,23544061.93447029,0
65085,23544646.292361557,0
65086,23545230.733191025,0
65087,23545815.26579833,0
65088,23546399.8784094,0
65089,23546984.580658913,0
65090,23547569.368512556,0
65091,23548154.244621187,0
65092,23548739.205023177,0
65093,23549324.252007414,0
65094,23549909.385250844,0
65095,23550494.60443575,0
65096,23551079.90669468,0
65097,23551665.298019752,0
65098,23552250.774637174,0
65099,23552836.334037285,0
65100,23553421.98473511,0
65101,23554007.716562998,0
65102,23554593.53173098,0
65103,23555179.43353908,0
65104,23555765.421684444,0
65105,23556351.49601156,0
65106,23556937.654553603,0
65107,23557523.895150073,0
65108,23558110.223988786,0
65109,23558696.637804937,0
65110,23559283.133694682,0
65111,23559869.716867253,0
65112,23560456.384211767,0
65113,23561043.134707443,0
65114,23561629.969618533,0
65115,23562216.890239146,0
65116,23562803.894696083,0
65117,23563390.981464747,0
65118,23563978.155007355,0
65119,23564565.41126754,0
65120,23565152.751666438,0
65121,23565740.175460204,0
65122,23566327.683144875,0
65123,23566915.27436533,0
65124,23567502.949339222,0
65125,23568090.709010493,0
65126,23568678.550294816,0
65127,23569266.476403378,0
65128,23569854.485162422,0
65129,23570442.57569617,0
65130,23571030.75144992,0
65131,23571619.009909563,0
65132,23572207.351229012,0
65133,23572795.775648817,0
65134,23573384.282304477,0
65135,23573972.87182096,0
65136,23574561.543665476,0
65137,23575150.30006921,0
65138,23575739.136782613,0
65139,23576328.056178495,0
65140,23576917.058110483,0
65141,23577506.143264893,0
65142,23578095.30969639,0
65143,23578684.55694274,0
65144,23579273.88831532,0
65145,23579863.303410508,0
65146,23580452.797158524,0
65147,23581042.37263387,0
65148,23581632.0311109,0
65149,23582221.77047795,0
65150,23582811.59223865,0
65151,23583401.496699627,0
65152,23583991.47981563,0
65153,23584581.546482343,0
65154,23585171.694181483,0
65155,23585761.920236688,0
65156,23586352.228509355,0
65157,23586942.620425723,0
65158,23587533.090297766,0
65159,23588123.643102057,0
65160,23588714.276032582,0
65161,23589304.991184264,0
65162,23589895.783734452,0
65163,23590486.657581583,0
65164,23591077.61375538,0
65165,23591668.649420395,0
65166,23592259.765591662,0
65167,23592850.959472485,0
65168,23593442.237842873,0
65169,23594033.595063813,0
65170,23594625.03026205,0
65171,23595216.5465709,0
65172,23595808.14064475,0
65173,23596399.818481173,0
65174,23596991.571702074,0
65175,23597583.40712094,0
65176,23598175.321192794,0
65177,23598767.31501086,0
65178,23599359.388879478,0
65179,23599951.540302593,0
65180,23600543.772540666,0
65181,23601136.083147455,0
65182,23601728.475588184,0
65183,23602320.94457049,0
65184,23602913.49327572,0
65185,23603506.117247608,0
65186,23604098.82265331,0
65187,23604691.607350666,0
65188,23605284.46782498,0
65189,23605877.409132734,0
65190,23606470.427932255,0
65191,23607063.528113708,0
65192,23607656.70241334,0
65193,23608249.958444413,0
65194,23608843.289240908,0
65195,23609436.699978687,0
65196,23610030.188009113,0
65197,23610623.7544297,0
65198,23611217.39758395,0
65199,23611811.120641496,0
65200,23612404.918578926,0
65201,23612998.795791905,0
65202,23613592.749676056,0
65203,23614186.780069474,0
65204,23614780.891247433,0
65205,23615375.07528092,0
65206,23615969.339915514,0
65207,23616563.68007039,0
65208,23617158.095058214,0
65209,23617752.59049483,0
65210,23618347.162194025,0
65211,23618941.809007112,0
65212,23619536.53351453,0
65213,23620131.334789317,0
65214,23620726.21163053,0
65215,23621321.16622291,0
65216,23621916.19611299,0
65217,23622511.30234415,0
65218,23623106.484227832,0
65219,23623701.744368155,0
65220,23624297.076345168,0
65221,23624892.489756066,0
65222,23625487.976116575,0
65223,23626083.537685364,0
65224,23626679.175214883,0
65225,23627274.890758157,0
65226,23627870.67937838,0
65227,23628466.544520132,0
65228,23629062.482690893,0
65229,23629658.500462897,0
65230,23630254.59161551,0
65231,23630850.756364588,0
65232,23631446.996533982,0
65233,23632043.313771173,0
65234,23632639.703871828,0
65235,23633236.170671534,0
65236,23633832.710234534,0
65237,23634429.323150855,0
65238,23635026.012617346,0
65239,23635622.77844357,0
65240,23636219.61822895,0
65241,23636816.530260522,0
65242,23637413.518496722,0
65243,23638010.57878941,0
65244,23638607.71707636,0
65245,23639204.924423605,0
65246,23639802.20843435,0
65247,23640399.56463604,0
65248,23640996.996401917,0
65249,23641594.502255745,0
65250,23642192.080293745,0
65251,23642789.729692873,0
65252,23643387.458584685,0
65253,23643985.257702526,0
65254,23644583.1301488,0
65255,23645181.076078754,0
65256,23645779.093878433,0
65257,23646377.18788854,0
65258,23646975.35051889,0
65259,23647573.585692145,0
65260,23648171.8987648,0
65261,23648770.28296546,0
65262,23649368.736447502,0
65263,23649967.266132463,0
65264,23650565.868710592,0
65265,23651164.54046487,0
65266,23651763.286680736,0
65267,23652362.105864823,0
65268,23652960.994164564,0
65269,23653559.957914237,0
65270,23654158.991470326,0
65271,23654758.098646607,0
65272,23655357.27750075,0
65273,23655956.528469857,0
65274,23656555.849583786,0
65275,23657155.242204104,0
65276,23657754.709020343,0
65277,23658354.244968157,0
65278,23658953.85033642,0
65279,23659553.532356735,0
65280,23660153.282059602,0
65281,23660753.1035928,0
65282,23661352.997521847,0
65283,23661952.959827434,0
65284,23662552.99554056,0
65285,23663153.101372562,0
65286,23663753.276359946,0
65287,23664353.52362121,0
65288,23664953.8413372,0
65289,23665554.229088016,0
65290,23666154.687929865,0
65291,23666755.21476347,0
65292,23667355.814205773,0
65293,23667956.482818607,0
65294,23668557.22510655,0
65295,23669158.03111806,0
65296,23669758.913438413,0
65297,23670359.861783992,0
65298,23670960.879419424,0
65299,23671561.967717547,0
65300,23672163.127273194,0
65301,23672764.354957562,0
65302,23673365.65291647,0
65303,23673967.01704813,0
65304,23674568.455092877,0
65305,23675169.959665455,0
65306,23675771.536225375,0
65307,23676373.178830765,0
65308,23676974.89037184,0
65309,23677576.673663273,0
65310,23678178.521993138,0
65311,23678780.44125531,0
65312,23679382.42922362,0
65313,23679984.486038577,0
65314,23680586.60981951,0
65315,23681188.804327723,0
65316,23681791.0639461,0
65317,23682393.393067807,0
65318,23682995.79352174,0
65319,23683598.25759521,0
65320,23684200.792499725,0
65321,23684803.394610345,0
65322,23685406.06571742,0
65323,23686008.800906654,0
65324,23686611.606996197,0
65325,23687214.478565402,0
65326,23687817.41928135,0
65327,23688420.426872622,0
65328,23689023.50371809,0
65329,23689626.646323897,0
65330,23690229.855517324,0
65331,23690833.131247785,0
65332,23691436.475297585,0
65333,23692039.886140816,0
65334,23692643.364982117,0
65335,23693246.907634288,0
65336,23693850.520135496,0
65337,23694454.19715587,0
65338,23695057.94352929,0
65339,23695661.753044028,0
65340,23696265.63340892,0
65341,23696869.576234367,0
65342,23697473.58507987,0
65343,23698077.661723144,0
65344,23698681.803998772,0
65345,23699286.01078985,0
65346,23699890.287126046,0
65347,23700494.62576718,0
65348,23701099.030826215,0
65349,23701703.503542285,0
65350,23702308.038878754,0
65351,23702912.643171694,0
65352,23703517.310805563,0
65353,23704122.043110628,0
65354,23704726.843285635,0
65355,23705331.706792336,0
65356,23705936.634631447,0
65357,23706541.62938602,0
65358,23707146.6863547,0
65359,23707751.811883565,0
65360,23708356.998422436,0
65361,23708962.253202304,0
65362,23709567.571577705,0
65363,23710172.953582324,0
65364,23710778.401612524,0
65365,23711383.910459746,0
65366,23711989.48715344,0
65367,23712595.12432032,0
65368,23713200.82978383,0
65369,23713806.597890783,0
65370,23714412.431631204,0
65371,23715018.325802397,0
65372,23715624.286311887,0
65373,23716230.30779651,0
65374,23716836.39531833,0
65375,23717442.545331787,0
65376,23718048.75917769,0
65377,23718655.03665371,0
65378,23719261.377695702,0
65379,23719867.784324996,0
65380,23720474.249357074,0
65381,23721080.778275464,0
65382,23721687.372314706,0
65383,23722294.029983096,0
65384,23722900.747227848,0
65385,23723507.531134337,0
65386,23724114.37506627,0
65387,23724721.280823674,0
65388,23725328.24985348,0
65389,23725935.281478845,0
65390,23726542.376889504,0
65391,23727149.53364548,0
65392,23727756.753288448,0
65393,23728364.03312629,0
65394,23728971.375259854,0
65395,23729578.781769585,0
65396,23730186.24785628,0
65397,23730793.77476852,0
65398,23731401.36548813,0
65399,23732009.017961133,0
65400,23732616.7308679,0
65401,23733224.50426896,0
65402,23733832.341536377,0
65403,23734440.23805697,0
65404,23735048.19737505,0
65405,23735656.215716176,0
65406,23736264.296873,0
65407,23736872.441572793,0
65408,23737480.641638845,0
65409,23738088.906568464,0
65410,23738697.22943657,0
65411,23739305.61310281,0
65412,23739914.058523305,0
65413,23740522.564580448,0
65414,23741131.1336803,0
65415,23741739.757773913,0
65416,23742348.444884293,0
65417,23742957.192229215,0
65418,23743565.998960547,0
65419,23744174.866212156,0
65420,23744783.791613918,0
65421,23745392.777566902,0
65422,23746001.82415513,0
65423,23746610.929572586,0
65424,23747220.096163113,0
65425,23747829.318028297,0
65426,23748438.606960747,0
65427,23749047.95061872,0
65428,23749657.352128666,0
65429,23750266.813950006,0
65430,23750876.33816092,0
65431,23751485.91790722,0
65432,23752095.555910863,0
65433,23752705.25355861,0
65434,23753315.011093333,0
65435,23753924.82511025,0
65436,23754534.700932305,0
65437,23755144.632035967,0
65438,23755754.62187457,0
65439,23756364.672825728,0
65440,23756974.78026338,0
65441,23757584.948907226,0
65442,23758195.17269786,0
65443,23758805.451848727,0
65444,23759415.792743973,0
65445,23760026.18992187,0
65446,23760636.647923324,0
65447,23761247.15746387,0
65448,23761857.730556916,0
65449,23762468.35970473,0
65450,23763079.04366126,0
65451,23763689.7873739,0
65452,23764300.58882795,0
65453,23764911.444291566,0
65454,23765522.360775765,0
65455,23766133.330366544,0
65456,23766744.35904831,0
65457,23767355.44709381,0
65458,23767966.587664563,0
65459,23768577.78790584,0
65460,23769189.04226793,0
65461,23769800.355988678,0
65462,23770411.72277124,0
65463,23771023.15082645,0
65464,23771634.631740697,0
65465,23772246.167936325,0
65466,23772857.760416582,0
65467,23773469.411866378,0
65468,23774081.11747152,0
65469,23774692.87892936,0
65470,23775304.697971128,0
65471,23775916.571301434,0
65472,23776528.499321315,0
65473,23777140.48474637,0
65474,23777752.52028858,0
65475,23778364.618015252,0
65476,23778976.768504545,0
65477,23779588.975462507,0
65478,23780201.235210862,0
65479,23780813.55205611,0
65480,23781425.92197062,0
65481,23782038.347627632,0
65482,23782650.829767678,0
65483,23783263.36436288,0
65484,23783875.954720773,0
65485,23784488.597790707,0
65486,23785101.298812296,0
65487,23785714.0505645,0
65488,23786326.861183174,0
65489,23786939.721280776,0
65490,23787552.63734701,0
65491,23788165.60895103,0
65492,23788778.63229653,0
65493,23789391.711264256,0
65494,23790004.842273075,0
65495,23790618.02905492,0
65496,23791231.26769617,0
65497,23791844.561649896,0
65498,23792457.90844098,0
65499,23793071.30562712,0
65500,23793684.760822635,0
65501,23794298.26879686,0
65502,23794911.827254027,0
65503,23795525.441827863,0
65504,23796139.104215864,0
65505,23796752.824075613,0
65506,23797366.595815457,0
65507,23797980.41906482,0
65508,23798594.295291122,0
65509,23799208.228220295,0
65510,23799822.20920236,0
65511,23800436.24309107,0
65512,23801050.32937481,0
65513,23801664.46851913,0
65514,23802278.66023399,0
65515,23802892.904368255,0
65516,23803507.197548993,0
65517,23804121.545618933,0
65518,23804735.94424532,0
65519,23805350.394422404,0
65520,23805964.897408817,0
65521,23806579.452378493,0
65522,23807194.05751638,0
65523,23807808.71492746,0
65524,23808423.424057554,0
65525,23809038.1841862,0
65526,23809652.99656586,0
65527,23810267.85666412,0
65528,23810882.76827395,0
65529,23811497.7339258,0
65530,23812112.747288913,0
65531,23812727.812459987,0
65532,23813342.930020172,0
65533,23813958.097652227,0
65534,23814573.312994197,0
65535,23815188.58171359,0
65536,23815803.900007363,0
65537,23816419.267026734,0
65538,23817034.685156677,0
65539,23817650.153903738,0
65540,23818265.675326657,0
65541,23818881.242264982,0
65542,23819496.860636417,0
65543,23820112.529896908,0
65544,23820728.248882,0
65545,23821344.0140272,0
65546,23821959.830439433,0
65547,23822575.70038092,0
65548,23823191.61535585,0
65549,23823807.5789821,0
65550,23824423.59402222,0
65551,23825039.65697383,0
65552,23825655.77115872,0
65553,23826271.933028083,0
65554,23826888.143021796,0
65555,23827504.401643947,0
65556,23828120.70967532,0
65557,23828737.064986754,0
65558,23829353.470243994,0
65559,23829969.924099248,0
65560,23830586.42558393,0
65561,23831202.97590761,0
65562,23831819.57253192,0
65563,23832436.221386,0
65564,23833052.91381761,0
65565,23833669.655113064,0
65566,23834286.4467007,0
65567,23834903.28517532,0
65568,23835520.17308056,0
65569,23836137.103859693,0
65570,23836754.085374437,0
65571,23837371.11374888,0
65572,23837988.18754088,0
65573,23838605.31185889,0
65574,23839222.481805652,0
65575,23839839.699373987,0
65576,23840456.963964663,0
65577,23841074.275591426,0
65578,23841691.631947614,0
65579,23842309.038131885,0
65580,23842926.488462646,0
65581,23843543.986437827,0
65582,23844161.533788733,0
65583,23844779.121358868,0
65584,23845396.760155853,0
65585,23846014.444676317,0
65586,23846632.173833814,0
65587,23847249.95067723,0
65588,23847867.771308564,0
65589,23848485.63887837,0
65590,23849103.553785503,0
65591,23849721.51452903,0
65592,23850339.519619666,0
65593,23850957.57145552,0
65594,23851575.665953275,0
65595,23852193.808807854,0
65596,23852811.996680535,0
65597,23853430.22843247,0
65598,23854048.50738492,0
65599,23854666.82992423,0
65600,23855285.198680304,0
65601,23855903.611416206,0
65602,23856522.06707042,0
65603,23857140.572971765,0
65604,23857759.116597626,0
65605,23858377.709100544,0
65606,23858996.346988246,0
65607,23859615.028214585,0
65608,23860233.75285286,0
65609,23860852.522087123,0
65610,23861471.33623476,0
65611,23862090.19464231,0
65612,23862709.094793368,0
65613,23863328.04059338,0
65614,23863947.03046924,0
65615,23864566.0660577,0
65616,23865185.142205425,0
65617,23865804.263108123,0
65618,23866423.428354703,0
65619,23867042.635220017,0
65620,23867661.88561524,0
65621,23868281.181316942,0
65622,23868900.516276613,0
65623,23869519.89757877,0
65624,23870139.322618503,0
65625,23870758.78582511,0
65626,23871378.296634007,0
65627,23871997.850403175,0
65628,23872617.444590308,0
65629,23873237.08247122,0
65630,23873856.760034412,0
65631,23874476.483539253,0
65632,23875096.249810934,0
65633,23875716.055309545,0
65634,23876335.906270616,0
65635,23876955.7970681,0
65636,23877575.728960257,0
65637,23878195.70576229,0
65638,23878815.723299295,0
65639,23879435.781810533,0
65640,23880055.882566024,0
65641,23880676.022477526,0
65642,23881296.21015201,0
65643,23881916.435837984,0
65644,23882536.700911704,0
65645,23883157.007325947,0
65646,23883777.355710577,0
65647,23884397.745730538,0
65648,23885018.177906886,0
65649,23885638.650126386,0
65650,23886259.16118391,0
65651,23886879.715345986,0
65652,23887500.31083218,0
65653,23888120.94427025,0
65654,23888741.619787995,0
65655,23889362.336777627,0
65656,23889983.09267921,0
65657,23890603.888584837,0
65658,23891224.723196644,0
65659,23891845.59978027,0
65660,23892466.51667394,0
65661,23893087.47337773,0
65662,23893708.470438763,0
65663,23894329.506201927,0
65664,23894950.581870664,0
65665,23895571.69709238,0
65666,23896192.85128765,0
65667,23896814.04593111,0
65668,23897435.282381594,0
65669,23898056.55344712,0
65670,23898677.864727903,0
65671,23899299.214243233,0
65672,23899920.60478069,0
65673,23900542.03466377,0
65674,23901163.503823813,0
65675,23901785.00919047,0
65676,23902406.554328952,0
65677,23903028.13894593,0
65678,23903649.759073444,0
65679,23904271.42206174,0
65680,23904893.119200777,0
65681,23905514.85790438,0
65682,23906136.633727673,0
65683,23906758.444526445,0
65684,23907380.296790518,0
65685,23908002.186832625,0
65686,23908624.11282181,0
65687,23909246.07764224,0
65688,23909868.079938475,0
65689,23910490.118471034,0
65690,23911112.198858384,0
65691,23911734.31165066,0
65692,23912356.462536313,0
65693,23912978.655259088,0
65694,23913600.881220642,0
65695,23914223.142993953,0
65696,23914845.445942603,0
65697,23915467.78294998,0
65698,23916090.156512216,0
65699,23916712.567103777,0
65700,23917335.014904413,0
65701,23917957.499351826,0
65702,23918580.01893669,0
65703,23919202.577800382,0
65704,23919825.17048741,0
65705,23920447.799254164,0
65706,23921070.466713164,0
65707,23921693.1662883,0
65708,23922315.905713387,0
65709,23922938.677900814,0
65710,23923561.487595137,0
65711,23924184.331400577,0
65712,23924807.210444357,0
65713,23925430.12887128,0
65714,23926053.07872901,0
65715,23926676.06619165,0
65716,23927299.089045398,0
65717,23927922.145686254,0
65718,23928545.238763332,0
65719,23929168.366485603,0
65720,23929791.52724214,0
65721,23930414.726275496,0
65722,23931037.957435083,0
65723,23931661.223728515,0
65724,23932284.52413618,0
65725,23932907.86044013,0
65726,23933531.232306693,0
65727,23934154.636959963,0
65728,23934778.076332543,0
65729,23935401.55060368,0
65730,23936025.057410225,0
65731,23936648.598223712,0
65732,23937272.173511077,0
65733,23937895.781440377,0
65734,23938519.424110536,0
65735,23939143.10184195,0
65736,23939766.810461722,0
65737,23940390.553922776,0
65738,23941014.33170458,0
65739,23941638.140445665,0
65740,23942261.984015495,0
65741,23942885.859376248,0
65742,23943509.76993749,0
65743,23944133.712722886,0
65744,23944757.688337017,0
65745,23945381.69779875,0
65746,23946005.737093,0
65747,23946629.813354835,0
65748,23947253.916135207,0
65749,23947878.0576039,0
65750,23948502.229028583,0
65751,23949126.432421014,0
65752,23949750.668567702,0
65753,23950374.935144607,0
65754,23950999.23654944,0
65755,23951623.566516943,0
65756,23952247.9303983,0
65757,23952872.328672826,0
65758,23953496.75409544,0
65759,23954121.213816382,0
65760,23954745.70385296,0
65761,23955370.226033486,0
65762,23955994.776634447,0
65763,23956619.363636605,0
65764,23957243.97910275,0
65765,23957868.62700799,0
65766,23958493.30322265,0
65767,23959118.01414618,0
65768,23959742.751546882,0
65769,23960367.522882722,0
65770,23960992.32303287,0
65771,23961617.155417908,0
65772,23962242.018918093,0
65773,23962866.91313257,0
65774,23963491.835007314,0
65775,23964116.7871666,0
65776,23964741.770002704,0
65777,23965366.786550004,0
65778,23965991.828996364,0
65779,23966616.9028368,0
65780,23967242.007988088,0
65781,23967867.140086453,0
65782,23968492.302906446,0
65783,23969117.495938946,0
65784,23969742.71933503,0
65785,23970367.96960089,0
65786,23970993.2480143,0
65787,23971618.55943001,0
65788,23972243.89920025,0
65789,23972869.2686621,0
65790,23973494.663861796,0
65791,23974120.09146558,0
65792,23974745.546268556,0
65793,23975371.031136528,0
65794,23975996.54154335,0
65795,23976622.083693184,0
65796,23977247.654524725,0
65797,23977873.251750927,0
65798,23978498.877621006,0
65799,23979124.531104878,0
65800,23979750.214099202,0
65801,23980375.924420662,0
65802,23981001.663943537,0
65803,23981627.43004942,0
65804,23982253.223128553,0
65805,23982879.047446337,0
65806,23983504.896476343,0
65807,23984130.771517366,0
65808,23984756.676607396,0
65809,23985382.60873023,0
65810,23986008.56892681,0
65811,23986634.55372238,0
65812,23987260.56739682,0
65813,23987886.609507088,0
65814,23988512.676692702,0
65815,23989138.768548034,0
65816,23989764.89228822,0
65817,23990391.037976593,0
65818,23991017.213237096,0
65819,23991643.414442845,0
65820,23992269.6417039,0
65821,23992895.89523328,0
65822,23993522.174812816,0
65823,23994148.482503816,0
65824,23994774.812606424,0
65825,23995401.171917673,0
65826,23996027.55738641,0
65827,23996653.966969293,0
65828,23997280.4009087,0
65829,23997906.86174447,0
65830,23998533.34953923,0
65831,23999159.86089284,0
65832,23999786.401007514,0
65833,24000412.96361796,0
65834,24001039.552087717,0
65835,24001666.166518778,0
65836,24002292.805479936,0
65837,24002919.468416583,0
65838,24003546.15641577,0
65839,24004172.86919926,0
65840,24004799.60753079,0
65841,24005426.370700177,0
65842,24006053.158575043,0
65843,24006679.96787657,0
65844,24007306.804128632,0
65845,24007933.665529184,0
65846,24008560.547905497,0
65847,24009187.45889992,0
65848,24009814.39229993,0
65849,24010441.35017601,0
65850,24011068.328333117,0
65851,24011695.33331737,0
65852,24012322.360374678,0
65853,24012949.413469,0
65854,24013576.48643891,0
65855,24014203.585634444,0
65856,24014830.70769612,0
65857,24015457.852526862,0
65858,24016085.019585174,0
65859,24016712.210288346,0
65860,24017339.426989544,0
65861,24017966.663440745,0
65862,24018593.92331514,0
65863,24019221.206925265,0
65864,24019848.512329295,0
65865,24020475.839864496,0
65866,24021103.190649383,0
65867,24021730.56239565,0
65868,24022357.958675142,0
65869,24022985.374020007,0
65870,24023612.815198816,0
65871,24024240.2775715,0
65872,24024867.759720325,0
65873,24025495.266080067,0
65874,24026122.79353504,0
65875,24026750.34135075,0
65876,24027377.914003834,0
65877,24028005.505367957,0
65878,24028633.116998028,0
65879,24029260.753758505,0
65880,24029888.41139678,0
65881,24030516.08740965,0
65882,24031143.78534281,0
65883,24031771.505051907,0
65884,24032399.245976564,0
65885,24033027.006315503,0
65886,24033654.79108639,0
65887,24034282.593442895,0
65888,24034910.41702362,0
65889,24035538.25837686,0
65890,24036166.124363415,0
65891,24036794.010001715,0
65892,24037421.912913494,0
65893,24038049.838886835,0
65894,24038677.783034105,0
65895,24039305.750131518,0
65896,24039933.734150395,0
65897,24040561.739157118,0
65898,24041189.76273654,0
65899,24041817.80967348,0
65900,24042445.871995278,0
65901,24043073.956027,0
65902,24043702.05829675,0
65903,24044330.178980656,0
65904,24044958.319439113,0
65905,24045586.48120674,0
65906,24046214.661863476,0
65907,24046842.857101038,0
65908,24047471.07820084,0
65909,24048099.313050505,0
65910,24048727.5670675,0
65911,24049355.840030454,0
65912,24049984.132797737,0
65913,24050612.44094787,0
65914,24051240.771191034,0
65915,24051869.117901035,0
65916,24052497.4844103,0
65917,24053125.865363117,0
65918,24053754.266891554,0
65919,24054382.685817566,0
65920,24055011.122236736,0
65921,24055639.578847308,0
65922,24056268.0486693,0
65923,24056896.53797427,0
65924,24057525.047070403,0
65925,24058153.570836596,0
65926,24058782.113864023,0
65927,24059410.6735192,0
65928,24060039.24944869,0
65929,24060667.842797693,0
65930,24061296.451150987,0
65931,24061925.081092864,0
65932,24062553.72484504,0
65933,24063182.38734691,0
65934,24063811.0640558,0
65935,24064439.75541788,0
65936,24065068.46839076,0
65937,24065697.192823004,0
65938,24066325.93802471,0
65939,24066954.697902285,0
65940,24067583.47367612,0
65941,24068212.262789592,0
65942,24068841.071197823,0
65943,24069469.894650448,0
65944,24070098.73301716,0
65945,24070727.58545051,0
65946,24071356.457435027,0
65947,24071985.343504794,0
65948,24072614.24399936,0
65949,24073243.15953081,0
65950,24073872.09181384,0
65951,24074501.039691217,0
65952,24075130.00102227,0
65953,24075758.977909658,0
65954,24076387.9689011,0
65955,24077016.976085126,0
65956,24077645.994777843,0
65957,24078275.032695856,0
65958,24078904.082757875,0
65959,24079533.148021493,0
65960,24080162.226046916,0
65961,24080791.321098506,0
65962,24081420.430355597,0
65963,24082049.550328605,0
65964,24082678.686131876,0
65965,24083307.838366732,0
65966,24083936.998534527,0
65967,24084566.177362606,0
65968,24085195.369509548,0
65969,24085824.572189298,0
65970,24086453.791585233,0
65971,24087083.02246728,0
65972,24087712.2661226,0
65973,24088341.525171407,0
65974,24088970.796597328,0
65975,24089600.080354698,0
65976,24090229.37672681,0
65977,24090858.68815863,0
65978,24091488.010120124,0
65979,24092117.347922213,0
65980,24092746.696328804,0
65981,24093376.055450827,0
65982,24094005.4302135,0
65983,24094634.814566433,0
65984,24095264.213613745,0
65985,24095893.623571202,0
65986,24096523.04709693,0
65987,24097152.479399424,0
65988,24097781.92834228,0
65989,24098411.386778902,0
65990,24099040.85536335,0
65991,24099670.335796043,0
65992,24100299.8282726,0
65993,24100929.336189378,0
65994,24101558.85322266,0
65995,24102188.378756545,0
65996,24102817.916266993,0
65997,24103447.46620691,0
65998,24104077.029424496,0
65999,24104706.600334153,0
66000,24105336.182012647,0
66001,24105965.778905254,0
66002,24106595.381995935,0
66003,24107224.99647773,0
66004,24107854.620894205,0
66005,24108484.25867417,0
66006,24109113.9046721,0
66007,24109743.560323685,0
66008,24110373.228356313,0
66009,24111002.90526218,0
66010,24111632.59146239,0
66011,24112262.28695008,0
66012,24112891.99383341,0
66013,24113521.70978995,0
66014,24114151.43889432,0
66015,24114781.171891734,0
66016,24115410.918670177,0
66017,24116040.671742197,0
66018,24116670.43904012,0
66019,24117300.209456377,0
66020,24117929.99335611,0
66021,24118559.782944497,0
66022,24119189.585839868,0
66023,24119819.39540073,0
66024,24120449.21248351,0
66025,24121079.03926588,0
66026,24121708.875636972,0
66027,24122338.718252014,0
66028,24122968.57244014,0
66029,24123598.432504267,0
66030,24124228.299770623,0
66031,24124858.18051849,0
66032,24125488.06428881,0
66033,24126117.957217276,0
66034,24126747.85910178,0
66035,24127377.767441947,0
66036,24128007.684986997,0
66037,24128637.610577136,0
66038,24129267.542704355,0
66039,24129897.48235887,0
66040,24130527.4282669,0
66041,24131157.382454805,0
66042,24131787.345382705,0
66043,24132417.314588983,0
66044,24133047.28896574,0
66045,24133677.27232002,0
66046,24134307.262671787,0
66047,24134937.258709565,0
66048,24135567.26319569,0
66049,24136197.270583406,0
66050,24136827.286823496,0
66051,24137457.31220232,0
66052,24138087.340910934,0
66053,24138717.37584164,0
66054,24139347.417056933,0
66055,24139977.465596225,0
66056,24140607.51905665,0
66057,24141237.578829486,0
66058,24141867.643957213,0
66059,24142497.715799652,0
66060,24143127.793080214,0
66061,24143757.87553308,0
66062,24144387.963036127,0
66063,24145018.05591982,0
66064,24145648.15502005,0
66065,24146278.259642445,0
66066,24146908.367297046,0
66067,24147538.481227912,0
66068,24148168.600999907,0
66069,24148798.72512018,0
66070,24149428.852938868,0
66071,24150058.986841734,0
66072,24150689.123509493,0
66073,24151319.266816653,0
66074,24151949.41528986,0
66075,24152579.565597877,0
66076,24153209.71985261,0
66077,24153839.87966461,0
66078,24154470.042693354,0
66079,24155100.213312794,0
66080,24155730.382352814,0
66081,24156360.55629443,0
66082,24156990.736623302,0
66083,24157620.92093188,0
66084,24158251.106565814,0
66085,24158881.297283333,0
66086,24159511.490746163,0
66087,24160141.68632313,0
66088,24160771.885773975,0
66089,24161402.090467416,0
66090,24162032.29574642,0
66091,24162662.501604293,0
66092,24163292.71442857,0
66093,24163922.928623736,0
66094,24164553.147385366,0
66095,24165183.367465723,0
66096,24165813.58931151,0
66097,24166443.813488875,0
66098,24167074.042099938,0
66099,24167704.270597752,0
66100,24168334.50071522,0
66101,24168964.73419322,0
66102,24169594.969666343,0
66103,24170225.20735652,0
66104,24170855.44681399,0
66105,24171485.68797866,0
66106,24172115.92915213,0
66107,24172746.172565147,0
66108,24173376.419708993,0
66109,24174006.666898552,0
66110,24174636.91580614,0
66111,24175267.163711388,0
66112,24175897.41288375,0
66113,24176527.665539883,0
66114,24177157.91701448,0
66115,24177788.168888867,0
66116,24178418.423999093,0
66117,24179048.67880039,0
66118,24179678.93499039,0
66119,24180309.189148072,0
66120,24180939.44417419,0
66121,24181569.69932032,0
66122,24182199.956412785,0
66123,24182830.213235263,0
66124,24183460.472476315,0
66125,24184090.727176595,0
66126,24184720.98370044,0
66127,24185351.241090614,0
66128,24185981.49648037,0
66129,24186611.75110483,0
66130,24187242.007515423,0
66131,24187872.260111693,0
66132,24188502.51484291,0
66133,24189132.7663162,0
66134,24189763.02000449,0
66135,24190393.272007324,0
66136,24191023.522090692,0
66137,24191653.771247655,0
66138,24192284.021167714,0
66139,24192914.26466692,0
66140,24193544.50931731,0
66141,24194174.754507605,0
66142,24194804.99545754,0
66143,24195435.23585892,0
66144,24196065.475672886,0
66145,24196695.715030417,0
66146,24197325.948967222,0
66147,24197956.181901786,0
66148,24198586.411018476,0
66149,24199216.641076997,0
66150,24199846.86989165,0
66151,24200477.09261064,0
66152,24201107.317071155,0
66153,24201737.53480578,0
66154,24202367.75108648,0
66155,24202997.965111695,0
66156,24203628.176770557,0
66157,24204258.38392673,0
66158,24204888.591939338,0
66159,24205518.793952193,0
66160,24206148.992666792,0
66161,24206779.18900396,0
66162,24207409.38280943,0
66163,24208039.573517017,0
66164,24208669.759021617,0
66165,24209299.940105442,0
66166,24209930.11786525,0
66167,24210560.292172983,0
66168,24211190.465009347,0
66169,24211820.631357383,0
66170,24212450.79553508,0
66171,24213080.954806678,0
66172,24213711.11017774,0
66173,24214341.258954298,0
66174,24214971.405535612,0
66175,24215601.54794893,0
66176,24216231.685819197,0
66177,24216861.81842261,0
66178,24217491.948739793,0
66179,24218122.06703313,0
66180,24218752.18863484,0
66181,24219382.301828742,0
66182,24220012.408024885,0
66183,24220642.51147438,0
66184,24221272.61146263,0
66185,24221902.70149274,0
66186,24222532.788494222,0
66187,24223162.870687146,0
66188,24223792.946941067,0
66189,24224423.01759343,0
66190,24225053.082020886,0
66191,24225683.140275076,0
66192,24226313.190138396,0
66193,24226943.238509968,0
66194,24227573.27958428,0
66195,24228203.313746963,0
66196,24228833.340181213,0
66197,24229463.361295115,0
66198,24230093.376161966,0
66199,24230723.386075374,0
66200,24231353.388305467,0
66201,24231983.382371932,0
66202,24232613.3692469,0
66203,24233243.351649582,0
66204,24233873.324649032,0
66205,24234503.29188409,0
66206,24235133.252073232,0
66207,24235763.20417612,0
66208,24236393.14900067,0
66209,24237023.089371346,0
66210,24237653.016071405,0
66211,24238282.93986252,0
66212,24238912.85500216,0
66213,24239542.763390068,0
66214,24240172.66149261,0
66215,24240802.551955283,0
66216,24241432.434448846,0
66217,24242062.311116293,0
66218,24242692.1756784,0
66219,24243322.034860555,0
66220,24243951.884204026,0
66221,24244581.72604853,0
66222,24245211.559716925,0
66223,24245841.382722232,0
66224,24246471.19696361,0
66225,24247101.00496018,0
66226,24247730.80208365,0
66227,24248360.58980145,0
66228,24248990.36795199,0
66229,24249620.136668067,0
66230,24250249.895514835,0
66231,24250879.649117704,0
66232,24251509.391200595,0
66233,24252139.121015944,0
66234,24252768.845012367,0
66235,24253398.556623876,0
66236,24254028.260191765,0
66237,24254657.951728165,0
66238,24255287.634244006,0
66239,24255917.30740771,0
66240,24256546.968575694,0
66241,24257176.622692604,0
66242,24257806.263337135,0
66243,24258435.893276162,0
66244,24259065.514338244,0
66245,24259695.125417404,0
66246,24260324.723650597,0
66247,24260954.31294934,0
66248,24261583.88860543,0
66249,24262213.455666773,0
66250,24262843.011116195,0
66251,24263472.55746423,0
66252,24264102.087276395,0
66253,24264731.610027157,0
66254,24265361.119808637,0
66255,24265990.619472932,0
66256,24266620.10583506,0
66257,24267249.579036817,0
66258,24267879.04165851,0
66259,24268508.492596112,0
66260,24269137.933558542,0
66261,24269767.361564733,0
66262,24270396.77675181,0
66263,24271026.178143732,0
66264,24271655.568896744,0
66265,24272284.9482877,0
66266,24272914.31158049,0
66267,24273543.662734147,0
66268,24274173.00652317,0
66269,24274802.331575856,0
66270,24275431.646928526,0
66271,24276060.949186232,0
66272,24276690.236716628,0
66273,24277319.513557844,0
66274,24277948.77720804,0
66275,24278578.022460327,0
66276,24279207.25871431,0
66277,24279836.480391763,0
66278,24280465.688910153,0
66279,24281094.882519625,0
66280,24281724.063224595,0
66281,24282353.230136946,0
66282,24282982.383238524,0
66283,24283611.52214957,0
66284,24284240.644854836,0
66285,24284869.75799399,0
66286,24285498.853840847,0
66287,24286127.935262427,0
66288,24286757.003425807,0
66289,24287386.056103073,0
66290,24288015.093821432,0
66291,24288644.11758398,0
66292,24289273.125505768,0
66293,24289902.118498374,0
66294,24290531.100186188,0
66295,24291160.06117574,0
66296,24291789.010183424,0
66297,24292417.945470925,0
66298,24293046.8600386,0
66299,24293675.76302233,0
66300,24294304.65144138,0
66301,24294933.518370856,0
66302,24295562.376525033,0
66303,24296191.214758787,0
66304,24296820.037462734,0
66305,24297448.845444143,0
66306,24298077.63636886,0
66307,24298706.413459968,0
66308,24299335.17074946,0
66309,24299963.91398445,0
66310,24300592.638829,0
66311,24301221.349182416,0
66312,24301850.0414109,0
66313,24302478.716559667,0
66314,24303107.37866674,0
66315,24303736.020188805,0
66316,24304364.64610851,0
66317,24304993.25303035,0
66318,24305621.846200533,0
66319,24306250.419486884,0
66320,24306878.975829393,0
66321,24307507.515935995,0
66322,24308136.03628319,0
66323,24308764.542001568,0
66324,24309393.026438385,0
66325,24310021.495737635,0
66326,24310649.945492174,0
66327,24311278.37803595,0
66328,24311906.7934156,0
66329,24312535.190270033,0
66330,24313163.569295153,0
66331,24313791.928086303,0
66332,24314420.27088622,0
66333,24315048.59304398,0
66334,24315676.89733961,0
66335,24316305.184248593,0
66336,24316933.450086415,0
66337,24317561.70060453,0
66338,24318189.928407412,0
66339,24318818.136761107,0
66340,24319446.329031423,0
66341,24320074.50030414,0
66342,24320702.651800163,0
66343,24321330.787589267,0
66344,24321958.901212554,0
66345,24322586.993427943,0
66346,24323215.069215626,0
66347,24323843.12397606,0
66348,24324471.157832734,0
66349,24325099.17360658,0
66350,24325727.167730846,0
66351,24326355.143247362,0
66352,24326983.09538903,0
66353,24327611.030873477,0
66354,24328238.944705885,0
66355,24328866.83665195,0
66356,24329494.709487367,0
66357,24330122.56105001,0
66358,24330750.3940216,0
66359,24331378.204045203,0
66360,24332005.99278123,0
66361,24332633.76386332,0
66362,24333261.510518435,0
66363,24333889.235674035,0
66364,24334516.941600967,0
66365,24335144.624788024,0
66366,24335772.285631306,0
66367,24336399.928085033,0
66368,24337027.548428547,0
66369,24337655.145448737,0
66370,24338282.71956886,0
66371,24338910.272549365,0
66372,24339537.805069435,0
66373,24340165.314206026,0
66374,24340792.801055793,0
66375,24341420.268041734,0
66376,24342047.708415255,0
66377,24342675.129951086,0
66378,24343302.52678356,0
66379,24343929.90180749,0
66380,24344557.25231062,0
66381,24345184.58455963,0
66382,24345811.89089575,0
66383,24346439.1738622,0
66384,24347066.43524881,0
66385,24347693.672004215,0
66386,24348320.884410977,0
66387,24348948.075512804,0
66388,24349575.243763335,0
66389,24350202.38594874,0
66390,24350829.508964777,0
66391,24351456.604125004,0
66392,24352083.67718201,0
66393,24352710.724884573,0
66394,24353337.751360208,0
66395,24353964.751355395,0
66396,24354591.727803417,0
66397,24355218.68192896,0
66398,24355845.609883226,0
66399,24356472.512956705,0
66400,24357099.391536772,0
66401,24357726.245330032,0
66402,24358353.07538352,0
66403,24358979.88038177,0
66404,24359606.661280837,0
66405,24360233.416067272,0
66406,24360860.14625074,0
66407,24361486.85281534,0
66408,24362113.532203484,0
66409,24362740.184742365,0
66410,24363366.81487294,0
66411,24363993.417351287,0
66412,24364619.996689457,0
66413,24365246.55029449,0
66414,24365873.074516542,0
66415,24366499.576309435,0
66416,24367126.051827505,0
66417,24367752.498731773,0
66418,24368378.921885297,0
66419,24369005.319407843,0
66420,24369631.68674796,0
66421,24370258.030237354,0
66422,24370884.347128786,0
66423,24371510.63964604,0
66424,24372136.901724994,0
66425,24372763.140384004,0
66426,24373389.351418767,0
66427,24374015.532691166,0
66428,24374641.6888538,0
66429,24375267.8194275,0
66430,24375893.920735955,0
66431,24376519.992954444,0
66432,24377146.044087213,0
66433,24377772.06286398,0
66434,24378398.05411684,0
66435,24379024.018600065,0
66436,24379649.95649332,0
66437,24380275.864678666,0
66438,24380901.74577953,0
66439,24381527.598849867,0
66440,24382153.422744967,0
66441,24382779.219866123,0
66442,24383404.988409173,0
66443,24384030.72782522,0
66444,24384656.440376446,0
66445,24385282.12353938,0
66446,24385907.77904217,0
66447,24386533.402152445,0
66448,24387159.000528593,0
66449,24387784.568864617,0
66450,24388410.1071775,0
66451,24389035.615414586,0
66452,24389661.096094407,0
66453,24390286.54912877,0
66454,24390911.969257466,0
66455,24391537.361782726,0
66456,24392162.72414057,0
66457,24392788.058570907,0
66458,24393413.35877121,0
66459,24394038.634031847,0
66460,24394663.877556518,0
66461,24395289.09381382,0
66462,24395914.276050895,0
66463,24396539.429024182,0
66464,24397164.552152947,0
66465,24397789.64373989,0
66466,24398414.708785422,0
66467,24399039.73883855,0
66468,24399664.74090649,0
66469,24400289.710052717,0
66470,24400914.65022731,0
66471,24401539.55803824,0
66472,24402164.43638054,0
66473,24402789.284252092,0
66474,24403414.09872086,0
66475,24404038.883123502,0
66476,24404663.635586716,0
66477,24405288.358479954,0
66478,24405913.045816664,0
66479,24406537.7046489,0
66480,24407162.331407677,0
66481,24407786.924845297,0
66482,24408411.488687526,0
66483,24409036.019318502,0
66484,24409660.518048156,0
66485,24410284.98452518,0
66486,24410909.41794477,0
66487,24411533.8188478,0
66488,24412158.190067533,0
66489,24412782.525868874,0
66490,24413406.83092294,0
66491,24414031.101804998,0
66492,24414655.339805227,0
66493,24415279.54748328,0
66494,24415903.72067329,0
66495,24416527.860849824,0
66496,24417151.9659059,0
66497,24417776.039741416,0
66498,24418400.080043077,0
66499,24419024.087285895,0
66500,24419648.057547867,0
66501,24420271.99724307,0
66502,24420895.905804068,0
66503,24421519.77463431,0
66504,24422143.615249567,0
66505,24422767.4196947,0
66506,24423391.189126786,0
66507,24424014.92311754,0
66508,24424638.62477361,0
66509,24425262.29280916,0
66510,24425885.927385792,0
66511,24426509.525620896,0
66512,24427133.087804843,0
66513,24427756.614834562,0
66514,24428380.11071842,0
66515,24429003.569589086,0
66516,24429626.9940833,0
66517,24430250.38160037,0
66518,24430873.73753876,0
66519,24431497.054581173,0
66520,24432120.337004792,0
66521,24432743.58777971,0
66522,24433366.80197413,0
66523,24433989.97610915,0
66524,24434613.117659766,0
66525,24435236.22442393,0
66526,24435859.29420376,0
66527,24436482.326686267,0
66528,24437105.32334803,0
66529,24437728.286703743,0
66530,24438351.20922334,0
66531,24438974.09867267,0
66532,24439596.95209592,0
66533,24440219.76573571,0
66534,24440842.546881776,0
66535,24441465.290122766,0
66536,24442087.996362407,0
66537,24442710.66311785,0
66538,24443333.29491953,0
66539,24443955.89086535,0
66540,24444578.447171673,0
66541,24445200.967877455,0
66542,24445823.45157199,0
66543,24446445.897262104,0
66544,24447068.30310824,0
66545,24447690.674369343,0
66546,24448313.006527316,0
66547,24448935.30173056,0
66548,24449557.559440337,0
66549,24450179.779529534,0
66550,24450801.960760366,0
66551,24451424.101718627,0
66552,24452046.207681548,0
66553,24452668.273509942,0
66554,24453290.30281963,0
66555,24453912.29184286,0
66556,24454534.244633686,0
66557,24455156.155417703,0
66558,24455778.028347444,0
66559,24456399.86321389,0
66560,24457021.65838794,0
66561,24457643.416871324,0
66562,24458265.132545013,0
66563,24458886.811447978,0
66564,24459508.450563755,0
66565,24460130.048474956,0
66566,24460751.60718295,0
66567,24461373.128754623,0
66568,24461994.610428553,0
66569,24462616.048868082,0
66570,24463237.451714188,0
66571,24463858.813233666,0
66572,24464480.134661946,0
66573,24465101.41467752,0
66574,24465722.654783923,0
66575,24466343.85484004,0
66576,24466965.013189252,0
66577,24467586.132683296,0
66578,24468207.21052899,0
66579,24468828.250272226,0
66580,24469449.247796994,0
66581,24470070.203755908,0
66582,24470691.119238906,0
66583,24471311.993976045,0
66584,24471932.825003695,0
66585,24472553.61827043,0
66586,24473174.369002257,0
66587,24473795.077415492,0
66588,24474415.74337686,0
66589,24475036.37049524,0
66590,24475656.95533567,0
66591,24476277.49853477,0
66592,24476897.999085587,0
66593,24477518.459677238,0
66594,24478138.87534322,0
66595,24478759.248875044,0
66596,24479379.581279658,0
66597,24479999.872360468,0
66598,24480620.11991012,0
66599,24481240.323935363,0
66600,24481860.487732727,0
66601,24482480.604806516,0
66602,24483100.682596676,0
66603,24483720.71983776,0
66604,24484340.708461702,0
66605,24484960.65563324,0
66606,24485580.56075277,0
66607,24486200.422463972,0
66608,24486820.242259543,0
66609,24487440.016277872,0
66610,24488059.746766698,0
66611,24488679.432937786,0
66612,24489299.077961136,0
66613,24489918.679036435,0
66614,24490538.235258777,0
66615,24491157.748928633,0
66616,24491777.215987153,0
66617,24492396.641293135,0
66618,24493016.01897751,0
66619,24493635.35558824,0
66620,24494254.64804754,0
66621,24494873.89614613,0
66622,24495493.09605754,0
66623,24496112.254452705,0
66624,24496731.3675969,0
66625,24497350.43497219,0
66626,24497969.45755578,0
66627,24498588.43418119,0
66628,24499207.36863023,0
66629,24499826.253125187,0
66630,24500445.095174436,0
66631,24501063.89488148,0
66632,24501682.64443177,0
66633,24502301.348280463,0
66634,24502920.007834177,0
66635,24503538.62175121,0
66636,24504157.193339266,0
66637,24504775.713329066,0
66638,24505394.188934747,0
66639,24506012.620967712,0
66640,24506631.003231,0
66641,24507249.339955814,0
66642,24507867.632219125,0
66643,24508485.876111314,0
66644,24509104.073858462,0
66645,24509722.224030055,0
66646,24510340.32765383,0
66647,24510958.38490298,0
66648,24511576.39640483,0
66649,24512194.359630786,0
66650,24512812.276269108,0
66651,24513430.144274876,0
66652,24514047.967552587,0
66653,24514665.7390872,0
66654,24515283.467447873,0
66655,24515901.145122726,0
66656,24516518.777085554,0
66657,24517136.35990725,0
66658,24517753.89607112,0
66659,24518371.38299941,0
66660,24518988.822628718,0
66661,24519606.215990774,0
66662,24520223.556781337,0
66663,24520840.853619464,0
66664,24521458.100183714,0
66665,24522075.29789704,0
66666,24522692.44635574,0
66667,24523309.5457957,0
66668,24523926.597046316,0
66669,24524543.600222204,0
66670,24525160.55405487,0
66671,24525777.460254397,0
66672,24526394.314147525,0
66673,24527011.121681526,0
66674,24527627.878903892,0
66675,24528244.586094953,0
66676,24528861.24412924,0
66677,24529477.854054004,0
66678,24530094.411939867,0
66679,24530710.92099908,0
66680,24531327.378882203,0
66681,24531943.78900664,0
66682,24532560.147413213,0
66683,24533176.4560348,0
66684,24533792.713884663,0
66685,24534408.922609102,0
66686,24535025.08213033,0
66687,24535641.187737282,0
66688,24536257.245325167,0
66689,24536873.247490555,0
66690,24537489.20439897,0
66691,24538105.109193034,0
66692,24538720.961808983,0
66693,24539336.76390086,0
66694,24539952.51378257,0
66695,24540568.21489845,0
66696,24541183.860241182,0
66697,24541799.45839463,0
66698,24542415.003826693,0
66699,24543030.496652443,0
66700,24543645.939048942,0
66701,24544261.327033527,0
66702,24544876.665769216,0
66703,24545491.954401676,0
66704,24546107.18734765,0
66705,24546722.368513744,0
66706,24547337.49938458,0
66707,24547952.576936748,0
66708,24548567.602044914,0
66709,24549182.570483264,0
66710,24549797.493245956,0
66711,24550412.357461326,0
66712,24551027.17285791,0
66713,24551641.934184756,0
66714,24552256.643191103,0
66715,24552871.29696044,0
66716,24553485.89848759,0
66717,24554100.44580521,0
66718,24554714.940015107,0
66719,24555329.38243249,0
66720,24555943.772738807,0
66721,24556558.105751485,0
66722,24557172.388025425,0
66723,24557786.61245969,0
66724,24558400.786851298,0
66725,24559014.905106697,0
66726,24559628.970999863,0
66727,24560242.980047915,0
66728,24560856.9364198,0
66729,24561470.839658245,0
66730,24562084.68377147,0
66731,24562698.478572384,0
66732,24563312.215251777,0
66733,24563925.900331933,0
66734,24564539.52854913,0
66735,24565153.103247784,0
66736,24565766.62176405,0
66737,24566380.08454912,0
66738,24566993.492202852,0
66739,24567606.846274026,0
66740,24568220.145141423,0
66741,24568833.38501472,0
66742,24569446.57107658,0
66743,24570059.701656047,0
66744,24570672.777126823,0
66745,24571285.797967568,0
66746,24571898.759942252,0
66747,24572511.668313276,0
66748,24573124.52036646,0
66749,24573737.31277718,0
66750,24574350.054586086,0
66751,24574962.737321127,0
66752,24575575.363561798,0
66753,24576187.932392225,0
66754,24576800.445877455,0
66755,24577412.89947539,0
66756,24578025.298974052,0
66757,24578637.639890064,0
66758,24579249.925735872,0
66759,24579862.153009344,0
66760,24580474.32178281,0
66761,24581086.435198836,0
66762,24581698.494361065,0
66763,24582310.491055936,0
66764,24582922.43307796,0
66765,24583534.31416396,0
66766,24584146.139135852,0
66767,24584757.90737272,0
66768,24585369.61771487,0
66769,24585981.269742012,0
66770,24586592.861813642,0
66771,24587204.397324033,0
66772,24587815.873243306,0
66773,24588427.29314119,0
66774,24589038.65294484,0
66775,24589649.951875143,0
66776,24590261.195536364,0
66777,24590872.377865136,0
66778,24591483.504507046,0
66779,24592094.569157302,0
66780,24592705.575554207,0
66781,24593316.521958373,0
66782,24593927.41348355,0
66783,24594538.241658885,0
66784,24595149.01135419,0
66785,24595759.722051576,0
66786,24596370.370962344,0
66787,24596980.961606283,0
66788,24597591.494078055,0
66789,24598201.96580326,0
66790,24598812.376313794,0
66791,24599422.728449345,0
66792,24600033.018312227,0
66793,24600643.24890349,0
66794,24601253.419514168,0
66795,24601863.52831904,0
66796,24602473.576636247,0
66797,24603083.566602323,0
66798,24603693.495286662,0
66799,24604303.360895727,0
66800,24604913.166632608,0
66801,24605522.91260522,0
66802,24606132.598876238,0
66803,24606742.221071355,0
66804,24607351.782217827,0
66805,24607961.281785473,0
66806,24608570.721987177,0
66807,24609180.09931304,0
66808,24609789.415365525,0
66809,24610398.671468213,0
66810,24611007.861694165,0
66811,24611616.99083188,0
66812,24612226.058463987,0
66813,24612835.06551809,0
66814,24613444.009662762,0
66815,24614052.892711952,0
66816,24614661.710657973,0
66817,24615270.46721467,0
66818,24615879.163120408,0
66819,24616487.793692753,0
66820,24617096.36387889,0
66821,24617704.868616365,0
66822,24618313.312227868,0
66823,24618921.69234057,0
66824,24619530.01044984,0
66825,24620138.26381186,0
66826,24620746.45336051,0
66827,24621354.580520455,0
66828,24621962.645278513,0
66829,24622570.644380733,0
66830,24623178.581924625,0
66831,24623786.455386817,0
66832,24624394.262896378,0
66833,24625002.009940464,0
66834,24625609.691461522,0
66835,24626217.308027864,0
66836,24626824.86026821,0
66837,24627432.34837265,0
66838,24628039.77214647,0
66839,24628647.13174449,0
66840,24629254.425657727,0
66841,24629861.65645376,0
66842,24630468.822079536,0
66843,24631075.92316786,0
66844,24631682.95658427,0
66845,24632289.92899248,0
66846,24632896.83531801,0
66847,24633503.67390339,0
66848,24634110.4493295,0
66849,24634717.157099534,0
66850,24635323.80305238,0
66851,24635930.37992706,0
66852,24636536.893606693,0
66853,24637143.341077946,0
66854,24637749.721617013,0
66855,24638356.03719499,0
66856,24638962.286813427,0
66857,24639568.469336648,0
66858,24640174.586212777,0
66859,24640780.634567805,0
66860,24641386.620223064,0
66861,24641992.53558872,0
66862,24642598.388234235,0
66863,24643204.174593177,0
66864,24643809.891018797,0
66865,24644415.539101344,0
66866,24645021.123456452,0
66867,24645626.640226223,0
66868,24646232.090150893,0
66869,24646837.4724847,0
66870,24647442.78790836,0
66871,24648048.032532398,0
66872,24648653.2133835,0
66873,24649258.32345952,0
66874,24649863.36997602,0
66875,24650468.34659639,0
66876,24651073.254763175,0
66877,24651678.096045617,0
66878,24652282.86709714,0
66879,24652887.57103004,0
66880,24653492.207523018,0
66881,24654096.77660839,0
66882,24654701.276861824,0
66883,24655305.705461714,0
66884,24655910.067769434,0
66885,24656514.36197221,0
66886,24657118.589886416,0
66887,24657722.7416627,0
66888,24658326.829739098,0
66889,24658930.846163534,0
66890,24659534.794178754,0
66891,24660138.672484443,0
66892,24660742.483229984,0
66893,24661346.22463638,0
66894,24661949.893611196,0
66895,24662553.495619815,0
66896,24663157.025968246,0
66897,24663760.487866722,0
66898,24664363.878303755,0
66899,24664967.20364942,0
66900,24665570.453037433,0
66901,24666173.63359884,0
66902,24666776.746112417,0
66903,24667379.785237376,0
66904,24667982.755810626,0
66905,24668585.656362742,0
66906,24669188.48505537,0
66907,24669791.240459926,0
66908,24670393.928786,0
66909,24670996.546275847,0
66910,24671599.089106143,0
66911,24672201.56398927,0
66912,24672803.96679088,0
66913,24673406.299110457,0
66914,24674008.559529856,0
66915,24674610.748496678,0
66916,24675212.864457503,0
66917,24675814.9086789,0
66918,24676416.882934026,0
66919,24677018.78393153,0
66920,24677620.61404721,0
66921,24678222.3731252,0
66922,24678824.05652268,0
66923,24679425.670708496,0
66924,24680027.213125266,0
66925,24680628.68146947,0
66926,24681230.07601787,0
66927,24681831.399347976,0
66928,24682432.652550813,0
66929,24683033.829285227,0
66930,24683634.933147643,0
66931,24684235.96599218,0
66932,24684836.926122576,0
66933,24685437.80998259,0
66934,24686038.622547533,0
66935,24686639.36292156,0
66936,24687240.027147505,0
66937,24687840.620093226,0
66938,24688441.138973467,0
66939,24689041.581676483,0
66940,24689641.955531865,0
66941,24690242.25327454,0
66942,24690842.477830898,0
66943,24691442.625608988,0
66944,24692042.698938232,0
66945,24692642.700192466,0
66946,24693242.628820933,0
66947,24693842.479272008,0
66948,24694442.25717508,0
66949,24695041.958220296,0
66950,24695641.586509675,0
66951,24696241.139761806,0
66952,24696840.61893652,0
66953,24697440.02076089,0
66954,24698039.34986058,0
66955,24698638.602128454,0
66956,24699237.77849751,0
66957,24699836.88190695,0
66958,24700435.909738425,0
66959,24701034.85979723,0
66960,24701633.7349595,0
66961,24702232.53645634,0
66962,24702831.259321958,0
66963,24703429.90551226,0
66964,24704028.478536665,0
66965,24704626.97490224,0
66966,24705225.39446328,0
66967,24705823.73802459,0
66968,24706422.00423747,0
66969,24707020.194579035,0
66970,24707618.30861149,0
66971,24708216.346520133,0
66972,24708814.305398703,0
66973,24709412.18950507,0
66974,24710009.99636304,0
66975,24710607.725066345,0
66976,24711205.37841505,0
66977,24711802.95341592,0
66978,24712400.448786024,0
66979,24712997.871257637,0
66980,24713595.215498127,0
66981,24714192.480830222,0
66982,24714789.66757218,0
66983,24715386.77792609,0
66984,24715983.80838729,0
66985,24716580.763019223,0
66986,24717177.638455495,0
66987,24717774.436642163,0
66988,24718371.15724742,0
66989,24718967.797488607,0
66990,24719564.35878948,0
66991,24720160.844827283,0
66992,24720757.24898651,0
66993,24721353.576165978,0
66994,24721949.823244996,0
66995,24722545.99328402,0
66996,24723142.083017163,0
66997,24723738.09473473,0
66998,24724334.024906166,0
66999,24724929.87889259,0
67000,24725525.64867193,0
67001,24726121.34420597,0
67002,24726716.957637735,0
67003,24727312.49383882,0
67004,24727907.949245613,0
67005,24728503.32322968,0
67006,24729098.619628273,0
67007,24729693.832518328,0
67008,24730288.966804992,0
67009,24730884.023644295,0
67010,24731478.99851455,0
67011,24732073.891488053,0
67012,24732668.706766073,0
67013,24733263.438443646,0
67014,24733858.09066159,0
67015,24734452.66140692,0
67016,24735047.151259243,0
67017,24735641.56208006,0
67018,24736235.89267834,0
67019,24736830.13891274,0
67020,24737424.304735858,0
67021,24738018.389315512,0
67022,24738612.394448098,0
67023,24739206.314975742,0
67024,24739800.157059055,0
67025,24740393.915159322,0
67026,24740987.59250265,0
67027,24741581.188679736,0
67028,24742174.700400867,0
67029,24742768.132616512,0
67030,24743361.480195217,0
67031,24743954.748482242,0
67032,24744547.933632858,0
67033,24745141.036042728,0
67034,24745734.05598315,0
67035,24746326.99249431,0
67036,24746919.84571232,0
67037,24747512.61579577,0
67038,24748105.307194795,0
67039,24748697.911295604,0
67040,24749290.43291493,0
67041,24749882.87560691,0
67042,24750475.22978825,0
67043,24751067.50309808,0
67044,24751659.69215152,0
67045,24752251.797684476,0
67046,24752843.819455687,0
67047,24753435.75767831,0
67048,24754027.615089636,0
67049,24754619.382098477,0
67050,24755211.069811933,0
67051,24755802.67194781,0
67052,24756394.191760298,0
67053,24756985.624951396,0
67054,24757576.9746149,0
67055,24758168.24103695,0
67056,24758759.423051465,0
67057,24759350.516354177,0
67058,24759941.526955646,0
67059,24760532.45505323,0
67060,24761123.297380477,0
67061,24761714.0528553,0
67062,24762304.72511394,0
67063,24762895.310133003,0
67064,24763485.81397033,0
67065,24764076.227693934,0
67066,24764666.55660761,0
67067,24765256.80077071,0
67068,24765846.96054912,0
67069,24766437.033941045,0
67070,24767027.019087728,0
67071,24767616.92158125,0
67072,24768206.73744153,0
67073,24768796.466021817,0
67074,24769386.109069355,0
67075,24769975.666368738,0
67076,24770565.13178298,0
67077,24771154.518614467,0
67078,24771743.812944684,0
67079,24772333.025454387,0
67080,24772922.15021233,0
67081,24773511.185315907,0
67082,24774100.134065893,0
67083,24774688.99831338,0
67084,24775277.7729538,0
67085,24775866.461074956,0
67086,24776455.06376795,0
67087,24777043.57338807,0
67088,24777632.000010163,0
67089,24778220.339148022,0
67090,24778808.59039726,0
67091,24779396.750812206,0
67092,24779984.826051254,0
67093,24780572.81308524,0
67094,24781160.711602263,0
67095,24781748.52286872,0
67096,24782336.244261142,0
67097,24782923.87873117,0
67098,24783511.42218622,0
67099,24784098.88028549,0
67100,24784686.24827845,0
67101,24785273.528448857,0
67102,24785860.720651597,0
67103,24786447.82068698,0
67104,24787034.831605345,0
67105,24787621.756406672,0
67106,24788208.58998105,0
67107,24788795.334650654,0
67108,24789381.99002589,0
67109,24789968.556052495,0
67110,24790555.031991087,0
67111,24791141.418669242,0
67112,24791727.71768424,0
67113,24792313.92387962,0
67114,24792900.041673902,0
67115,24793486.067834124,0
67116,24794072.006358255,0
67117,24794657.85192088,0
67118,24795243.60780811,0
67119,24795829.276821624,0
67120,24796414.85105877,0
67121,24797000.335534304,0
67122,24797585.729954746,0
67123,24798171.033299994,0
67124,24798756.246783584,0
67125,24799341.366399866,0
67126,24799926.39673168,0
67127,24800511.338078763,0
67128,24801096.184399605,0
67129,24801680.94106501,0
67130,24802265.60926451,0
67131,24802850.18238571,0
67132,24803434.66463091,0
67133,24804019.0538448,0
67134,24804603.355054997,0
67135,24805187.56146709,0
67136,24805771.67390039,0
67137,24806355.697858058,0
67138,24806939.628080416,0
67139,24807523.466691326,0
67140,24808107.21369931,0
67141,24808690.865643032,0
67142,24809274.42786342,0
67143,24809857.893355317,0
67144,24810441.26993423,0
67145,24811024.552775323,0
67146,24811607.742335323,0
67147,24812190.83957705,0
67148,24812773.843272254,0
67149,24813356.753698215,0
67150,24813939.57140615,0
67151,24814522.294910964,0
67152,24815104.922845483,0
67153,24815687.46108677,0
67154,24816269.903240312,0
67155,24816852.25382053,0
67156,24817434.50958488,0
67157,24818016.670466166,0
67158,24818598.738819413,0
67159,24819180.71081577,0
67160,24819762.589978304,0
67161,24820344.37277631,0
67162,24820926.063717414,0
67163,24821507.660092127,0
67164,24822089.16074545,0
67165,24822670.56589964,0
67166,24823251.877454415,0
67167,24823833.09324753,0
67168,24824414.217132244,0
67169,24824995.24236098,0
67170,24825576.175530065,0
67171,24826157.011792187,0
67172,24826737.752149023,0
67173,24827318.39773758,0
67174,24827898.94823982,0
67175,24828479.402619854,0
67176,24829059.757764474,0
67177,24829640.023409277,0
67178,24830220.189990416,0
67179,24830800.26059588,0
67180,24831380.23547358,0
67181,24831960.113196503,0
67182,24832539.893343896,0
67183,24833119.58098909,0
67184,24833699.169151377,0
67185,24834278.66215055,0
67186,24834858.061039746,0
67187,24835437.358844884,0
67188,24836016.562236216,0
67189,24836595.66761484,0
67190,24837174.67756441,0
67191,24837753.58779421,0
67192,24838332.40140147,0
67193,24838911.12045179,0
67194,24839489.73804316,0
67195,24840068.26103616,0
67196,24840646.6856063,0
67197,24841225.010675747,0
67198,24841803.241873592,0
67199,24842381.373475503,0
67200,24842959.40419604,0
67201,24843537.340514045,0
67202,24844115.178832386,0
67203,24844692.91463524,0
67204,24845270.55732409,0
67205,24845848.097454846,0
67206,24846425.54187334,0
67207,24847002.886857606,0
67208,24847580.13206028,0
67209,24848157.27969801,0
67210,24848734.32901364,0
67211,24849311.279954724,0
67212,24849888.12947134,0
67213,24850464.87859114,0
67214,24851041.532670252,0
67215,24851618.084860735,0
67216,24852194.537349574,0
67217,24852770.891162753,0
67218,24853347.146076106,0
67219,24853923.298253007,0
67220,24854499.353599105,0
67221,24855075.307602983,0
67222,24855651.16243974,0
67223,24856226.917953484,0
67224,24856802.571859606,0
67225,24857378.12637692,0
67226,24857953.576961987,0
67227,24858528.93197702,0
67228,24859104.184599735,0
67229,24859679.334863126,0
67230,24860254.386849433,0
67231,24860829.337701388,0
67232,24861404.18728334,0
67233,24861978.93551175,0
67234,24862553.58026344,0
67235,24863128.12744985,0
67236,24863702.571077745,0
67237,24864276.915717382,0
67238,24864851.15690328,0
67239,24865425.29672203,0
67240,24865999.338836104,0
67241,24866573.271153994,0
67242,24867147.106848124,0
67243,24867720.840030663,0
67244,24868294.470532723,0
67245,24868867.99921798,0
67246,24869441.425208233,0
67247,24870014.748391125,0
67248,24870587.970163126,0
67249,24871161.08839525,0
67250,24871734.104583684,0
67251,24872307.01756391,0
67252,24872879.8304147,0
67253,24873452.5385712,0
67254,24874025.141722307,0
67255,24874597.64398267,0
67256,24875170.04422577,0
67257,24875742.339035545,0
67258,24876314.53072089,0
67259,24876886.61855043,0
67260,24877458.602546286,0
67261,24878030.483900152,0
67262,24878602.262147173,0
67263,24879173.936008595,0
67264,24879745.504327573,0
67265,24880316.972243845,0
67266,24880888.333988126,0
67267,24881459.59074556,0
67268,24882030.74452098,0
67269,24882601.79232295,0
67270,24883172.736134075,0
67271,24883743.575501084,0
67272,24884314.310044132,0
67273,24884884.94049498,0
67274,24885455.464732848,0
67275,24886025.886004783,0
67276,24886596.200182457,0
67277,24887166.410666704,0
67278,24887736.517573707,0
67279,24888306.5170725,0
67280,24888876.409172393,0
67281,24889446.19947977,0
67282,24890015.88100864,0
67283,24890585.458214413,0
67284,24891154.931752365,0
67285,24891724.294854596,0
67286,24892293.553764272,0
67287,24892862.70840891,0
67288,24893431.755822245,0
67289,24894000.697134286,0
67290,24894569.53050991,0
67291,24895138.260851722,0
67292,24895706.884119917,0
67293,24896275.397607915,0
67294,24896843.80543424,0
67295,24897412.107845742,0
67296,24897980.301854063,0
67297,24898548.38942389,0
67298,24899116.369764786,0
67299,24899684.24334413,0
67300,24900252.008701023,0
67301,24900819.666081075,0
67302,24901387.22067457,0
67303,24901954.662897713,0
67304,24902521.997540083,0
67305,24903089.226705253,0
67306,24903656.3454817,0
67307,24904223.35930138,0
67308,24904790.263930928,0
67309,24905357.060353618,0
67310,24905923.747792985,0
67311,24906490.326615654,0
67312,24907056.798995666,0
67313,24907623.1600762,0
67314,24908189.41498068,0
67315,24908755.55931121,0
67316,24909321.596839342,0
67317,24909887.525789678,0
67318,24910453.34377794,0
67319,24911019.05356689,0
67320,24911584.654234957,0
67321,24912150.14427081,0
67322,24912715.525337324,0
67323,24913280.79678244,0
67324,24913845.960440535,0
67325,24914411.014899384,0
67326,24914975.95628316,0
67327,24915540.792209115,0
67328,24916105.516330868,0
67329,24916670.12807312,0
67330,24917234.63421877,0
67331,24917799.026428733,0
67332,24918363.308440436,0
67333,24918927.481229972,0
67334,24919491.545242142,0
67335,24920055.49719204,0
67336,24920619.338242892,0
67337,24921183.06969247,0
67338,24921746.68826945,0
67339,24922310.196239278,0
67340,24922873.594078507,0
67341,24923436.881933253,0
67342,24924000.054963883,0
67343,24924563.120162662,0
67344,24925126.07272082,0
67345,24925688.914550167,0
67346,24926251.643056475,0
67347,24926814.25971812,0
67348,24927376.76681567,0
67349,24927939.161417007,0
67350,24928501.442943472,0
67351,24929063.613944527,0
67352,24929625.669430595,0
67353,24930187.616220344,0
67354,24930749.449682254,0
67355,24931311.171311278,0
67356,24931872.77977167,0
67357,24932434.27460696,0
67358,24932995.657216087,0
67359,24933556.927949425,0
67360,24934118.083901677,0
67361,24934679.128837127,0
67362,24935240.061090034,0
67363,24935800.878883284,0
67364,24936361.58259953,0
67365,24936922.17384101,0
67366,24937482.651719965,0
67367,24938043.01612715,0
67368,24938603.26769162,0
67369,24939163.40568694,0
67370,24939723.428910475,0
67371,24940283.335836843,0
67372,24940843.132233124,0
67373,24941402.813209873,0
67374,24941962.37995206,0
67375,24942521.83126895,0
67376,24943081.169609036,0
67377,24943640.394307885,0
67378,24944199.50260282,0
67379,24944758.497422036,0
67380,24945317.375887457,0
67381,24945876.14111317,0
67382,24946434.79000908,0
67383,24946993.326292586,0
67384,24947551.7452168,0
67385,24948110.050125293,0
67386,24948668.23845181,0
67387,24949226.312583696,0
67388,24949784.27215997,0
67389,24950342.112221424,0
67390,24950899.839917008,0
67391,24951457.449643098,0
67392,24952014.94515004,0
67393,24952572.32474404,0
67394,24953129.587459072,0
67395,24953686.734593473,0
67396,24954243.765314486,0
67397,24954800.679113235,0
67398,24955357.477000464,0
67399,24955914.157372806,0
67400,24956470.720864993,0
67401,24957027.170088653,0
67402,24957583.499768108,0
67403,24958139.71477833,0
67404,24958695.809744168,0
67405,24959251.790444493,0
67406,24959807.65270283,0
67407,24960363.399079308,0
67408,24960919.026008073,0
67409,24961474.53698015,0
67410,24962029.92967857,0
67411,24962585.20600364,0
67412,24963140.362832263,0
67413,24963695.402172897,0
67414,24964250.323469207,0
67415,24964805.126197763,0
67416,24965359.81146081,0
67417,24965914.37975045,0
67418,24966468.826864358,0
67419,24967023.158621874,0
67420,24967577.370630115,0
67421,24968131.462364104,0
67422,24968685.438265517,0
67423,24969239.294076372,0
67424,24969793.033005007,0
67425,24970346.648806114,0
67426,24970900.148462787,0
67427,24971453.52765204,0
67428,24972006.787814688,0
67429,24972559.929377634,0
67430,24973112.94864141,0
67431,24973665.851985533,0
67432,24974218.63470384,0
67433,24974771.296073545,0
67434,24975323.8397745,0
67435,24975876.26277836,0
67436,24976428.565363064,0
67437,24976980.74738242,0
67438,24977532.810051426,0
67439,24978084.75272325,0
67440,24978636.575277038,0
67441,24979188.276352227,0
67442,24979739.857243665,0
67443,24980291.316929348,0
67444,24980842.655671604,0
67445,24981393.874698278,0
67446,24981944.971713442,0
67447,24982495.94601383,0
67448,24983046.804384418,0
67449,24983597.538260963,0
67450,24984148.152554538,0
67451,24984698.643383596,0
67452,24985249.013033435,0
67453,24985799.25981295,0
67454,24986349.388386216,0
67455,24986899.392267104,0
67456,24987449.274639625,0
67457,24987999.035102703,0
67458,24988548.674043648,0
67459,24989098.191085737,0
67460,24989647.584696252,0
67461,24990196.85778528,0
67462,24990746.007155363,0
67463,24991295.035036843,0
67464,24991843.938593034,0
67465,24992392.718582015,0
67466,24992941.378929164,0
67467,24993489.914026726,0
67468,24994038.327464033,0
67469,24994586.616915714,0
67470,24995134.786549017,0
67471,24995682.82742508,0
67472,24996230.748401634,0
67473,24996778.543816235,0
67474,24997326.216760043,0
67475,24997873.76570804,0
67476,24998421.19092198,0
67477,24998968.492522735,0
67478,24999515.671202656,0
67479,25000062.724356323,0
67480,25000609.655197106,0
67481,25001156.458869576,0
67482,25001703.139711764,0
67483,25002249.696509663,0
67484,25002796.129044883,0
67485,25003342.435920406,0
67486,25003888.619817216,0
67487,25004434.678924598,0
67488,25004980.610155337,0
67489,25005526.417722244,0
67490,25006072.098282553,0
67491,25006617.659438685,0
67492,25007163.091791295,0
67493,25007708.399254702,0
67494,25008253.580224693,0
67495,25008798.63464613,0
67496,25009343.56516201,0
67497,25009888.369839866,0
67498,25010433.0499913,0
67499,25010977.602274373,0
67500,25011522.03088908,0
67501,25012066.33040944,0
67502,25012610.505409386,0
67503,25013154.554462574,0
67504,25013698.475798596,0
67505,25014242.270968832,0
67506,25014785.939092252,0
67507,25015329.484198596,0
67508,25015872.897949908,0
67509,25016416.187238105,0
67510,25016959.349053867,0
67511,25017502.38212696,0
67512,25018045.292103834,0
67513,25018588.073623117,0
67514,25019130.7262574,0
67515,25019673.25058618,0
67516,25020215.650172435,0
67517,25020757.917937,0
67518,25021300.06335974,0
67519,25021842.076863196,0
67520,25022383.96574539,0
67521,25022925.724018473,0
67522,25023467.353913248,0
67523,25024008.85833429,0
67524,25024550.232799336,0
67525,25025091.479395676,0
67526,25025632.59626852,0
67527,25026173.585272897,0
67528,25026714.44779788,0
67529,25027255.179130323,0
67530,25027795.78296256,0
67531,25028336.2572225,0
67532,25028876.60264578,0
67533,25029416.81972441,0
67534,25029956.905277606,0
67535,25030496.861764416,0
67536,25031036.690288167,0
67537,25031576.389595293,0
67538,25032115.959349893,0
67539,25032655.400106657,0
67540,25033194.708418462,0
67541,25033733.89021813,0
67542,25034272.94034095,0
67543,25034811.858999275,0
67544,25035350.64906155,0
67545,25035889.307608757,0
67546,25036427.839065015,0
67547,25036966.235649884,0
67548,25037504.505884062,0
67549,25038042.641443465,0
67550,25038580.65021494,0
67551,25039118.5269993,0
67552,25039656.27222109,0
67553,25040193.885297332,0
67554,25040731.36887658,0
67555,25041268.72290261,0
67556,25041805.9418196,0
67557,25042343.031463783,0
67558,25042879.99160518,0
67559,25043416.81666488,0
67560,25043953.511667073,0
67561,25044490.07682978,0
67562,25045026.505794954,0
67563,25045562.805244725,0
67564,25046098.973684233,0
67565,25046635.008965433,0
67566,25047170.911388226,0
67567,25047706.68391797,0
67568,25048242.32169065,0
67569,25048777.82782803,0
67570,25049313.201277364,0
67571,25049848.44109059,0
67572,25050383.5494179,0
67573,25050918.523900736,0
67574,25051453.368925195,0
67575,25051988.077053457,0
67576,25052522.654180225,0
67577,25053057.095643423,0
67578,25053591.40683077,0
67579,25054125.58024188,0
67580,25054659.625500083,0
67581,25055193.533518996,0
67582,25055727.30758633,0
67583,25056260.947736274,0
67584,25056794.45876588,0
67585,25057327.832983896,0
67586,25057861.071717154,0
67587,25058394.177756507,0
67588,25058927.14884145,0
67589,25059459.985341962,0
67590,25059992.68869312,0
67591,25060525.254166108,0
67592,25061057.68902029,0
67593,25061589.988157645,0
67594,25062122.150762998,0
67595,25062654.180286326,0
67596,25063186.072668582,0
67597,25063717.83263615,0
67598,25064249.455360744,0
67599,25064780.943798035,0
67600,25065312.297739178,0
67601,25065843.51278298,0
67602,25066374.595262058,0
67603,25066905.543223474,0
67604,25067436.35273133,0
67605,25067967.026693,0
67606,25068497.566473886,0
67607,25069027.96747436,0
67608,25069558.233869135,0
67609,25070088.36500286,0
67610,25070618.35895578,0
67611,25071148.2158225,0
67612,25071677.93726618,0
67613,25072207.523228124,0
67614,25072736.969529968,0
67615,25073266.279299874,0
67616,25073795.454477057,0
67617,25074324.489361234,0
67618,25074853.393051863,0
67619,25075382.15305016,0
67620,25075910.779984042,0
67621,25076439.268130813,0
67622,25076967.617935386,0
67623,25077495.833225705,0
67624,25078023.90956306,0
67625,25078551.844611686,0
67626,25079079.64610688,0
67627,25079607.306531608,0
67628,25080134.832958188,0
67629,25080662.218919467,0
67630,25081189.46648844,0
67631,25081716.57335972,0
67632,25082243.54562982,0
67633,25082770.37832535,0
67634,25083297.07237103,0
67635,25083823.629746325,0
67636,25084350.043301634,0
67637,25084876.32334774,0
67638,25085402.462604128,0
67639,25085928.461022276,0
67640,25086454.322963446,0
67641,25086980.044409435,0
67642,25087505.625886887,0
67643,25088031.070024192,0
67644,25088556.371667158,0
67645,25089081.536972843,0
67646,25089606.559995465,0
67647,25090131.443744887,0
67648,25090656.188144784,0
67649,25091180.791317657,0
67650,25091705.256613333,0
67651,25092229.579960518,0
67652,25092753.765198853,0
67653,25093277.809336558,0
67654,25093801.711951666,0
67655,25094325.47330328,0
67656,25094849.0956419,0
67657,25095372.577350367,0
67658,25095895.917751398,0
67659,25096419.118495323,0
67660,25096942.17591203,0
67661,25097465.09276786,0
67662,25097987.86886196,0
67663,25098510.50326075,0
67664,25099032.99707921,0
67665,25099555.349792045,0
67666,25100077.558795955,0
67667,25100599.628678985,0
67668,25101121.55517003,0
67669,25101643.34215755,0
67670,25102164.98395281,0
67671,25102686.485166196,0
67672,25103207.843032677,0
67673,25103729.062179133,0
67674,25104250.135729764,0
67675,25104771.068683207,0
67676,25105291.85672557,0
67677,25105812.503899265,0
67678,25106333.006828625,0
67679,25106853.37155552,0
67680,25107373.588711195,0
67681,25107893.665854346,0
67682,25108413.596238203,0
67683,25108933.386486422,0
67684,25109453.033179007,0
67685,25109972.53533857,0
67686,25110491.894055545,0
67687,25111011.10975656,0
67688,25111530.18209669,0
67689,25112049.11360248,0
67690,25112567.89498106,0
67691,25113086.53437505,0
67692,25113605.033152223,0
67693,25114123.385794114,0
67694,25114641.593916237,0
67695,25115159.65778542,0
67696,25115677.577927116,0
67697,25116195.352202088,0
67698,25116712.98605332,0
67699,25117230.470611382,0
67700,25117747.81182054,0
67701,25118265.009241123,0
67702,25118782.062444612,0
67703,25119298.965841163,0
67704,25119815.727927696,0
67705,25120332.34457711,0
67706,25120848.81530284,0
67707,25121365.140941754,0
67708,25121881.320874725,0
67709,25122397.353867196,0
67710,25122913.24410236,0
67711,25123428.985637553,0
67712,25123944.582992807,0
67713,25124460.03431558,0
67714,25124975.337910883,0
67715,25125490.497815806,0
67716,25126005.51050768,0
67717,25126520.37415052,0
67718,25127035.09715937,0
67719,25127549.668116767,0
67720,25128064.095756784,0
67721,25128578.376837347,0
67722,25129092.508969434,0
67723,25129606.495452162,0
67724,25130120.33461338,0
67725,25130634.0250041,0
67726,25131147.56926006,0
67727,25131660.96822707,0
67728,25132174.218659766,0
67729,25132687.321712535,0
67730,25133200.276484445,0
67731,25133713.082645826,0
67732,25134225.743696593,0
67733,25134738.252546377,0
67734,25135250.619809307,0
67735,25135762.833501127,0
67736,25136274.901203737,0
67737,25136786.824103467,0
67738,25137298.5928562,0
67739,25137810.215317022,0
67740,25138321.688688263,0
67741,25138833.015955035,0
67742,25139344.193284925,0
67743,25139855.22033422,0
67744,25140366.097852156,0
67745,25140876.83196822,0
67746,25141387.411327705,0
67747,25141897.843420107,0
67748,25142408.12655669,0
67749,25142918.25929975,0
67750,25143428.245450165,0
67751,25143938.079438962,0
67752,25144447.764107652,0
67753,25144957.30111596,0
67754,25145466.68347543,0
67755,25145975.9209079,0
67756,25146485.00286172,0
67757,25146993.94108654,0
67758,25147502.72786698,0
67759,25148011.359439883,0
67760,25148519.846636068,0
67761,25149028.177639488,0
67762,25149536.364564452,0
67763,25150044.39483008,0
67764,25150552.276601024,0
67765,25151060.008009873,0
67766,25151567.588840272,0
67767,25152075.017884795,0
67768,25152582.296084665,0
67769,25153089.42333138,0
67770,25153596.39881745,0
67771,25154103.222737294,0
67772,25154609.89493895,0
67773,25155116.416862994,0
67774,25155622.786173403,0
67775,25156129.00370521,0
67776,25156635.069075625,0
67777,25157140.982113816,0
67778,25157646.744544778,0
67779,25158152.353698414,0
67780,25158657.809162304,0
67781,25159163.11713398,0
67782,25159668.26886068,0
67783,25160173.268513,0
67784,25160678.116362985,0
67785,25161182.809667185,0
67786,25161687.35355055,0
67787,25162191.742258362,0
67788,25162695.975747887,0
67789,25163200.05904009,0
67790,25163703.989920422,0
67791,25164207.765781652,0
67792,25164711.388429992,0
67793,25165214.85832937,0
67794,25165718.17189549,0
67795,25166221.335065246,0
67796,25166724.343853064,0
67797,25167227.199840523,0
67798,25167729.89760731,0
67799,25168232.446593072,0
67800,25168734.838559646,0
67801,25169237.077891838,0
67802,25169739.162039217,0
67803,25170241.092512187,0
67804,25170742.864722177,0
67805,25171244.485561438,0
67806,25171745.952230193,0
67807,25172247.264607884,0
67808,25172748.419775475,0
67809,25173249.420614656,0
67810,25173750.267841343,0
67811,25174250.95717045,0
67812,25174751.49443758,0
67813,25175251.8753592,0
67814,25175752.098389264,0
67815,25176252.1663794,0
67816,25176752.08183601,0
67817,25177251.8413771,0
67818,25177751.442456324,0
67819,25178250.886910558,0
67820,25178750.179880515,0
67821,25179249.313635834,0
67822,25179748.29188308,0
67823,25180247.11377848,0
67824,25180745.777490582,0
67825,25181244.28801099,0
67826,25181742.638664357,0
67827,25182240.833830193,0
67828,25182738.87313565,0
67829,25183236.75676724,0
67830,25183734.48083868,0
67831,25184232.050866652,0
67832,25184729.46152493,0
67833,25185226.714886382,0
67834,25185723.812083285,0
67835,25186220.748614237,0
67836,25186717.532333445,0
67837,25187214.155946665,0
67838,25187710.620408863,0
67839,25188206.92949262,0
67840,25188703.080711402,0
67841,25189199.07337357,0
67842,25189694.908150315,0
67843,25190190.584048472,0
67844,25190686.104375955,0
67845,25191181.46155012,0
67846,25191676.663032304,0
67847,25192171.7062191,0
67848,25192666.59082829,0
67849,25193161.316336628,0
67850,25193655.885506663,0
67851,25194150.29104223,0
67852,25194644.540456332,0
67853,25195138.6291024,0
67854,25195632.56049833,0
67855,25196126.332894113,0
67856,25196619.944927238,0
67857,25197113.397720028,0
67858,25197606.68866889,0
67859,25198099.822271675,0
67860,25198592.797295492,0
67861,25199085.610147074,0
67862,25199578.263871226,0
67863,25200070.75825562,0
67864,25200563.09227573,0
67865,25201055.26398018,0
67866,25201547.277667362,0
67867,25202039.130342305,0
67868,25202530.821689896,0
67869,25203022.35456644,0
67870,25203513.724653795,0
67871,25204004.935338315,0
67872,25204495.98527441,0
67873,25204986.87321219,0
67874,25205477.599318836,0
67875,25205968.166521866,0
67876,25206458.571325492,0
67877,25206948.81415693,0
67878,25207438.89595562,0
67879,25207928.817548905,0
67880,25208418.57495585,0
67881,25208908.172531612,0
67882,25209397.607757486,0
67883,25209886.881371256,0
67884,25210375.993654337,0
67885,25210864.9446592,0
67886,25211353.731499836,0
67887,25211842.357015796,0
67888,25212330.817926094,0
67889,25212819.116709743,0
67890,25213307.255753294,0
67891,25213795.232460566,0
67892,25214283.04318048,0
67893,25214770.692958493,0
67894,25215258.179243654,0
67895,25215745.503611714,0
67896,25216232.66408522,0
67897,25216719.658837054,0
67898,25217206.49178471,0
67899,25217693.165302206,0
67900,25218179.67137728,0
67901,25218666.015604597,0
67902,25219152.194350675,0
67903,25219638.211063612,0
67904,25220124.062454943,0
67905,25220609.749960378,0
67906,25221095.274321713,0
67907,25221580.63444341,0
67908,25222065.830878194,0
67909,25222550.861418463,0
67910,25223035.727415714,0
67911,25223520.432530694,0
67912,25224004.968943056,0
67913,25224489.343052205,0
67914,25224973.54885831,0
67915,25225457.593063474,0
67916,25225941.471887264,0
67917,25226425.185653184,0
67918,25226908.731232606,0
67919,25227392.114119537,0
67920,25227875.33281193,0
67921,25228358.38606149,0
67922,25228841.27133493,0
67923,25229323.99273212,0
67924,25229806.548026852,0
67925,25230288.93643378,0
67926,25230771.162090957,0
67927,25231253.217180338,0
67928,25231735.107149467,0
67929,25232216.83326829,0
67930,25232698.392156597,0
67931,25233179.78551317,0
67932,25233661.011430256,0
67933,25234142.071080506,0
67934,25234622.96499094,0
67935,25235103.688993372,0
67936,25235584.248805247,0
67937,25236064.639560144,0
67938,25236544.86529426,0
67939,25237024.922517255,0
67940,25237504.813345876,0
67941,25237984.53696539,0
67942,25238464.093667887,0
67943,25238943.48100264,0
67944,25239422.7017664,0
67945,25239901.755203545,0
67946,25240380.641042665,0
67947,25240859.35614353,0
67948,25241337.907202974,0
67949,25241816.286961947,0
67950,25242294.502769146,0
67951,25242772.546705034,0
67952,25243250.424145162,0
67953,25243728.12935852,0
67954,25244205.67041813,0
67955,25244683.042386524,0
67956,25245160.24512132,0
67957,25245637.277447164,0
67958,25246114.141133536,0
67959,25246590.836747162,0
67960,25247067.362328768,0
67961,25247543.721992042,0
67962,25248019.909049872,0
67963,25248495.926706105,0
67964,25248971.77644017,0
67965,25249447.455227073,0
67966,25249922.964814577,0
67967,25250398.304382417,0
67968,25250873.47457195,0
67969,25251348.47591914,0
67970,25251823.30677773,0
67971,25252297.96545517,0
67972,25252772.454836328,0
67973,25253246.776101854,0
67974,25253720.924337953,0
67975,25254194.900631897,0
67976,25254668.710166484,0
67977,25255142.348656736,0
67978,25255615.813930206,0
67979,25256089.11042481,0
67980,25256562.233811546,0
67981,25257035.18826146,0
67982,25257507.970044676,0
67983,25257980.58110669,0
67984,25258453.021441106,0
67985,25258925.29149496,0
67986,25259397.387929574,0
67987,25259869.31482904,0
67988,25260341.065724876,0
67989,25260812.64907466,0
67990,25261284.059740435,0
67991,25261755.296827454,0
67992,25262226.36257954,0
67993,25262697.25511263,0
67994,25263167.9764915,0
67995,25263638.524233855,0
67996,25264108.898911174,0
67997,25264579.105655793,0
67998,25265049.13570655,0
67999,25265518.99470871,0
68000,25265988.679935012,0
68001,25266458.193778716,0
68002,25266927.532921374,0
68003,25267396.700924013,0
68004,25267865.692275085,0
68005,25268334.513202958,0
68006,25268803.159454558,0
68007,25269271.632480387,0
68008,25269739.93223887,0
68009,25270208.05969647,0
68010,25270676.01110469,0
68011,25271143.788022995,0
68012,25271611.39212491,0
68013,25272078.822154943,0
68014,25272546.079106413,0
68015,25273013.159286544,0
68016,25273480.06806427,0
68017,25273946.801710572,0
68018,25274413.359130077,0
68019,25274879.7438081,0
68020,25275345.953236308,0
68021,25275811.98561029,0
68022,25276277.84708522,0
68023,25276743.530937616,0
68024,25277209.042679623,0
68025,25277674.375290528,0
68026,25278139.533165023,0
68027,25278604.515896223,0
68028,25279069.32583751,0
68029,25279533.959818132,0
68030,25279998.414889693,0
68031,25280462.697056457,0
68032,25280926.80290018,0
68033,25281390.732343517,0
68034,25281854.485131647,0
68035,25282318.06184841,0
68036,25282781.463415496,0
68037,25283244.68747812,0
68038,25283707.736088816,0
68039,25284170.610022437,0
68040,25284633.304793168,0
68041,25285095.823501773,0
68042,25285558.16449046,0
68043,25286020.33154281,0
68044,25286482.318301614,0
68045,25286944.129811257,0
68046,25287405.764855016,0
68047,25287867.21974834,0
68048,25288328.499294084,0
68049,25288789.603005454,0
68050,25289250.527319044,0
68051,25289711.273779508,0
68052,25290171.840493016,0
68053,25290632.235395554,0
68054,25291092.447069637,0
68055,25291552.482687097,0
68056,25292012.34058516,0
68057,25292472.01894322,0
68058,25292931.522459578,0
68059,25293390.84416428,0
68060,25293849.989000052,0
68061,25294308.953298993,0
68062,25294767.742204133,0
68063,25295226.351062827,0
68064,25295684.777970675,0
68065,25296143.02881739,0
68066,25296601.100832164,0
68067,25297058.99516167,0
68068,25297516.70782864,0
68069,25297974.241710126,0
68070,25298431.596897025,0
68071,25298888.773746684,0
68072,25299345.76579164,0
68073,25299802.58329513,0
68074,25300259.216847915,0
68075,25300715.676908415,0
68076,25301171.954031296,0
68077,25301628.0491518,0
68078,25302083.96650393,0
68079,25302539.700493023,0
68080,25302995.258377407,0
68081,25303450.635821816,0
68082,25303905.827959023,0
68083,25304360.84314443,0
68084,25304815.6758419,0
68085,25305270.329538297,0
68086,25305724.802532915,0
68087,25306179.09312642,0
68088,25306633.202472735,0
68089,25307087.131356694,0
68090,25307540.87793391,0
68091,25307994.44647975,0
68092,25308447.831109773,0
68093,25308901.032483898,0
68094,25309354.055680413,0
68095,25309806.89463603,0
68096,25310259.55336571,0
68097,25310712.030998036,0
68098,25311164.32555473,0
68099,25311616.43757525,0
68100,25312068.366719607,0
68101,25312520.115310825,0
68102,25312971.679578345,0
68103,25313423.064151883,0
68104,25313874.263883192,0
68105,25314325.281290084,0
68106,25314776.116167378,0
68107,25315226.769880533,0
68108,25315677.238452524,0
68109,25316127.52447542,0
68110,25316577.62774219,0
68111,25317027.547064763,0
68112,25317477.285255708,0
68113,25317926.838773116,0
68114,25318376.206922993,0
68115,25318825.393676598,0
68116,25319274.39578836,0
68117,25319723.217567727,0
68118,25320171.852057643,0
68119,25320620.303675856,0
68120,25321068.57128792,0
68121,25321516.65307267,0
68122,25321964.55131604,0
68123,25322412.265997753,0
68124,25322859.795174755,0
68125,25323307.140530255,0
68126,25323754.30183188,0
68127,25324201.278233886,0
68128,25324648.0682694,0
68129,25325094.675265502,0
68130,25325541.09683556,0
68131,25325987.33333611,0
68132,25326433.38667343,0
68133,25326879.251841743,0
68134,25327324.932782404,0
68135,25327770.428722914,0
68136,25328215.739000715,0
68137,25328660.862850975,0
68138,25329105.802536976,0
68139,25329550.55363617,0
68140,25329995.120591555,0
68141,25330439.500593845,0
68142,25330883.694023713,0
68143,25331327.70453675,0
68144,25331771.52758922,0
68145,25332215.161885384,0
68146,25332658.611560814,0
68147,25333101.8759244,0
68148,25333544.951162826,0
68149,25333987.83979862,0
68150,25334430.542443335,0
68151,25334873.059813008,0
68152,25335315.387763992,0
68153,25335757.529378135,0
68154,25336199.482568957,0
68155,25336641.25155461,0
68156,25337082.831849694,0
68157,25337524.222711977,0
68158,25337965.428165413,0
68159,25338406.444362357,0
68160,25338847.274614632,0
68161,25339287.9159114,0
68162,25339728.368482284,0
68163,25340168.63214753,0
68164,25340608.71074967,0
68165,25341048.600941084,0
68166,25341488.302207805,0
68167,25341927.81303339,0
68168,25342367.138790842,0
68169,25342806.274149124,0
68170,25343245.219870523,0
68171,25343683.975767773,0
68172,25344122.546468418,0
68173,25344560.92510066,0
68174,25344999.115863442,0
68175,25345437.118569862,0
68176,25345874.930955257,0
68177,25346312.55404914,0
68178,25346749.987879947,0
68179,25347187.231266525,0
68180,25347624.28435249,0
68181,25348061.152646463,0
68182,25348497.82512671,0
68183,25348934.309857186,0
68184,25349370.604412876,0
68185,25349806.71074967,0
68186,25350242.625423346,0
68187,25350678.349783443,0
68188,25351113.885551725,0
68189,25351549.228401918,0
68190,25351984.379863173,0
68191,25352419.345446702,0
68192,25352854.11361103,0
68193,25353288.69593249,0
68194,25353723.08531552,0
68195,25354157.28539629,0
68196,25354591.293531615,0
68197,25355025.10914881,0
68198,25355458.735982046,0
68199,25355892.169111226,0
68200,25356325.412871458,0
68201,25356758.463262588,0
68202,25357191.321117073,0
68203,25357623.990137167,0
68204,25358056.46407632,0
68205,25358488.7490406,0
68206,25358920.840593103,0
68207,25359352.739069097,0
68208,25359784.44488551,0
68209,25360215.963332433,0
68210,25360647.28483665,0
68211,25361078.414496787,0
68212,25361509.351955757,0
68213,25361940.097682085,0
68214,25362370.650879372,0
68215,25362801.008707263,0
68216,25363231.174313147,0
68217,25363661.14731049,0
68218,25364090.927312303,0
68219,25364520.512620263,0
68220,25364949.907543845,0
68221,25365379.1055492,0
68222,25365808.113675885,0
68223,25366236.925517015,0
68224,25366665.545896415,0
68225,25367093.970647976,0
68226,25367522.20125485,0
68227,25367950.23794225,0
68228,25368378.083692063,0
68229,25368805.73121561,0
68230,25369233.187858097,0
68231,25369660.44534077,0
68232,25370087.51231695,0
68233,25370514.381768778,0
68234,25370941.061583992,0
68235,25371367.54374005,0
68236,25371793.829543877,0
68237,25372219.921821844,0
68238,25372645.819402274,0
68239,25373071.521759763,0
68240,25373497.028450683,0
68241,25373922.341810353,0
68242,25374347.456595752,0
68243,25374772.37602646,0
68244,25375197.102956396,0
68245,25375621.632324703,0
68246,25376045.96539972,0
68247,25376470.104918774,0
68248,25376894.04488471,0
68249,25377317.79323886,0
68250,25377741.342745423,0
68251,25378164.69591607,0
68252,25378587.852722146,0
68253,25379010.81338823,0
68254,25379433.580218874,0
68255,25379856.146932535,0
68256,25380278.516764604,0
68257,25380700.6928665,0
68258,25381122.670170963,0
68259,25381544.452461105,0
68260,25381966.034185432,0
68261,25382387.421978604,0
68262,25382808.609941974,0
68263,25383229.60080769,0
68264,25383650.39686364,0
68265,25384070.994493835,0
68266,25384491.393456,0
68267,25384911.594431862,0
68268,25385331.598887123,0
68269,25385751.40394245,0
68270,25386171.011754055,0
68271,25386590.420024376,0
68272,25387009.633366317,0
68273,25387428.648058385,0
68274,25387847.45995752,0
68275,25388266.076878395,0
68276,25388684.495921705,0
68277,25389102.714319773,0
68278,25389520.737062182,0
68279,25389938.55653582,0
68280,25390356.181919713,0
68281,25390773.60621679,0
68282,25391190.83074757,0
68283,25391607.855801452,0
68284,25392024.68272506,0
68285,25392441.30807206,0
68286,25392857.737057645,0
68287,25393273.96419148,0
68288,25393689.99406123,0
68289,25394105.822497252,0
68290,25394521.44975643,0
68291,25394936.879768897,0
68292,25395352.108638633,0
68293,25395767.13648501,0
68294,25396181.965487625,0
68295,25396596.59418271,0
68296,25397011.021027617,0
68297,25397425.24792621,0
68298,25397839.27578956,0
68299,25398253.103123955,0
68300,25398666.726803437,0
68301,25399080.15106319,0
68302,25399493.374133408,0
68303,25399906.398545362,0
68304,25400319.21960576,0
68305,25400731.838692922,0
68306,25401144.256841116,0
68307,25401556.474209275,0
68308,25401968.490023382,0
68309,25402380.30466123,0
68310,25402791.91717965,0
68311,25403203.327805843,0
68312,25403614.53858758,0
68313,25404025.54601857,0
68314,25404436.34824463,0
68315,25404846.95151039,0
68316,25405257.3516362,0
68317,25405667.551066894,0
68318,25406077.546142306,0
68319,25406487.338661898,0
68320,25406896.931939825,0
68321,25407306.31866117,0
68322,25407715.502279285,0
68323,25408124.486957163,0
68324,25408533.263509214,0
68325,25408941.841397453,0
68326,25409350.21615647,0
68327,25409758.383299284,0
68328,25410166.349477593,0
68329,25410574.11282001,0
68330,25410981.674222935,0
68331,25411389.029184643,0
68332,25411796.179249413,0
68333,25412203.128162626,0
68334,25412609.8730346,0
68335,25413016.411932133,0
68336,25413422.747382164,0
68337,25413828.88156153,0
68338,25414234.80866859,0
68339,25414640.531785037,0
68340,25415046.05141357,0
68341,25415451.36344257,0
68342,25415856.473985493,0
68343,25416261.38174035,0
68344,25416666.07971796,0
68345,25417070.574897103,0
68346,25417474.864471857,0
68347,25417878.94750746,0
68348,25418282.828306366,0
68349,25418686.50451426,0
68350,25419089.972143594,0
68351,25419493.23611587,0
68352,25419896.294600822,0
68353,25420299.145686954,0
68354,25420701.791974124,0
68355,25421104.23398252,0
68356,25421506.468416277,0
68357,25421908.497767754,0
68358,25422310.31872952,0
68359,25422711.936024006,0
68360,25423113.347328644,0
68361,25423514.553257663,0
68362,25423915.547602,0
68363,25424316.338730656,0
68364,25424716.922438327,0
68365,25425117.299356572,0
68366,25425517.469986487,0
68367,25425917.43162356,0
68368,25426317.188447297,0
68369,25426716.738128223,0
68370,25427116.078745097,0
68371,25427515.214644905,0
68372,25427914.139369752,0
68373,25428312.861655094,0
68374,25428711.37263899,0
68375,25429109.67772737,0
68376,25429507.774478946,0
68377,25429905.66345311,0
68378,25430303.342893664,0
68379,25430700.81340113,0
68380,25431098.0777179,0
68381,25431495.134302467,0
68382,25431891.984026022,0
68383,25432288.62119415,0
68384,25432685.053131603,0
68385,25433081.275080256,0
68386,25433477.28928127,0
68387,25433873.09424258,0
68388,25434268.68932579,0
68389,25434664.076740455,0
68390,25435059.25245778,0
68391,25435454.22301859,0
68392,25435848.981295887,0
68393,25436243.531725686,0
68394,25436637.870793153,0
68395,25437032.00005416,0
68396,25437425.92392318,0
68397,25437819.634532478,0
68398,25438213.13746949,0
68399,25438606.428362362,0
68400,25438999.512554064,0
68401,25439392.382431258,0
68402,25439785.042274255,0
68403,25440177.492012322,0
68404,25440569.733419802,0
68405,25440961.76357507,0
68406,25441353.58364823,0
68407,25441745.193043355,0
68408,25442136.591736425,0
68409,25442527.780201178,0
68410,25442918.75443064,0
68411,25443309.519361217,0
68412,25443700.07591052,0
68413,25444090.41953092,0
68414,25444480.549524397,0
68415,25444870.47147708,0
68416,25445260.180139918,0
68417,25445649.67501529,0
68418,25446038.961769275,0
68419,25446428.035847317,0
68420,25446816.900374588,0
68421,25447205.54900796,0
68422,25447593.986068636,0
68423,25447982.21181468,0
68424,25448370.22465656,0
68425,25448758.02868999,0
68426,25449145.617007304,0
68427,25449532.993717298,0
68428,25449920.15570457,0
68429,25450307.108932164,0
68430,25450693.846386276,0
68431,25451080.37145477,0
68432,25451466.685290013,0
68433,25451852.783117082,0
68434,25452238.670889553,0
68435,25452624.34359932,0
68436,25453009.80476034,0
68437,25453395.05097941,0
68438,25453780.08306253,0
68439,25454164.90252911,0
68440,25454549.508423474,0
68441,25454933.899600558,0
68442,25455318.07669267,0
68443,25455702.04095203,0
68444,25456085.790070552,0
68445,25456469.327912383,0
68446,25456852.64882815,0
68447,25457235.755105805,0
68448,25457618.64746593,0
68449,25458001.32656012,0
68450,25458383.788422897,0
68451,25458766.037566267,0
68452,25459148.072609294,0
68453,25459529.894166674,0
68454,25459911.496285394,0
68455,25460292.88504432,0
68456,25460674.057540886,0
68457,25461055.016365718,0
68458,25461435.761884578,0
68459,25461816.287846252,0
68460,25462196.600617018,0
68461,25462576.69774265,0
68462,25462956.57760944,0
68463,25463336.24258264,0
68464,25463715.690516554,0
68465,25464094.9241746,0
68466,25464473.943032384,0
68467,25464852.742876176,0
68468,25465231.328574423,0
68469,25465609.69454235,0
68470,25465987.84869767,0
68471,25466365.783051845,0
68472,25466743.500179958,0
68473,25467121.004600942,0
68474,25467498.287056156,0
68475,25467875.357609224,0
68476,25468252.20755463,0
68477,25468628.840642348,0
68478,25469005.260135494,0
68479,25469381.458153505,0
68480,25469757.441042203,0
68481,25470133.204865422,0
68482,25470508.75125589,0
68483,25470884.07998331,0
68484,25471259.19230476,0
68485,25471634.0864396,0
68486,25472008.76294934,0
68487,25472383.219570555,0
68488,25472757.4601907,0
68489,25473131.482859578,0
68490,25473505.284541875,0
68491,25473878.86723385,0
68492,25474252.235565457,0
68493,25474625.38316908,0
68494,25474998.312215183,0
68495,25475371.021062672,0
68496,25475743.514398765,0
68497,25476115.786109548,0
68498,25476487.840018384,0
68499,25476859.675425857,0
68500,25477231.28879981,0
68501,25477602.685330093,0
68502,25477973.861647204,0
68503,25478344.818604536,0
68504,25478715.55565953,0
68505,25479086.073366467,0
68506,25479456.373312943,0
68507,25479826.449232932,0
68508,25480196.307989124,0
68509,25480565.94583876,0
68510,25480935.363682967,0
68511,25481304.561735794,0
68512,25481673.537945256,0
68513,25482042.296887808,0
68514,25482410.830968104,0
68515,25482779.147527218,0
68516,25483147.24161871,0
68517,25483515.118034065,0
68518,25483882.769673966,0
68519,25484250.20384356,0
68520,25484617.414788216,0
68521,25484984.404985927,0
68522,25485351.17497161,0
68523,25485717.720963918,0
68524,25486084.049324125,0
68525,25486450.152245663,0
68526,25486816.036225967,0
68527,25487181.69706584,0
68528,25487547.137549993,0
68529,25487912.353720292,0
68530,25488277.350645524,0
68531,25488642.124305267,0
68532,25489006.676313348,0
68533,25489371.005622804,0
68534,25489735.11135488,0
68535,25490098.998086166,0
68536,25490462.658761542,0
68537,25490826.09897159,0
68538,25491189.313693438,0
68539,25491552.308452375,0
68540,25491915.080966163,0
68541,25492277.629559476,0
68542,25492639.95330942,0
68543,25493002.054590616,0
68544,25493363.932151098,0
68545,25493725.5891946,0
68546,25494087.020445433,0
68547,25494448.22599318,0
68548,25494809.21119548,0
68549,25495169.97414304,0
68550,25495530.510015983,0
68551,25495890.82296336,0
68552,25496250.91306124,0
68553,25496610.7785869,0
68554,25496970.420576897,0
68555,25497329.834964547,0
68556,25497689.028494332,0
68557,25498047.994857978,0
68558,25498406.738673326,0
68559,25498765.258007515,0
68560,25499123.551595703,0
68561,25499481.619484905,0
68562,25499839.46556364,0
68563,25500197.084990382,0
68564,25500554.48071552,0
68565,25500911.64750189,0
68566,25501268.59110248,0
68567,25501625.3095142,0
68568,25501981.800670844,0
68569,25502338.0680137,0
68570,25502694.11085978,0
68571,25503049.92454561,0
68572,25503405.51578777,0
68573,25503760.880580764,0
68574,25504116.020239532,0
68575,25504470.9315434,0
68576,25504825.61562891,0
68577,25505180.076687183,0
68578,25505534.31051791,0
68579,25505888.31739044,0
68580,25506242.09790692,0
68581,25506595.65159636,0
68582,25506948.97776544,0
68583,25507302.07764858,0
68584,25507654.95043731,0
68585,25508007.597076196,0
68586,25508360.014369283,0
68587,25508712.20667886,0
68588,25509064.170621302,0
68589,25509415.908811547,0
68590,25509767.417704817,0
68591,25510118.700999673,0
68592,25510469.754406445,0
68593,25510820.58203975,0
68594,25511171.17764956,0
68595,25511521.549896527,0
68596,25511871.69438977,0
68597,25512221.60819536,0
68598,25512571.295751106,0
68599,25512920.753171694,0
68600,25513269.981826425,0
68601,25513618.985915657,0
68602,25513967.756251797,0
68603,25514316.30030234,0
68604,25514664.617248688,0
68605,25515012.702055447,0
68606,25515360.559276965,0
68607,25515708.188379936,0
68608,25516055.58942789,0
68609,25516402.760998745,0
68610,25516749.699815437,0
68611,25517096.410646345,0
68612,25517442.894682325,0
68613,25517789.14533544,0
68614,25518135.168344136,0
68615,25518480.9622855,0
68616,25518826.526242547,0
68617,25519171.858464897,0
68618,25519516.96130174,0
68619,25519861.837117553,0
68620,25520206.477051955,0
68621,25520550.889784433,0
68622,25520895.072181165,0
68623,25521239.024858497,0
68624,25521582.744999263,0
68625,25521926.236772653,0
68626,25522269.49563122,0
68627,25522612.52423892,0
68628,25522955.321926948,0
68629,25523297.8893596,0
68630,25523640.225601107,0
68631,25523982.329670366,0
68632,25524324.203180462,0
68633,25524665.84401492,0
68634,25525007.25442467,0
68635,25525348.433903668,0
68636,25525689.38112175,0
68637,25526030.096378375,0
68638,25526370.579212174,0
68639,25526710.831399534,0
68640,25527050.850837246,0
68641,25527390.638045635,0
68642,25527730.192648135,0
68643,25528069.516640507,0
68644,25528408.60652652,0
68645,25528747.46371016,0
68646,25529086.08967125,0
68647,25529424.48187191,0
68648,25529762.64234767,0
68649,25530100.570802815,0
68650,25530438.26360154,0
68651,25530775.724692114,0
68652,25531112.953818675,0
68653,25531449.947344676,0
68654,25531786.708871014,0
68655,25532123.23653851,0
68656,25532459.530468497,0
68657,25532795.592171337,0
68658,25533131.420615282,0
68659,25533467.011010896,0
68660,25533802.371430654,0
68661,25534137.49663754,0
68662,25534472.388307307,0
68663,25534807.047694296,0
68664,25535141.469508007,0
68665,25535475.659266748,0
68666,25535809.612345196,0
68667,25536143.332335755,0
68668,25536476.817340054,0
68669,25536810.070497688,0
68670,25537143.085749283,0
68671,25537475.86498082,0
68672,25537808.413275257,0
68673,25538140.722928643,0
68674,25538472.79955893,0
68675,25538804.639841713,0
68676,25539136.243727393,0
68677,25539467.61429487,0
68678,25539798.75093349,0
68679,25540129.649383016,0
68680,25540460.310602497,0
68681,25540790.739237793,0
68682,25541120.930355,0
68683,25541450.887294695,0
68684,25541780.605483223,0
68685,25542110.088316485,0
68686,25542439.336988527,0
68687,25542768.34828661,0
68688,25543097.121925436,0
68689,25543425.660035703,0
68690,25543753.95960647,0
68691,25544082.02417716,0
68692,25544409.851982985,0
68693,25544737.44539517,0
68694,25545064.798011087,0
68695,25545391.916230157,0
68696,25545718.79466986,0
68697,25546045.437891588,0
68698,25546371.84241527,0
68699,25546698.01079617,0
68700,25547023.93981388,0
68701,25547349.634011656,0
68702,25547675.089044426,0
68703,25548000.305100825,0
68704,25548325.286699258,0
68705,25548650.028370086,0
68706,25548974.530606713,0
68707,25549298.795397278,0
68708,25549622.82543655,0
68709,25549946.612745006,0
68710,25550270.160479713,0
68711,25550593.474299658,0
68712,25550916.54735111,0
68713,25551239.381867614,0
68714,25551561.979500428,0
68715,25551884.33561042,0
68716,25552206.453985114,0
68717,25552528.33215658,0
68718,25552849.972954065,0
68719,25553171.372304358,0
68720,25553492.534167375,0
68721,25553813.456267815,0
68722,25554134.137501903,0
68723,25554454.578780096,0
68724,25554774.782252163,0
68725,25555094.749551892,0
68726,25555414.471320957,0
68727,25555733.95484231,0
68728,25556053.19899362,0
68729,25556372.199738167,0
68730,25556690.963201955,0
68731,25557009.485566027,0
68732,25557327.771362748,0
68733,25557645.809843633,0
68734,25557963.613340337,0
68735,25558281.17199031,0
68736,25558598.492525455,0
68737,25558915.572638545,0
68738,25559232.40962874,0
68739,25559549.006141316,0
68740,25559865.364336584,0
68741,25560181.47480389,0
68742,25560497.348946974,0
68743,25560812.98142772,0
68744,25561128.37313018,0
68745,25561443.520342473,0
68746,25561758.428895026,0
68747,25562073.091516465,0
68748,25562387.517838433,0
68749,25562701.69908402,0
68750,25563015.63657442,0
68751,25563329.334941246,0
68752,25563642.789809987,0
68753,25563956.003319822,0
68754,25564268.974417005,0
68755,25564581.700464286,0
68756,25564894.18682306,0
68757,25565206.429329548,0
68758,25565518.42907277,0
68759,25565830.187409982,0
68760,25566141.700174402,0
68761,25566452.969819885,0
68762,25566763.999665,0
68763,25567074.785201013,0
68764,25567385.325103104,0
68765,25567695.624277767,0
68766,25568005.676977996,0
68767,25568315.488701694,0
68768,25568625.053942766,0
68769,25568934.37835111,0
68770,25569243.458732,0
68771,25569552.29489179,0
68772,25569860.886283293,0
68773,25570169.234627016,0
68774,25570477.33510254,0
68775,25570785.197080515,0
68776,25571092.809480153,0
68777,25571400.17906176,0
68778,25571707.30684681,0
68779,25572014.185549285,0
68780,25572320.8241692,0
68781,25572627.211818922,0
68782,25572933.359551847,0
68783,25573239.262461778,0
68784,25573544.918414373,0
68785,25573850.326054975,0
68786,25574155.4936718,0
68787,25574460.412875157,0
68788,25574765.089503247,0
68789,25575069.518617827,0
68790,25575373.701858502,0
68791,25575677.63978636,0
68792,25575981.33073528,0
68793,25576284.77711299,0
68794,25576587.97889999,0
68795,25576890.931215648,0
68796,25577193.638801213,0
68797,25577496.1018849,0
68798,25577798.31455324,0
68799,25578100.28572304,0
68800,25578402.00775341,0
68801,25578703.480461914,0
68802,25579004.710940182,0
68803,25579305.689562462,0
68804,25579606.426603813,0
68805,25579906.913253363,0
68806,25580207.155419093,0
68807,25580507.148682088,0
68808,25580806.89425544,0
68809,25581106.39222498,0
68810,25581405.64555205,0
68811,25581704.648360647,0
68812,25582003.40379195,0
68813,25582301.912353437,0
68814,25582600.173308227,0
68815,25582898.18592101,0
68816,25583195.95093582,0
68817,25583493.46808635,0
68818,25583790.73649129,0
68819,25584087.755249128,0
68820,25584384.527560513,0
68821,25584681.05013279,0
68822,25584977.326192606,0
68823,25585273.35085007,0
68824,25585569.128374096,0
68825,25585864.65667518,0
68826,25586159.936696846,0
68827,25586454.967398886,0
68828,25586749.7495907,0
68829,25587044.281671725,0
68830,25587338.563484453,0
68831,25587632.597015165,0
68832,25587926.3809962,0
68833,25588219.916848157,0
68834,25588513.201069705,0
68835,25588806.238546,0
68836,25589099.021466117,0
68837,25589391.558591723,0
68838,25589683.844146144,0
68839,25589975.879580185,0
68840,25590267.66303272,0
68841,25590559.198298465,0
68842,25590850.482885867,0
68843,25591141.5187413,0
68844,25591432.30050192,0
68845,25591722.833432555,0
68846,25592013.11704794,0
68847,25592303.14656392,0
68848,25592592.929301616,0
68849,25592882.457048286,0
68850,25593171.736357994,0
68851,25593460.76533945,0
68852,25593749.53978667,0
68853,25594038.065461453,0
68854,25594326.339740142,0
68855,25594614.359243266,0
68856,25594902.13078975,0
68857,25595189.649792068,0
68858,25595476.914457973,0
68859,25595763.92968682,0
68860,25596050.695210997,0
68861,25596337.203253906,0
68862,25596623.46269924,0
68863,25596909.467435963,0
68864,25597195.222733147,0
68865,25597480.725936487,0
68866,25597765.97524452,0
68867,25598050.97159963,0
68868,25598335.714595374,0
68869,25598620.204593915,0
68870,25598904.44424581,0
68871,25599188.428588677,0
68872,25599472.1595647,0
68873,25599755.640199225,0
68874,25600038.867202792,0
68875,25600321.839480404,0
68876,25600604.558570083,0
68877,25600887.02321313,0
68878,25601169.233903844,0
68879,25601451.1936592,0
68880,25601732.89768749,0
68881,25602014.34787938,0
68882,25602295.545449305,0
68883,25602576.487841524,0
68884,25602857.175233338,0
68885,25603137.609431684,0
68886,25603417.788876716,0
68887,25603697.715814438,0
68888,25603977.38750024,0
68889,25604256.802454203,0
68890,25604535.96375939,0
68891,25604814.872346375,0
68892,25605093.52558713,0
68893,25605371.92322183,0
68894,25605650.06493864,0
68895,25605927.950444076,0
68896,25606205.58145161,0
68897,25606482.959517907,0
68898,25606760.080006752,0
68899,25607036.945564844,0
68900,25607313.557781067,0
68901,25607589.911722455,0
68902,25607866.00968067,0
68903,25608141.851814803,0
68904,25608417.438857183,0
68905,25608692.768225092,0
68906,25608967.845626272,0
68907,25609242.664490417,0
68908,25609517.22475372,0
68909,25609791.530837722,0
68910,25610065.58192123,0
68911,25610339.373545084,0
68912,25610612.91128208,0
68913,25610886.188905288,0
68914,25611159.212090362,0
68915,25611431.978720285,0
68916,25611704.486672454,0
68917,25611976.73831437,0
68918,25612248.732807316,0
68919,25612520.471147794,0
68920,25612791.951293632,0
68921,25613063.173248302,0
68922,25613334.13694013,0
68923,25613604.846255396,0
68924,25613875.29467074,0
68925,25614145.4871824,0
68926,25614415.418657202,0
68927,25614685.096939687,0
68928,25614954.513144586,0
68929,25615223.672649484,0
68930,25615492.57481299,0
68931,25615761.215324283,0
68932,25616029.602253582,0
68933,25616297.727627918,0
68934,25616565.596702427,0
68935,25616833.204236504,0
68936,25617100.552852646,0
68937,25617367.64403949,0
68938,25617634.47440067,0
68939,25617901.05224365,0
68940,25618167.361111064,0
68941,25618433.417631425,0
68942,25618699.214136917,0
68943,25618964.750664145,0
68944,25619230.027289752,0
68945,25619495.04207329,0
68946,25619759.79967163,0
68947,25620024.296079915,0
68948,25620288.532175705,0
68949,25620552.510073356,0
68950,25620816.226740643,0
68951,25621079.685973715,0
68952,25621342.88228847,0
68953,25621605.81909943,0
68954,25621868.49620923,0
68955,25622130.911538966,0
68956,25622393.0671235,0
68957,25622654.962768026,0
68958,25622916.59389406,0
68959,25623177.96569348,0
68960,25623439.078923035,0
68961,25623699.930201467,0
68962,25623960.52062755,0
68963,25624220.84948956,0
68964,25624480.914974734,0
68965,25624740.72071177,0
68966,25625000.267695595,0
68967,25625259.54948903,0
68968,25625518.57070616,0
68969,25625777.330053546,0
68970,25626035.82753814,0
68971,25626294.062842123,0
68972,25626552.036020245,0
68973,25626809.747749206,0
68974,25627067.199821874,0
68975,25627324.386545632,0
68976,25627581.310382966,0
68977,25627837.97164319,0
68978,25628094.371980876,0
68979,25628350.50705811,0
68980,25628606.383817967,0
68981,25628861.994103346,0
68982,25629117.342975046,0
68983,25629372.428678498,0
68984,25629627.25093776,0
68985,25629881.81128323,0
68986,25630136.108174264,0
68987,25630390.140184373,0
68988,25630643.90870021,0
68989,25630897.41334488,0
68990,25631150.65660771,0
68991,25631403.634939626,0
68992,25631656.35049248,0
68993,25631908.799787782,0
68994,25632160.986332808,0
68995,25632412.91024281,0
68996,25632664.569434248,0
68997,25632915.962993123,0
68998,25633167.093800683,0
68999,25633417.95713126,0
69000,25633668.55994311,0
69001,25633918.89465073,0
69002,25634168.970374458,0
69003,25634418.776044935,0
69004,25634668.317219563,0
69005,25634917.592405457,0
69006,25635166.604764488,0
69007,25635415.355031524,0
69008,25635663.833752356,0
69009,25635912.05187231,0
69010,25636160.004257,0
69011,25636407.688111484,0
69012,25636655.106803805,0
69013,25636902.260549095,0
69014,25637149.151276216,0
69015,25637395.77251288,0
69016,25637642.130408086,0
69017,25637888.2201059,0
69018,25638134.045222852,0
69019,25638379.6037066,0
69020,25638624.896176226,0
69021,25638869.9214793,0
69022,25639114.68181862,0
69023,25639359.175288238,0
69024,25639603.400041927,0
69025,25639847.36003939,0
69026,25640091.051395986,0
69027,25640334.47640382,0
69028,25640577.637011662,0
69029,25640820.52903794,0
69030,25641063.150613874,0
69031,25641305.509537287,0
69032,25641547.599805094,0
69033,25641789.421960738,0
69034,25642030.97584533,0
69035,25642272.263623696,0
69036,25642513.28393091,0
69037,25642754.03377218,0
69038,25642994.519924566,0
69039,25643234.732740894,0
69040,25643474.682718318,0
69041,25643714.361410093,0
69042,25643953.772131965,0
69043,25644192.9137619,0
69044,25644431.791328393,0
69045,25644670.395227402,0
69046,25644908.73355484,0
69047,25645146.802790508,0
69048,25645384.604655936,0
69049,25645622.133012127,0
69050,25645859.39555503,0
69051,25646096.389010735,0
69052,25646333.11267347,0
69053,25646569.566535197,0
69054,25646805.754211534,0
69055,25647041.668296702,0
69056,25647277.31577021,0
69057,25647512.692053918,0
69058,25647747.79896938,0
69059,25647982.63817487,0
69060,25648217.205099385,0
69061,25648451.500431605,0
69062,25648685.53067435,0
69063,25648919.287402544,0
69064,25649152.773897782,0
69065,25649385.993615367,0
69066,25649618.93869416,0
69067,25649851.61605699,0
69068,25650084.022500847,0
69069,25650316.156485837,0
69070,25650548.021399144,0
69071,25650779.614070483,0
69072,25651010.938553743,0
69073,25651241.98897331,0
69074,25651472.77031582,0
69075,25651703.280736655,0
69076,25651933.51557365,0
69077,25652163.483586363,0
69078,25652393.1795092,0
69079,25652622.603695553,0
69080,25652851.75645622,0
69081,25653080.637633055,0
69082,25653309.244448263,0
69083,25653537.58189497,0
69084,25653765.648154493,0
69085,25653993.44025136,0
69086,25654220.958949544,0
69087,25654448.207371347,0
69088,25654675.184849452,0
69089,25654901.88966508,0
69090,25655128.32092338,0
69091,25655354.478187896,0
69092,25655580.365761235,0
69093,25655805.978603296,0
69094,25656031.31767252,0
69095,25656256.3856153,0
69096,25656481.17870703,0
69097,25656705.700779203,0
69098,25656929.948200163,0
69099,25657153.92335779,0
69100,25657377.62802309,0
69101,25657601.053913105,0
69102,25657824.206950538,0
69103,25658047.089907985,0
69104,25658269.696809188,0
69105,25658492.02991911,0
69106,25658714.0881485,0
69107,25658935.874940235,0
69108,25659157.384427477,0
69109,25659378.623350408,0
69110,25659599.586208295,0
69111,25659820.273673534,0
69112,25660040.686246403,0
69113,25660260.827956848,0
69114,25660480.691396806,0
69115,25660700.28237492,0
69116,25660919.598117404,0
69117,25661138.63706072,0
69118,25661357.405489337,0
69119,25661575.893714275,0
69120,25661794.108354997,0
69121,25662012.05005758,0
69122,25662229.715317126,0
69123,25662447.10099816,0
69124,25662664.21548169,0
69125,25662881.05429733,0
69126,25663097.61972042,0
69127,25663313.903897837,0
69128,25663529.91681543,0
69129,25663745.65049192,0
69130,25663961.107770167,0
69131,25664176.29293308,0
69132,25664391.198996603,0
69133,25664605.828151695,0
69134,25664820.18230651,0
69135,25665034.25940184,0
69136,25665248.06075378,0
69137,25665461.586318787,0
69138,25665674.832305167,0
69139,25665887.804020315,0
69140,25666100.498067543,0
69141,25666312.914519392,0
69142,25666525.052693035,0
69143,25666736.917618778,0
69144,25666948.501004145,0
69145,25667159.809544623,0
69146,25667370.840172056,0
69147,25667581.593587328,0
69148,25667792.069088787,0
69149,25668002.26735028,0
69150,25668212.18623495,0
69151,25668421.827334847,0
69152,25668631.19367809,0
69153,25668840.278175995,0
69154,25669049.0862367,0
69155,25669257.615036216,0
69156,25669465.866469536,0
69157,25669673.841670617,0
69158,25669881.533253055,0
69159,25670088.949219894,0
69160,25670296.087135047,0
69161,25670502.94630887,0
69162,25670709.524572037,0
69163,25670915.82457761,0
69164,25671121.84653113,0
69165,25671327.589823484,0
69166,25671533.052530233,0
69167,25671738.23976185,0
69168,25671943.144156635,0
69169,25672147.768516302,0
69170,25672352.11335601,0
69171,25672556.179351553,0
69172,25672759.96656589,0
69173,25672963.471834294,0
69174,25673166.697441187,0
69175,25673369.64696259,0
69176,25673572.311915137,0
69177,25673774.699131534,0
69178,25673976.805579524,0
69179,25674178.627746556,0
69180,25674380.173981015,0
69181,25674581.439454924,0
69182,25674782.424371783,0
69183,25674983.128311567,0
69184,25675183.550079957,0
69185,25675383.6933202,0
69186,25675583.553569637,0
69187,25675783.133450944,0
69188,25675982.43134376,0
69189,25676181.44948848,0
69190,25676380.18573158,0
69191,25676578.641245563,0
69192,25676776.812348112,0
69193,25676974.706184912,0
69194,25677172.314000968,0
69195,25677369.643218275,0
69196,25677566.69127542,0
69197,25677763.4545101,0
69198,25677959.93805279,0
69199,25678156.137690667,0
69200,25678352.057619195,0
69201,25678547.693209305,0
69202,25678743.046925522,0
69203,25678938.119397275,0
69204,25679132.907532934,0
69205,25679327.413812168,0
69206,25679521.637925867,0
69207,25679715.578735888,0
69208,25679909.234402403,0
69209,25680102.610951528,0
69210,25680295.70245615,0
69211,25680488.51200147,0
69212,25680681.034840647,0
69213,25680873.277558453,0
69214,25681065.236769836,0
69215,25681256.913596172,0
69216,25681448.303554334,0
69217,25681639.411781378,0
69218,25681830.235366832,0
69219,25682020.777221877,0
69220,25682211.033572573,0
69221,25682401.004794933,0
69222,25682590.692633037,0
69223,25682780.09859857,0
69224,25682969.218205534,0
69225,25683158.05253792,0
69226,25683346.604947798,0
69227,25683534.87140464,0
69228,25683722.853879344,0
69229,25683910.550665297,0
69230,25684097.961846337,0
69231,25684285.08890049,0
69232,25684471.934177674,0
69233,25684658.489084445,0
69234,25684844.76004802,0
69235,25685030.74771968,0
69236,25685216.448619403,0
69237,25685401.868173577,0
69238,25685586.99957842,0
69239,25685771.843223426,0
69240,25685956.400911108,0
69241,25686140.677495196,0
69242,25686324.66468805,0
69243,25686508.36744498,0
69244,25686691.782771364,0
69245,25686874.910652447,0
69246,25687057.756355736,0
69247,25687240.31151032,0
69248,25687422.58329145,0
69249,25687604.569633845,0
69250,25687786.2675746,0
69251,25687967.677002016,0
69252,25688148.801439524,0
69253,25688329.640429873,0
69254,25688510.193334717,0
69255,25688690.455837063,0
69256,25688870.434503086,0
69257,25689050.121702354,0
69258,25689229.52522204,0
69259,25689408.639162757,0
69260,25689587.4663996,0
69261,25689766.006463137,0
69262,25689944.26039004,0
69263,25690122.22627293,0
69264,25690299.9018258,0
69265,25690477.292893782,0
69266,25690654.394681778,0
69267,25690831.207068823,0
69268,25691007.7317626,0
69269,25691183.967797477,0
69270,25691359.918513328,0
69271,25691535.57643574,0
69272,25691710.95008638,0
69273,25691886.031542003,0
69274,25692060.826488104,0
69275,25692235.333474115,0
69276,25692409.551417913,0
69277,25692583.479998752,0
69278,25692757.11829257,0
69279,25692930.46809332,0
69280,25693103.528783776,0
69281,25693276.30209066,0
69282,25693448.784535766,0
69283,25693620.9771154,0
69284,25693792.880796246,0
69285,25693964.49605905,0
69286,25694135.819756187,0
69287,25694306.851838704,0
69288,25694477.59880157,0
69289,25694648.05401394,0
69290,25694818.216503546,0
69291,25694988.09284688,0
69292,25695157.679277863,0
69293,25695326.97083931,0
69294,25695495.97383059,0
69295,25695664.68721243,0
69296,25695833.110142224,0
69297,25696001.24049573,0
69298,25696169.081788633,0
69299,25696336.634212177,0
69300,25696503.893526338,0
69301,25696670.862888437,0
69302,25696837.539523445,0
69303,25697003.9263125,0
69304,25697170.022361226,0
69305,25697335.822985362,0
69306,25697501.336778942,0
69307,25697666.558102358,0
69308,25697831.487807665,0
69309,25697996.12421267,0
69310,25698160.470621333,0
69311,25698324.52627906,0
69312,25698488.28815777,0
69313,25698651.7549897,0
69314,25698814.935536373,0
69315,25698977.821401812,0
69316,25699140.414130002,0
69317,25699302.71603004,0
69318,25699464.72523696,0
69319,25699626.44168825,0
69320,25699787.8645735,0
69321,25699948.995901644,0
69322,25700109.83324516,0
69323,25700270.376039207,0
69324,25700430.630303703,0
69325,25700590.58825933,0
69326,25700750.25550316,0
69327,25700909.62783523,0
69328,25701068.707168907,0
69329,25701227.49249469,0
69330,25701385.985372398,0
69331,25701544.184935007,0
69332,25701702.08890288,0
69333,25701859.700628426,0
69334,25702017.017088987,0
69335,25702174.042784758,0
69336,25702330.770879135,0
69337,25702487.20773194,0
69338,25702643.349772006,0
69339,25702799.197424818,0
69340,25702954.74855977,0
69341,25703110.007787075,0
69342,25703264.97090315,0
69343,25703419.63816697,0
69344,25703574.01297606,0
69345,25703728.094940566,0
69346,25703881.8800031,0
69347,25704035.366514057,0
69348,25704188.563702915,0
69349,25704341.463236716,0
69350,25704494.066539712,0
69351,25704646.37561437,0
69352,25704798.389017742,0
69353,25704950.106337808,0
69354,25705101.529820472,0
69355,25705252.658530608,0
69356,25705403.488701798,0
69357,25705554.025176227,0
69358,25705704.261916563,0
69359,25705854.207832314,0
69360,25706003.855558176,0
69361,25706153.203382127,0
69362,25706302.260423906,0
69363,25706451.01990444,0
69364,25706599.48304143,0
69365,25706747.646019228,0
69366,25706895.517840963,0
69367,25707043.08925742,0
69368,25707190.36340438,0
69369,25707337.344125424,0
69370,25707484.027212013,0
69371,25707630.409315117,0
69372,25707776.496852577,0
69373,25707922.28673114,0
69374,25708067.782640476,0
69375,25708212.975811943,0
69376,25708357.87384599,0
69377,25708502.47491217,0
69378,25708646.778007347,0
69379,25708790.783400647,0
69380,25708934.49073923,0
69381,25709077.900464848,0
69382,25709221.012994498,0
69383,25709363.82780298,0
69384,25709506.340908818,0
69385,25709648.557805043,0
69386,25709790.478314653,0
69387,25709932.098989263,0
69388,25710073.42196669,0
69389,25710214.445219472,0
69390,25710355.166939747,0
69391,25710495.592485085,0
69392,25710635.72216345,0
69393,25710775.550323375,0
69394,25710915.08043904,0
69395,25711054.309421744,0
69396,25711193.239352006,0
69397,25711331.872567683,0
69398,25711470.202738952,0
69399,25711608.238601483,0
69400,25711745.970148165,0
69401,25711883.402803708,0
69402,25712020.536618028,0
69403,25712157.371875543,0
69404,25712293.905902892,0
69405,25712430.14018882,0
69406,25712566.073313102,0
69407,25712701.708628178,0
69408,25712837.043566428,0
69409,25712972.075631827,0
69410,25713106.80990136,0
69411,25713241.243548144,0
69412,25713375.375283312,0
69413,25713509.205021203,0
69414,25713642.73739884,0
69415,25713775.968571227,0
69416,25713908.89672912,0
69417,25714041.52554865,0
69418,25714173.852410395,0
69419,25714305.876193315,0
69420,25714437.603766974,0
69421,25714569.026563764,0
69422,25714700.146932527,0
69423,25714830.968913734,0
69424,25714961.48630334,0
69425,25715091.703480385,0
69426,25715221.61805405,0
69427,25715351.231445316,0
69428,25715480.5442299,0
69429,25715609.553410538,0
69430,25715738.259656884,0
69431,25715866.666785844,0
69432,25715994.76996367,0
69433,25716122.5704098,0
69434,25716250.068613302,0
69435,25716377.264412038,0
69436,25716504.157235455,0
69437,25716630.74778062,0
69438,25716757.035511915,0
69439,25716883.0191224,0
69440,25717008.70018447,0
69441,25717134.080468193,0
69442,25717259.155868933,0
69443,25717383.928523667,0
69444,25717508.39826111,0
69445,25717632.56275423,0
69446,25717756.424849667,0
69447,25717879.984087706,0
69448,25718003.2375927,0
69449,25718126.189920556,0
69450,25718248.837228198,0
69451,25718371.181759566,0
69452,25718493.21999247,0
69453,25718614.95603979,0
69454,25718736.38713572,0
69455,25718857.5119055,0
69456,25718978.336640228,0
69457,25719098.855523452,0
69458,25719219.06850702,0
69459,25719338.978560433,0
69460,25719458.584638014,0
69461,25719577.88412573,0
69462,25719696.87632127,0
69463,25719815.569047965,0
69464,25719933.953942075,0
69465,25720052.033284605,0
69466,25720169.80585083,0
69467,25720287.27853102,0
69468,25720404.441521563,0
69469,25720521.300928432,0
69470,25720637.852995735,0
69471,25720754.100861087,0
69472,25720870.044488046,0
69473,25720985.681346312,0
69474,25721101.00960662,0
69475,25721216.0359094,0
69476,25721330.75229825,0
69477,25721445.164499354,0
69478,25721559.26953289,0
69479,25721673.07117059,0
69480,25721786.563827407,0
69481,25721899.75077511,0
69482,25722012.630882483,0
69483,25722125.203989808,0
69484,25722237.472612996,0
69485,25722349.432132956,0
69486,25722461.086325422,0
69487,25722572.430927344,0
69488,25722683.47141055,0
69489,25722794.205469288,0
69490,25722904.62755744,0
69491,25723014.74541125,0
69492,25723124.55563212,0
69493,25723234.05783915,0
69494,25723343.255728018,0
69495,25723452.139305875,0
69496,25723560.720191345,0
69497,25723668.99386702,0
69498,25723776.95674896,0
69499,25723884.61353946,0
69500,25723991.961557236,0
69501,25724099.001939643,0
69502,25724205.733136404,0
69503,25724312.15594831,0
69504,25724418.271334454,0
69505,25724524.077395175,0
69506,25724629.577052437,0
69507,25724734.76389728,0
69508,25724839.645389147,0
69509,25724944.217269138,0
69510,25725048.47763193,0
69511,25725152.43142948,0
69512,25725256.078968305,0
69513,25725359.41167713,0
69514,25725462.438419558,0
69515,25725565.15493847,0
69516,25725667.56234579,0
69517,25725769.65976551,0
69518,25725871.448409893,0
69519,25725972.925939433,0
69520,25726074.09521946,0
69521,25726174.952305876,0
69522,25726275.503052652,0
69523,25726375.742368974,0
69524,25726475.671747103,0
69525,25726575.29049285,0
69526,25726674.597244345,0
69527,25726773.596372977,0
69528,25726872.281841476,0
69529,25726970.659400348,0
69530,25727068.72784374,0
69531,25727166.482006043,0
69532,25727263.926867925,0
69533,25727361.060394198,0
69534,25727457.885420237,0
69535,25727554.396018017,0
69536,25727650.59777996,0
69537,25727746.485298514,0
69538,25727842.063216094,0
69539,25727937.330339514,0
69540,25728032.287183717,0
69541,25728126.932101082,0
69542,25728221.26346702,0
69543,25728315.28413759,0
69544,25728408.992171787,0
69545,25728502.38757509,0
69546,25728595.475746915,0
69547,25728688.24720498,0
69548,25728780.70773822,0
69549,25728872.856535386,0
69550,25728964.690082464,0
69551,25729056.215033647,0
69552,25729147.4274141,0
69553,25729238.325339284,0
69554,25729328.9114498,0
69555,25729419.186115522,0
69556,25729509.145440333,0
69557,25729598.795286823,0
69558,25729688.127465975,0
69559,25729777.14983762,0
69560,25729865.857886117,0
69561,25729954.251956195,0
69562,25730042.333302587,0
69563,25730130.10276413,0
69564,25730217.559546802,0
69565,25730304.698553544,0
69566,25730391.527124055,0
69567,25730478.040258896,0
69568,25730564.240816936,0
69569,25730650.127900936,0
69570,25730735.699037205,0
69571,25730820.95638584,0
69572,25730905.902517375,0
69573,25730990.529963512,0
69574,25731074.846564908,0
69575,25731158.84529569,0
69576,25731242.53446342,0
69577,25731325.90758558,0
69578,25731408.962081775,0
69579,25731491.703452013,0
69580,25731574.132772077,0
69581,25731656.24469494,0
69582,25731738.044333864,0
69583,25731819.524086032,0
69584,25731900.690661594,0
69585,25731981.544351883,0
69586,25732062.081333075,0
69587,25732142.30125036,0
69588,25732222.20873317,0
69589,25732301.79798164,0
69590,25732381.07212346,0
69591,25732460.031638958,0
69592,25732538.67365392,0
69593,25732617.00011706,0
69594,25732695.010127865,0
69595,25732772.705909267,0
69596,25732850.0876169,0
69597,25732927.147480905,0
69598,25733003.892393507,0
69599,25733080.324201938,0
69600,25733156.435887516,0
69601,25733232.23261671,0
69602,25733307.712296076,0
69603,25733382.876426946,0
69604,25733457.719671723,0
69605,25733532.251573425,0
69606,25733606.462943748,0
69607,25733680.357247416,0
69608,25733753.93409071,0
69609,25733827.19519148,0
69610,25733900.13860943,0
69611,25733972.76605593,0
69612,25734045.07382958,0
69613,25734117.06253769,0
69614,25734188.73776518,0
69615,25734260.091752853,0
69616,25734331.128451157,0
69617,25734401.846924506,0
69618,25734472.247818545,0
69619,25734542.332008705,0
69620,25734612.096716665,0
69621,25734681.542521786,0
69622,25734750.672234613,0
69623,25734819.48103741,0
69624,25734887.972506616,0
69625,25734956.145753447,0
69626,25735023.999393117,0
69627,25735091.532042578,0
69628,25735158.750646293,0
69629,25735225.64717687,0
69630,25735292.224925086,0
69631,25735358.484522685,0
69632,25735424.4240541,0
69633,25735490.04508439,0
69634,25735555.346158225,0
69635,25735620.32862826,0
69636,25735684.988627065,0
69637,25735749.33293394,0
69638,25735813.35560211,0
69639,25735877.060968626,0
69640,25735940.439968236,0
69641,25736003.50609429,0
69642,25736066.248807278,0
69643,25736128.672213245,0
69644,25736190.77386025,0
69645,25736252.557191685,0
69646,25736314.019203,0
69647,25736375.164315946,0
69648,25736435.981646385,0
69649,25736496.481716275,0
69650,25736556.664334405,0
69651,25736616.521712214,0
69652,25736676.06003661,0
69653,25736735.277839795,0
69654,25736794.172932237,0
69655,25736852.74744791,0
69656,25736911.00179649,0
69657,25736968.933322247,0
69658,25737026.543828312,0
69659,25737083.834090468,0
69660,25737140.800676163,0
69661,25737197.449146423,0
69662,25737253.77376863,0
69663,25737309.777831435,0
69664,25737365.45843427,0
69665,25737420.817278124,0
69666,25737475.85565851,0
69667,25737530.56899543,0
69668,25737584.961019143,0
69669,25737639.030019157,0
69670,25737692.78060728,0
69671,25737746.20610013,0
69672,25737799.31044436,0
69673,25737852.08869792,0
69674,25737904.54799074,0
69675,25737956.679634526,0
69676,25738008.49281355,0
69677,25738059.983526554,0
69678,25738111.149814565,0
69679,25738161.990316708,0
69680,25738212.510817837,0
69681,25738262.70799614,0
69682,25738312.580813535,0
69683,25738362.13094972,0
69684,25738411.357261736,0
69685,25738460.257385824,0
69686,25738508.837710094,0
69687,25738557.091351837,0
69688,25738605.0233324,0
69689,25738652.62949247,0
69690,25738699.913952164,0
69691,25738746.872249197,0
69692,25738793.505248185,0
69693,25738839.81483764,0
69694,25738885.803606447,0
69695,25738931.463150218,0
69696,25738976.800148975,0
69697,25739021.813759662,0
69698,25739066.499550663,0
69699,25739110.863535594,0
69700,25739154.901240747,0
69701,25739198.614066817,0
69702,25739242.003227215,0
69703,25739285.0652557,0
69704,25739327.803317845,0
69705,25739370.21434646,0
69706,25739412.300755195,0
69707,25739454.063943673,0
69708,25739495.498219237,0
69709,25739536.609175246,0
69710,25739577.394030705,0
69711,25739617.85160397,0
69712,25739657.984501537,0
69713,25739697.791935917,0
69714,25739737.27385333,0
69715,25739776.428236563,0
69716,25739815.255114865,0
69717,25739853.760712452,0
69718,25739891.93506202,0
69719,25739929.78372882,0
69720,25739967.306935668,0
69721,25740004.503164317,0
69722,25740041.372652236,0
69723,25740077.917025067,0
69724,25740114.134204853,0
69725,25740150.020336192,0
69726,25740185.58238063,0
69727,25740220.817623295,0
69728,25740255.724015404,0
69729,25740290.306318957,0
69730,25740324.55901474,0
69731,25740358.48456955,0
69732,25740392.0806316,0
69733,25740425.35067705,0
69734,25740458.295333,0
69735,25740490.91134829,0
69736,25740523.196036723,0
69737,25740555.15789742,0
69738,25740586.78786281,0
69739,25740618.09039531,0
69740,25740649.066177014,0
69741,25740679.71139457,0
69742,25740710.028398693,0
69743,25740740.0219519,0
69744,25740769.681986686,0
69745,25740799.014002424,0
69746,25740828.018150587,0
69747,25740856.6931918,0
69748,25740885.04000342,0
69749,25740913.057701867,0
69750,25740940.746946085,0
69751,25740968.10491075,0
69752,25740995.134718224,0
69753,25741021.836147547,0
69754,25741048.210711785,0
69755,25741074.250542764,0
69756,25741099.963415306,0
69757,25741125.345799614,0
69758,25741150.401153024,0
69759,25741175.123889092,0
69760,25741199.515760288,0
69761,25741223.58080972,0
69762,25741247.314113475,0
69763,25741270.7186747,0
69764,25741293.792855695,0
69765,25741316.533981927,0
69766,25741338.948577657,0
69767,25741361.030010674,0
69768,25741382.784336817,0
69769,25741404.205410372,0
69770,25741425.29331627,0
69771,25741446.054298084,0
69772,25741466.483373977,0
69773,25741486.583040994,0
69774,25741506.350798633,0
69775,25741525.78761074,0
69776,25741544.89174102,0
69777,25741563.665634893,0
69778,25741582.10881313,0
69779,25741600.22288943,0
69780,25741617.99795115,0
69781,25741635.44574805,0
69782,25741652.56360478,0
69783,25741669.348206047,0
69784,25741685.80115874,0
69785,25741701.922962062,0
69786,25741717.710905798,0
69787,25741733.168524258,0
69788,25741748.29372815,0
69789,25741763.08643225,0
69790,25741777.546938468,0
69791,25741791.67491989,0
69792,25741805.46978338,0
69793,25741818.933306586,0
69794,25741832.06389478,0
69795,25741844.8624838,0
69796,25741857.324869808,0
69797,25741869.458323766,0
69798,25741881.257452145,0
69799,25741892.72341748,0
69800,25741903.856285706,0
69801,25741914.654356267,0
69802,25741925.122156885,0
69803,25741935.255058452,0
69804,25741945.055005003,0
69805,25741954.520261317,0
69806,25741963.652242757,0
69807,25741972.452440552,0
69808,25741980.915098753,0
69809,25741989.045958783,0
69810,25741996.843164943,0
69811,25742004.307799414,0
69812,25742011.435671072,0
69813,25742018.231034752,0
69814,25742024.69301299,0
69815,25742030.816579387,0
69816,25742036.60775042,0
69817,25742042.067461066,0
69818,25742047.188378736,0
69819,25742051.97594396,0
69820,25742056.430149525,0
69821,25742060.548364736,0
69822,25742064.331062317,0
69823,25742067.780860323,0
69824,25742070.89279946,0
69825,25742073.670864694,0
69826,25742076.11268335,0
69827,25742078.219620813,0
69828,25742079.994424373,0
69829,25742081.429483503,0
69830,25742082.5316901,0
69831,25742083.299149573,0
69832,25742083.727325637,0
69833,25742083.82070429,0
69834,25742083.57901205,0
69835,25742083.00267137,0
69836,25742082.084486537,0
69837,25742080.83594699,0
69838,25742079.251037378,0
69839,25742077.327038985,0
69840,25742075.068710286,0
69841,25742072.471180186,0
69842,25742069.53829905,0
69843,25742066.272566848,0
69844,25742062.66511755,0
69845,25742058.723454546,0
69846,25742054.444221057,0
69847,25742049.828352667,0
69848,25742044.874063153,0
69849,25742039.583675813,0
69850,25742033.956196774,0
69851,25742027.990130074,0
69852,25742021.689523883,0
69853,25742015.04815188,0
69854,25742008.07254649,0
69855,25742000.757337123,0
69856,25741993.10174187,0
69857,25741985.11438399,0
69858,25741976.785581388,0
69859,25741968.12051226,0
69860,25741959.116720602,0
69861,25741949.77280575,0
69862,25741940.09257546,0
69863,25741930.07219372,0
69864,25741919.71622097,0
69865,25741909.02253029,0
69866,25741897.98685124,0
69867,25741886.615165,0
69868,25741874.902931362,0
69869,25741862.852799807,0
69870,25741850.46462127,0
69871,25741837.733350042,0
69872,25741824.66985386,0
69873,25741811.26137585,0
69874,25741797.51852784,0
69875,25741783.433521222,0
69876,25741769.009627294,0
69877,25741754.249285195,0
69878,25741739.14646913,0
69879,25741723.70297229,0
69880,25741707.924041033,0
69881,25741691.801265616,0
69882,25741675.3389161,0
69883,25741658.536101386,0
69884,25741641.396836452,0
69885,25741623.91520014,0
69886,25741606.094135124,0
69887,25741587.93356548,0
69888,25741569.430785507,0
69889,25741550.59062296,0
69890,25741531.406205747,0
69891,25741511.882611986,0
69892,25741492.02056586,0
69893,25741471.815473188,0
69894,25741451.271163035,0
69895,25741430.384426605,0
69896,25741409.155873794,0
69897,25741387.589553867,0
69898,25741365.6792272,0
69899,25741343.429984175,0
69900,25741320.837679308,0
69901,25741297.90516712,0
69902,25741274.631085984,0
69903,25741251.015941262,0
69904,25741227.057233986,0
69905,25741202.755906407,0
69906,25741178.116901852,0
69907,25741153.135325816,0
69908,25741127.811797988,0
69909,25741102.144349605,0
69910,25741076.13640822,0
69911,25741049.784781042,0
69912,25741023.091819845,0
69913,25740996.056025002,0
69914,25740968.6795879,0
69915,25740940.95998145,0
69916,25740912.894612566,0
69917,25740884.490407865,0
69918,25740855.740880795,0
69919,25740826.652836677,0
69920,25740797.21755107,0
69921,25740767.44061683,0
69922,25740737.319715973,0
69923,25740706.85772755,0
69924,25740676.05177581,0
69925,25740644.901395302,0
69926,25740613.40987718,0
69927,25740581.572682846,0
69928,25740549.39426944,0
69929,25740516.86953927,0
69930,25740484.00369001,0
69931,25740450.79258319,0
69932,25740417.238478214,0
69933,25740383.339817874,0
69934,25740349.09721751,0
69935,25740314.509768203,0
69936,25740279.58028118,0
69937,25740244.304987583,0
69938,25740208.68598387,0
69939,25740172.72156089,0
69940,25740136.413158804,0
69941,25740099.759507753,0
69942,25740062.76239819,0
69943,25740025.420393486,0
69944,25739987.734827228,0
69945,25739949.700731248,0
69946,25739911.32377688,0
69947,25739872.60313649,0
69948,25739833.535401657,0
69949,25739794.123536173,0
69950,25739754.36593913,0
69951,25739714.26283718,0
69952,25739673.81434337,0
69953,25739633.020281807,0
69954,25739591.881339703,0
69955,25739550.39505083,0
69956,25739508.56615103,0
69957,25739466.38784118,0
69958,25739423.866426703,0
69959,25739380.99654977,0
69960,25739337.783389628,0
69961,25739294.22136299,0
69962,25739250.31296391,0
69963,25739206.06292342,0
69964,25739161.459979553,0
69965,25739116.513319634,0
69966,25739071.22029366,0
69967,25739025.581432525,0
69968,25738979.59310121,0
69969,25738933.261395875,0
69970,25738886.579387587,0
69971,25738839.553838536,0
69972,25738792.18082503,0
69973,25738744.45779656,0
69974,25738696.390678395,0
69975,25738647.972267553,0
69976,25738599.210088316,0
69977,25738550.09880538,0
69978,25738500.643724713,0
69979,25738450.835582443,0
69980,25738400.681820538,0
69981,25738350.18092114,0
69982,25738299.332040723,0
69983,25738248.134585563,0
69984,25738196.58867553,0
69985,25738144.698033784,0
69986,25738092.456418194,0
69987,25738039.866056785,0
69988,25737986.928065248,0
69989,25737933.641650923,0
69990,25737880.006137647,0
69991,25737826.022616614,0
69992,25737771.692712408,0
69993,25737717.01094937,0
69994,25737661.97938981,0
69995,25737606.601773147,0
69996,25737550.87524769,0
69997,25737494.798613578,0
69998,25737438.37312985,0
69999,25737381.59626315,0
70000,25737324.473927833,0
70001,25737267.001213305,0
70002,25737209.17563477,0
70003,25737151.006394092,0
70004,25737092.482891813,0
70005,25737033.610891696,0
70006,25736974.388284188,0
70007,25736914.817206588,0
70008,25736854.89614793,0
70009,25736794.62377631,0
70010,25736734.003479294,0
70011,25736673.0313296,0
70012,25736611.7110884,0
70013,25736550.035219546,0
70014,25736488.01547604,0
70015,25736425.64173037,0
70016,25736362.919113748,0
70017,25736299.84723662,0
70018,25736236.42160775,0
70019,25736172.64368917,0
70020,25736108.51736951,0
70021,25736044.0391288,0
70022,25735979.211188868,0
70023,25735914.03233101,0
70024,25735848.499338955,0
70025,25735782.620000374,0
70026,25735716.385773044,0
70027,25735649.800718974,0
70028,25735582.863705207,0
70029,25735515.574299693,0
70030,25735447.93642251,0
70031,25735379.943545025,0
70032,25735311.598798502,0
70033,25735242.90527753,0
70034,25735173.856759317,0
70035,25735104.457963727,0
70036,25735034.70777688,0
70037,25734964.603223562,0
70038,25734894.147271235,0
70039,25734823.340055756,0
70040,25734752.175743967,0
70041,25734680.66569251,0
70042,25734608.79865833,0
70043,25734536.579681404,0
70044,25734464.00816992,0
70045,25734391.084442664,0
70046,25734317.807483185,0
70047,25734244.175855152,0
70048,25734170.19249262,0
70049,25734095.856592663,0
70050,25734021.163985375,0
70051,25733946.122748062,0
70052,25733870.72669276,0
70053,25733794.975554828,0
70054,25733718.871529438,0
70055,25733642.41480316,0
70056,25733565.603266485,0
70057,25733488.43869121,0
70058,25733410.91966065,0
70059,25733333.04892188,0
70060,25733254.819400772,0
70061,25733176.24042881,0
70062,25733097.30385522,0
70063,25733018.01533244,0
70064,25732938.371854734,0
70065,25732858.37449718,0
70066,25732778.020597853,0
70067,25732697.312446874,0
70068,25732616.250868816,0
70069,25732534.835923802,0
70070,25732453.062534776,0
70071,25732370.934514288,0
70072,25732288.45389566,0
70073,25732205.61725402,0
70074,25732122.42662563,0
70075,25732038.87767594,0
70076,25731954.9760833,0
70077,25731870.719109975,0
70078,25731786.105454817,0
70079,25731701.137119673,0
70080,25731615.81284585,0
70081,25731530.132879503,0
70082,25731444.095923502,0
70083,25731357.705973372,0
70084,25731270.9570271,0
70085,25731183.85391998,0
70086,25731096.39299289,0
70087,25731008.578343175,0
70088,25730920.40633873,0
70089,25730831.877698183,0
70090,25730742.991984528,0
70091,25730653.752506644,0
70092,25730564.154008392,0
70093,25730474.19868616,0
70094,25730383.88735232,0
70095,25730293.2186344,0
70096,25730202.193740096,0
70097,25730110.81384987,0
70098,25730019.07302607,0
70099,25729926.98002241,0
70100,25729834.52277726,0
70101,25729741.71370997,0
70102,25729648.54561902,0
70103,25729555.020049695,0
70104,25729461.13553249,0
70105,25729366.895276688,0
70106,25729272.29870051,0
70107,25729177.341593288,0
70108,25729082.03011578,0
70109,25728986.357070774,0
70110,25728890.327958092,0
70111,25728793.940012913,0
70112,25728697.19419906,0
70113,25728600.091787286,0
70114,25728502.62905713,0
70115,25728404.807462107,0
70116,25728306.628868278,0
70117,25728208.09172411,0
70118,25728109.193704877,0
70119,25728009.93781518,0
70120,25727910.326228138,0
70121,25727810.35438532,0
70122,25727710.01997003,0
70123,25727609.3306267,0
70124,25727508.281464696,0
70125,25727406.87204328,0
70126,25727305.104969256,0
70127,25727202.976778828,0
70128,25727100.490963858,0
70129,25726997.645907026,0
70130,25726894.43751887,0
70131,25726790.87329588,0
70132,25726686.950806092,0
70133,25726582.663861327,0
70134,25726478.017510995,0
70135,25726373.015770376,0
70136,25726267.651001744,0
70137,25726161.92661163,0
70138,25726055.841739506,0
70139,25725949.397927318,0
70140,25725842.590599358,0
70141,25725735.4254544,0
70142,25725627.898881067,0
70143,25725520.013197556,0
70144,25725411.765870064,0
70145,25725303.157322347,0
70146,25725194.1901693,0
70147,25725084.858764593,0
70148,25724975.16871444,0
70149,25724865.114796743,0
70150,25724754.702103265,0
70151,25724643.930720028,0
70152,25724532.79206499,0
70153,25724421.297529116,0
70154,25724309.43997584,0
70155,25724197.22030013,0
70156,25724084.636394583,0
70157,25723971.69485648,0
70158,25723858.391321264,0
70159,25723744.725129444,0
70160,25723630.69618569,0
70161,25723516.30534705,0
70162,25723401.553581607,0
70163,25723286.4389346,0
70164,25723170.961816,0
70165,25723055.12399604,0
70166,25722938.925033566,0
70167,25722822.359369803,0
70168,25722705.432097845,0
70169,25722588.144633904,0
70170,25722470.495444946,0
70171,25722352.47811307,0
70172,25722234.102881383,0
70173,25722115.36390609,0
70174,25721996.259345494,0
70175,25721876.794949964,0
70176,25721756.96499568,0
70177,25721636.77263255,0
70178,25721516.21915237,0
70179,25721395.3016688,0
70180,25721274.017341793,0
70181,25721152.372682393,0
70182,25721030.3633704,0
70183,25720907.990180492,0
70184,25720785.25269494,0
70185,25720662.151927523,0
70186,25720538.687803384,0
70187,25720414.860106748,0
70188,25720290.667498965,0
70189,25720166.1102724,0
70190,25720041.19051271,0
70191,25719915.905094348,0
70192,25719790.25693773,0
70193,25719664.242201634,0
70194,25719537.86513214,0
70195,25719411.121620484,0
70196,25719284.013325866,0
70197,25719156.541342933,0
70198,25719028.70422994,0
70199,25718900.502487596,0
70200,25718771.93565925,0
70201,25718643.002767943,0
70202,25718513.70576571,0
70203,25718384.043693524,0
70204,25718254.01290858,0
70205,25718123.62333993,0
70206,25717992.863311745,0
70207,25717861.739935257,0
70208,25717730.249908987,0
70209,25717598.39602295,0
70210,25717466.1752363,0
70211,25717333.587208245,0
70212,25717200.634425085,0
70213,25717067.315707266,0
70214,25716933.630892906,0
70215,25716799.58093585,0
70216,25716665.165758207,0
70217,25716530.379098598,0
70218,25716395.229994558,0
70219,25716259.712290645,0
70220,25716123.829572275,0
70221,25715987.579899322,0
70222,25715850.96617605,0
70223,25715713.982705235,0
70224,25715576.63195298,0
70225,25715438.91598125,0
70226,25715300.832980666,0
70227,25715162.382800486,0
70228,25715023.56426501,0
70229,25714884.378987223,0
70230,25714744.827963054,0
70231,25714604.905922547,0
70232,25714464.618042544,0
70233,25714323.966638412,0
70234,25714182.942753673,0
70235,25714041.554686617,0
70236,25713899.79766517,0
70237,25713757.672168136,0
70238,25713615.173966475,0
70239,25713472.316463128,0
70240,25713329.085779145,0
70241,25713185.48812734,0
70242,25713041.52343238,0
70243,25712897.188426856,0
70244,25712752.4874316,0
70245,25712607.41719167,0
70246,25712461.97633876,0
70247,25712316.168976076,0
70248,25712169.991564754,0
70249,25712023.44714913,0
70250,25711876.533932827,0
70251,25711729.249859635,0
70252,25711581.597287733,0
70253,25711433.57762096,0
70254,25711285.185677197,0
70255,25711136.426269084,0
70256,25710987.297271185,0
70257,25710837.798291367,0
70258,25710687.93148878,0
70259,25710537.69538016,0
70260,25710387.088941857,0
70261,25710236.111467276,0
70262,25710084.76590531,0
70263,25709933.048685547,0
70264,25709780.96703332,0
70265,25709628.51061018,0
70266,25709475.68267779,0
70267,25709322.487657662,0
70268,25709168.92056722,0
70269,25709014.986121763,0
70270,25708860.679038476,0
70271,25708705.999950424,0
70272,25708550.952654757,0
70273,25708395.53534214,0
70274,25708239.747921307,0
70275,25708083.586549338,0
70276,25707927.057817396,0
70277,25707770.15551591,0
70278,25707612.882105015,0
70279,25707455.239213534,0
70280,25707297.22584315,0
70281,25707138.84043994,0
70282,25706980.08365166,0
70283,25706820.954711743,0
70284,25706661.455301713,0
70285,25706501.585975297,0
70286,25706341.343416937,0
70287,25706180.726700682,0
70288,25706019.73880496,0
70289,25705858.382822208,0
70290,25705696.653052777,0
70291,25705534.54996651,0
70292,25705372.077617686,0
70293,25705209.230608497,0
70294,25705046.0140104,0
70295,25704882.423953045,0
70296,25704718.461277563,0
70297,25704554.126724593,0
70298,25704389.41870573,0
70299,25704224.33896634,0
70300,25704058.88677538,0
70301,25703893.05963575,0
70302,25703726.86174067,0
70303,25703560.29047288,0
70304,25703393.34608748,0
70305,25703226.029523987,0
70306,25703058.3405561,0
70307,25702890.277180504,0
70308,25702721.83824893,0
70309,25702553.031830233,0
70310,25702383.847739447,0
70311,25702214.290427897,0
70312,25702044.35858151,0
70313,25701874.05491854,0
70314,25701703.38005108,0
70315,25701532.328224104,0
70316,25701360.90317145,0
70317,25701189.102809295,0
70318,25701016.931147918,0
70319,25700844.38129567,0
70320,25700671.460104845,0
70321,25700498.16679324,0
70322,25700324.49501096,0
70323,25700150.451654814,0
70324,25699976.031232372,0
70325,25699801.236946557,0
70326,25699626.07094826,0
70327,25699450.529089812,0
70328,25699274.611286823,0
70329,25699098.320743978,0
70330,25698921.654139448,0
70331,25698744.61176146,0
70332,25698567.19295983,0
70333,25698389.402472984,0
70334,25698211.233343218,0
70335,25698032.693773784,0
70336,25697853.773938805,0
70337,25697674.47957865,0
70338,25697494.81152161,0
70339,25697314.767085332,0
70340,25697134.347411934,0
70341,25696953.54886711,0
70342,25696772.378297888,0
70343,25696590.83182736,0
70344,25696408.908513803,0
70345,25696226.611356806,0
70346,25696043.933702957,0
70347,25695860.87968576,0
70348,25695677.453934863,0
70349,25695493.64818773,0
70350,25695309.468007334,0
70351,25695124.909651216,0
70352,25694939.976600554,0
70353,25694754.66558554,0
70354,25694568.97767905,0
70355,25694382.912522435,0
70356,25694196.471487816,0
70357,25694009.653007515,0
70358,25693822.458895553,0
70359,25693634.88799883,0
70360,25693446.93822847,0
70361,25693258.610387214,0
70362,25693069.908329234,0
70363,25692880.82499278,0
70364,25692691.36784277,0
70365,25692501.53270552,0
70366,25692311.316318657,0
70367,25692120.726158142,0
70368,25691929.756015547,0
70369,25691738.41122792,0
70370,25691546.686818328,0
70371,25691354.58210197,0
70372,25691162.101336766,0
70373,25690969.242595702,0
70374,25690776.00454915,0
70375,25690582.38722484,0
70376,25690388.393501624,0
70377,25690194.020952012,0
70378,25689999.268613223,0
70379,25689804.141675737,0
70380,25689608.631132707,0
70381,25689412.746159557,0
70382,25689216.478735838,0
70383,25689019.834482513,0
70384,25688822.811540615,0
70385,25688625.40974861,0
70386,25688427.62721514,0
70387,25688229.465163745,0
70388,25688030.924920034,0
70389,25687832.004111625,0
70390,25687632.706847094,0
70391,25687433.027562488,0
70392,25687232.968586158,0
70393,25687032.53253,0
70394,25686831.71569472,0
70395,25686630.516834754,0
70396,25686428.939327504,0
70397,25686226.98225339,0
70398,25686024.646164913,0
70399,25685821.927418046,0
70400,25685618.83137406,0
70401,25685415.353347063,0
70402,25685211.49640491,0
70403,25685007.258245055,0
70404,25684802.63784701,0
70405,25684597.640412364,0
70406,25684392.26037114,0
70407,25684186.499210946,0
70408,25683980.357704088,0
70409,25683773.83561341,0
70410,25683566.93286665,0
70411,25683359.64812781,0
70412,25683151.983343326,0
70413,25682943.93807341,0
70414,25682735.509937473,0
70415,25682526.70275129,0
70416,25682317.511755705,0
70417,25682107.940001443,0
70418,25681897.98789838,0
70419,25681687.652678315,0
70420,25681476.936174486,0
70421,25681265.838764474,0
70422,25681054.357412294,0
70423,25680842.495965946,0
70424,25680630.253554087,0
70425,25680417.627799645,0
70426,25680204.62206952,0
70427,25679991.232938312,0
70428,25679777.460021023,0
70429,25679563.303501938,0
70430,25679348.767301735,0
70431,25679133.849910796,0
70432,25678918.547700286,0
70433,25678702.861714855,0
70434,25678486.7957275,0
70435,25678270.345763344,0
70436,25678053.515714347,0
70437,25677836.299473573,0
70438,25677618.70000951,0
70439,25677400.7189982,0
70440,25677182.35425737,0
70441,25676963.606328662,0
70442,25676744.476935748,0
70443,25676524.962025303,0
70444,25676305.064222574,0
70445,25676084.78160953,0
70446,25675864.11594796,0
70447,25675643.066404134,0
70448,25675421.634286705,0
70449,25675199.820137497,0
70450,25674977.617820922,0
70451,25674755.034944,0
70452,25674532.065749303,0
70453,25674308.714956947,0
70454,25674084.977747787,0
70455,25673860.85898919,0
70456,25673636.35328479,0
70457,25673411.46353696,0
70458,25673186.18974664,0
70459,25672960.532660004,0
70460,25672734.489792604,0
70461,25672508.061723977,0
70462,25672281.249737456,0
70463,25672054.05251343,0
70464,25671826.468875732,0
70465,25671598.504088,0
70466,25671370.150593735,0
70467,25671141.414161485,0
70468,25670912.293072123,0
70469,25670682.784943588,0
70470,25670452.89379894,0
70471,25670222.61314365,0
70472,25669991.94970855,0
70473,25669760.90089598,0
70474,25669529.465672188,0
70475,25669297.646020744,0
70476,25669065.43909155,0
70477,25668832.84745918,0
70478,25668599.866142374,0
70479,25668366.50422576,0
70480,25668132.752060153,0
70481,25667898.61693553,0
70482,25667664.093470328,0
70483,25667429.183949184,0
70484,25667193.89036264,0
70485,25666958.20561567,0
70486,25666722.140690826,0
70487,25666485.684500847,0
70488,25666248.84236421,0
70489,25666011.6136322,0
70490,25665773.9981829,0
70491,25665535.996908393,0
70492,25665297.60597302,0
70493,25665058.82818754,0
70494,25664819.668134328,0
70495,25664580.11691127,0
70496,25664340.179097153,0
70497,25664099.853467755,0
70498,25663859.14387884,0
70499,25663618.044654287,0
70500,25663376.55539577,0
70501,25663134.680287108,0
70502,25662892.41816956,0
70503,25662649.767648768,0
70504,25662406.72846624,0
70505,25662163.30398954,0
70506,25661919.489715055,0
70507,25661675.28707457,0
70508,25661430.6977286,0
70509,25661185.718140405,0
70510,25660940.349849332,0
70511,25660694.595374748,0
70512,25660448.45260356,0
70513,25660201.918484792,0
70514,25659954.99856809,0
70515,25659707.687921073,0
70516,25659459.99346506,0
70517,25659211.905023042,0
70518,25658963.429514512,0
70519,25658714.562779244,0
70520,25658465.31176352,0
70521,25658215.668247856,0
70522,25657965.634272274,0
70523,25657715.21543699,0
70524,25657464.403614856,0
70525,25657213.20489173,0
70526,25656961.616387844,0
70527,25656709.637114305,0
70528,25656457.266771365,0
70529,25656204.510915056,0
70530,25655951.363804102,0
70531,25655697.825246327,0
70532,25655443.898578066,0
70533,25655189.581258602,0
70534,25654934.871343944,0
70535,25654679.777157404,0
70536,25654424.28771944,0
70537,25654168.40968402,0
70538,25653912.14152785,0
70539,25653655.48487975,0
70540,25653398.436089102,0
70541,25653140.995520994,0
70542,25652883.16439512,0
70543,25652624.946934827,0
70544,25652366.332406696,0
70545,25652107.32934785,0
70546,25651847.937705148,0
70547,25651588.15227131,0
70548,25651327.979154203,0
70549,25651067.409775544,0
70550,25650806.45281371,0
70551,25650545.105641942,0
70552,25650283.3643814,0
70553,25650021.23197832,0
70554,25649758.708258156,0
70555,25649495.79340326,0
70556,25649232.486982957,0
70557,25648968.79129569,0
70558,25648704.701391004,0
70559,25648440.21957094,0
70560,25648175.344480056,0
70561,25647910.07984756,0
70562,25647644.42296446,0
70563,25647378.374272555,0
70564,25647111.931548044,0
70565,25646845.0972234,0
70566,25646577.86972491,0
70567,25646310.25270142,0
70568,25646042.240180716,0
70569,25645773.835149176,0
70570,25645505.039142635,0
70571,25645235.8514752,0
70572,25644966.269496355,0
70573,25644696.291239854,0
70574,25644425.92604985,0
70575,25644155.164077055,0
70576,25643884.0119294,0
70577,25643612.465149727,0
70578,25643340.523306485,0
70579,25643068.190929145,0
70580,25642795.464941695,0
70581,25642522.34489111,0
70582,25642248.829287536,0
70583,25641974.92390883,0
70584,25641700.62214437,0
70585,25641425.92673728,0
70586,25641150.83870022,0
70587,25640875.35729484,0
70588,25640599.481053405,0
70589,25640323.210953645,0
70590,25640046.545077477,0
70591,25639769.487534463,0
70592,25639492.03441505,0
70593,25639214.187924176,0
70594,25638935.945903257,0
70595,25638657.31226475,0
70596,25638378.280423522,0
70597,25638098.855492335,0
70598,25637819.03661904,0
70599,25637538.823109213,0
70600,25637258.21308098,0
70601,25636977.208897553,0
70602,25636695.811340954,0
70603,25636414.01842841,0
70604,25636131.829267148,0
70605,25635849.242873568,0
70606,25635566.265421927,0
70607,25635282.89007888,0
70608,25634999.121559672,0
70609,25634714.95682154,0
70610,25634430.391810615,0
70611,25634145.437815826,0
70612,25633860.085314527,0
70613,25633574.33730818,0
70614,25633288.193551358,0
70615,25633001.65461908,0
70616,25632714.719432607,0
70617,25632427.388020545,0
70618,25632139.658920005,0
70619,25631851.537491057,0
70620,25631563.018618096,0
70621,25631274.100912005,0
70622,25630984.787371036,0
70623,25630695.08021563,0
70624,25630404.975781687,0
70625,25630114.472900473,0
70626,25629823.57338932,0
70627,25629532.277719244,0
70628,25629240.587334298,0
70629,25628948.497392707,0
70630,25628656.01116712,0
70631,25628363.12813454,0
70632,25628069.848939925,0
70633,25627776.17166657,0
70634,25627482.097213823,0
70635,25627187.624513544,0
70636,25626892.75540974,0
70637,25626597.489307716,0
70638,25626301.826267302,0
70639,25626005.764969777,0
70640,25625709.30668313,0
70641,25625412.44745811,0
70642,25625115.194309585,0
70643,25624817.539293304,0
70644,25624519.49086111,0
70645,25624221.040494006,0
70646,25623922.19420315,0
70647,25623622.95145935,0
70648,25623323.307921637,0
70649,25623023.266227677,0
70650,25622722.82556925,0
70651,25622421.989322502,0
70652,25622120.75253085,0
70653,25621819.118088264,0
70654,25621517.081907563,0
70655,25621214.651831493,0
70656,25620911.81945334,0
70657,25620608.590216957,0
70658,25620304.960868586,0
70659,25620000.932089847,0
70660,25619696.50547253,0
70661,25619391.678813424,0
70662,25619086.45376319,0
70663,25618780.828698322,0
70664,25618474.80597824,0
70665,25618168.38126561,0
70666,25617861.559740856,0
70667,25617554.339944497,0
70668,25617246.71428475,0
70669,25616938.691119257,0
70670,25616630.273190793,0
70671,25616321.44997652,0
70672,25616012.228122722,0
70673,25615702.60651763,0
70674,25615392.584423546,0
70675,25615082.163591377,0
70676,25614771.341407403,0
70677,25614460.119405415,0
70678,25614148.4984118,0
70679,25613836.476037327,0
70680,25613524.051600292,0
70681,25613211.228537295,0
70682,25612898.00571894,0
70683,25612584.37767899,0
70684,25612270.35102002,0
70685,25611955.926788114,0
70686,25611641.09761993,0
70687,25611325.869251113,0
70688,25611010.24028243,0
70689,25610694.210665014,0
70690,25610377.777638674,0
70691,25610060.942214698,0
70692,25609743.710193478,0
70693,25609426.074172024,0
70694,25609108.035719275,0
70695,25608789.595979758,0
70696,25608470.756795477,0
70697,25608151.512693282,0
70698,25607831.869280864,0
70699,25607511.823970314,0
70700,25607191.37643442,0
70701,25606870.528973926,0
70702,25606549.276323345,0
70703,25606227.62310364,0
70704,25605905.567075383,0
70705,25605583.10720202,0
70706,25605260.24774143,0
70707,25604936.985262174,0
70708,25604613.32009345,0
70709,25604289.25292209,0
70710,25603964.78299544,0
70711,25603639.909407906,0
70712,25603314.63503791,0
70713,25602988.955153234,0
70714,25602662.872749172,0
70715,25602336.39019689,0
70716,25602009.500312816,0
70717,25601682.211606394,0
70718,25601354.517312385,0
70719,25601026.419775084,0
70720,25600697.920723755,0
70721,25600369.016750738,0
70722,25600039.70828289,0
70723,25599709.999905977,0
70724,25599379.884713694,0
70725,25599049.368253466,0
70726,25598718.44668012,0
70727,25598387.12213539,0
70728,25598055.3904816,0
70729,25597723.258894008,0
70730,25597390.723135192,0
70731,25597057.784995683,0
70732,25596724.437208895,0
70733,25596390.687390134,0
70734,25596056.535196327,0
70735,25595721.975890372,0
70736,25595387.014661796,0
70737,25595051.64755487,0
70738,25594715.877302688,0
70739,25594379.70100475,0
70740,25594043.119291205,0
70741,25593706.132940948,0
70742,25593368.74322209,0
70743,25593030.94954211,0
70744,25592692.749184784,0
70745,25592354.144221794,0
70746,25592015.134303953,0
70747,25591675.717914198,0
70748,25591335.898070242,0
70749,25590995.67229517,0
70750,25590655.039617397,0
70751,25590314.003743228,0
70752,25589972.562526762,0
70753,25589630.7150257,0
70754,25589288.46005201,0
70755,25588945.802164532,0
70756,25588602.736058827,0
70757,25588259.264935773,0
70758,25587915.3909308,0
70759,25587571.105806027,0
70760,25587226.415872205,0
70761,25586881.321891114,0
70762,25586535.820831813,0
70763,25586189.914497238,0
70764,25585843.599360313,0
70765,25585496.879811473,0
70766,25585149.75371949,0
70767,25584802.218737427,0
70768,25584454.27964732,0
70769,25584105.932631202,0
70770,25583757.17949011,0
70771,25583408.01910041,0
70772,25583058.451974906,0
70773,25582708.47739816,0
70774,25582358.09652022,0
70775,25582007.307920996,0
70776,25581656.115041982,0
70777,25581304.5105822,0
70778,25580952.499925755,0
70779,25580600.082143135,0
70780,25580247.258559372,0
70781,25579894.024338193,0
70782,25579540.38384707,0
70783,25579186.33608407,0
70784,25578831.883318316,0
70785,25578477.020041887,0
70786,25578121.74786005,0
70787,25577766.068103213,0
70788,25577409.9810678,0
70789,25577053.488534767,0
70790,25576696.58313013,0
70791,25576339.272076126,0
70792,25575981.55152031,0
70793,25575623.423924193,0
70794,25575264.887662616,0
70795,25574905.94405064,0
70796,25574546.588557,0
70797,25574186.82693131,0
70798,25573826.65513045,0
70799,25573466.07598074,0
70800,25573105.087608237,0
70801,25572743.689629886,0
70802,25572381.883667,0
70803,25572019.667275492,0
70804,25571657.04393233,0
70805,25571294.009751823,0
70806,25570930.56616341,0
70807,25570566.714302417,0
70808,25570202.45404724,0
70809,25569837.78150242,0
70810,25569472.7013805,0
70811,25569107.21113373,0
70812,25568741.3113866,0
70813,25568375.000073187,0
70814,25568008.280718252,0
70815,25567641.151717026,0
70816,25567273.61385172,0
70817,25566905.664285667,0
70818,25566537.304945167,0
70819,25566168.53518476,0
70820,25565799.354347162,0
70821,25565429.76516337,0
70822,25565059.765724152,0
70823,25564689.35468065,0
70824,25564318.53388861,0
70825,25563947.300463766,0
70826,25563575.659702793,0
70827,25563203.604639605,0
70828,25562831.141680982,0
70829,25562458.267450962,0
70830,25562084.98112784,0
70831,25561711.285759933,0
70832,25561337.17940392,0
70833,25560962.66176495,0
70834,25560587.73037317,0
70835,25560212.389331803,0
70836,25559836.637649924,0
70837,25559460.473917447,0
70838,25559083.8981535,0
70839,25558706.913186356,0
70840,25558329.5142582,0
70841,25557951.704162564,0
70842,25557573.482815072,0
70843,25557194.852522638,0
70844,25556815.8058908,0
70845,25556436.34781047,0
70846,25556056.47676874,0
70847,25555676.19650933,0
70848,25555295.50519342,0
70849,25554914.399527133,0
70850,25554532.881126035,0
70851,25554150.95228798,0
70852,25553768.609430563,0
70853,25553385.85483518,0
70854,25553002.688081942,0
70855,25552619.107428063,0
70856,25552235.114589557,0
70857,25551850.70942632,0
70858,25551465.892387565,0
70859,25551080.66036027,0
70860,25550695.020355314,0
70861,25550308.9623235,0
70862,25549922.49227026,0
70863,25549535.607693557,0
70864,25549148.311558716,0
70865,25548760.601551462,0
70866,25548372.482031383,0
70867,25547983.945358805,0
70868,25547594.995039567,0
70869,25547205.63105978,0
70870,25546815.8540004,0
70871,25546425.66442883,0
70872,25546035.061314017,0
70873,25545644.042343818,0
70874,25545252.608696755,0
70875,25544860.763208233,0
70876,25544468.504596442,0
70877,25544075.829339884,0
70878,25543682.741661645,0
70879,25543289.241358396,0
70880,25542895.322968096,0
70881,25542500.99079243,0
70882,25542106.24992361,0
70883,25541711.08831203,0
70884,25541315.512796488,0
70885,25540919.52387061,0
70886,25540523.11808356,0
70887,25540126.30139659,0
70888,25539729.067804687,0
70889,25539331.420518517,0
70890,25538933.35896561,0
70891,25538534.879673216,0
70892,25538135.988069277,0
70893,25537736.67629223,0
70894,25537336.952571858,0
70895,25536936.816490855,0
70896,25536536.261129394,0
70897,25536135.29184393,0
70898,25535733.906208456,0
70899,25535332.105729625,0
70900,25534929.88989472,0
70901,25534527.257437993,0
70902,25534124.208831325,0
70903,25533720.748122204,0
70904,25533316.866380565,0
70905,25532912.570618715,0
70906,25532507.858975437,0
70907,25532102.732068267,0
70908,25531697.1877281,0
70909,25531291.225954466,0
70910,25530884.851445157,0
70911,25530478.057967603,0
70912,25530070.85023872,0
70913,25529663.224363506,0
70914,25529255.18158715,0
70915,25528846.724417455,0
70916,25528437.84793261,0
70917,25528028.55538748,0
70918,25527618.846331023,0
70919,25527208.720338088,0
70920,25526798.17829277,0
70921,25526387.217037003,0
70922,25525975.84081749,0
70923,25525564.04600756,0
70924,25525151.834399726,0
70925,25524739.20674671,0
70926,25524326.159203686,0
70927,25523912.69709091,0
70928,25523498.81581105,0
70929,25523084.518193394,0
70930,25522669.7988384,0
70931,25522254.667647798,0
70932,25521839.114590958,0
70933,25521423.143537387,0
70934,25521006.75719779,0
70935,25520589.952934153,0
70936,25520172.72886892,0
70937,25519755.088735666,0
70938,25519337.027316663,0
70939,25518918.54965617,0
70940,25518499.653240386,0
70941,25518080.337774012,0
70942,25517660.605705112,0
70943,25517240.45395465,0
70944,25516819.884136673,0
70945,25516398.895352397,0
70946,25515977.48784126,0
70947,25515555.661718514,0
70948,25515133.417673822,0
70949,25514710.751652144,0
70950,25514287.66899857,0
70951,25513864.169202503,0
70952,25513440.24802406,0
70953,25513015.906818204,0
70954,25512591.149161015,0
70955,25512165.968908958,0
70956,25511740.372216728,0
70957,25511314.354298446,0
70958,25510887.917469017,0
70959,25510461.058136594,0
70960,25510033.783771507,0
70961,25509606.08714672,0
70962,25509177.970260765,0
70963,25508749.437480394,0
70964,25508320.48199392,0
70965,25507891.10535371,0
70966,25507461.30955859,0
70967,25507031.094823636,0
70968,25506600.45738621,0
70969,25506169.40206847,0
70970,25505737.92704496,0
70971,25505306.031536765,0
70972,25504873.713894416,0
70973,25504440.976198472,0
70974,25504007.818050973,0
70975,25503574.242825933,0
70976,25503140.24014026,0
70977,25502705.81946527,0
70978,25502270.97998289,0
70979,25501835.71946239,0
70980,25501400.036493383,0
70981,25500963.932063863,0
70982,25500527.408359747,0
70983,25500090.463486377,0
70984,25499653.09558285,0
70985,25499215.307259806,0
70986,25498777.09765036,0
70987,25498338.46572875,0
70988,25497899.414434053,0
70989,25497459.94099938,0
70990,25497020.04567987,0
70991,25496579.727458946,0
70992,25496138.98801151,0
70993,25495697.82904136,0
70994,25495256.24458741,0
70995,25494814.23935446,0
70996,25494371.812524453,0
70997,25493928.96372273,0
70998,25493485.693208456,0
70999,25493042.0026304,0
71000,25492597.884680618,0
71001,25492153.34937339,0
71002,25491708.38766087,0
71003,25491263.006472748,0
71004,25490817.199396104,0
71005,25490370.972914908,0
71006,25489924.321123175,0
71007,25489477.249851182,0
71008,25489029.754923433,0
71009,25488581.83656333,0
71010,25488133.494139247,0
71011,25487684.729354326,0
71012,25487235.542325266,0
71013,25486785.9310826,0
71014,25486335.897323605,0
71015,25485885.440491807,0
71016,25485434.56082623,0
71017,25484983.258362982,0
71018,25484531.531119157,0
71019,25484079.378894627,0
71020,25483626.804225568,0
71021,25483173.80650516,0
71022,25482720.384260014,0
71023,25482266.54120725,0
71024,25481812.26999996,0
71025,25481357.57615873,0
71026,25480902.4622123,0
71027,25480446.921214327,0
71028,25479990.954407133,0
71029,25479534.566598445,0
71030,25479077.751568627,0
71031,25478620.51509979,0
71032,25478162.853519622,0
71033,25477704.76740656,0
71034,25477246.25618502,0
71035,25476787.318429295,0
71036,25476327.960554156,0
71037,25475868.17769027,0
71038,25475407.96642359,0
71039,25474947.330366336,0
71040,25474486.271896295,0
71041,25474024.788019266,0
71042,25473562.877128366,0
71043,25473100.54542963,0
71044,25472637.785722636,0
71045,25472174.601323806,0
71046,25471710.991802793,0
71047,25471246.95618598,0
71048,25470782.49735994,0
71049,25470317.6108371,0
71050,25469852.29875431,0
71051,25469386.562790062,0
71052,25468920.400114972,0
71053,25468453.810511634,0
71054,25467986.79722892,0
71055,25467519.357326236,0
71056,25467051.49111318,0
71057,25466583.19857378,0
71058,25466114.481516164,0
71059,25465645.339505985,0
71060,25465175.767538626,0
71061,25464705.77281087,0
71062,25464235.349312596,0
71063,25463764.500598844,0
71064,25463293.223873198,0
71065,25462821.524445903,0
71066,25462349.396980748,0
71067,25461876.83925056,0
71068,25461403.859605633,0
71069,25460930.44864714,0
71070,25460456.614673268,0
71071,25459982.351497654,0
71072,25459507.664058022,0
71073,25459032.547490757,0
71074,25458557.004597504,0
71075,25458081.035788726,0
71076,25457604.63835943,0
71077,25457127.812329393,0
71078,25456650.561676774,0
71079,25456172.88240588,0
71080,25455694.77560481,0
71081,25455216.24037266,0
71082,25454737.27871064,0
71083,25454257.888613,0
71084,25453778.074044544,0
71085,25453297.827156644,0
71086,25452817.15389171,0
71087,25452336.05379829,0
71088,25451854.52492905,0
71089,25451372.570059087,0
71090,25450890.183226943,0
71091,25450407.37111569,0
71092,25449924.129116695,0
71093,25449440.458155803,0
71094,25448956.36210894,0
71095,25448471.836818248,0
71096,25447986.8814873,0
71097,25447501.497046907,0
71098,25447015.688041694,0
71099,25446529.44485749,0
71100,25446042.776138783,0
71101,25445555.67786107,0
71102,25445068.15117033,0
71103,25444580.19655431,0
71104,25444091.812441505,0
71105,25443602.997519583,0
71106,25443113.75583776,0
71107,25442624.084036663,0
71108,25442133.981696293,0
71109,25441643.44996895,0
71110,25441152.49309039,0
71111,25440661.101571996,0
71112,25440169.2812075,0
71113,25439677.034648787,0
71114,25439184.35762333,0
71115,25438691.25009307,0
71116,25438197.71079674,0
71117,25437703.74285013,0
71118,25437209.347897153,0
71119,25436714.521064445,0
71120,25436219.26462201,0
71121,25435723.577400602,0
71122,25435227.45931068,0
71123,25434730.91082193,0
71124,25434233.93358085,0
71125,25433736.52582639,0
71126,25433238.686779454,0
71127,25432740.41995745,0
71128,25432241.72057881,0
71129,25431742.588258922,0
71130,25431243.028803233,0
71131,25430743.039959904,0
71132,25430242.61707295,0
71133,25429741.76328676,0
71134,25429240.480495892,0
71135,25428738.766400445,0
71136,25428236.61918322,0
71137,25427734.040992398,0
71138,25427231.035329744,0
71139,25426727.59629903,0
71140,25426223.72403304,0
71141,25425719.423620947,0
71142,25425214.689498834,0
71143,25424709.524118025,0
71144,25424203.92993781,0
71145,25423697.90354168,0
71146,25423191.44313814,0
71147,25422684.552013174,0
71148,25422177.227751832,0
71149,25421669.47512684,0
71150,25421161.287461985,0
71151,25420652.66879439,0
71152,25420143.61998836,0
71153,25419634.135338265,0
71154,25419124.22164085,0
71155,25418613.873791765,0
71156,25418103.09545229,0
71157,25417591.882034075,0
71158,25417080.24084187,0
71159,25416568.164301105,0
71160,25416055.657172207,0
71161,25415542.713733144,0
71162,25415029.3384323,0
71163,25414515.533455234,0
71164,25414001.29378425,0
71165,25413486.62163371,0
71166,25412971.512975097,0
71167,25412455.97587816,0
71168,25411940.00428686,0
71169,25411423.602247313,0
71170,25410906.763895012,0
71171,25410389.49337448,0
71172,25409871.787034895,0
71173,25409353.65078677,0
71174,25408835.078157265,0
71175,25408316.07434609,0
71176,25407796.637706652,0
71177,25407276.76634786,0
71178,25406756.461408414,0
71179,25406235.72153691,0
71180,25405714.550005645,0
71181,25405192.943136275,0
71182,25404670.904349,0
71183,25404148.428033154,0
71184,25403625.51827703,0
71185,25403102.178288892,0
71186,25402578.401414752,0
71187,25402054.18937981,0
71188,25401529.54485541,0
71189,25401004.465947382,0
71190,25400478.95154251,0
71191,25399953.002514567,0
71192,25399426.620600704,0
71193,25398899.804270264,0
71194,25398372.55095767,0
71195,25397844.864750065,0
71196,25397316.742799204,0
71197,25396788.185349207,0
71198,25396259.19518058,0
71199,25395729.768581208,0
71200,25395199.90849929,0
71201,25394669.612602986,0
71202,25394138.88072673,0
71203,25393607.712375678,0
71204,25393076.10994024,0
71205,25392544.07224583,0
71206,25392011.601187628,0
71207,25391478.692108043,0
71208,25390945.347981535,0
71209,25390411.5717498,0
71210,25389877.35532194,0
71211,25389342.70451194,0
71212,25388807.618032593,0
71213,25388272.097104058,0
71214,25387736.13716386,0
71215,25387199.743838966,0
71216,25386662.913997695,0
71217,25386125.64874623,0
71218,25385587.94454035,0
71219,25385049.807227105,0
71220,25384511.229350317,0
71221,25383972.222156186,0
71222,25383432.772933442,0
71223,25382892.889288504,0
71224,25382352.56676025,0
71225,25381811.80963337,0
71226,25381270.61663875,0
71227,25380728.98691118,0
71228,25380186.919485185,0
71229,25379644.415358208,0
71230,25379101.474718347,0
71231,25378558.094784744,0
71232,25378014.282745376,0
71233,25377470.030282337,0
71234,25376925.342408866,0
71235,25376380.214798234,0
71236,25375834.651467714,0
71237,25375288.651251145,0
71238,25374742.213656623,0
71239,25374195.338567607,0
71240,25373648.02432404,0
71241,25373100.274182886,0
71242,25372552.085557535,0
71243,25372003.459319867,0
71244,25371454.394038327,0
71245,25370904.894710064,0
71246,25370354.954271927,0
71247,25369804.57880545,0
71248,25369253.76183117,0
71249,25368702.50884678,0
71250,25368150.817198645,0
71251,25367598.688987944,0
71252,25367046.120353054,0
71253,25366493.115132257,0
71254,25365939.667446353,0
71255,25365385.789247148,0
71256,25364831.464901645,0
71257,25364276.706801143,0
71258,25363721.508053187,0
71259,25363165.871124912,0
71260,25362609.79373352,0
71261,25362053.279567525,0
71262,25361496.32681597,0
71263,25360938.934027653,0
71264,25360381.101754352,0
71265,25359822.832849916,0
71266,25359264.12508508,0
71267,25358704.973755386,0
71268,25358145.386831008,0
71269,25357585.359465517,0
71270,25357024.892429773,0
71271,25356463.987777002,0
71272,25355902.64247985,0
71273,25355340.856339443,0
71274,25354778.633948844,0
71275,25354215.968516927,0
71276,25353652.86587526,0
71277,25353089.321679596,0
71278,25352525.338091843,0
71279,25351960.91488163,0
71280,25351396.05246373,0
71281,25350830.74758433,0
71282,25350265.00589082,0
71283,25349698.823542707,0
71284,25349132.199273217,0
71285,25348565.1333025,0
71286,25347997.629648607,0
71287,25347429.686670203,0
71288,25346861.301054467,0
71289,25346292.477437317,0
71290,25345723.210233096,0
71291,25345153.504811242,0
71292,25344583.3590842,0
71293,25344012.76932467,0
71294,25343441.73965799,0
71295,25342870.271584716,0
71296,25342298.361081026,0
71297,25341726.009687815,0
71298,25341153.218414795,0
71299,25340579.982378747,0
71300,25340006.309931282,0
71301,25339432.19248092,0
71302,25338857.637350995,0
71303,25338282.635399166,0
71304,25337707.19991045,0
71305,25337131.31611447,0
71306,25336554.99236727,0
71307,25335978.23010394,0
71308,25335401.02369308,0
71309,25334823.375925746,0
71310,25334245.286939114,0
71311,25333666.754768528,0
71312,25333087.78128769,0
71313,25332508.365334235,0
71314,25331928.509298325,0
71315,25331348.209764343,0
71316,25330767.469015963,0
71317,25330186.28571067,0
71318,25329604.661673304,0
71319,25329022.591231514,0
71320,25328440.08152541,0
71321,25327857.12850333,0
71322,25327273.732332893,0
71323,25326689.898909137,0
71324,25326105.614727713,0
71325,25325520.893044442,0
71326,25324935.728671413,0
71327,25324350.117252797,0
71328,25323764.06805436,0
71329,25323177.57143025,0
71330,25322590.6350039,0
71331,25322003.256189786,0
71332,25321415.432103544,0
71333,25320827.167444505,0
71334,25320238.456538297,0
71335,25319649.30409692,0
71336,25319059.706738755,0
71337,25318469.666869633,0
71338,25317879.183798924,0
71339,25317288.257574085,0
71340,25316696.887815975,0
71341,25316105.076058034,0
71342,25315512.81802275,0
71343,25314920.115328986,0
71344,25314326.97139136,0
71345,25313733.383119088,0
71346,25313139.353519157,0
71347,25312544.874061074,0
71348,25311949.95394391,0
71349,25311354.58784723,0
71350,25310758.780761477,0
71351,25310162.52841504,0
71352,25309565.82961058,0
71353,25308968.688777264,0
71354,25308371.102751795,0
71355,25307773.071815047,0
71356,25307174.598101288,0
71357,25306575.676512267,0
71358,25305976.31231616,0
71359,25305376.50438737,0
71360,25304776.25046222,0
71361,25304175.549575366,0
71362,25303574.40854626,0
71363,25302972.81901838,0
71364,25302370.787719607,0
71365,25301768.310606863,0
71366,25301165.386703674,0
71367,25300562.018382117,0
71368,25299958.20447638,0
71369,25299353.945951816,0
71370,25298749.244339045,0
71371,25298144.0915427,0
71372,25297538.49680976,0
71373,25296932.455375224,0
71374,25296325.96818224,0
71375,25295719.03856802,0
71376,25295111.66196211,0
71377,25294503.839930635,0
71378,25293895.568396576,0
71379,25293286.853432912,0
71380,25292677.69381092,0
71381,25292068.08778742,0
71382,25291458.03199682,0
71383,25290847.53495315,0
71384,25290236.59101221,0
71385,25289625.197612066,0
71386,25289013.35910157,0
71387,25288401.07710683,0
71388,25287788.344642468,0
71389,25287175.1703902,0
71390,25286561.547889303,0
71391,25285947.47552532,0
71392,25285332.96117961,0
71393,25284717.99695961,0
71394,25284102.587772977,0
71395,25283486.728988983,0
71396,25282870.42664871,0
71397,25282253.67572977,0
71398,25281636.477181558,0
71399,25281018.83305346,0
71400,25280400.742319822,0
71401,25279782.20179852,0
71402,25279163.21568473,0
71403,25278543.782296155,0
71404,25277923.902150482,0
71405,25277303.575172774,0
71406,25276682.79888908,0
71407,25276061.577672884,0
71408,25275439.904382627,0
71409,25274817.788144786,0
71410,25274195.221384816,0
71411,25273572.208023835,0
71412,25272948.747388106,0
71413,25272324.834784366,0
71414,25271700.47807785,0
71415,25271075.674973,0
71416,25270450.421598222,0
71417,25269824.719084356,0
71418,25269198.57305789,0
71419,25268571.972224534,0
71420,25267944.926913213,0
71421,25267317.434331696,0
71422,25266689.48985824,0
71423,25266061.09857459,0
71424,25265432.26023984,0
71425,25264802.97095704,0
71426,25264173.235327348,0
71427,25263543.05000278,0
71428,25262912.41569295,0
71429,25262281.333525334,0
71430,25261649.800143845,0
71431,25261017.819301575,0
71432,25260385.390030693,0
71433,25259752.508573677,0
71434,25259119.18382297,0
71435,25258485.406346098,0
71436,25257851.18092749,0
71437,25257216.50426281,0
71438,25256581.381805427,0
71439,25255945.80618242,0
71440,25255309.783726957,0
71441,25254673.30939846,0
71442,25254036.387842692,0
71443,25253399.01368856,0
71444,25252761.19125482,0
71445,25252122.92173418,0
71446,25251484.20063508,0
71447,25250845.029439736,0
71448,25250205.40823632,0
71449,25249565.337164775,0
71450,25248924.817276087,0
71451,25248283.84735483,0
71452,25247642.427006766,0
71453,25247000.554182846,0
71454,25246358.22923269,0
71455,25245715.4607086,0
71456,25245072.238481052,0
71457,25244428.564717527,0
71458,25243784.44265369,0
71459,25243139.86847002,0
71460,25242494.843896177,0
71461,25241849.369325474,0
71462,25241203.44298219,0
71463,25240557.065405883,0
71464,25239910.238265548,0
71465,25239262.963087704,0
71466,25238615.23224578,0
71467,25237967.051858664,0
71468,25237318.420913342,0
71469,25236669.33996316,0
71470,25236019.80877488,0
71471,25235369.822720043,0
71472,25234719.38576946,0
71473,25234068.501689542,0
71474,25233417.162156384,0
71475,25232765.37166259,0
71476,25232113.13117423,0
71477,25231460.43782308,0
71478,25230807.292602617,0
71479,25230153.696610503,0
71480,25229499.64802925,0
71481,25228845.1491198,0
71482,25228190.1990006,0
71483,25227534.795554347,0
71484,25226878.939099833,0
71485,25226222.63172144,0
71486,25225565.871392712,0
71487,25224908.661234256,0
71488,25224250.99568225,0
71489,25223592.881882854,0
71490,25222934.313156646,0
71491,25222275.2918041,0
71492,25221615.819423497,0
71493,25220955.893096197,0
71494,25220295.5155492,0
71495,25219634.684915375,0
71496,25218973.40256717,0
71497,25218311.66589329,0
71498,25217649.47770217,0
71499,25216986.835486077,0
71500,25216323.740607902,0
71501,25215660.193828467,0
71502,25214996.193326473,0
71503,25214331.739250958,0
71504,25213666.8317412,0
71505,25213001.47301269,0
71506,25212335.660184078,0
71507,25211669.39518381,0
71508,25211002.67515792,0
71509,25210335.501627766,0
71510,25209667.87605937,0
71511,25208999.796196707,0
71512,25208331.262345195,0
71513,25207662.277874503,0
71514,25206992.835704878,0
71515,25206322.94086663,0
71516,25205652.59199082,0
71517,25204981.791906007,0
71518,25204310.536616627,0
71519,25203638.82578485,0
71520,25202966.662916273,0
71521,25202294.043969464,0
71522,25201620.973005228,0
71523,25200947.4483256,0
71524,25200273.466790013,0
71525,25199599.03188177,0
71526,25198924.145034485,0
71527,25198248.80066389,0
71528,25197573.002287824,0
71529,25196896.749745253,0
71530,25196220.042720646,0
71531,25195542.88293764,0
71532,25194865.267245587,0
71533,25194187.195716765,0
71534,25193508.66997042,0
71535,25192829.690367434,0
71536,25192150.25307344,0
71537,25191470.364325523,0
71538,25190790.019014906,0
71539,25190109.21909421,0
71540,25189427.96371823,0
71541,25188746.252212875,0
71542,25188064.088622652,0
71543,25187381.464540858,0
71544,25186698.38866025,0
71545,25186014.85810405,0
71546,25185330.86926255,0
71547,25184646.427146535,0
71548,25183961.52807068,0
71549,25183276.174154516,0
71550,25182590.363512687,0
71551,25181904.100092173,0
71552,25181217.37884581,0
71553,25180530.201725103,0
71554,25179842.567494668,0
71555,25179154.479274366,0
71556,25178465.935939763,0
71557,25177776.933165714,0
71558,25177087.474523056,0
71559,25176397.561446108,0
71560,25175707.191781275,0
71561,25175016.3680916,0
71562,25174325.084903564,0
71563,25173633.344268534,0
71564,25172941.15201787,0
71565,25172248.499637626,0
71566,25171555.39102946,0
71567,25170861.82752901,0
71568,25170167.80425643,0
71569,25169473.32758286,0
71570,25168778.38895291,0
71571,25168082.99852183,0
71572,25167387.151234243,0
71573,25166690.846348274,0
71574,25165994.08066443,0
71575,25165296.861605562,0
71576,25164599.18520514,0
71577,25163901.049933393,0
71578,25163202.459206626,0
71579,25162503.412357435,0
71580,25161803.903701484,0
71581,25161103.941047784,0
71582,25160403.520658776,0
71583,25159702.642435845,0
71584,25159001.305122245,0
71585,25158299.51220192,0
71586,25157597.260805257,0
71587,25156894.552379943,0
71588,25156191.384092774,0
71589,25155487.761889253,0
71590,25154783.678325925,0
71591,25154079.138631146,0
71592,25153374.138480034,0
71593,25152668.681254417,0
71594,25151962.766824517,0
71595,25151256.39561029,0
71596,25150549.5633705,0
71597,25149842.27280938,0
71598,25149134.526888885,0
71599,25148426.32027324,0
71600,25147717.655735817,0
71601,25147008.5312547,0
71602,25146298.949831504,0
71603,25145588.910555128,0
71604,25144878.41127036,0
71605,25144167.454000697,0
71606,25143456.038997345,0
71607,25142744.161863424,0
71608,25142031.827897668,0
71609,25141319.035210595,0
71610,25140605.78271237,0
71611,25139892.0723475,0
71612,25139177.903372154,0
71613,25138463.272678424,0
71614,25137748.184630685,0
71615,25137032.634188484,0
71616,25136316.629404366,0
71617,25135600.16423329,0
71618,25134883.236857314,0
71619,25134165.851401206,0
71620,25133448.00653045,0
71621,25132729.703188196,0
71622,25132010.938698255,0
71623,25131291.71234124,0
71624,25130572.030824743,0
71625,25129851.88744276,0
71626,25129131.28093245,0
71627,25128410.21932147,0
71628,25127688.69649633,0
71629,25126966.709814057,0
71630,25126244.268491745,0
71631,25125521.364873633,0
71632,25124798.00116697,0
71633,25124074.178830557,0
71634,25123349.893400136,0
71635,25122625.149191327,0
71636,25121899.943761546,0
71637,25121174.280576494,0
71638,25120448.153021254,0
71639,25119721.5653498,0
71640,25118994.517817743,0
71641,25118267.009417478,0
71642,25117539.04043678,0
71643,25116810.610718798,0
71644,25116081.72255908,0
71645,25115352.36944496,0
71646,25114622.55879253,0
71647,25113892.284451213,0
71648,25113161.549947474,0
71649,25112430.354997978,0
71650,25111698.700581536,0
71651,25110966.58406659,0
71652,25110234.00162576,0
71653,25109500.961167544,0
71654,25108767.460830495,0
71655,25108033.496840358,0
71656,25107299.071355212,0
71657,25106564.186275017,0
71658,25105828.83872862,0
71659,25105093.0282452,0
71660,25104356.75709093,0
71661,25103620.026075594,0
71662,25102882.828783676,0
71663,25102145.17244084,0
71664,25101407.053973544,0
71665,25100668.475615587,0
71666,25099929.429391984,0
71667,25099189.92756112,0
71668,25098449.959943723,0
71669,25097709.532832116,0
71670,25096968.640176985,0
71671,25096227.28417648,0
71672,25095485.472096197,0
71673,25094743.192002337,0
71674,25094000.44949467,0
71675,25093257.24791692,0
71676,25092513.582581867,0
71677,25091769.453103147,0
71678,25091024.861557122,0
71679,25090279.80959765,0
71680,25089534.29149281,0
71681,25088788.312315885,0
71682,25088041.87242068,0
71683,25087294.965517443,0
71684,25086547.596425187,0
71685,25085799.765497793,0
71686,25085051.47243375,0
71687,25084302.71497386,0
71688,25083553.494518917,0
71689,25082803.81070246,0
71690,25082053.6629673,0
71691,25081303.052614722,0
71692,25080551.977488462,0
71693,25079800.43933476,0
71694,25079048.440777306,0
71695,25078295.975691367,0
71696,25077543.046293527,0
71697,25076789.653993506,0
71698,25076035.80129296,0
71699,25075281.478664346,0
71700,25074526.69651817,0
71701,25073771.44844993,0
71702,25073015.737592526,0
71703,25072259.562138293,0
71704,25071502.921557654,0
71705,25070745.820840843,0
71706,25069988.253679134,0
71707,25069230.220719296,0
71708,25068471.7280889,0
71709,25067712.765548933,0
71710,25066953.340847433,0
71711,25066193.45206053,0
71712,25065433.097600114,0
71713,25064672.279208362,0
71714,25063910.996838193,0
71715,25063149.249836084,0
71716,25062387.039038785,0
71717,25061624.361460127,0
71718,25060861.221026506,0
71719,25060097.61287368,0
71720,25059333.542323384,0
71721,25058569.006140254,0
71722,25057804.00192021,0
71723,25057038.539111424,0
71724,25056272.607258815,0
71725,25055506.212323003,0
71726,25054739.35095793,0
71727,25053972.021921955,0
71728,25053204.23085886,0
71729,25052435.972239338,0
71730,25051667.250838682,0
71731,25050898.061350208,0
71732,25050128.407501955,0
71733,25049358.28824128,0
71734,25048587.703537155,0
71735,25047816.65241817,0
71736,25047045.13613464,0
71737,25046273.154052816,0
71738,25045500.70495564,0
71739,25044727.78991766,0
71740,25043954.409274112,0
71741,25043180.56404023,0
71742,25042406.25290894,0
71743,25041631.47308324,0
71744,25040856.2311715,0
71745,25040080.518475313,0
71746,25039304.342586666,0
71747,25038527.701042313,0
71748,25037750.58989101,0
71749,25036973.013077352,0
71750,25036194.96929244,0
71751,25035416.46332689,0
71752,25034637.487782016,0
71753,25033858.045980122,0
71754,25033078.13677854,0
71755,25032297.760667697,0
71756,25031516.918181974,0
71757,25030735.60994783,0
71758,25029953.834955543,0
71759,25029171.588135637,0
71760,25028388.88218139,0
71761,25027605.704066295,0
71762,25026822.06021816,0
71763,25026037.949972313,0
71764,25025253.37080912,0
71765,25024468.325668022,0
71766,25023682.810978577,0
71767,25022896.83216141,0
71768,25022110.385376245,0
71769,25021323.469462086,0
71770,25020536.087007433,0
71771,25019748.237438172,0
71772,25018959.920038626,0
71773,25018171.135809235,0
71774,25017381.88170243,0
71775,25016592.161833335,0
71776,25015801.971796036,0
71777,25015011.313076448,0
71778,25014220.190658297,0
71779,25013428.597955577,0
71780,25012636.53836841,0
71781,25011844.00971128,0
71782,25011051.01378072,0
71783,25010257.54816429,0
71784,25009463.61614874,0
71785,25008669.215131078,0
71786,25007874.345303696,0
71787,25007079.00593925,0
71788,25006283.202006664,0
71789,25005486.92696784,0
71790,25004690.18286572,0
71791,25003892.969377346,0
71792,25003095.290993292,0
71793,25002297.140986413,0
71794,25001498.52305687,0
71795,25000699.436838266,0
71796,24999899.88284889,0
71797,24999099.857133433,0
71798,24998299.363533553,0
71799,24997498.400794324,0
71800,24996696.969981283,0
71801,24995895.069495235,0
71802,24995092.700506512,0
71803,24994289.86058897,0
71804,24993486.552284498,0
71805,24992682.775337804,0
71806,24991878.529035084,0
71807,24991073.813048627,0
71808,24990268.627563465,0
71809,24989462.9715903,0
71810,24988656.84795778,0
71811,24987850.25459195,0
71812,24987043.191398095,0
71813,24986235.65762935,0
71814,24985427.653354265,0
71815,24984619.180227,0
71816,24983810.23874817,0
71817,24983000.8246139,0
71818,24982190.942857876,0
71819,24981380.58922626,0
71820,24980569.764067717,0
71821,24979758.474238906,0
71822,24978946.711495027,0
71823,24978134.476949967,0
71824,24977321.77261475,0
71825,24976508.601481944,0
71826,24975694.955646656,0
71827,24974880.84087432,0
71828,24974066.25663537,0
71829,24973251.203383833,0
71830,24972435.675034676,0
71831,24971619.678023595,0
71832,24970803.210551273,0
71833,24969986.27406281,0
71834,24969168.864103824,0
71835,24968350.984798606,0
71836,24967532.633737072,0
71837,24966713.812557217,0
71838,24965894.519370813,0
71839,24965074.756435722,0
71840,24964254.52113669,0
71841,24963433.815760132,0
71842,24962612.640042864,0
71843,24961790.990921706,0
71844,24960968.872567356,0
71845,24960146.28156918,0
71846,24959323.218951073,0
71847,24958499.687029622,0
71848,24957675.682842333,0
71849,24956851.20450488,0
71850,24956026.258620568,0
71851,24955200.837476376,0
71852,24954374.948865082,0
71853,24953548.585283037,0
71854,24952721.748845678,0
71855,24951894.44464741,0
71856,24951066.664953373,0
71857,24950238.414462168,0
71858,24949409.694049295,0
71859,24948580.500423454,0
71860,24947750.833521444,0
71861,24946920.69439148,0
71862,24946090.084490474,0
71863,24945259.00108664,0
71864,24944427.44658264,0
71865,24943595.419943962,0
71866,24942762.918529373,0
71867,24941929.948413137,0
71868,24941096.502107095,0
71869,24940262.58529064,0
71870,24939428.19770547,0
71871,24938593.33408766,0
71872,24937757.99916407,0
71873,24936922.19237671,0
71874,24936085.911842294,0
71875,24935249.1596212,0
71876,24934411.933665898,0
71877,24933574.23370281,0
71878,24932736.061220963,0
71879,24931897.417969555,0
71880,24931058.30146095,0
71881,24930218.709380746,0
71882,24929378.645033993,0
71883,24928538.109846327,0
71884,24927697.09835319,0
71885,24926855.612058345,0
71886,24926013.656344015,0
71887,24925171.22628538,0
71888,24924328.320987023,0
71889,24923484.944257952,0
71890,24922641.093523078,0
71891,24921796.76863441,0
71892,24920951.969360016,0
71893,24920106.700058844,0
71894,24919260.95313546,0
71895,24918414.732496355,0
71896,24917568.040878464,0
71897,24916720.872679006,0
71898,24915873.23257117,0
71899,24915025.116307404,0
71900,24914176.525731593,0
71901,24913327.46285136,0
71902,24912477.927636333,0
71903,24911627.915921684,0
71904,24910777.427721262,0
71905,24909926.47032441,0
71906,24909075.035508152,0
71907,24908223.125020597,0
71908,24907370.74232174,0
71909,24906517.88246577,0
71910,24905664.55171142,0
71911,24904810.745370593,0
71912,24903956.46443862,0
71913,24903101.707889583,0
71914,24902246.477300093,0
71915,24901390.77058042,0
71916,24900534.59144235,0
71917,24899677.937505506,0
71918,24898820.80605105,0
71919,24897963.200471416,0
71920,24897105.119511075,0
71921,24896246.564648747,0
71922,24895387.53333788,0
71923,24894528.027691536,0
71924,24893668.048348263,0
71925,24892807.592999417,0
71926,24891946.660313085,0
71927,24891085.255736776,0
71928,24890223.37195264,0
71929,24889361.014947757,0
71930,24888498.183010727,0
71931,24887634.8732347,0
71932,24886771.090064604,0
71933,24885906.830257248,0
71934,24885042.09356821,0
71935,24884176.88241441,0
71936,24883311.19731657,0
71937,24882445.03461217,0
71938,24881578.395232763,0
71939,24880711.279123336,0
71940,24879843.69026397,0
71941,24878975.622494344,0
71942,24878107.07880492,0
71943,24877238.060614347,0
71944,24876368.566032816,0
71945,24875498.596128628,0
71946,24874628.146756973,0
71947,24873757.22279518,0
71948,24872885.823115457,0
71949,24872013.94690155,0
71950,24871141.59466153,0
71951,24870268.765016016,0
71952,24869395.456097096,0
71953,24868521.675288063,0
71954,24867647.4164132,0
71955,24866772.67936462,0
71956,24865897.466652792,0
71957,24865021.77846065,0
71958,24864145.612079006,0
71959,24863268.967887327,0
71960,24862391.84819642,0
71961,24861514.25100114,0
71962,24860636.175150465,0
71963,24859757.62379115,0
71964,24858878.59597901,0
71965,24857999.089999653,0
71966,24857119.107191443,0
71967,24856238.64751585,0
71968,24855357.710021988,0
71969,24854476.29268803,0
71970,24853594.40306367,0
71971,24852712.032972775,0
71972,24851829.186196573,0
71973,24850945.86051826,0
71974,24850062.058106612,0
71975,24849177.77828151,0
71976,24848293.02197023,0
71977,24847407.7849668,0
71978,24846522.073181096,0
71979,24845635.88189157,0
71980,24844749.211530358,0
71981,24843862.06437477,0
71982,24842974.439442005,0
71983,24842086.336774748,0
71984,24841197.755281366,0
71985,24840308.697370958,0
71986,24839419.158610884,0
71987,24838529.144520104,0
71988,24837638.648856968,0
71989,24836747.67593922,0
71990,24835856.225264244,0
71991,24834964.2975662,0
71992,24834071.889887515,0
71993,24833179.003927127,0
71994,24832285.64129683,0
71995,24831391.79651835,0
71996,24830497.47357544,0
71997,24829602.675704956,0
71998,24828707.397336602,0
71999,24827811.638524726,0
72000,24826915.400646284,0
72001,24826018.68584974,0
72002,24825121.490309928,0
72003,24824223.816603094,0
72004,24823325.66481811,0
72005,24822427.033332456,0
72006,24821527.922446292,0
72007,24820628.334419467,0
72008,24819728.263681542,0
72009,24818827.716234963,0
72010,24817926.68984238,0
72011,24817025.18012427,0
72012,24816123.194339037,0
72013,24815220.729158755,0
72014,24814317.783127148,0
72015,24813414.35785672,0
72016,24812510.456024747,0
72017,24811606.0707992,0
72018,24810701.20374425,0
72019,24809795.863727454,0
72020,24808890.04072704,0
72021,24807983.73726463,0
72022,24807076.953901924,0
72023,24806169.691877227,0
72024,24805261.948430438,0
72025,24804353.72534814,0
72026,24803445.022078913,0
72027,24802535.837955665,0
72028,24801626.174598083,0
72029,24800716.03350178,0
72030,24799805.410010215,0
72031,24798894.305460613,0
72032,24797982.72057051,0
72033,24797070.65585037,0
72034,24796158.11175457,0
72035,24795245.087491848,0
72036,24794331.583192304,0
72037,24793417.59453777,0
72038,24792503.127856877,0
72039,24791588.181053996,0
72040,24790672.751529276,0
72041,24789756.842886817,0
72042,24788840.453479014,0
72043,24787923.583065793,0
72044,24787006.23044647,0
72045,24786088.397416033,0
72046,24785170.084634807,0
72047,24784251.288251363,0
72048,24783332.014698103,0
72049,24782412.258618943,0
72050,24781492.02164395,0
72051,24780571.301864125,0
72052,24779650.09812144,0
72053,24778728.42053569,0
72054,24777806.257729754,0
72055,24776883.6110779,0
72056,24775960.485904522,0
72057,24775036.880576063,0
72058,24774112.790503785,0
72059,24773188.219605673,0
72060,24772263.16757475,0
72061,24771337.63743614,0
72062,24770411.620360997,0
72063,24769485.122317865,0
72064,24768558.145253524,0
72065,24767630.683122832,0
72066,24766702.741926905,0
72067,24765774.31686773,0
72068,24764845.409542084,0
72069,24763916.02195082,0
72070,24762986.151495125,0
72071,24762055.79914775,0
72072,24761124.965207025,0
72073,24760193.648817874,0
72074,24759261.847794976,0
72075,24758329.56395852,0
72076,24757396.802885473,0
72077,24756463.555504546,0
72078,24755529.825399503,0
72079,24754595.61663039,0
72080,24753660.92270642,0
72081,24752725.74522173,0
72082,24751790.085989483,0
72083,24750853.94706192,0
72084,24749917.321960244,0
72085,24748980.213703323,0
72086,24748042.625404038,0
72087,24747104.551730383,0
72088,24746165.997221213,0
72089,24745226.958588094,0
72090,24744287.43433365,0
72091,24743347.432612028,0
72092,24742406.944879297,0
72093,24741465.973739225,0
72094,24740524.51949557,0
72095,24739582.583623722,0
72096,24738640.163326684,0
72097,24737697.260880698,0
72098,24736753.873300694,0
72099,24735810.003372844,0
72100,24734865.65002678,0
72101,24733920.812183253,0
72102,24732975.49108563,0
72103,24732029.690172702,0
72104,24731083.400156617,0
72105,24730136.62865234,0
72106,24729189.37521209,0
72107,24728241.636885446,0
72108,24727293.413862556,0
72109,24726344.70561916,0
72110,24725395.51607889,0
72111,24724445.842123125,0
72112,24723495.685622618,0
72113,24722545.041648816,0
72114,24721593.915487107,0
72115,24720642.30370973,0
72116,24719690.209029987,0
72117,24718737.633019462,0
72118,24717784.56916376,0
72119,24716831.02214656,0
72120,24715876.991338313,0
72121,24714922.47532212,0
72122,24713967.474991933,0
72123,24713011.990257293,0
72124,24712056.020617753,0
72125,24711099.5670081,0
72126,24710142.629452687,0
72127,24709185.204709593,0
72128,24708227.297038108,0
72129,24707268.90589587,0
72130,24706310.028929666,0
72131,24705350.667668,0
72132,24704390.82003658,0
72133,24703430.4879046,0
72134,24702469.672771912,0
72135,24701508.3720244,0
72136,24700546.584526263,0
72137,24699584.311122533,0
72138,24698621.556154933,0
72139,24697658.312094573,0
72140,24696694.586931072,0
72141,24695730.372664183,0
72142,24694765.676657367,0
72143,24693800.494679682,0
72144,24692834.825588163,0
72145,24691868.67330708,0
72146,24690902.033198163,0
72147,24689934.907168224,0
72148,24688967.29895359,0
72149,24687999.202907566,0
72150,24687030.622018203,0
72151,24686061.554296926,0
72152,24685092.001172926,0
72153,24684121.961055208,0
72154,24683151.438392084,0
72155,24682180.427105024,0
72156,24681208.931828324,0
72157,24680236.951077618,0
72158,24679264.48189043,0
72159,24678291.526772205,0
72160,24677318.086287584,0
72161,24676344.159403708,0
72162,24675369.744942196,0
72163,24674394.84854842,0
72164,24673419.46297444,0
72165,24672443.59250239,0
72166,24671467.234019,0
72167,24670490.39073027,0
72168,24669513.061304867,0
72169,24668535.243297406,0
72170,24667556.93862521,0
72171,24666578.148896895,0
72172,24665598.873836815,0
72173,24664619.11067652,0
72174,24663638.859144628,0
72175,24662658.123352773,0
72176,24661676.900880337,0
72177,24660695.19147647,0
72178,24659712.99285476,0
72179,24658730.308501262,0
72180,24657747.137408927,0
72181,24656763.48001302,0
72182,24655779.33632026,0
72183,24654794.703064077,0
72184,24653809.584291216,0
72185,24652823.976082183,0
72186,24651837.885608513,0
72187,24650851.30461592,0
72188,24649864.234959524,0
72189,24648876.679796524,0
72190,24647888.638351202,0
72191,24646900.109970868,0
72192,24645911.087734483,0
72193,24644921.583798867,0
72194,24643931.591260366,0
72195,24642941.112451542,0
72196,24641950.14388935,0
72197,24640958.687472653,0
72198,24639966.74330166,0
72199,24638974.314702194,0
72200,24637981.394660965,0
72201,24636987.98702831,0
72202,24635994.092940833,0
72203,24634999.710703973,0
72204,24634004.840361875,0
72205,24633009.4811339,0
72206,24632013.63460446,0
72207,24631017.30336295,0
72208,24630020.47853591,0
72209,24629023.166821636,0
72210,24628025.36840877,0
72211,24627027.080717724,0
72212,24626028.30386301,0
72213,24625029.038710393,0
72214,24624029.287552405,0
72215,24623029.04691694,0
72216,24622028.317522533,0
72217,24621027.097807303,0
72218,24620025.39555716,0
72219,24619023.200307477,0
72220,24618020.514524348,0
72221,24617017.34158446,0
72222,24616013.67973615,0
72223,24615009.530841723,0
72224,24614004.891286407,0
72225,24612999.764931623,0
72226,24611994.147963207,0
72227,24610988.040619668,0
72228,24609981.44621301,0
72229,24608974.364268046,0
72230,24607966.791315846,0
72231,24606958.7277138,0
72232,24605950.177416783,0
72233,24604941.137565725,0
72234,24603931.60828566,0
72235,24602921.589568287,0
72236,24601911.08253012,0
72237,24600900.08439841,0
72238,24599888.597544264,0
72239,24598876.62046493,0
72240,24597864.155652758,0
72241,24596851.20018348,0
72242,24595837.754880987,0
72243,24594823.8197387,0
72244,24593809.398032848,0
72245,24592794.4846985,0
72246,24591779.07958065,0
72247,24590763.187400896,0
72248,24589746.802997116,0
72249,24588729.928311434,0
72250,24587712.567017023,0
72251,24586694.713441785,0
72252,24585676.37132624,0
72253,24584657.539453086,0
72254,24583638.214328874,0
72255,24582618.402056098,0
72256,24581598.099200983,0
72257,24580577.306162026,0
72258,24579556.022016834,0
72259,24578534.24585307,0
72260,24577511.98146119,0
72261,24576489.228582405,0
72262,24575465.982262574,0
72263,24574442.246041093,0
72264,24573418.022097833,0
72265,24572393.30388973,0
72266,24571368.09866385,0
72267,24570342.398749847,0
72268,24569316.209941898,0
72269,24568289.531422965,0
72270,24567262.362303317,0
72271,24566234.701113574,0
72272,24565206.551164523,0
72273,24564177.90703208,0
72274,24563148.77336608,0
72275,24562119.150787104,0
72276,24561089.034620557,0
72277,24560058.427330285,0
72278,24559027.33063092,0
72279,24557995.742147982,0
72280,24556963.662109796,0
72281,24555931.09169008,0
72282,24554898.028178416,0
72283,24553864.4757935,0
72284,24552830.431948364,0
72285,24551795.89499973,0
72286,24550760.867249597,0
72287,24549725.349275205,0
72288,24548689.338538438,0
72289,24547652.835864253,0
72290,24546615.842503507,0
72291,24545578.359221134,0
72292,24544540.382273685,0
72293,24543501.914183967,0
72294,24542462.953534234,0
72295,24541423.500517815,0
72296,24540383.557550184,0
72297,24539343.12264955,0
72298,24538302.19606828,0
72299,24537260.774617147,0
72300,24536218.862820443,0
72301,24535176.463338237,0
72302,24534133.56719612,0
72303,24533090.1783418,0
72304,24532046.299473096,0
72305,24531001.92760611,0
72306,24529957.06442603,0
72307,24528911.70748679,0
72308,24527865.858412042,0
72309,24526819.519284472,0
72310,24525772.68747185,0
72311,24524725.36063699,0
72312,24523677.54217916,0
72313,24522629.231393564,0
72314,24521580.42778932,0
72315,24520531.13256713,0
72316,24519481.345149692,0
72317,24518431.06507323,0
72318,24517380.291552182,0
72319,24516329.024190586,0
72320,24515277.265132304,0
72321,24514225.01310837,0
72322,24513172.268882986,0
72323,24512119.03072106,0
72324,24511065.30016351,0
72325,24510011.07568999,0
72326,24508956.35910238,0
72327,24507901.149676558,0
72328,24506845.44789411,0
72329,24505789.251499332,0
72330,24504732.565365043,0
72331,24503675.38093281,0
72332,24502617.706623446,0
72333,24501559.53775074,0
72334,24500500.87456989,0
72335,24499441.718609594,0
72336,24498382.068842884,0
72337,24497321.926777918,0
72338,24496261.292364784,0
72339,24495200.162405703,0
72340,24494138.53853258,0
72341,24493076.42239414,0
72342,24492013.8127056,0
72343,24490950.708483826,0
72344,24489887.110572543,0
72345,24488823.019336674,0
72346,24487758.431746334,0
72347,24486693.355100527,0
72348,24485627.781055003,0
72349,24484561.715578787,0
72350,24483495.154482726,0
72351,24482428.10022286,0
72352,24481360.551310908,0
72353,24480292.509263948,0
72354,24479223.968426544,0
72355,24478154.93898358,0
72356,24477085.411564264,0
72357,24476015.394346356,0
72358,24474944.87965606,0
72359,24473873.870997045,0
72360,24472802.36901752,0
72361,24471730.37057914,0
72362,24470657.88192087,0
72363,24469584.89379003,0
72364,24468511.413553577,0
72365,24467437.43823319,0
72366,24466362.969571758,0
72367,24465288.003098547,0
72368,24464212.54610514,0
72369,24463136.591020223,0
72370,24462060.14253756,0
72371,24460983.20064296,0
72372,24459905.761380244,0
72373,24458827.829276737,0
72374,24457749.40140077,0
72375,24456670.477576267,0
72376,24455591.060328424,0
72377,24454511.146755654,0
72378,24453430.73929932,0
72379,24452349.83676819,0
72380,24451268.437170953,0
72381,24450186.545219902,0
72382,24449104.156529214,0
72383,24448021.27089569,0
72384,24446937.8925143,0
72385,24445854.01810842,0
72386,24444769.648520082,0
72387,24443684.78275967,0
72388,24442599.42395363,0
72389,24441513.567883227,0
72390,24440427.21431354,0
72391,24439340.366658133,0
72392,24438253.024903342,0
72393,24437165.187706284,0
72394,24436076.854306147,0
72395,24434988.02153127,0
72396,24433898.694224317,0
72397,24432808.873506423,0
72398,24431718.55586873,0
72399,24430627.744849656,0
72400,24429536.43539789,0
72401,24428444.63043277,0
72402,24427352.330266025,0
72403,24426259.533664484,0
72404,24425166.239706673,0
72405,24424072.45032153,0
72406,24422978.162691135,0
72407,24421883.382053446,0
72408,24420788.10612352,0
72409,24419692.330107313,0
72410,24418596.061384365,0
72411,24417499.293689366,0
72412,24416402.03126365,0
72413,24415304.27011224,0
72414,24414206.015802078,0
72415,24413107.261967395,0
72416,24412008.01388046,0
72417,24410908.2681009,0
72418,24409808.02720135,0
72419,24408707.28808188,0
72420,24407606.05004789,0
72421,24406504.318852343,0
72422,24405402.090123493,0
72423,24404299.365757447,0
72424,24403196.14204845,0
72425,24402092.422066595,0
72426,24400988.205499616,0
72427,24399883.49435844,0
72428,24398778.281345073,0
72429,24397672.577244252,0
72430,24396566.370617975,0
72431,24395459.6700806,0
72432,24394352.470853172,0
72433,24393244.77542823,0
72434,24392136.58324441,0
72435,24391027.893208668,0
72436,24389918.704396196,0
72437,24388809.020816375,0
72438,24387698.839248657,0
72439,24386588.160144094,0
72440,24385476.98073401,0
72441,24384365.30792993,0
72442,24383253.134482224,0
72443,24382140.466611844,0
72444,24381027.299693804,0
72445,24379913.636140063,0
72446,24378799.474216193,0
72447,24377684.81226067,0
72448,24376569.65588695,0
72449,24375454.000791248,0
72450,24374337.846128814,0
72451,24373221.19654724,0
72452,24372104.046930242,0
72453,24370986.399625227,0
72454,24369868.25519218,0
72455,24368749.610632062,0
72456,24367630.471487593,0
72457,24366510.831572082,0
72458,24365390.695416387,0
72459,24364270.0598132,0
72460,24363148.92716362,0
72461,24362027.296511162,0
72462,24360905.165641174,0
72463,24359782.538423195,0
72464,24358659.4099854,0
72465,24357535.787667602,0
72466,24356411.662049808,0
72467,24355287.040204056,0
72468,24354161.921106983,0
72469,24353036.302354265,0
72470,24351910.184089415,0
72471,24350783.568835273,0
72472,24349656.45204277,0
72473,24348528.84130527,0
72474,24347400.730324894,0
72475,24346272.122074973,0
72476,24345143.01213401,0
72477,24344013.403779127,0
72478,24342883.298817817,0
72479,24341752.689182546,0
72480,24340621.586318772,0
72481,24339489.984885864,0
72482,24338357.879823033,0
72483,24337225.277961954,0
72484,24336092.17900936,0
72485,24334958.5779441,0
72486,24333824.48093907,0
72487,24332689.882523786,0
72488,24331554.7843116,0
72489,24330419.189053327,0
72490,24329283.09213244,0
72491,24328146.49748414,0
72492,24327009.403572056,0
72493,24325871.808848206,0
72494,24324733.71757842,0
72495,24323595.12351163,0
72496,24322456.031611722,0
72497,24321316.438356906,0
72498,24320176.347814467,0
72499,24319035.757806104,0
72500,24317894.66805844,0
72501,24316753.0784754,0
72502,24315610.98616463,0
72503,24314468.396815624,0
72504,24313325.30704739,0
72505,24312181.71958793,0
72506,24311037.631470762,0
72507,24309893.0409727,0
72508,24308747.952336412,0
72509,24307602.36359626,0
72510,24306456.274182606,0
72511,24305309.684584875,0
72512,24304162.597951222,0
72513,24303015.00802549,0
72514,24301866.91816196,0
72515,24300718.33237748,0
72516,24299569.239819113,0
72517,24298419.648311272,0
72518,24297269.56059553,0
72519,24296118.967696913,0
72520,24294967.87924684,0
72521,24293816.28807172,0
72522,24292664.19743699,0
72523,24291511.603017393,0
72524,24290358.511190932,0
72525,24289204.91834702,0
72526,24288050.82564457,0
72527,24286896.230971366,0
72528,24285741.136174425,0
72529,24284585.54131758,0
72530,24283429.443609096,0
72531,24282272.848280262,0
72532,24281115.74893397,0
72533,24279958.151305564,0
72534,24278800.05045016,0
72535,24277641.45118866,0
72536,24276482.350476824,0
72537,24275322.746003527,0
72538,24274162.644803345,0
72539,24273002.03978259,0
72540,24271840.936323166,0
72541,24270679.327602766,0
72542,24269517.220607784,0
72543,24268354.61143648,0
72544,24267191.502329186,0
72545,24266027.88831738,0
72546,24264863.776649747,0
72547,24263699.164978556,0
72548,24262534.04924161,0
72549,24261368.43073703,0
72550,24260202.31421708,0
72551,24259035.69511928,0
72552,24257868.574203394,0
72553,24256700.953276947,0
72554,24255532.829704177,0
72555,24254364.200723108,0
72556,24253195.07573052,0
72557,24252025.447193794,0
72558,24250855.315134775,0
72559,24249684.6856773,0
72560,24248513.550839692,0
72561,24247341.91556576,0
72562,24246169.776683267,0
72563,24244997.136896547,0
72564,24243823.995750416,0
72565,24242650.352917407,0
72566,24241476.207338315,0
72567,24240301.561399788,0
72568,24239126.41385031,0
72569,24237950.760381717,0
72570,24236774.604357347,0
72571,24235597.950821023,0
72572,24234420.791661024,0
72573,24233243.132411048,0
72574,24232064.970505506,0
72575,24230886.30572268,0
72576,24229707.13807121,0
72577,24228527.47040213,0
72578,24227347.29627524,0
72579,24226166.624625318,0
72580,24224985.446853157,0
72581,24223803.769062404,0
72582,24222621.58594544,0
72583,24221438.90347183,0
72584,24220255.717977393,0
72585,24219072.026740536,0
72586,24217887.834794868,0
72587,24216703.141227394,0
72588,24215517.943662357,0
72589,24214332.241964832,0
72590,24213146.041554246,0
72591,24211959.33552642,0
72592,24210772.12740716,0
72593,24209584.415181346,0
72594,24208396.202102493,0
72595,24207207.48095607,0
72596,24206018.263967562,0
72597,24204828.538635686,0
72598,24203638.311996765,0
72599,24202447.5822407,0
72600,24201256.350744363,0
72601,24200064.615146734,0
72602,24198872.374789566,0
72603,24197679.633202918,0
72604,24196486.390097037,0
72605,24195292.637763754,0
72606,24194098.385802586,0
72607,24192903.63200958,0
72608,24191708.37000254,0
72609,24190512.609373517,0
72610,24189316.340791654,0
72611,24188119.572401118,0
72612,24186922.29962529,0
72613,24185724.523401435,0
72614,24184526.242887445,0
72615,24183327.460553173,0
72616,24182128.17429677,0
72617,24180928.383774634,0
72618,24179728.085805163,0
72619,24178527.28888905,0
72620,24177325.986888804,0
72621,24176124.179481313,0
72622,24174921.86987586,0
72623,24173719.0555281,0
72624,24172515.73748769,0
72625,24171311.914280776,0
72626,24170107.58700565,0
72627,24168902.75859383,0
72628,24167697.42404607,0
72629,24166491.58629984,0
72630,24165285.245165206,0
72631,24164078.399093565,0
72632,24162871.047057763,0
72633,24161663.190734155,0
72634,24160454.83226889,0
72635,24159245.968321763,0
72636,24158036.60131688,0
72637,24156826.72845486,0
72638,24155616.353149995,0
72639,24154405.470289096,0
72640,24153194.08774134,0
72641,24151982.194004565,0
72642,24150769.80116713,0
72643,24149556.900067873,0
72644,24148343.498943105,0
72645,24147129.589525737,0
72646,24145915.17660249,0
72647,24144700.257718798,0
72648,24143484.83719001,0
72649,24142268.90947101,0
72650,24141052.476210073,0
72651,24139835.53983704,0
72652,24138618.097199414,0
72653,24137400.15046219,0
72654,24136181.699230563,0
72655,24134962.743026707,0
72656,24133743.28176503,0
72657,24132523.315156918,0
72658,24131302.842716727,0
72659,24130081.86763201,0
72660,24128860.386131372,0
72661,24127638.398969904,0
72662,24126415.90658998,0
72663,24125192.905989468,0
72664,24123969.40485008,0
72665,24122745.396432836,0
72666,24121520.88290494,0
72667,24120295.86722933,0
72668,24119070.343807627,0
72669,24117844.312734067,0
72670,24116617.778366633,0
72671,24115390.737227418,0
72672,24114163.192938227,0
72673,24112935.14068865,0
72674,24111706.582953554,0
72675,24110477.521497663,0
72676,24109247.952576194,0
72677,24108017.879105803,0
72678,24106787.300053947,0
72679,24105556.217837088,0
72680,24104324.62481354,0
72681,24103092.52632974,0
72682,24101859.92256249,0
72683,24100626.81270943,0
72684,24099393.20181431,0
72685,24098159.081291467,0
72686,24096924.45322785,0
72687,24095689.3214633,0
72688,24094453.68343298,0
72689,24093217.539440494,0
72690,24091980.89003785,0
72691,24090743.730501097,0
72692,24089506.069750775,0
72693,24088267.90038941,0
72694,24087029.22454272,0
72695,24085790.0444988,0
72696,24084550.35594613,0
72697,24083310.162036244,0
72698,24082069.46215207,0
72699,24080828.254732896,0
72700,24079586.542797342,0
72701,24078344.322265692,0
72702,24077101.598409772,0
72703,24075858.364509694,0
72704,24074614.62464669,0
72705,24073370.38010318,0
72706,24072125.62867252,0
72707,24070880.367376037,0
72708,24069634.604834765,0
72709,24068388.331841417,0
72710,24067141.552689984,0
72711,24065894.266507708,0
72712,24064646.475238018,0
72713,24063398.174896263,0
72714,24062149.367840584,0
72715,24060900.056296334,0
72716,24059650.237015013,0
72717,24058399.911246374,0
72718,24057149.076796535,0
72719,24055897.735257726,0
72720,24054645.888103563,0
72721,24053393.53409041,0
72722,24052140.67293281,0
72723,24050887.304199275,0
72724,24049633.425973374,0
72725,24048379.044155296,0
72726,24047124.154435217,0
72727,24045868.755103655,0
72728,24044612.85281902,0
72729,24043356.43826253,0
72730,24042099.520180445,0
72731,24040842.09288964,0
72732,24039584.157152485,0
72733,24038325.71607125,0
72734,24037066.76817641,0
72735,24035807.30954422,0
72736,24034547.346008204,0
72737,24033286.87252555,0
72738,24032025.89501079,0
72739,24030764.407255903,0
72740,24029502.413552105,0
72741,24028239.909879778,0
72742,24026976.90103739,0
72743,24025713.382627994,0
72744,24024449.35483755,0
72745,24023184.824266683,0
72746,24021919.784319088,0
72747,24020654.23298608,0
72748,24019388.17657749,0
72749,24018121.613771502,0
72750,24016854.54028118,0
72751,24015586.958698254,0
72752,24014318.870619245,0
72753,24013050.272957522,0
72754,24011781.17124768,0
72755,24010511.556759145,0
72756,24009241.436550073,0
72757,24007970.80574485,0
72758,24006699.667003367,0
72759,24005428.023187295,0
72760,24004155.870098244,0
72761,24002883.208021753,0
72762,24001610.034610678,0
72763,24000336.357745808,0
72764,23999062.16880475,0
72765,23997787.47428742,0
72766,23996512.271501753,0
72767,23995236.559833147,0
72768,23993960.33782223,0
72769,23992683.60703272,0
72770,23991406.37081335,0
72771,23990128.62281963,0
72772,23988850.368227895,0
72773,23987571.60482379,0
72774,23986292.33161034,0
72775,23985012.55176744,0
72776,23983732.26200841,0
72777,23982451.46365376,0
72778,23981170.15663534,0
72779,23979888.33883661,0
72780,23978606.012678217,0
72781,23977323.178826,0
72782,23976039.83883969,0
72783,23974755.98693476,0
72784,23973471.625910196,0
72785,23972186.754246578,0
72786,23970901.377759025,0
72787,23969615.488089062,0
72788,23968329.09170932,0
72789,23967042.1861903,0
72790,23965754.771483686,0
72791,23964466.84645374,0
72792,23963178.413779777,0
72793,23961889.46968313,0
72794,23960600.017475706,0
72795,23959310.056081284,0
72796,23958019.58466045,0
72797,23956728.603075672,0
72798,23955437.117606178,0
72799,23954145.117619116,0
72800,23952852.610453174,0
72801,23951559.592704553,0
72802,23950266.065170802,0
72803,23948972.02934482,0
72804,23947677.483311597,0
72805,23946382.425551306,0
72806,23945086.862692997,0
72807,23943790.78704667,0
72808,23942494.20066518,0
72809,23941197.106557384,0
72810,23939899.501907945,0
72811,23938601.389972422,0
72812,23937302.76558216,0
72813,23936003.62987252,0
72814,23934703.98858056,0
72815,23933403.835657734,0
72816,23932103.17315363,0
72817,23930801.998594936,0
72818,23929500.317385085,0
72819,23928198.1259229,0
72820,23926895.42175376,0
72821,23925592.20926289,0
72822,23924288.48727712,0
72823,23922984.252564453,0
72824,23921679.509353884,0
72825,23920374.25649505,0
72826,23919068.49175435,0
72827,23917762.21822445,0
72828,23916455.432922132,0
72829,23915148.143025883,0
72830,23913840.337050073,0
72831,23912532.020431064,0
72832,23911223.19721011,0
72833,23909913.859806508,0
72834,23908604.0147031,0
72835,23907293.65828239,0
72836,23905982.79089312,0
72837,23904671.413153782,0
72838,23903359.52728153,0
72839,23902047.1277148,0
72840,23900734.22029233,0
72841,23899420.79794414,0
72842,23898106.868253425,0
72843,23896792.427760128,0
72844,23895477.47729886,0
72845,23894162.013078544,0
72846,23892846.04136533,0
72847,23891529.55728945,0
72848,23890212.56372574,0
72849,23888895.057316314,0
72850,23887577.03868537,0
72851,23886258.5122456,0
72852,23884939.47416053,0
72853,23883619.92559436,0
72854,23882299.867325187,0
72855,23880979.29469248,0
72856,23879658.212924384,0
72857,23878336.619544517,0
72858,23877014.516107764,0
72859,23875691.89953849,0
72860,23874368.773645557,0
72861,23873045.1360258,0
72862,23871720.98733911,0
72863,23870396.326827127,0
72864,23869071.154794615,0
72865,23867745.474525176,0
72866,23866419.279637795,0
72867,23865092.575715482,0
72868,23863765.35854298,0
72869,23862437.630670868,0
72870,23861109.391968314,0
72871,23859780.64267831,0
72872,23858451.37916085,0
72873,23857121.605026826,0
72874,23855791.319195133,0
72875,23854460.523375973,0
72876,23853129.213009503,0
72877,23851797.394377,0
72878,23850465.06347562,0
72879,23849132.2198998,0
72880,23847798.863935784,0
72881,23846464.997820433,0
72882,23845130.61865005,0
72883,23843795.728059344,0
72884,23842460.328333694,0
72885,23841124.412683994,0
72886,23839787.987063628,0
72887,23838451.049599588,0
72888,23837113.59993704,0
72889,23835775.638592783,0
72890,23834437.164321627,0
72891,23833098.17924212,0
72892,23831758.6833399,0
72893,23830418.674691327,0
72894,23829078.15119842,0
72895,23827737.119606465,0
72896,23826395.57514129,0
72897,23825053.515677013,0
72898,23823710.945279628,0
72899,23822367.86413243,0
72900,23821024.270411935,0
72901,23819680.162783395,0
72902,23818335.545468763,0
72903,23816990.41385489,0
72904,23815644.771656234,0
72905,23814298.612426646,0
72906,23812951.94449591,0
72907,23811604.764878906,0
72908,23810257.070911698,0
72909,23808908.86831522,0
72910,23807560.148975343,0
72911,23806210.917898033,0
72912,23804861.17672477,0
72913,23803510.91983825,0
72914,23802160.151116323,0
72915,23800808.86970168,0
72916,23799457.077549607,0
72917,23798104.771352503,0
72918,23796751.952648226,0
72919,23795398.62118219,0
72920,23794044.777483404,0
72921,23792690.418082733,0
72922,23791335.551220164,0
72923,23789980.168024756,0
72924,23788624.272325747,0
72925,23787267.86190259,0
72926,23785910.939985365,0
72927,23784553.506459158,0
72928,23783195.559330676,0
72929,23781837.099609766,0
72930,23780478.125279844,0
72931,23779118.64001715,0
72932,23777758.639334418,0
72933,23776398.127224024,0
72934,23775037.102276042,0
72935,23773675.562908534,0
72936,23772313.510175325,0
72937,23770950.944818545,0
72938,23769587.868434157,0
72939,23768224.27626719,0
72940,23766860.172287848,0
72941,23765495.553877205,0
72942,23764130.420958184,0
72943,23762764.777404796,0
72944,23761398.61853387,0
72945,23760031.946450427,0
72946,23758664.76417026,0
72947,23757297.06537064,0
72948,23755928.851702098,0
72949,23754560.12472578,0
72950,23753190.88609292,0
72951,23751821.13347111,0
72952,23750450.8686896,0
72953,23749080.08851691,0
72954,23747708.79444792,0
72955,23746336.98979825,0
72956,23744964.666593,0
72957,23743591.83447101,0
72958,23742218.485631157,0
72959,23740844.623200517,0
72960,23739470.24609165,0
72961,23738095.358981594,0
72962,23736719.956024528,0
72963,23735344.037104283,0
72964,23733967.60704944,0
72965,23732590.660925597,0
72966,23731213.203424916,0
72967,23729835.228105973,0
72968,23728456.743194796,0
72969,23727077.738829613,0
72970,23725698.22528805,0
72971,23724318.196449537,0
72972,23722937.654490978,0
72973,23721556.596453268,0
72974,23720175.025187746,0
72975,23718792.940453462,0
72976,23717410.340891205,0
72977,23716027.22604408,0
72978,23714643.59780013,0
72979,23713259.455980808,0
72980,23711874.801240526,0
72981,23710489.631975424,0
72982,23709103.945566442,0
72983,23707717.744161975,0
72984,23706331.03096697,0
72985,23704943.802175112,0
72986,23703556.0592296,0
72987,23702167.80222363,0
72988,23700779.03065319,0
72989,23699389.742388185,0
72990,23697999.942745138,0
72991,23696609.62799915,0
72992,23695218.80052607,0
72993,23693827.454277176,0
72994,23692435.595614314,0
72995,23691043.22062385,0
72996,23689650.333720073,0
72997,23688256.929413114,0
72998,23686863.01207878,0
72999,23685468.578804698,0
73000,23684073.6317859,0
73001,23682678.168566264,0
73002,23681282.193859216,0
73003,23679885.699690647,0
73004,23678488.692497488,0
73005,23677091.17198742,0
73006,23675693.137163974,0
73007,23674294.583130147,0
73008,23672895.517189402,0
73009,23671495.936194465,0
73010,23670095.838168647,0
73011,23668695.226634122,0
73012,23667294.10259056,0
73013,23665892.45991119,0
73014,23664490.30203655,0
73015,23663087.630911272,0
73016,23661684.443636674,0
73017,23660280.741994135,0
73018,23658876.524768393,0
73019,23657471.789780553,0
73020,23656066.545367863,0
73021,23654660.78093661,0
73022,23653254.501753673,0
73023,23651847.709482267,0
73024,23650440.39842227,0
73025,23649032.57463059,0
73026,23647624.233822055,0
73027,23646215.380458854,0
73028,23644806.010142326,0
73029,23643396.123102196,0
73030,23641985.720809743,0
73031,23640574.802491702,0
73032,23639163.37054313,0
73033,23637751.42290643,0
73034,23636338.958191827,0
73035,23634925.97879731,0
73036,23633512.482986692,0
73037,23632098.472569693,0
73038,23630683.945374727,0
73039,23629268.904947024,0
73040,23627853.346826848,0
73041,23626437.27323256,0
73042,23625020.68336958,0
73043,23623603.577939462,0
73044,23622185.95721694,0
73045,23620767.820234742,0
73046,23619349.168098975,0
73047,23617930.00117876,0
73048,23616510.314648923,0
73049,23615090.113807663,0
73050,23613669.397758063,0
73051,23612248.165145934,0
73052,23610826.416773103,0
73053,23609404.152293354,0
73054,23607981.373125408,0
73055,23606558.076606695,0
73056,23605134.264239687,0
73057,23603709.93573984,0
73058,23602285.089412495,0
73059,23600859.72720081,0
73060,23599433.853546843,0
73061,23598007.455923144,0
73062,23596580.54821414,0
73063,23595153.121253524,0
73064,23593725.18093367,0
73065,23592296.72112857,0
73066,23590867.748452816,0
73067,23589438.256448045,0
73068,23588008.250257336,0
73069,23586577.72499142,0
73070,23585146.685783904,0
73071,23583715.126842324,0
73072,23582283.05576217,0
73073,23580850.465014834,0
73074,23579417.359261513,0
73075,23577983.737303764,0
73076,23576549.59757158,0
73077,23575114.940637268,0
73078,23573679.76859288,0
73079,23572244.079068534,0
73080,23570807.875252437,0
73081,23569371.151947096,0
73082,23567933.91292244,0
73083,23566496.15795243,0
73084,23565057.88517002,0
73085,23563619.097488806,0
73086,23562179.791252043,0
73087,23560739.968548745,0
73088,23559299.62795927,0
73089,23557858.77280073,0
73090,23556417.39945648,0
73091,23554975.507722642,0
73092,23553533.101780355,0
73093,23552090.1780226,0
73094,23550646.73891468,0
73095,23549202.77926064,0
73096,23547758.305438276,0
73097,23546313.314524405,0
73098,23544867.80353904,0
73099,23543421.77892773,0
73100,23541975.23779434,0
73101,23540528.174211897,0
73102,23539080.59807596,0
73103,23537632.504719563,0
73104,23536183.893414862,0
73105,23534734.764630232,0
73106,23533285.119237617,0
73107,23531834.956947144,0
73108,23530384.275488265,0
73109,23528933.077839755,0
73110,23527481.363699075,0
73111,23526029.13297398,0
73112,23524576.382131096,0
73113,23523123.115763295,0
73114,23521669.32896926,0
73115,23520215.028784234,0
73116,23518760.20875344,0
73117,23517304.8735463,0
73118,23515849.0210613,0
73119,23514392.646963842,0
73120,23512935.76111078,0
73121,23511478.352962513,0
73122,23510020.42990773,0
73123,23508561.988524664,0
73124,23507103.030384284,0
73125,23505643.552253474,0
73126,23504183.556453846,0
73127,23502723.046340045,0
73128,23501262.01298655,0
73129,23499800.46738566,0
73130,23498338.40263382,0
73131,23496875.818296574,0
73132,23495412.721513808,0
73133,23493949.102810852,0
73134,23492484.965786442,0
73135,23491020.312349625,0
73136,23489555.1399306,0
73137,23488089.450761758,0
73138,23486623.243611995,0
73139,23485156.51545265,0
73140,23483689.274440177,0
73141,23482221.513335995,0
73142,23480753.232333556,0
73143,23479284.435424846,0
73144,23477815.119606514,0
73145,23476345.287392084,0
73146,23474874.936123583,0
73147,23473404.066512596,0
73148,23471932.678045835,0
73149,23470460.774570633,0
73150,23468988.348874114,0
73151,23467515.40811572,0
73152,23466041.948288273,0
73153,23464567.967534147,0
73154,23463093.4731152,0
73155,23461618.459336948,0
73156,23460142.925120264,0
73157,23458666.874812093,0
73158,23457190.303721182,0
73159,23455713.217626687,0
73160,23454235.609275587,0
73161,23452757.48587743,0
73162,23451278.84424737,0
73163,23449799.68291148,0
73164,23448320.000737734,0
73165,23446839.803694885,0
73166,23445359.086726848,0
73167,23443877.853449225,0
73168,23442396.09864402,0
73169,23440913.8268015,0
73170,23439431.036535457,0
73171,23437947.72568595,0
73172,23436463.89947086,0
73173,23434979.55183963,0
73174,23433494.687424023,0
73175,23432009.303900357,0
73176,23430523.402604192,0
73177,23429036.980430204,0
73178,23427550.041158024,0
73179,23426062.583653003,0
73180,23424574.607677877,0
73181,23423086.110941246,0
73182,23421597.097073052,0
73183,23420107.56046541,0
73184,23418617.51185987,0
73185,23417126.93857159,0
73186,23415635.848973572,0
73187,23414144.24280701,0
73188,23412652.113429084,0
73189,23411159.46599288,0
73190,23409666.300686076,0
73191,23408172.615521453,0
73192,23406678.413558275,0
73193,23405183.6908595,0
73194,23403688.45051031,0
73195,23402192.691179257,0
73196,23400696.408780638,0
73197,23399199.612140104,0
73198,23397702.29243681,0
73199,23396204.45772759,0
73200,23394706.1003199,0
73201,23393207.225205623,0
73202,23391707.835001066,0
73203,23390207.921316825,0
73204,23388707.485980384,0
73205,23387206.53689182,0
73206,23385705.064014338,0
73207,23384203.07249107,0
73208,23382700.56504416,0
73209,23381197.536582503,0
73210,23379693.988311093,0
73211,23378189.918462005,0
73212,23376685.33225079,0
73213,23375180.228203163,0
73214,23373674.60059718,0
73215,23372168.457843293,0
73216,23370661.792111244,0
73217,23369154.607033413,0
73218,23367646.9040987,0
73219,23366138.683128703,0
73220,23364629.94093182,0
73221,23363120.680227008,0
73222,23361610.897381406,0
73223,23360100.59630087,0
73224,23358589.77786029,0
73225,23357078.435191203,0
73226,23355566.576101903,0
73227,23354054.197582748,0
73228,23352541.29728464,0
73229,23351027.880030524,0
73230,23349513.941304617,0
73231,23347999.484445915,0
73232,23346484.505179245,0
73233,23344969.007502362,0
73234,23343452.992843043,0
73235,23341936.454779427,0
73236,23340419.39822061,0
73237,23338901.821360335,0
73238,23337383.72340732,0
73239,23335865.10682577,0
73240,23334345.970670186,0
73241,23332826.314988922,0
73242,23331306.14080286,0
73243,23329785.443690408,0
73244,23328264.228826374,0
73245,23326742.49291897,0
73246,23325220.23792823,0
73247,23323697.461360272,0
73248,23322174.164989572,0
73249,23320650.34766264,0
73250,23319126.015036285,0
73251,23317601.158224355,0
73252,23316075.78156152,0
73253,23314549.885222934,0
73254,23313023.466980286,0
73255,23311496.532792736,0
73256,23309969.07529238,0
73257,23308441.097458605,0
73258,23306912.60169648,0
73259,23305383.58529247,0
73260,23303854.048066612,0
73261,23302323.988909777,0
73262,23300793.410856582,0
73263,23299262.313764453,0
73264,23297730.696186997,0
73265,23296198.55605525,0
73266,23294665.897300955,0
73267,23293132.71847877,0
73268,23291599.01764554,0
73269,23290064.79624771,0
73270,23288530.05794895,0
73271,23286994.794853438,0
73272,23285459.015453033,0
73273,23283922.71296785,0
73274,23282385.890552167,0
73275,23280848.54677887,0
73276,23279310.684142116,0
73277,23277772.29966199,0
73278,23276233.398912083,0
73279,23274693.970223673,0
73280,23273154.026452128,0
73281,23271613.558639955,0
73282,23270072.57262822,0
73283,23268531.064943977,0
73284,23266989.03667653,0
73285,23265446.48788786,0
73286,23263903.41889512,0
73287,23262359.82989023,0
73288,23260815.716535002,0
73289,23259271.084319822,0
73290,23257725.932931826,0
73291,23256180.260799844,0
73292,23254634.066504575,0
73293,23253087.353672724,0
73294,23251540.118065834,0
73295,23249992.359875068,0
73296,23248444.084709786,0
73297,23246895.28555553,0
73298,23245345.96549417,0
73299,23243796.12629286,0
73300,23242245.765493736,0
73301,23240694.883293446,0
73302,23239143.480789606,0
73303,23237591.558304112,0
73304,23236039.11290043,0
73305,23234486.14746711,0
73306,23232932.66097774,0
73307,23231378.653420817,0
73308,23229824.125866327,0
73309,23228269.07441193,0
73310,23226713.504681353,0
73311,23225157.411053825,0
73312,23223600.799048275,0
73313,23222043.664136358,0
73314,23220486.01179016,0
73315,23218927.83387266,0
73316,23217369.135701604,0
73317,23215809.915584937,0
73318,23214250.17596652,0
73319,23212689.916915048,0
73320,23211129.133933034,0
73321,23209567.82839362,0
73322,23208006.00337967,0
73323,23206443.660354517,0
73324,23204880.792245507,0
73325,23203317.402246468,0
73326,23201753.49178914,0
73327,23200189.059872337,0
73328,23198624.105779458,0
73329,23197058.633507363,0
73330,23195492.63665912,0
73331,23193926.120374274,0
73332,23192359.080594983,0
73333,23190791.52126772,0
73334,23189223.438864253,0
73335,23187654.83637256,0
73336,23186085.712561883,0
73337,23184516.06517799,0
73338,23182945.900153194,0
73339,23181375.208432056,0
73340,23179803.998463243,0
73341,23178232.267450493,0
73342,23176660.013669603,0
73343,23175087.237231378,0
73344,23173513.939955942,0
73345,23171940.1210418,0
73346,23170365.78196234,0
73347,23168790.919528306,0
73348,23167215.535942342,0
73349,23165639.631070055,0
73350,23164063.202762302,0
73351,23162486.253036626,0
73352,23160908.783189494,0
73353,23159330.790528897,0
73354,23157752.27614305,0
73355,23156173.239996765,0
73356,23154593.683212176,0
73357,23153013.60374464,0
73358,23151433.001017805,0
73359,23149851.87878552,0
73360,23148270.234982546,0
73361,23146688.065621372,0
73362,23145105.378849436,0
73363,23143522.165807307,0
73364,23141938.434318475,0
73365,23140354.17751051,0
73366,23138769.40330971,0
73367,23137184.10385674,0
73368,23135598.28175459,0
73369,23134011.94044964,0
73370,23132425.078093085,0
73371,23130837.690272797,0
73372,23129249.78114697,0
73373,23127661.35083583,0
73374,23126072.398512572,0
73375,23124482.92413468,0
73376,23122892.925324686,0
73377,23121302.407094914,0
73378,23119711.365730725,0
73379,23118119.801968463,0
73380,23116527.71611952,0
73381,23114935.11017772,0
73382,23113341.978913553,0
73383,23111748.32530442,0
73384,23110154.149268355,0
73385,23108559.456544627,0
73386,23106964.23632866,0
73387,23105368.4955123,0
73388,23103772.232700482,0
73389,23102175.449089896,0
73390,23100578.14001338,0
73391,23098980.30814321,0
73392,23097381.956476547,0
73393,23095783.080170766,0
73394,23094183.684211396,0
73395,23092583.762902398,0
73396,23090983.32180417,0
73397,23089382.357328784,0
73398,23087780.869133312,0
73399,23086178.860235173,0
73400,23084576.326840714,0
73401,23082973.27436618,0
73402,23081369.699116,0
73403,23079765.600765117,0
73404,23078160.97852061,0
73405,23076555.832389046,0
73406,23074950.165982835,0
73407,23073343.976588827,0
73408,23071737.264562376,0
73409,23070130.031285882,0
73410,23068522.272713795,0
73411,23066913.995071657,0
73412,23065305.191498566,0
73413,23063695.865307402,0
73414,23062086.018848967,0
73415,23060475.649243783,0
73416,23058864.75689229,0
73417,23057253.341138717,0
73418,23055641.40184242,0
73419,23054028.940705817,0
73420,23052415.959298372,0
73421,23050802.45120256,0
73422,23049188.420901686,0
73423,23047573.869546946,0
73424,23045958.79349164,0
73425,23044343.1963572,0
73426,23042727.07718621,0
73427,23041110.433834635,0
73428,23039493.26802927,0
73429,23037875.580729388,0
73430,23036257.369221188,0
73431,23034638.632701818,0
73432,23033019.37839571,0
73433,23031399.59634766,0
73434,23029779.2930897,0
73435,23028158.466203768,0
73436,23026537.11767516,0
73437,23024915.24803676,0
73438,23023292.849999364,0
73439,23021669.93344728,0
73440,23020046.49175087,0
73441,23018422.526598044,0
73442,23016798.039974283,0
73443,23015173.03219863,0
73444,23013547.496905413,0
73445,23011921.441382937,0
73446,23010294.86436628,0
73447,23008667.762096208,0
73448,23007040.136215538,0
73449,23005411.986639462,0
73450,23003783.315182235,0
73451,23002154.12045973,0
73452,23000524.403930455,0
73453,22998894.163833722,0
73454,22997263.398732297,0
73455,22995632.112828072,0
73456,22994000.303150576,0
73457,22992367.96832668,0
73458,22990735.10986282,0
73459,22989101.731155712,0
73460,22987467.829137426,0
73461,22985833.4006153,0
73462,22984198.450786587,0
73463,22982562.97950593,0
73464,22980926.980562963,0
73465,22979290.462529227,0
73466,22977653.41873163,0
73467,22976015.852609344,0
73468,22974377.7651007,0
73469,22972739.149921626,0
73470,22971100.014167286,0
73471,22969460.35534612,0
73472,22967820.169915218,0
73473,22966179.4655176,0
73474,22964538.23430746,0
73475,22962896.48012697,0
73476,22961254.204131946,0
73477,22959611.40445738,0
73478,22957968.08094784,0
73479,22956324.232801113,0
73480,22954679.8626944,0
73481,22953034.96738412,0
73482,22951389.550429884,0
73483,22949743.608618934,0
73484,22948097.14521557,0
73485,22946450.156230304,0
73486,22944802.647362713,0
73487,22943154.610326685,0
73488,22941506.049397193,0
73489,22939856.967769142,0
73490,22938207.363110535,0
73491,22936557.232934467,0
73492,22934906.577778123,0
73493,22933255.401587233,0
73494,22931603.702397652,0
73495,22929951.477848466,0
73496,22928298.730107963,0
73497,22926645.457626455,0
73498,22924991.661733355,0
73499,22923337.3422948,0
73500,22921682.501787487,0
73501,22920027.13632326,0
73502,22918371.244461976,0
73503,22916714.831178308,0
73504,22915057.89174215,0
73505,22913400.431048688,0
73506,22911742.44575366,0
73507,22910083.93715611,0
73508,22908424.90399974,0
73509,22906765.35003535,0
73510,22905105.26756843,0
73511,22903444.6637417,0
73512,22901783.534539,0
73513,22900121.880109273,0
73514,22898459.70678072,0
73515,22896797.00764419,0
73516,22895133.78426724,0
73517,22893470.035229042,0
73518,22891805.762370102,0
73519,22890140.96810101,0
73520,22888475.64759038,0
73521,22886809.807031635,0
73522,22885143.438946154,0
73523,22883476.54676053,0
73524,22881809.13281782,0
73525,22880141.19435914,0
73526,22878472.73048924,0
73527,22876803.74451015,0
73528,22875134.230409946,0
73529,22873464.19702262,0
73530,22871793.63530327,0
73531,22870122.555317137,0
73532,22868450.946749836,0
73533,22866778.814173866,0
73534,22865106.157834027,0
73535,22863432.978798654,0
73536,22861759.275323946,0
73537,22860085.047930103,0
73538,22858410.295702804,0
73539,22856735.01895728,0
73540,22855059.2204742,0
73541,22853382.89318797,0
73542,22851706.04686546,0
73543,22850028.673707027,0
73544,22848350.776557658,0
73545,22846672.356042095,0
73546,22844993.40938545,0
73547,22843313.93970851,0
73548,22841633.946387637,0
73549,22839953.428113334,0
73550,22838272.386119526,0
73551,22836590.820536952,0
73552,22834908.72912176,0
73553,22833226.11395956,0
73554,22831542.974793725,0
73555,22829859.310569286,0
73556,22828175.12383451,0
73557,22826490.41121282,0
73558,22824805.17404417,0
73559,22823119.41196263,0
73560,22821433.129116572,0
73561,22819746.318829693,0
73562,22818058.984726414,0
73563,22816371.127479326,0
73564,22814682.74371332,0
73565,22812993.83581444,0
73566,22811304.403795395,0
73567,22809614.44778787,0
73568,22807923.96822349,0
73569,22806232.964094207,0
73570,22804541.434845217,0
73571,22802849.37877705,0
73572,22801156.802913632,0
73573,22799463.699056108,0
73574,22797770.071649954,0
73575,22796075.92100345,0
73576,22794381.245328184,0
73577,22792686.042705107,0
73578,22790990.319039065,0
73579,22789294.06756008,0
73580,22787597.295800038,0
73581,22785899.99518341,0
73582,22784202.173217546,0
73583,22782503.824833967,0
73584,22780804.952234477,0
73585,22779105.553830635,0
73586,22777405.63287106,0
73587,22775705.18803788,0
73588,22774004.21642067,0
73589,22772302.72165592,0
73590,22770600.701188523,0
73591,22768898.157066107,0
73592,22767195.08687106,0
73593,22765491.493675716,0
73594,22763787.375304747,0
73595,22762082.732356224,0
73596,22760377.562580064,0
73597,22758671.871850204,0
73598,22756965.653388027,0
73599,22755258.911133237,0
73600,22753551.647019755,0
73601,22751843.855088208,0
73602,22750135.53875259,0
73603,22748426.697087843,0
73604,22746717.33109041,0
73605,22745007.442768235,0
73606,22743297.02626424,0
73607,22741586.085309178,0
73608,22739874.620513808,0
73609,22738162.63233386,0
73610,22736450.11739392,0
73611,22734737.07969124,0
73612,22733023.514834885,0
73613,22731309.424847204,0
73614,22729594.81436595,0
73615,22727879.673105508,0
73616,22726164.009680953,0
73617,22724447.8227435,0
73618,22722731.11035724,0
73619,22721013.871187385,0
73620,22719296.110101126,0
73621,22717577.82134614,0
73622,22715859.01182624,0
73623,22714139.672355298,0
73624,22712419.80866902,0
73625,22710699.421866145,0
73626,22708978.51095404,0
73627,22707257.072607763,0
73628,22705535.11136246,0
73629,22703812.62647948,0
73630,22702089.61326475,0
73631,22700366.076371603,0
73632,22698642.01594134,0
73633,22696917.42640021,0
73634,22695192.31535773,0
73635,22693466.678292032,0
73636,22691740.516188093,0
73637,22690013.82976912,0
73638,22688286.617761485,0
73639,22686558.88072747,0
73640,22684830.61922651,0
73641,22683101.831964646,0
73642,22681372.520993043,0
73643,22679642.68270989,0
73644,22677912.322615437,0
73645,22676181.43518915,0
73646,22674450.022697818,0
73647,22672718.084497735,0
73648,22670985.622614216,0
73649,22669252.634960398,0
73650,22667519.122522276,0
73651,22665785.083453402,0
73652,22664050.522074353,0
73653,22662315.43434515,0
73654,22660579.822380282,0
73655,22658843.68170423,0
73656,22657107.01815224,0
73657,22655369.831792433,0
73658,22653632.115605824,0
73659,22651893.879713204,0
73660,22650155.115404174,0
73661,22648415.82558262,0
73662,22646676.009074345,0
73663,22644935.670825485,0
73664,22643194.806121994,0
73665,22641453.416442733,0
73666,22639711.50146897,0
73667,22637969.059703257,0
73668,22636226.09582034,0
73669,22634482.604348864,0
73670,22632738.588163953,0
73671,22630994.046004053,0
73672,22629248.979932245,0
73673,22627503.38545387,0
73674,22625757.270776328,0
73675,22624010.629541386,0
73676,22622263.460885704,0
73677,22620515.767700028,0
73678,22618767.549443364,0
73679,22617018.806211364,0
73680,22615269.535825092,0
73681,22613519.74271603,0
73682,22611769.422572676,0
73683,22610018.57723575,0
73684,22608267.208243314,0
73685,22606515.310585536,0
73686,22604762.889656845,0
73687,22603009.94162988,0
73688,22601256.471378066,0
73689,22599502.474821888,0
73690,22597747.95279516,0
73691,22595992.90549954,0
73692,22594237.33275338,0
73693,22592481.23197446,0
73694,22590724.609449107,0
73695,22588967.458989955,0
73696,22587209.783869077,0
73697,22585451.585335627,0
73698,22583692.859505657,0
73699,22581933.608864527,0
73700,22580173.832486693,0
73701,22578413.529523395,0
73702,22576652.70375585,0
73703,22574891.348950185,0
73704,22573129.47056584,0
73705,22571367.06831245,0
73706,22569604.138955932,0
73707,22567840.683287177,0
73708,22566076.703142963,0
73709,22564312.198751833,0
73710,22562547.167530242,0
73711,22560781.609656382,0
73712,22559015.527967025,0
73713,22557248.920110025,0
73714,22555481.78580187,0
73715,22553714.130671352,0
73716,22551945.94541021,0
73717,22550177.23666866,0
73718,22548408.000011653,0
73719,22546638.238615494,0
73720,22544867.952441256,0
73721,22543097.14062139,0
73722,22541325.803606346,0
73723,22539553.939648088,0
73724,22537781.552316997,0
73725,22536008.638069,0
73726,22534235.199883673,0
73727,22532461.23433641,0
73728,22530686.7426222,0
73729,22528911.727097984,0
73730,22527136.183550883,0
73731,22525360.115809325,0
73732,22523583.52380095,0
73733,22521806.405212197,0
73734,22520028.76057199,0
73735,22518250.592052422,0
73736,22516471.89574568,0
73737,22514692.674827863,0
73738,22512912.926342156,0
73739,22511132.65469366,0
73740,22509351.85514171,0
73741,22507570.531631857,0
73742,22505788.68322143,0
73743,22504006.306872375,0
73744,22502223.40618232,0
73745,22500439.980951328,0
73746,22498656.027634587,0
73747,22496871.551564887,0
73748,22495086.546914466,0
73749,22493301.017799422,0
73750,22491514.96337994,0
73751,22489728.38245909,0
73752,22487941.276643023,0
73753,22486153.643514756,0
73754,22484365.48407584,0
73755,22482576.80204021,0
73756,22480787.59394085,0
73757,22478997.860112637,0
73758,22477207.60128543,0
73759,22475416.812312722,0
73760,22473625.500301108,0
73761,22471833.663607948,0
73762,22470041.300070133,0
73763,22468248.410939943,0
73764,22466454.99551841,0
73765,22464661.053133316,0
73766,22462866.588897318,0
73767,22461071.596480515,0
73768,22459276.077005487,0
73769,22457480.035476554,0
73770,22455683.46615611,0
73771,22453886.370742213,0
73772,22452088.748758044,0
73773,22450290.602585714,0
73774,22448491.928882107,0
73775,22446692.73002134,0
73776,22444893.007142637,0
73777,22443092.75577858,0
73778,22441291.98138699,0
73779,22439490.679905385,0
73780,22437688.851770315,0
73781,22435886.501348898,0
73782,22434083.61981614,0
73783,22432280.21581676,0
73784,22430476.284782838,0
73785,22428671.829458605,0
73786,22426866.845902547,0
73787,22425061.33685738,0
73788,22423255.304592595,0
73789,22421448.74289079,0
73790,22419641.657920763,0
73791,22417834.046790015,0
73792,22416025.90951208,0
73793,22414217.246472187,0
73794,22412408.057373054,0
73795,22410598.34304857,0
73796,22408788.1015072,0
73797,22406977.336023252,0
73798,22405166.042281915,0
73799,22403354.22352075,0
73800,22401541.879453294,0
73801,22399729.010092862,0
73802,22397915.615517106,0
73803,22396101.692679618,0
73804,22394287.24452369,0
73805,22392472.271335207,0
73806,22390656.770667188,0
73807,22388840.744780198,0
73808,22387024.194213536,0
73809,22385207.116969373,0
73810,22383389.517334033,0
73811,22381571.38787005,0
73812,22379752.732967652,0
73813,22377933.549039647,0
73814,22376113.845299263,0
73815,22374293.61020715,0
73816,22372472.854023695,0
73817,22370651.568358064,0
73818,22368829.7565465,0
73819,22367007.4228901,0
73820,22365184.560620043,0
73821,22363361.169786364,0
73822,22361537.257083952,0
73823,22359712.81479956,0
73824,22357887.850384243,0
73825,22356062.358496577,0
73826,22354236.340640876,0
73827,22352409.798884917,0
73828,22350582.7262162,0
73829,22348755.131660707,0
73830,22346927.011023246,0
73831,22345098.361386415,0
73832,22343269.188298557,0
73833,22341439.490822773,0
73834,22339609.265621185,0
73835,22337778.512452714,0
73836,22335947.236392416,0
73837,22334115.433777846,0
73838,22332283.102535356,0
73839,22330450.248489078,0
73840,22328616.866061103,0
73841,22326782.957946885,0
73842,22324948.526147958,0
73843,22323113.566770237,0
73844,22321278.08098296,0
73845,22319442.070487887,0
73846,22317605.533539053,0
73847,22315768.471002553,0
73848,22313930.88273932,0
73849,22312092.767732568,0
73850,22310254.1256121,0
73851,22308414.95817154,0
73852,22306575.267089814,0
73853,22304735.046691816,0
73854,22302894.301244657,0
73855,22301053.031069446,0
73856,22299211.232136816,0
73857,22297368.9105608,0
73858,22295526.061564147,0
73859,22293682.686384857,0
73860,22291838.78662804,0
73861,22289994.36039839,0
73862,22288149.40808437,0
73863,22286303.926964033,0
73864,22284457.922240663,0
73865,22282611.39090215,0
73866,22280764.33517188,0
73867,22278916.749810684,0
73868,22277068.642324794,0
73869,22275220.008031778,0
73870,22273370.846132897,0
73871,22271521.159331203,0
73872,22269670.947743297,0
73873,22267820.207673527,0
73874,22265968.9438892,0
73875,22264117.153280955,0
73876,22262264.835107572,0
73877,22260411.991202738,0
73878,22258558.623974383,0
73879,22256704.72474725,0
73880,22254850.304584436,0
73881,22252995.359749194,0
73882,22251139.888275813,0
73883,22249283.88728595,0
73884,22247427.361568857,0
73885,22245570.309676364,0
73886,22243712.733435433,0
73887,22241854.63075083,0
73888,22239996.001031663,0
73889,22238136.845012166,0
73890,22236277.1646251,0
73891,22234416.956514314,0
73892,22232556.22331208,0
73893,22230694.96434042,0
73894,22228833.176977642,0
73895,22226970.866405696,0
73896,22225108.02903226,0
73897,22223244.66418184,0
73898,22221380.77473059,0
73899,22219516.35960578,0
73900,22217651.41965795,0
73901,22215785.950778585,0
73902,22213919.95743543,0
73903,22212053.43791835,0
73904,22210186.39251876,0
73905,22208318.820639662,0
73906,22206450.722430192,0
73907,22204582.098422006,0
73908,22202712.949826136,0
73909,22200843.27238356,0
73910,22198973.07235532,0
73911,22197102.342517123,0
73912,22195231.08887141,0
73913,22193359.309905022,0
73914,22191487.00557852,0
73915,22189614.169268716,0
73916,22187740.81403802,0
73917,22185866.929587964,0
73918,22183992.518581573,0
73919,22182117.58329033,0
73920,22180242.119603842,0
73921,22178366.13186315,0
73922,22176489.61891364,0
73923,22174612.57728578,0
73924,22172735.012232948,0
73925,22170856.91918602,0
73926,22168978.301145148,0
73927,22167099.158404335,0
73928,22165219.485875428,0
73929,22163339.29070164,0
73930,22161458.568892404,0
73931,22159577.32033477,0
73932,22157695.545133047,0
73933,22155813.24572406,0
73934,22153930.41795006,0
73935,22152047.066101667,0
73936,22150163.189776853,0
73937,22148278.78441293,0
73938,22146393.85335436,0
73939,22144508.39737148,0
73940,22142622.413678,0
73941,22140735.906322174,0
73942,22138848.871141136,0
73943,22136961.310560405,0
73944,22135073.22456168,0
73945,22133184.61162803,0
73946,22131295.473914105,0
73947,22129405.809734076,0
73948,22127515.61859175,0
73949,22125624.899563536,0
73950,22123733.659102324,0
73951,22121841.890451383,0
73952,22119949.597473267,0
73953,22118056.77595256,0
73954,22116163.429771297,0
73955,22114269.558714002,0
73956,22112375.158709697,0
73957,22110480.235324338,0
73958,22108584.78415185,0
73959,22106688.80796526,0
73960,22104792.304959632,0
73961,22102895.277310587,0
73962,22100997.724071886,0
73963,22099099.642356683,0
73964,22097201.036390796,0
73965,22095301.907109823,0
73966,22093402.24702066,0
73967,22091502.06297906,0
73968,22089601.351925503,0
73969,22087700.117541313,0
73970,22085798.355689757,0
73971,22083896.065905757,0
73972,22081993.25364757,0
73973,22080089.91403115,0
73974,22078186.044781096,0
73975,22076281.655916937,0
73976,22074376.73655081,0
73977,22072471.29495095,0
73978,22070565.323190134,0
73979,22068658.82902013,0
73980,22066751.805135317,0
73981,22064844.260553703,0
73982,22062936.186118823,0
73983,22061027.588010065,0
73984,22059118.4607442,0
73985,22057208.81048687,0
73986,22055298.634679064,0
73987,22053387.93009631,0
73988,22051476.70159215,0
73989,22049564.946983065,0
73990,22047652.66393627,0
73991,22045739.85825767,0
73992,22043826.527295627,0
73993,22041912.665580165,0
73994,22039998.2843098,0
73995,22038083.372263256,0
73996,22036167.938666806,0
73997,22034251.97490977,0
73998,22032335.48563853,0
73999,22030418.473492067,0
74000,22028500.934129767,0
74001,22026582.867597863,0
74002,22024664.274960928,0
74003,22022745.159377377,0
74004,22020825.513664264,0
74005,22018905.346443843,0
74006,22016984.647871,0
74007,22015063.429434992,0
74008,22013141.6819312,0
74009,22011219.408426266,0
74010,22009296.61255303,0
74011,22007373.28469389,0
74012,22005449.437964562,0
74013,22003525.058937434,0
74014,22001600.159566104,0
74015,21999674.72993244,0
74016,21997748.77511668,0
74017,21995822.29713932,0
74018,21993895.29284405,0
74019,21991967.760239795,0
74020,21990039.70442958,0
74021,21988111.122066975,0
74022,21986182.014258236,0
74023,21984252.378400158,0
74024,21982322.219261687,0
74025,21980391.532894995,0
74026,21978460.320097692,0
74027,21976528.583679423,0
74028,21974596.3199705,0
74029,21972663.52965982,0
74030,21970730.215498097,0
74031,21968796.37422791,0
74032,21966862.007892635,0
74033,21964927.116836186,0
74034,21962991.695982497,0
74035,21961055.753102962,0
74036,21959119.283172578,0
74037,21957182.288459945,0
74038,21955244.765989743,0
74039,21953306.71888919,0
74040,21951368.146653265,0
74041,21949429.048706938,0
74042,21947489.423545197,0
74043,21945549.271378625,0
74044,21943608.59737635,0
74045,21941667.398307037,0
74046,21939725.671276428,0
74047,21937783.41634733,0
74048,21935840.640036557,0
74049,21933897.333593696,0
74050,21931953.502356533,0
74051,21930009.147851087,0
74052,21928064.267446943,0
74053,21926118.85902391,0
74054,21924172.927367765,0
74055,21922226.468518727,0
74056,21920279.483769424,0
74057,21918331.974957403,0
74058,21916383.93986118,0
74059,21914435.377595056,0
74060,21912486.291119363,0
74061,21910536.676529072,0
74062,21908586.54117736,0
74063,21906635.87540206,0
74064,21904684.685576495,0
74065,21902732.972186554,0
74066,21900780.730141137,0
74067,21898827.963423893,0
74068,21896874.67179096,0
74069,21894920.853212874,0
74070,21892966.51045142,0
74071,21891011.643293712,0
74072,21889056.248945255,0
74073,21887100.327750947,0
74074,21885143.881315023,0
74075,21883186.9111253,0
74076,21881229.411945272,0
74077,21879271.39256111,0
74078,21877312.843292356,0
74079,21875353.76872826,0
74080,21873394.17208419,0
74081,21871434.04591339,0
74082,21869473.395162735,0
74083,21867512.22180649,0
74084,21865550.517854556,0
74085,21863588.292212218,0
74086,21861625.53970642,0
74087,21859662.260186605,0
74088,21857698.457392212,0
74089,21855734.12826008,0
74090,21853769.272213474,0
74091,21851803.891977806,0
74092,21849837.986226693,0
74093,21847871.55691809,0
74094,21845904.599850312,0
74095,21843937.117903687,0
74096,21841969.110928267,0
74097,21840000.578393724,0
74098,21838031.519651722,0
74099,21836061.935373172,0
74100,21834091.828667324,0
74101,21832121.19174455,0
74102,21830150.03271004,0
74103,21828178.3448037,0
74104,21826206.1362727,0
74105,21824233.397860877,0
74106,21822260.139263485,0
74107,21820286.34778919,0
74108,21818312.03526599,0
74109,21816337.197975114,0
74110,21814361.834244937,0
74111,21812385.944474198,0
74112,21810409.53278527,0
74113,21808432.592968218,0
74114,21806455.126177117,0
74115,21804477.13708144,0
74116,21802498.6216907,0
74117,21800519.579104673,0
74118,21798540.011945557,0
74119,21796559.922059786,0
74120,21794579.3047349,0
74121,21792598.159860954,0
74122,21790616.4947169,0
74123,21788634.299155105,0
74124,21786651.58212287,0
74125,21784668.337197173,0
74126,21782684.56915422,0
74127,21780700.274796896,0
74128,21778715.45732537,0
74129,21776730.108610883,0
74130,21774744.239336044,0
74131,21772757.84425623,0
74132,21770770.924413398,0
74133,21768783.477890287,0
74134,21766795.504883736,0
74135,21764807.011466637,0
74136,21762817.990487948,0
74137,21760828.44279167,0
74138,21758838.369898073,0
74139,21756847.77335115,0
74140,21754856.649525113,0
74141,21752865.004209388,0
74142,21750872.830869716,0
74143,21748880.13188764,0
74144,21746886.9093842,0
74145,21744893.162053954,0
74146,21742898.88875412,0
74147,21740904.088936187,0
74148,21738908.76743915,0
74149,21736912.917811207,0
74150,21734916.54299755,0
74151,21732919.642983913,0
74152,21730922.218814716,0
74153,21728924.270079114,0
74154,21726925.795372505,0
74155,21724926.797700737,0
74156,21722927.270501558,0
74157,21720927.222310882,0
74158,21718926.645105865,0
74159,21716925.547730997,0
74160,21714923.923423078,0
74161,21712921.774147935,0
74162,21710919.09723914,0
74163,21708915.897216205,0
74164,21706912.174031347,0
74165,21704907.924273018,0
74166,21702903.14791883,0
74167,21700897.84626023,0
74168,21698892.022248525,0
74169,21696885.673324224,0
74170,21694878.797137722,0
74171,21692871.399461314,0
74172,21690863.473182593,0
74173,21688855.024159383,0
74174,21686846.050665017,0
74175,21684836.550346445,0
74176,21682826.527410086,0
74177,21680815.977436867,0
74178,21678804.90066836,0
74179,21676793.303071238,0
74180,21674781.178513635,0
74181,21672768.53054987,0
74182,21670755.356016062,0
74183,21668741.65625925,0
74184,21666727.433646176,0
74185,21664712.68436536,0
74186,21662697.41081412,0
74187,21660681.613245282,0
74188,21658665.290680427,0
74189,21656648.443994187,0
74190,21654631.06965553,0
74191,21652613.170898344,0
74192,21650594.75049398,0
74193,21648575.804045416,0
74194,21646556.33230002,0
74195,21644536.335431974,0
74196,21642515.815451566,0
74197,21640494.76888756,0
74198,21638473.19851741,0
74199,21636451.100691378,0
74200,21634428.482252344,0
74201,21632405.337477118,0
74202,21630381.669791996,0
74203,21628357.47380436,0
74204,21626332.754372492,0
74205,21624307.510764614,0
74206,21622281.744251326,0
74207,21620255.449827317,0
74208,21618228.632046595,0
74209,21616201.29167329,0
74210,21614173.424380098,0
74211,21612145.03236736,0
74212,21610116.115284406,0
74213,21608086.67657713,0
74214,21606056.711672448,0
74215,21604026.22013591,0
74216,21601995.2071284,0
74217,21599963.66777718,0
74218,21597931.60355758,0
74219,21595899.016020205,0
74220,21593865.903908573,0
74221,21591832.26560664,0
74222,21589798.10595289,0
74223,21587763.418626033,0
74224,21585728.208127227,0
74225,21583692.474281307,0
74226,21581656.213827413,0
74227,21579619.430105228,0
74228,21577582.121801615,0
74229,21575544.288274314,0
74230,21573505.931239337,0
74231,21571467.050023004,0
74232,21569427.643893987,0
74233,21567387.713900633,0
74234,21565347.2590143,0
74235,21563306.280346494,0
74236,21561264.773931574,0
74237,21559222.748296537,0
74238,21557180.194634162,0
74239,21555137.118879844,0
74240,21553093.51747362,0
74241,21551049.391145714,0
74242,21549004.743517928,0
74243,21546959.56873058,0
74244,21544913.870068338,0
74245,21542867.6492332,0
74246,21540820.89919171,0
74247,21538773.629051816,0
74248,21536725.83419798,0
74249,21534677.512936596,0
74250,21532628.669476684,0
74251,21530579.303054,0
74252,21528529.40926794,0
74253,21526478.994143996,0
74254,21524428.05196177,0
74255,21522376.589752723,0
74256,21520324.596364047,0
74257,21518272.08653279,0
74258,21516219.048446685,0
74259,21514165.485201687,0
74260,21512111.400921606,0
74261,21510056.78951694,0
74262,21508001.657992043,0
74263,21505945.999147333,0
74264,21503889.815818097,0
74265,21501833.111887474,0
74266,21499775.881761618,0
74267,21497718.129570935,0
74268,21495659.850102343,0
74269,21493601.0446715,0
74270,21491541.72030063,0
74271,21489481.871700242,0
74272,21487421.494742993,0
74273,21485360.597391307,0
74274,21483299.175987955,0
74275,21481237.229322776,0
74276,21479174.76135935,0
74277,21477111.765932713,0
74278,21475048.24783961,0
74279,21472984.205033187,0
74280,21470919.639089197,0
74281,21468854.55064713,0
74282,21466788.93693545,0
74283,21464722.79840381,0
74284,21462656.13860443,0
74285,21460588.953333028,0
74286,21458521.244040146,0
74287,21456453.012792613,0
74288,21454384.255030297,0
74289,21452314.97444955,0
74290,21450245.17167794,0
74291,21448174.842480928,0
74292,21446103.99055333,0
74293,21444032.61435719,0
74294,21441960.716421966,0
74295,21439888.294401165,0
74296,21437815.34644444,0
74297,21435741.875222042,0
74298,21433667.883561604,0
74299,21431593.365921475,0
74300,21429518.32411007,0
74301,21427442.758620627,0
74302,21425366.670301605,0
74303,21423290.056058086,0
74304,21421212.921134666,0
74305,21419135.262895115,0
74306,21417057.07946701,0
74307,21414978.373359095,0
74308,21412899.143749148,0
74309,21410819.387182303,0
74310,21408739.11155883,0
74311,21406658.309942894,0
74312,21404576.985361326,0
74313,21402495.140379228,0
74314,21400412.764942233,0
74315,21398329.871453688,0
74316,21396246.45305321,0
74317,21394162.5115343,0
74318,21392078.044267144,0
74319,21389993.056580007,0
74320,21387907.545512773,0
74321,21385821.5085654,0
74322,21383734.952017736,0
74323,21381647.869366888,0
74324,21379560.26155544,0
74325,21377472.133912925,0
74326,21375383.482177585,0
74327,21373294.304755967,0
74328,21371204.605568103,0
74329,21369114.38389867,0
74330,21367023.641964406,0
74331,21364932.371514983,0
74332,21362840.577691898,0
74333,21360748.261598505,0
74334,21358655.42349575,0
74335,21356562.06401041,0
74336,21354468.179477632,0
74337,21352373.768389743,0
74338,21350278.838085845,0
74339,21348183.38291411,0
74340,21346087.406690296,0
74341,21343990.903424907,0
74342,21341893.881465442,0
74343,21339796.331996076,0
74344,21337698.264029223,0
74345,21335599.66888522,0
74346,21333500.55299851,0
74347,21331400.913180828,0
74348,21329300.75325044,0
74349,21327200.066709824,0
74350,21325098.856707957,0
74351,21322997.124688916,0
74352,21320894.87222612,0
74353,21318792.08993127,0
74354,21316688.793257874,0
74355,21314584.968314465,0
74356,21312480.625082627,0
74357,21310375.756187543,0
74358,21308270.361203298,0
74359,21306164.445624508,0
74360,21304058.007990792,0
74361,21301951.04636341,0
74362,21299843.562396396,0
74363,21297735.556788757,0
74364,21295627.02771306,0
74365,21293517.974943526,0
74366,21291408.40002133,0
74367,21289298.301233854,0
74368,21287187.68029633,0
74369,21285076.536893044,0
74370,21282964.87247213,0
74371,21280852.68291469,0
74372,21278739.97145731,0
74373,21276626.737317957,0
74374,21274512.97995435,0
74375,21272398.70048516,0
74376,21270283.899380617,0
74377,21268168.57392802,0
74378,21266052.725417666,0
74379,21263936.354944058,0
74380,21261819.463671636,0
74381,21259702.047621787,0
74382,21257584.10905699,0
74383,21255465.647595566,0
74384,21253346.66756359,0
74385,21251227.159200724,0
74386,21249107.13256078,0
74387,21246986.58355542,0
74388,21244865.508362893,0
74389,21242743.913167592,0
74390,21240621.7961257,0
74391,21238499.15370283,0
74392,21236375.99043004,0
74393,21234252.306541782,0
74394,21232128.099388644,0
74395,21230003.369411744,0
74396,21227878.118434332,0
74397,21225752.341401562,0
74398,21223626.045205005,0
74399,21221499.22754313,0
74400,21219371.884146582,0
74401,21217244.02251656,0
74402,21215115.634132516,0
74403,21212986.72525728,0
74404,21210857.29525948,0
74405,21208727.34268376,0
74406,21206596.866931915,0
74407,21204465.870470025,0
74408,21202334.35047597,0
74409,21200202.310288116,0
74410,21198069.745776054,0
74411,21195936.65939993,0
74412,21193803.051080894,0
74413,21191668.922111467,0
74414,21189534.269169755,0
74415,21187399.09445051,0
74416,21185263.397894476,0
74417,21183127.18099774,0
74418,21180990.439489413,0
74419,21178853.17732171,0
74420,21176715.393849254,0
74421,21174577.08807102,0
74422,21172438.259345163,0
74423,21170298.909414522,0
74424,21168159.037160885,0
74425,21166018.642443214,0
74426,21163877.726923086,0
74427,21161736.290574346,0
74428,21159594.328914862,0
74429,21157451.84653945,0
74430,21155308.841801446,0
74431,21153165.32115068,0
74432,21151021.274290722,0
74433,21148876.70263786,0
74434,21146731.614473805,0
74435,21144586.00203614,0
74436,21142439.867733963,0
74437,21140293.211974688,0
74438,21138146.033411894,0
74439,21135998.33529357,0
74440,21133850.114859436,0
74441,21131701.37228441,0
74442,21129552.108235806,0
74443,21127402.324056137,0
74444,21125252.01664274,0
74445,21123101.187795438,0
74446,21120949.837587345,0
74447,21118797.965074454,0
74448,21116645.57267467,0
74449,21114492.65546424,0
74450,21112339.220392782,0
74451,21110185.26321612,0
74452,21108030.783777516,0
74453,21105875.782892454,0
74454,21103720.261304274,0
74455,21101564.218269683,0
74456,21099407.650825776,0
74457,21097250.565876853,0
74458,21095092.957185026,0
74459,21092934.829969175,0
74460,21090776.179292988,0
74461,21088617.00596408,0
74462,21086457.314005744,0
74463,21084297.0983195,0
74464,21082136.365326162,0
74465,21079975.107161097,0
74466,21077813.328669596,0
74467,21075651.030356992,0
74468,21073488.211006552,0
74469,21071324.869264677,0
74470,21069161.005896114,0
74471,21066996.62255795,0
74472,21064831.717536498,0
74473,21062666.29096502,0
74474,21060500.343027424,0
74475,21058333.8768215,0
74476,21056166.888306536,0
74477,21053999.377575606,0
74478,21051831.348505776,0
74479,21049662.793736845,0
74480,21047493.72119756,0
74481,21045324.12768046,0
74482,21043154.012656078,0
74483,21040983.376064595,0
74484,21038812.21947349,0
74485,21036640.541771837,0
74486,21034468.344004285,0
74487,21032295.62324843,0
74488,21030122.38130663,0
74489,21027948.62238714,0
74490,21025774.342619177,0
74491,21023599.53916312,0
74492,21021424.21347139,0
74493,21019248.371659417,0
74494,21017072.006421506,0
74495,21014895.12036986,0
74496,21012717.71351967,0
74497,21010539.78697703,0
74498,21008361.339781865,0
74499,21006182.374105178,0
74500,21004002.884233538,0
74501,21001822.873621535,0
74502,20999642.343959436,0
74503,20997461.294085834,0
74504,20995279.72278204,0
74505,20993097.63181182,0
74506,20990915.019738853,0
74507,20988731.887596957,0
74508,20986548.232661698,0
74509,20984364.062184926,0
74510,20982179.3671323,0
74511,20979994.154509064,0
74512,20977808.4213293,0
74513,20975622.162851572,0
74514,20973435.38923293,0
74515,20971248.093222864,0
74516,20969060.2782436,0
74517,20966871.939663745,0
74518,20964683.085070956,0
74519,20962493.708023522,0
74520,20960303.813656393,0
74521,20958113.39686928,0
74522,20955922.457517333,0
74523,20953730.99928174,0
74524,20951539.022067524,0
74525,20949346.52529323,0
74526,20947153.506091353,0
74527,20944959.970160116,0
74528,20942765.911522664,0
74529,20940571.334102094,0
74530,20938376.236135527,0
74531,20936180.619104203,0
74532,20933984.480351273,0
74533,20931787.822028194,0
74534,20929590.644050766,0
74535,20927392.943956662,0
74536,20925194.728334717,0
74537,20922995.991094116,0
74538,20920796.732814018,0
74539,20918596.95719992,0
74540,20916396.6568158,0
74541,20914195.840513803,0
74542,20911994.503777172,0
74543,20909792.647806764,0
74544,20907590.270782493,0
74545,20905387.374086447,0
74546,20903183.95915584,0
74547,20900980.025017843,0
74548,20898775.569575697,0
74549,20896570.59329222,0
74550,20894365.099146955,0
74551,20892159.08466362,0
74552,20889952.55050892,0
74553,20887745.49895493,0
74554,20885537.924453404,0
74555,20883329.834073193,0
74556,20881121.223394644,0
74557,20878912.090627704,0
74558,20876702.44008169,0
74559,20874492.269811504,0
74560,20872281.57905887,0
74561,20870070.37084054,0
74562,20867858.64231939,0
74563,20865646.39355156,0
74564,20863433.624486435,0
74565,20861220.33945567,0
74566,20859006.533758804,0
74567,20856792.210116442,0
74568,20854577.363789156,0
74569,20852362.003550645,0
74570,20850146.12050062,0
74571,20847929.717916247,0
74572,20845712.795168594,0
74573,20843495.353257835,0
74574,20841277.396690313,0
74575,20839058.91651729,0
74576,20836839.920366097,0
74577,20834620.403420825,0
74578,20832400.36656931,0
74579,20830179.810949046,0
74580,20827958.738507576,0
74581,20825737.1439146,0
74582,20823515.033963274,0
74583,20821292.403405644,0
74584,20819069.252606146,0
74585,20816845.583190925,0
74586,20814621.398870636,0
74587,20812396.690397047,0
74588,20810171.465577055,0
74589,20807945.722912684,0
74590,20805719.458496068,0
74591,20803492.676773686,0
74592,20801265.37926566,0
74593,20799037.55751437,0
74594,20796809.221748423,0
74595,20794580.36428393,0
74596,20792350.98919879,0
74597,20790121.094854817,0
74598,20787890.682836626,0
74599,20785659.753900547,0
74600,20783428.303470165,0
74601,20781196.333200045,0
74602,20778963.846987654,0
74603,20776730.84326873,0
74604,20774497.31994378,0
74605,20772263.278025676,0
74606,20770028.716693044,0
74607,20767793.637010433,0
74608,20765558.039741173,0
74609,20763321.92256556,0
74610,20761085.292460576,0
74611,20758848.13582712,0
74612,20756610.467534874,0
74613,20754372.277037892,0
74614,20752133.57099365,0
74615,20749894.34668106,0
74616,20747654.600125678,0
74617,20745414.340875402,0
74618,20743173.56133056,0
74619,20740932.261826523,0
74620,20738690.448638827,0
74621,20736448.109203998,0
74622,20734205.257202137,0
74623,20731961.888017077,0
74624,20729717.999404714,0
74625,20727473.593154248,0
74626,20725228.669328067,0
74627,20722983.22453447,0
74628,20720737.263876513,0
74629,20718490.786061022,0
74630,20716243.791406956,0
74631,20713996.276928596,0
74632,20711748.243938223,0
74633,20709499.693556942,0
74634,20707250.626162615,0
74635,20705001.04114232,0
74636,20702750.937582523,0
74637,20700500.315040145,0
74638,20698249.176220153,0
74639,20695997.520997792,0
74640,20693745.34787116,0
74641,20691492.65433026,0
74642,20689239.446421742,0
74643,20686985.71725085,0
74644,20684731.47456103,0
74645,20682476.711607825,0
74646,20680221.43067148,0
74647,20677965.635083083,0
74648,20675709.319753993,0
74649,20673452.488672063,0
74650,20671195.139859516,0
74651,20668937.272992942,0
74652,20666678.88626286,0
74653,20664419.98715733,0
74654,20662160.567999773,0
74655,20659900.630853955,0
74656,20657640.176410142,0
74657,20655379.206405286,0
74658,20653117.720317557,0
74659,20650855.713977855,0
74660,20648593.191834968,0
74661,20646330.15018475,0
74662,20644066.59380678,0
74663,20641802.519086402,0
74664,20639537.928664804,0
74665,20637272.82256197,0
74666,20635007.19557945,0
74667,20632741.05313984,0
74668,20630474.394867804,0
74669,20628207.217878852,0
74670,20625939.525418967,0
74671,20623671.314703412,0
74672,20621402.588506445,0
74673,20619133.344100893,0
74674,20616863.582675047,0
74675,20614593.307330184,0
74676,20612322.513773028,0
74677,20610051.20135184,0
74678,20607779.371496916,0
74679,20605507.028184768,0
74680,20603234.167366646,0
74681,20600960.787464727,0
74682,20598686.893986117,0
74683,20596412.481859066,0
74684,20594137.55436937,0
74685,20591862.111292843,0
74686,20589586.14990203,0
74687,20587309.671323482,0
74688,20585032.67831234,0
74689,20582755.167496916,0
74690,20580477.141766086,0
74691,20578198.59540261,0
74692,20575919.53692314,0
74693,20573639.96298871,0
74694,20571359.867759343,0
74695,20569079.258964535,0
74696,20566798.134345412,0
74697,20564516.494670853,0
74698,20562234.336089123,0
74699,20559951.660680942,0
74700,20557668.471512616,0
74701,20555384.76492166,0
74702,20553100.54324752,0
74703,20550815.804153953,0
74704,20548530.54968972,0
74705,20546244.778394137,0
74706,20543958.49321131,0
74707,20541671.68899546,0
74708,20539384.36956349,0
74709,20537096.53642985,0
74710,20534808.185192954,0
74711,20532519.317005385,0
74712,20530229.931393255,0
74713,20527940.037423108,0
74714,20525649.622153725,0
74715,20523358.692522146,0
74716,20521067.2477615,0
74717,20518775.283961244,0
74718,20516482.80638587,0
74719,20514189.812998645,0
74720,20511896.307796095,0
74721,20509602.282322396,0
74722,20507307.74170657,0
74723,20505012.68340485,0
74724,20502717.11262372,0
74725,20500421.02791108,0
74726,20498124.425242577,0
74727,20495827.306699824,0
74728,20493529.672274657,0
74729,20491231.525888123,0
74730,20488932.86240836,0
74731,20486633.681442775,0
74732,20484333.98526654,0
74733,20482033.777222473,0
74734,20479733.05022652,0
74735,20477431.810758308,0
74736,20475130.0525783,0
74737,20472827.783570472,0
74738,20470524.994423047,0
74739,20468221.692391165,0
74740,20465917.876907606,0
74741,20463613.543902718,0
74742,20461308.69715957,0
74743,20459003.333475426,0
74744,20456697.45616779,0
74745,20454391.064441346,0
74746,20452084.157842267,0
74747,20449776.73440116,0
74748,20447468.79900455,0
74749,20445160.345672704,0
74750,20442851.38044768,0
74751,20440541.895791475,0
74752,20438231.900459416,0
74753,20435921.389047276,0
74754,20433610.362555206,0
74755,20431298.82118359,0
74756,20428986.766307898,0
74757,20426674.193760615,0
74758,20424361.110149696,0
74759,20422047.50911334,0
74760,20419733.395143583,0
74761,20417418.76703196,0
74762,20415103.624197725,0
74763,20412787.963835016,0
74764,20410471.794319607,0
74765,20408155.106659852,0
74766,20405837.904246084,0
74767,20403520.187264536,0
74768,20401201.959602527,0
74769,20398883.21391775,0
74770,20396563.95496677,0
74771,20394244.180573545,0
74772,20391923.89391563,0
74773,20389603.09131774,0
74774,20387281.77716186,0
74775,20384959.946997546,0
74776,20382637.601251986,0
74777,20380314.74233305,0
74778,20377991.371115454,0
74779,20375667.484302927,0
74780,20373343.081762157,0
74781,20371018.16789199,0
74782,20368692.741638206,0
74783,20366366.796733856,0
74784,20364040.34033715,0
74785,20361713.370099064,0
74786,20359385.884567942,0
74787,20357057.88761458,0
74788,20354729.37512571,0
74789,20352400.34997847,0
74790,20350070.807508737,0
74791,20347740.75615264,0
74792,20345410.188905474,0
74793,20343079.106496822,0
74794,20340747.513215955,0
74795,20338415.405824184,0
74796,20336082.78383565,0
74797,20333749.648553323,0
74798,20331415.999822024,0
74799,20329081.837124236,0
74800,20326747.163872365,0
74801,20324411.973025497,0
74802,20322076.270419408,0
74803,20319740.052806124,0
74804,20317403.32448229,0
74805,20315066.08160308,0
74806,20312728.3261344,0
74807,20310390.056605376,0
74808,20308051.273828883,0
74809,20305711.978524398,0
74810,20303372.16879296,0
74811,20301031.848440044,0
74812,20298691.01349441,0
74813,20296349.66493701,0
74814,20294007.803978864,0
74815,20291665.42955701,0
74816,20289322.54012926,0
74817,20286979.142571878,0
74818,20284635.22866726,0
74819,20282290.79969077,0
74820,20279945.86175469,0
74821,20277600.409339316,0
74822,20275254.446235742,0
74823,20272907.96769977,0
74824,20270560.97792215,0
74825,20268213.476559278,0
74826,20265865.460488033,0
74827,20263516.92962719,0
74828,20261167.889936533,0
74829,20258818.3375819,0
74830,20256468.268528815,0
74831,20254117.691543315,0
74832,20251766.599011887,0
74833,20249414.994347516,0
74834,20247062.880444296,0
74835,20244710.24970754,0
74836,20242357.10878675,0
74837,20240003.45500648,0
74838,20237649.290495075,0
74839,20235294.61219116,0
74840,20232939.4199481,0
74841,20230583.71803514,0
74842,20228227.503294542,0
74843,20225870.776715886,0
74844,20223513.535786122,0
74845,20221155.786299136,0
74846,20218797.5221542,0
74847,20216438.744744055,0
74848,20214079.458494257,0
74849,20211719.65880735,0
74850,20209359.345941085,0
74851,20206998.523463205,0
74852,20204637.18751105,0
74853,20202275.338565815,0
74854,20199912.977637146,0
74855,20197550.111796774,0
74856,20195186.72674783,0
74857,20192822.83234503,0
74858,20190458.42484776,0
74859,20188093.507216297,0
74860,20185728.080258094,0
74861,20183362.139148574,0
74862,20180995.6819134,0
74863,20178628.719292887,0
74864,20176261.245030202,0
74865,20173893.25577809,0
74866,20171524.757205386,0
74867,20169155.745847248,0
74868,20166786.224613626,0
74869,20164416.19224309,0
74870,20162045.64666766,0
74871,20159674.588959657,0
74872,20157303.022286728,0
74873,20154930.945177272,0
74874,20152558.35459868,0
74875,20150185.25319204,0
74876,20147811.64055781,0
74877,20145437.517433472,0
74878,20143062.883401256,0
74879,20140687.739194993,0
74880,20138312.081810553,0
74881,20135935.915095042,0
74882,20133559.236695938,0
74883,20131182.04799244,0
74884,20128804.34618283,0
74885,20126426.137530923,0
74886,20124047.412225816,0
74887,20121668.180922292,0
74888,20119288.437311485,0
74889,20116908.182692282,0
74890,20114527.416313592,0
74891,20112146.14408936,0
74892,20109764.35741824,0
74893,20107382.060187887,0
74894,20104999.2514829,0
74895,20102615.933676057,0
74896,20100232.105303016,0
74897,20097847.766374756,0
74898,20095462.917935207,0
74899,20093077.55675426,0
74900,20090691.686116725,0
74901,20088305.306493286,0
74902,20085918.415444035,0
74903,20083531.014674146,0
74904,20081143.104075912,0
74905,20078754.680576954,0
74906,20076365.750026084,0
74907,20073976.30719241,0
74908,20071586.35591029,0
74909,20069195.89386615,0
74910,20066804.91957039,0
74911,20064413.439979672,0
74912,20062021.44586575,0
74913,20059628.942267105,0
74914,20057235.93008372,0
74915,20054842.410615977,0
74916,20052448.378522564,0
74917,20050053.83654888,0
74918,20047658.783367265,0
74919,20045263.222236603,0
74920,20042867.15001534,0
74921,20040470.570592776,0
74922,20038073.480695043,0
74923,20035675.88204425,0
74924,20033277.77070194,0
74925,20030879.15152421,0
74926,20028480.023508895,0
74927,20026080.38594649,0
74928,20023680.239073753,0
74929,20021279.579829104,0
74930,20018878.413981568,0
74931,20016476.738563746,0
74932,20014074.55311923,0
74933,20011671.858441934,0
74934,20009268.65523493,0
74935,20006864.941489566,0
74936,20004460.720138077,0
74937,20002055.988402497,0
74938,19999650.74942804,0
74939,19997244.999727845,0
74940,19994838.741235007,0
74941,19992431.97444936,0
74942,19990024.695639193,0
74943,19987616.912535347,0
74944,19985208.618881695,0
74945,19982799.81662624,0
74946,19980390.504388828,0
74947,19977980.684377134,0
74948,19975570.352233265,0
74949,19973159.51654109,0
74950,19970748.168923628,0
74951,19968336.312555414,0
74952,19965923.94903987,0
74953,19963511.079303406,0
74954,19961097.695010845,0
74955,19958683.80510981,0
74956,19956269.407563765,0
74957,19953854.499707233,0
74958,19951439.083936293,0
74959,19949023.162551645,0
74960,19946606.727778267,0
74961,19944189.789017208,0
74962,19941772.34038711,0
74963,19939354.382853292,0
74964,19936935.91739473,0
74965,19934516.94543839,0
74966,19932097.46464775,0
74967,19929677.47594239,0
74968,19927256.976669777,0
74969,19924835.971171547,0
74970,19922414.460000783,0
74971,19919992.436564736,0
74972,19917569.907331564,0
74973,19915146.8716274,0
74974,19912723.323651735,0
74975,19910299.2711673,0
74976,19907874.71304872,0
74977,19905449.642596245,0
74978,19903024.066493634,0
74979,19900597.982732173,0
74980,19898171.391376402,0
74981,19895744.292148296,0
74982,19893316.68609293,0
74983,19890888.573014278,0
74984,19888459.94927305,0
74985,19886030.820340544,0
74986,19883601.184394855,0
74987,19881171.041977726,0
74988,19878740.388802323,0
74989,19876309.22957496,0
74990,19873877.56255144,0
74991,19871445.390663747,0
74992,19869012.71020416,0
74993,19866579.52235678,0
74994,19864145.82896124,0
74995,19861711.626872826,0
74996,19859276.91974548,0
74997,19856841.702693857,0
74998,19854405.98065778,0
74999,19851969.749697052,0
75000,19849533.012293864,0
75001,19847095.770216838,0
75002,19844658.01805302,0
75003,19842219.763118185,0
75004,19839780.997223567,0
75005,19837341.7279909,0
75006,19834901.950211376,0
75007,19832461.66479082,0
75008,19830020.876278404,0
75009,19827579.57971035,0
75010,19825137.77321579,0
75011,19822695.462975886,0
75012,19820252.646891687,0
75013,19817809.324447427,0
75014,19815365.495162588,0
75015,19812921.1575768,0
75016,19810476.31574577,0
75017,19808030.96664208,0
75018,19805585.11171736,0
75019,19803138.75052295,0
75020,19800691.882440366,0
75021,19798244.511279132,0
75022,19795796.63102993,0
75023,19793348.246903498,0
75024,19790899.35462669,0
75025,19788449.955839645,0
75026,19786000.05158626,0
75027,19783549.645170614,0
75028,19781098.72630606,0
75029,19778647.30652753,0
75030,19776195.379609033,0
75031,19773742.94659319,0
75032,19771290.007970754,0
75033,19768836.563497413,0
75034,19766382.614242334,0
75035,19763928.159556672,0
75036,19761473.198982157,0
75037,19759017.731686816,0
75038,19756561.759721816,0
75039,19754105.281792704,0
75040,19751648.300166924,0
75041,19749190.811831035,0
75042,19746732.818603676,0
75043,19744274.31881999,0
75044,19741815.314321853,0
75045,19739355.80585688,0
75046,19736895.791851956,0
75047,19734435.270748656,0
75048,19731974.246200483,0
75049,19729512.71572219,0
75050,19727050.68085892,0
75051,19724588.141571485,0
75052,19722125.09640667,0
75053,19719661.548259135,0
75054,19717197.49281927,0
75055,19714732.934543494,0
75056,19712267.870239858,0
75057,19709802.29990231,0
75058,19707336.224080708,0
75059,19704869.647994447,0
75060,19702402.5656046,0
75061,19699934.97734922,0
75062,19697466.88475284,0
75063,19694998.287313536,0
75064,19692529.185050093,0
75065,19690059.581068683,0
75066,19687589.4700504,0
75067,19685118.855987247,0
75068,19682647.73618349,0
75069,19680176.115570925,0
75070,19677703.98635635,0
75071,19675231.35406746,0
75072,19672758.21746458,0
75073,19670284.57721911,0
75074,19667810.43515796,0
75075,19665335.78581681,0
75076,19662860.633792736,0
75077,19660384.977564916,0
75078,19657908.816942055,0
75079,19655432.153771132,0
75080,19652954.986285668,0
75081,19650477.313571073,0
75082,19647999.139478493,0
75083,19645520.458752062,0
75084,19643041.27666384,0
75085,19640561.590938743,0
75086,19638081.40041005,0
75087,19635600.70505217,0
75088,19633119.50663723,0
75089,19630637.809220858,0
75090,19628155.605115235,0
75091,19625672.897214204,0
75092,19623189.68552258,0
75093,19620705.97113611,0
75094,19618221.75361345,0
75095,19615737.03338339,0
75096,19613251.808525186,0
75097,19610766.08171614,0
75098,19608279.85220328,0
75099,19605793.11637289,0
75100,19603305.880549945,0
75101,19600818.140257526,0
75102,19598329.898128733,0
75103,19595841.15289392,0
75104,19593351.90369563,0
75105,19590862.15167941,0
75106,19588371.897913966,0
75107,19585881.14281074,0
75108,19583389.882116206,0
75109,19580898.120294724,0
75110,19578405.855644293,0
75111,19575913.0889771,0
75112,19573419.817695614,0
75113,19570926.04561119,0
75114,19568431.769134875,0
75115,19565936.992566336,0
75116,19563441.7118091,0
75117,19560945.930345524,0
75118,19558449.645996265,0
75119,19555952.85873959,0
75120,19553455.56942035,0
75121,19550957.778788336,0
75122,19548459.484639216,0
75123,19545960.68904055,0
75124,19543461.3907446,0
75125,19540961.59261816,0
75126,19538461.29039885,0
75127,19535960.486345645,0
75128,19533459.180267993,0
75129,19530957.376263835,0
75130,19528455.06171137,0
75131,19525952.252993274,0
75132,19523448.94055729,0
75133,19520945.127554584,0
75134,19518440.81026221,0
75135,19515935.993091874,0
75136,19513430.673234157,0
75137,19510924.854758963,0
75138,19508418.531067185,0
75139,19505911.706336815,0
75140,19503404.38260711,0
75141,19500896.55521549,0
75142,19498388.229534563,0
75143,19495879.40003226,0
75144,19493370.068718225,0
75145,19490860.23674285,0
75146,19488349.90375535,0
75147,19485839.071580857,0
75148,19483327.73739909,0
75149,19480815.899886757,0
75150,19478303.563884236,0
75151,19475790.726264987,0
75152,19473277.388084758,0
75153,19470763.54700485,0
75154,19468249.208012264,0
75155,19465734.36883611,0
75156,19463219.024994,0
75157,19460703.182982355,0
75158,19458186.839906022,0
75159,19455669.996489942,0
75160,19453152.65064204,0
75161,19450634.80920706,0
75162,19448116.462159324,0
75163,19445597.61708706,0
75164,19443078.27074004,0
75165,19440558.425374348,0
75166,19438038.07742113,0
75167,19435517.22986396,0
75168,19432995.88410143,0
75169,19430474.03758902,0
75170,19427951.689540256,0
75171,19425428.841922633,0
75172,19422905.49562308,0
75173,19420381.647044748,0
75174,19417857.30170998,0
75175,19415332.453280903,0
75176,19412807.107101303,0
75177,19410281.258645155,0
75178,19407754.914597653,0
75179,19405228.067430425,0
75180,19402700.721615765,0
75181,19400172.87411926,0
75182,19397644.52947908,0
75183,19395115.685701683,0
75184,19392586.340192858,0
75185,19390056.496964876,0
75186,19387526.155250464,0
75187,19384995.311424598,0
75188,19382463.97061501,0
75189,19379932.128344767,0
75190,19377399.7894676,0
75191,19374866.94824923,0
75192,19372333.611320343,0
75193,19369799.775143594,0
75194,19367265.43564059,0
75195,19364730.599695917,0
75196,19362195.266709063,0
75197,19359659.43192247,0
75198,19357123.098095983,0
75199,19354586.268177554,0
75200,19352048.937836822,0
75201,19349511.108023748,0
75202,19346972.780320313,0
75203,19344433.955538925,0
75204,19341894.628749687,0
75205,19339354.804868184,0
75206,19336814.48344334,0
75207,19334273.66458699,0
75208,19331732.344531596,0
75209,19329190.526914023,0
75210,19326648.211753894,0
75211,19324105.398357864,0
75212,19321562.08720227,0
75213,19319018.27561009,0
75214,19316473.96865045,0
75215,19313929.160738185,0
75216,19311383.85495596,0
75217,19308838.05336735,0
75218,19306291.752357263,0
75219,19303744.95419326,0
75220,19301197.657191336,0
75221,19298649.862149596,0
75222,19296101.56933958,0
75223,19293552.779989555,0
75224,19291003.49070192,0
75225,19288453.706691027,0
75226,19285903.422730975,0
75227,19283352.64385785,0
75228,19280801.366201334,0
75229,19278249.590174392,0
75230,19275697.316758264,0
75231,19273144.546313934,0
75232,19270591.280140866,0
75233,19268037.514975436,0
75234,19265483.250731383,0
75235,19262928.492652405,0
75236,19260373.23617399,0
75237,19257817.481988147,0
75238,19255261.230112437,0
75239,19252704.481694024,0
75240,19250147.23922381,0
75241,19247589.49574022,0
75242,19245031.258416925,0
75243,19242472.524303928,0
75244,19239913.29193287,0
75245,19237353.562082905,0
75246,19234793.338049226,0
75247,19232232.61551255,0
75248,19229671.395736367,0
75249,19227109.682435542,0
75250,19224547.469590493,0
75251,19221984.760057893,0
75252,19219421.554111682,0
75253,19216857.855355315,0
75254,19214293.657279763,0
75255,19211728.96419257,0
75256,19209163.774102576,0
75257,19206598.08613668,0
75258,19204031.905913312,0
75259,19201465.226895906,0
75260,19198898.05325267,0
75261,19196330.382961188,0
75262,19193762.2174477,0
75263,19191193.555638723,0
75264,19188624.39791451,0
75265,19186054.741376016,0
75266,19183484.595769975,0
75267,19180913.947593242,0
75268,19178342.80843744,0
75269,19175771.171244815,0
75270,19173199.040436152,0
75271,19170626.410870668,0
75272,19168053.291349094,0
75273,19165479.671128135,0
75274,19162905.558311477,0
75275,19160330.948017467,0
75276,19157755.84621791,0
75277,19155180.243703548,0
75278,19152604.147791028,0
75279,19150027.56200716,0
75280,19147450.47461436,0
75281,19144872.895839058,0
75282,19142294.822606046,0
75283,19139716.25084987,0
75284,19137137.186839826,0
75285,19134557.627884205,0
75286,19131977.572802726,0
75287,19129397.02503934,0
75288,19126815.98071976,0
75289,19124234.44075577,0
75290,19121652.40942461,0
75291,19119069.881157927,0
75292,19116486.859167166,0
75293,19113903.34308729,0
75294,19111319.332836047,0
75295,19108734.825764693,0
75296,19106149.82854472,0
75297,19103564.334744077,0
75298,19100978.3449265,0
75299,19098391.86522316,0
75300,19095804.887092564,0
75301,19093217.41757961,0
75302,19090629.452291064,0
75303,19088040.995355748,0
75304,19085452.04196716,0
75305,19082862.59658925,0
75306,19080272.654019035,0
75307,19077682.222614344,0
75308,19075091.295258895,0
75309,19072499.87300953,0
75310,19069907.961134605,0
75311,19067315.55188361,0
75312,19064722.648841735,0
75313,19062129.25618888,0
75314,19059535.36819082,0
75315,19056940.985117223,0
75316,19054346.10857841,0
75317,19051750.73977636,0
75318,19049154.8787934,0
75319,19046558.524381366,0
75320,19043961.678999297,0
75321,19041364.336099107,0
75322,19038766.501029562,0
75323,19036168.174721327,0
75324,19033569.35652639,0
75325,19030970.043265887,0
75326,19028370.237197895,0
75327,19025769.938658934,0
75328,19023169.147793565,0
75329,19020567.864244457,0
75330,19017966.087579723,0
75331,19015363.818998557,0
75332,19012761.05720566,0
75333,19010157.802798513,0
75334,19007554.057126988,0
75335,19004949.819096122,0
75336,19002345.08710334,0
75337,18999739.865057245,0
75338,18997134.15006224,0
75339,18994527.942011736,0
75340,18991921.241439417,0
75341,18989314.05037087,0
75342,18986706.36669639,0
75343,18984098.19105539,0
75344,18981489.524755374,0
75345,18978880.362663552,0
75346,18976270.71278299,0
75347,18973660.56917968,0
75348,18971049.933638312,0
75349,18968438.807281658,0
75350,18965827.191475455,0
75351,18963215.079706483,0
75352,18960602.480427302,0
75353,18957989.387834795,0
75354,18955375.803028118,0
75355,18952761.729564782,0
75356,18950147.1611009,0
75357,18947532.104049765,0
75358,18944916.554638147,0
75359,18942300.51649085,0
75360,18939683.98582362,0
75361,18937066.962772198,0
75362,18934449.451967385,0
75363,18931831.445851352,0
75364,18929212.95114004,0
75365,18926593.965793326,0
75366,18923974.48762204,0
75367,18921354.521490943,0
75368,18918734.06223657,0
75369,18916113.113391083,0
75370,18913491.676743984,0
75371,18910869.745233454,0
75372,18908247.326239787,0
75373,18905624.41725453,0
75374,18903001.013024412,0
75375,18900377.124397375,0
75376,18897752.742385708,0
75377,18895127.870801665,0
75378,18892502.509251807,0
75379,18889876.657437988,0
75380,18887250.316132892,0
75381,18884623.48276067,0
75382,18881996.162582666,0
75383,18879368.349340208,0
75384,18876740.05113056,0
75385,18874111.25770491,0
75386,18871481.977049824,0
75387,18868852.20803186,0
75388,18866221.945260257,0
75389,18863591.196233455,0
75390,18860959.955533653,0
75391,18858328.22721484,0
75392,18855696.008597728,0
75393,18853063.30330514,0
75394,18850430.106263444,0
75395,18847796.41919892,0
75396,18845162.243879855,0
75397,18842527.58096952,0
75398,18839892.426521163,0
75399,18837256.783155058,0
75400,18834620.653613646,0
75401,18831984.031992964,0
75402,18829346.923534833,0
75403,18826709.32483547,0
75404,18824071.23998411,0
75405,18821432.662132584,0
75406,18818793.596108194,0
75407,18816154.045064025,0
75408,18813514.004185177,0
75409,18810873.4745113,0
75410,18808232.456552748,0
75411,18805590.948469367,0
75412,18802948.95558816,0
75413,18800306.471684936,0
75414,18797663.499322955,0
75415,18795020.038800176,0
75416,18792376.093608774,0
75417,18789731.65653543,0
75418,18787086.73143252,0
75419,18784441.32149282,0
75420,18781795.42057902,0
75421,18779149.034292262,0
75422,18776502.156575166,0
75423,18773854.79411851,0
75424,18771206.94492177,0
75425,18768558.604466498,0
75426,18765909.778906975,0
75427,18763260.462931946,0
75428,18760610.665130198,0
75429,18757960.377514318,0
75430,18755309.599729747,0
75431,18752658.338093307,0
75432,18750006.58685804,0
75433,18747354.348456956,0
75434,18744701.625076644,0
75435,18742048.41318713,0
75436,18739394.715227988,0
75437,18736740.52916805,0
75438,18734085.858273987,0
75439,18731430.696986716,0
75440,18728775.051222976,0
75441,18726118.918655638,0
75442,18723462.29873991,0
75443,18720805.191996865,0
75444,18718147.59974735,0
75445,18715489.520862125,0
75446,18712830.955410957,0
75447,18710171.900158394,0
75448,18707512.364191677,0
75449,18704852.33812008,0
75450,18702191.82881853,0
75451,18699530.831271157,0
75452,18696869.347810984,0
75453,18694207.37677241,0
75454,18691544.92041431,0
75455,18688881.981565684,0
75456,18686218.554043368,0
75457,18683554.637599196,0
75458,18680890.241911244,0
75459,18678225.356085278,0
75460,18675559.985374123,0
75461,18672894.12830512,0
75462,18670227.78845745,0
75463,18667560.959785204,0
75464,18664893.647125784,0
75465,18662225.847399026,0
75466,18659557.565392148,0
75467,18656888.796457946,0
75468,18654219.541456316,0
75469,18651549.806001656,0
75470,18648879.580110516,0
75471,18646208.86954199,0
75472,18643537.675732955,0
75473,18640865.99689868,0
75474,18638193.832776513,0
75475,18635521.18523431,0
75476,18632848.05045002,0
75477,18630174.432385363,0
75478,18627500.32892828,0
75479,18624825.742658406,0
75480,18622150.67062905,0
75481,18619475.112384245,0
75482,18616799.07040645,0
75483,18614122.545703273,0
75484,18611445.5328458,0
75485,18608768.04215281,0
75486,18606090.06216159,0
75487,18603411.600836437,0
75488,18600732.654979076,0
75489,18598053.223357998,0
75490,18595373.308939353,0
75491,18592692.911171578,0
75492,18590012.028035484,0
75493,18587330.66339996,0
75494,18584648.813390624,0
75495,18581966.479645032,0
75496,18579283.66128344,0
75497,18576600.361757215,0
75498,18573916.576203056,0
75499,18571232.30917125,0
75500,18568547.555543873,0
75501,18565862.3249248,0
75502,18563176.607807543,0
75503,18560490.405402012,0
75504,18557803.7195341,0
75505,18555116.553736772,0
75506,18552428.903823156,0
75507,18549740.77058324,0
75508,18547052.15699923,0
75509,18544363.05523945,0
75510,18541673.473125715,0
75511,18538983.409337215,0
75512,18536292.861813504,0
75513,18533601.83135864,0
75514,18530910.317926805,0
75515,18528218.32548892,0
75516,18525525.846506864,0
75517,18522832.886584863,0
75518,18520139.444665145,0
75519,18517445.51962298,0
75520,18514751.11513255,0
75521,18512056.22623297,0
75522,18509360.855035882,0
75523,18506665.002652086,0
75524,18503968.667490434,0
75525,18501271.850842837,0
75526,18498574.553414866,0
75527,18495876.77210616,0
75528,18493178.509092376,0
75529,18490479.764092967,0
75530,18487780.53791843,0
75531,18485080.830679767,0
75532,18482380.64480751,0
75533,18479679.973281957,0
75534,18476978.8225147,0
75535,18474277.188754458,0
75536,18471575.077921767,0
75537,18468872.47872566,0
75538,18466169.40432222,0
75539,18463465.846403793,0
75540,18460761.80833649,0
75541,18458057.288590446,0
75542,18455352.28771007,0
75543,18452646.80633151,0
75544,18449940.847564295,0
75545,18447234.402562775,0
75546,18444527.4798866,0
75547,18441820.074033618,0
75548,18439112.18905389,0
75549,18436403.825558167,0
75550,18433694.981753133,0
75551,18430985.65519563,0
75552,18428275.848617397,0
75553,18425565.563340798,0
75554,18422854.795938715,0
75555,18420143.55132911,0
75556,18417431.824779656,0
75557,18414719.61620193,0
75558,18412006.929487795,0
75559,18409293.76380614,0
75560,18406580.118111443,0
75561,18403865.99146821,0
75562,18401151.387158345,0
75563,18398436.301122617,0
75564,18395720.73712579,0
75565,18393004.6905928,0
75566,18390288.16735861,0
75567,18387571.165340595,0
75568,18384853.682398256,0
75569,18382135.720438715,0
75570,18379417.27919331,0
75571,18376698.3597517,0
75572,18373978.96197422,0
75573,18371259.080407884,0
75574,18368538.725188125,0
75575,18365817.889268603,0
75576,18363096.573502533,0
75577,18360374.780884657,0
75578,18357652.507151857,0
75579,18354929.757319774,0
75580,18352206.528172288,0
75581,18349482.8204588,0
75582,18346758.63591099,0
75583,18344033.96840241,0
75584,18341308.82475005,0
75585,18338583.205658462,0
75586,18335857.100593273,0
75587,18333130.526687775,0
75588,18330403.471154857,0
75589,18327675.936698943,0
75590,18324947.925753288,0
75591,18322219.43551898,0
75592,18319490.466919184,0
75593,18316761.024008743,0
75594,18314031.101077,0
75595,18311300.698824853,0
75596,18308569.821088627,0
75597,18305838.467791986,0
75598,18303106.63324202,0
75599,18300374.322266143,0
75600,18297641.536033567,0
75601,18294908.267685678,0
75602,18292174.524969973,0
75603,18289440.307732932,0
75604,18286705.611900367,0
75605,18283970.435838137,0
75606,18281234.78579575,0
75607,18278498.660556335,0
75608,18275762.054463893,0
75609,18273024.97446146,0
75610,18270287.41734137,0
75611,18267549.38387613,0
75612,18264810.871844467,0
75613,18262071.885376487,0
75614,18259332.41994524,0
75615,18256592.481705766,0
75616,18253852.063835666,0
75617,18251111.170750722,0
75618,18248369.805407017,0
75619,18245627.96026997,0
75620,18242885.63763801,0
75621,18240142.842103086,0
75622,18237399.56737655,0
75623,18234655.81885737,0
75624,18231911.594316963,0
75625,18229166.89335387,0
75626,18226421.716034874,0
75627,18223676.066584032,0
75628,18220929.941177133,0
75629,18218183.337663926,0
75630,18215436.2603124,0
75631,18212688.70666215,0
75632,18209940.67691962,0
75633,18207192.174302563,0
75634,18204443.194865923,0
75635,18201693.740200512,0
75636,18198943.813233092,0
75637,18196193.407109734,0
75638,18193442.528973516,0
75639,18190691.17824803,0
75640,18187939.34837754,0
75641,18185187.044877652,0
75642,18182434.26479276,0
75643,18179681.014624227,0
75644,18176927.28686129,0
75645,18174173.086804748,0
75646,18171418.41118805,0
75647,18168663.260721844,0
75648,18165907.638720986,0
75649,18163151.540309083,0
75650,18160394.965935424,0
75651,18157637.9223098,0
75652,18154880.39929352,0
75653,18152122.407913726,0
75654,18149363.938009813,0
75655,18146604.996022336,0
75656,18143845.582410965,0
75657,18141085.691619955,0
75658,18138325.330173023,0
75659,18135564.491561074,0
75660,18132803.183239125,0
75661,18130041.400661655,0
75662,18127279.145054255,0
75663,18124516.415001903,0
75664,18121753.211593173,0
75665,18118989.536174547,0
75666,18116225.38608612,0
75667,18113460.765557926,0
75668,18110695.67066509,0
75669,18107930.101803914,0
75670,18105164.062325712,0
75671,18102397.54988914,0
75672,18099630.565837972,0
75673,18096863.106283735,0
75674,18094095.174522117,0
75675,18091326.771342687,0
75676,18088557.89530266,0
75677,18085788.547645405,0
75678,18083018.728159826,0
75679,18080248.435815234,0
75680,18077477.67055667,0
75681,18074706.433085974,0
75682,18071934.725547582,0
75683,18069162.544602387,0
75684,18066389.89206691,0
75685,18063616.769970644,0
75686,18060843.17409036,0
75687,18058069.105579406,0
75688,18055294.567365553,0
75689,18052519.557694923,0
75690,18049744.075917885,0
75691,18046968.123013712,0
75692,18044191.697436355,0
75693,18041414.802958604,0
75694,18038637.435801,0
75695,18035859.59878271,0
75696,18033081.290230192,0
75697,18030302.512379594,0
75698,18027523.259973813,0
75699,18024743.537291188,0
75700,18021963.34488383,0
75701,18019182.68106616,0
75702,18016401.547563825,0
75703,18013619.944680475,0
75704,18010837.870174926,0
75705,18008055.327610485,0
75706,18005272.308935124,0
75707,18002488.823295623,0
75708,17999704.868646275,0
75709,17996920.44203476,0
75710,17994135.5470125,0
75711,17991350.18024558,0
75712,17988564.344610166,0
75713,17985778.039650917,0
75714,17982991.263198756,0
75715,17980204.01823719,0
75716,17977416.304315463,0
75717,17974628.119448718,0
75718,17971839.464873448,0
75719,17969050.341707323,0
75720,17966260.75054236,0
75721,17963470.687824894,0
75722,17960680.15594141,0
75723,17957889.156800285,0
75724,17955097.686915115,0
75725,17952305.749360915,0
75726,17949513.341471493,0
75727,17946720.465454042,0
75728,17943927.11884151,0
75729,17941133.304449007,0
75730,17938339.02359828,0
75731,17935544.27249831,0
75732,17932749.051975384,0
75733,17929953.362942234,0
75734,17927157.20781084,0
75735,17924360.583093654,0
75736,17921563.488302127,0
75737,17918765.928812563,0
75738,17915967.900261603,0
75739,17913169.40043443,0
75740,17910370.436950028,0
75741,17907571.004509725,0
75742,17904771.103527233,0
75743,17901970.73148226,0
75744,17899169.89796453,0
75745,17896368.592472546,0
75746,17893566.820725396,0
75747,17890764.58456706,0
75748,17887961.875775844,0
75749,17885158.70134723,0
75750,17882355.061447103,0
75751,17879550.954066537,0
75752,17876746.37717334,0
75753,17873941.334042992,0
75754,17871135.825273417,0
75755,17868329.849978708,0
75756,17865523.40545433,0
75757,17862716.496977467,0
75758,17859909.11918044,0
75759,17857101.274287745,0
75760,17854292.967941735,0
75761,17851484.19056626,0
75762,17848674.948695537,0
75763,17845865.239027664,0
75764,17843055.0635916,0
75765,17840244.42293741,0
75766,17837433.31458177,0
75767,17834621.743045468,0
75768,17831809.701731358,0
75769,17828997.198215574,0
75770,17826184.22581412,0
75771,17823370.78589093,0
75772,17820556.884666998,0
75773,17817742.51828601,0
75774,17814927.682764366,0
75775,17812112.383112583,0
75776,17809296.621151213,0
75777,17806480.388361875,0
75778,17803663.695568316,0
75779,17800846.53409752,0
75780,17798028.909736447,0
75781,17795210.81884982,0
75782,17792392.261107657,0
75783,17789573.242585216,0
75784,17786753.757569734,0
75785,17783933.80840448,0
75786,17781113.39383612,0
75787,17778292.514208622,0
75788,17775471.16974298,0
75789,17772649.363341887,0
75790,17769827.0913495,0
75791,17767004.35413383,0
75792,17764181.152688902,0
75793,17761357.48749732,0
75794,17758533.35783726,0
75795,17755708.76589188,0
75796,17752883.708798833,0
75797,17750058.188555613,0
75798,17747232.20243138,0
75799,17744405.754804805,0
75800,17741578.841371115,0
75801,17738751.466793686,0
75802,17735923.627535634,0
75803,17733095.326711643,0
75804,17730266.56158353,0
75805,17727437.329664677,0
75806,17724607.639527615,0
75807,17721777.483968686,0
75808,17718946.864370912,0
75809,17716115.7828381,0
75810,17713284.23860789,0
75811,17710452.23196451,0
75812,17707619.762214337,0
75813,17704786.829987895,0
75814,17701953.43460944,0
75815,17699119.578389846,0
75816,17696285.25811774,0
75817,17693450.4750964,0
75818,17690615.230101287,0
75819,17687779.52323125,0
75820,17684943.355253223,0
75821,17682106.723823402,0
75822,17679269.63092951,0
75823,17676432.076638784,0
75824,17673594.058936972,0
75825,17670755.581809033,0
75826,17667916.638196107,0
75827,17665077.237030517,0
75828,17662237.376765933,0
75829,17659397.049706835,0
75830,17656556.26416392,0
75831,17653715.017573785,0
75832,17650873.307882607,0
75833,17648031.138512503,0
75834,17645188.50719262,0
75835,17642345.415530685,0
75836,17639501.862080883,0
75837,17636657.848504312,0
75838,17633813.37260001,0
75839,17630968.438407328,0
75840,17628123.041921906,0
75841,17625277.185403343,0
75842,17622430.866865776,0
75843,17619584.0907805,0
75844,17616736.853404254,0
75845,17613889.15718642,0
75846,17611040.997275896,0
75847,17608192.379671365,0
75848,17605343.30258275,0
75849,17602493.761850964,0
75850,17599643.76472599,0
75851,17596793.308225,0
75852,17593942.392343815,0
75853,17591091.01078859,0
75854,17588239.176002294,0
75855,17585386.880617786,0
75856,17582534.125301767,0
75857,17579680.911856297,0
75858,17576827.23487013,0
75859,17573973.102018416,0
75860,17571118.50827371,0
75861,17568263.45866614,0
75862,17565407.948750578,0
75863,17562551.981175903,0
75864,17559695.552852683,0
75865,17556838.66602787,0
75866,17553981.318555336,0
75867,17551123.515869524,0
75868,17548265.253556576,0
75869,17545406.53296821,0
75870,17542547.353479702,0
75871,17539687.717439823,0
75872,17536827.62058332,0
75873,17533967.067820676,0
75874,17531106.05749646,0
75875,17528244.58882709,0
75876,17525382.65863174,0
75877,17522520.275032945,0
75878,17519657.432272058,0
75879,17516794.132764824,0
75880,17513930.37537643,0
75881,17511066.158156365,0
75882,17508201.4857892,0
75883,17505336.35601953,0
75884,17502470.769292,0
75885,17499604.725371495,0
75886,17496738.222843844,0
75887,17493871.26677301,0
75888,17491003.84788485,0
75889,17488135.976498418,0
75890,17485267.649538442,0
75891,17482398.8633435,0
75892,17479529.620936815,0
75893,17476659.923954923,0
75894,17473789.76887749,0
75895,17470919.15803997,0
75896,17468048.088216905,0
75897,17465176.566342473,0
75898,17462304.586504474,0
75899,17459432.14884227,0
75900,17456559.25809107,0
75901,17453685.91135715,0
75902,17450812.10828148,0
75903,17447937.84763777,0
75904,17445063.131905586,0
75905,17442187.964210764,0
75906,17439312.336927146,0
75907,17436436.253821976,0
75908,17433559.71899016,0
75909,17430682.72865672,0
75910,17427805.27945459,0
75911,17424927.378877293,0
75912,17422049.0215358,0
75913,17419170.210025877,0
75914,17416290.94300535,0
75915,17413411.22258166,0
75916,17410531.045832217,0
75917,17407650.416108202,0
75918,17404769.329981413,0
75919,17401887.791947216,0
75920,17399005.796984304,0
75921,17396123.34765087,0
75922,17393240.445714094,0
75923,17390357.089030653,0
75924,17387473.27869356,0
75925,17384589.014156375,0
75926,17381704.296208862,0
75927,17378819.12534649,0
75928,17375933.50046067,0
75929,17373047.419134647,0
75930,17370160.88692407,0
75931,17367273.90233131,0
75932,17364386.461809583,0
75933,17361498.567417514,0
75934,17358610.223130696,0
75935,17355721.4243048,0
75936,17352832.17207421,0
75937,17349942.468872543,0
75938,17347052.307871535,0
75939,17344161.698936705,0
75940,17341270.63432001,0
75941,17338379.118698724,0
75942,17335487.148925643,0
75943,17332594.72779387,0
75944,17329701.853731073,0
75945,17326808.527737107,0
75946,17323914.75189008,0
75947,17321020.520569697,0
75948,17318125.84149441,0
75949,17315230.704357754,0
75950,17312335.119507845,0
75951,17309439.081098653,0
75952,17306542.589714255,0
75953,17303645.64906015,0
75954,17300748.25621611,0
75955,17297850.415052798,0
75956,17294952.119359907,0
75957,17292053.373170022,0
75958,17289154.170989692,0
75959,17286254.522678778,0
75960,17283354.424444634,0
75961,17280453.871901326,0
75962,17277552.871312995,0
75963,17274651.41732786,0
75964,17271749.51366818,0
75965,17268847.15821485,0
75966,17265944.354724802,0
75967,17263041.100482974,0
75968,17260137.39355882,0
75969,17257233.23875799,0
75970,17254328.63157705,0
75971,17251423.57566019,0
75972,17248518.069500804,0
75973,17245612.114486497,0
75974,17242705.708825216,0
75975,17239798.853963863,0
75976,17236891.54736185,0
75977,17233983.7917858,0
75978,17231075.58850367,0
75979,17228166.93286199,0
75980,17225257.82969726,0
75981,17222348.277256254,0
75982,17219438.27449689,0
75983,17216527.82316975,0
75984,17213616.92296244,0
75985,17210705.573508643,0
75986,17207793.775684476,0
75987,17204881.530573405,0
75988,17201968.83306256,0
75989,17199055.690347347,0
75990,17196142.097723883,0
75991,17193228.055433672,0
75992,17190313.568467073,0
75993,17187398.628806897,0
75994,17184483.24374228,0
75995,17181567.41066201,0
75996,17178651.130498987,0
75997,17175734.39987869,0
75998,17172817.22219081,0
75999,17169899.59801288,0
76000,17166981.523523428,0
76001,17164063.005343836,0
76002,17161144.035924524,0
76003,17158224.620233648,0
76004,17155304.75567252,0
76005,17152384.448590845,0
76006,17149463.691160686,0
76007,17146542.486358516,0
76008,17143620.83506972,0
76009,17140698.73970429,0
76010,17137776.19221932,0
76011,17134853.201986402,0
76012,17131929.763676293,0
76013,17129005.879803833,0
76014,17126081.54622342,0
76015,17123156.771492317,0
76016,17120231.54882437,0
76017,17117305.875544827,0
76018,17114379.760626234,0
76019,17111453.200259823,0
76020,17108526.19176034,0
76021,17105598.738940503,0
76022,17102670.839626465,0
76023,17099742.494070552,0
76024,17096813.70500132,0
76025,17093884.467901345,0
76026,17090954.784338716,0
76027,17088024.659573592,0
76028,17085094.086829446,0
76029,17082163.070267513,0
76030,17079231.608702745,0
76031,17076299.702009447,0
76032,17073367.348470654,0
76033,17070434.552438267,0
76034,17067501.309042495,0
76035,17064567.62357962,0
76036,17061633.492887177,0
76037,17058698.919465158,0
76038,17055763.90080264,0
76039,17052828.438660666,0
76040,17049892.528568994,0
76041,17046956.176997416,0
76042,17044019.3783261,0
76043,17041082.138558682,0
76044,17038144.455963574,0
76045,17035206.32834858,0
76046,17032267.759258784,0
76047,17029328.746090077,0
76048,17026389.286525164,0
76049,17023449.384658016,0
76050,17020509.04115018,0
76051,17017568.252476882,0
76052,17014627.02191369,0
76053,17011685.348521464,0
76054,17008743.23245298,0
76055,17005800.67092496,0
76056,17002857.668356914,0
76057,16999914.22467963,0
76058,16996970.338661917,0
76059,16994026.007012457,0
76060,16991081.237877686,0
76061,16988136.022378884,0
76062,16985190.36548744,0
76063,16982244.2668628,0
76064,16979297.725611918,0
76065,16976350.74294879,0
76066,16973403.319109477,0
76067,16970455.452552635,0
76068,16967507.14388832,0
76069,16964558.395987436,0
76070,16961609.203148905,0
76071,16958659.570246078,0
76072,16955709.495560516,0
76073,16952758.981467802,0
76074,16949808.02743383,0
76075,16946856.629224557,0
76076,16943904.791842088,0
76077,16940952.51271577,0
76078,16937999.79196362,0
76079,16935046.63276059,0
76080,16932093.031538595,0
76081,16929138.990795113,0
76082,16926184.50882491,0
76083,16923229.588393476,0
76084,16920274.22673087,0
76085,16917318.42386026,0
76086,16914362.179734025,0
76087,16911405.498352796,0
76088,16908448.378508512,0
76089,16905490.81553156,0
76090,16902532.814316537,0
76091,16899574.37437531,0
76092,16896615.493298467,0
76093,16893656.172378916,0
76094,16890696.41471928,0
76095,16887736.21720382,0
76096,16884775.579929754,0
76097,16881814.50506834,0
76098,16878852.989436876,0
76099,16875891.03553791,0
76100,16872928.644132443,0
76101,16869965.810247462,0
76102,16867002.543673616,0
76103,16864038.83562399,0
76104,16861074.687375955,0
76105,16858110.10236619,0
76106,16855145.08121077,0
76107,16852179.618647948,0
76108,16849213.720337115,0
76109,16846247.383455366,0
76110,16843280.609074596,0
76111,16840313.395202342,0
76112,16837345.746860642,0
76113,16834377.658153158,0
76114,16831409.133640103,0
76115,16828440.17305449,0
76116,16825470.772286434,0
76117,16822500.93568674,0
76118,16819530.663028255,0
76119,16816559.953729812,0
76120,16813588.807500113,0
76121,16810617.222196873,0
76122,16807645.20148462,0
76123,16804672.74306851,0
76124,16801699.851919282,0
76125,16798726.519450705,0
76126,16795752.752828166,0
76127,16792778.550672367,0
76128,16789803.911888838,0
76129,16786828.835648853,0
76130,16783853.325702194,0
76131,16780877.380409945,0
76132,16777900.99715845,0
76133,16774924.180897284,0
76134,16771946.927066086,0
76135,16768969.239320857,0
76136,16765991.114283504,0
76137,16763012.555676421,0
76138,16760033.559030276,0
76139,16757054.129835075,0
76140,16754074.266294543,0
76141,16751093.9682086,0
76142,16748113.233158465,0
76143,16745132.066047534,0
76144,16742150.462520055,0
76145,16739168.424017895,0
76146,16736185.952669635,0
76147,16733203.045692638,0
76148,16730219.705960443,0
76149,16727235.930557787,0
76150,16724251.722897882,0
76151,16721267.081401944,0
76152,16718282.00254847,0
76153,16715296.49313273,0
76154,16712310.549613021,0
76155,16709324.173508853,0
76156,16706337.363556575,0
76157,16703350.117187025,0
76158,16700362.441733884,0
76159,16697374.331816547,0
76160,16694385.789518239,0
76161,16691396.8116627,0
76162,16688407.404381884,0
76163,16685417.562307255,0
76164,16682427.289516324,0
76165,16679436.583127355,0
76166,16676445.442481127,0
76167,16673453.869834812,0
76168,16670461.866751656,0
76169,16667469.430861643,0
76170,16664476.562777136,0
76171,16661483.262689972,0
76172,16658489.53096975,0
76173,16655495.36789596,0
76174,16652500.773797886,0
76175,16649505.74298491,0
76176,16646510.287827509,0
76177,16643514.397040019,0
76178,16640518.075214984,0
76179,16637521.322594319,0
76180,16634524.14112342,0
76181,16631526.526757713,0
76182,16628528.480676392,0
76183,16625530.00598606,0
76184,16622531.100642268,0
76185,16619531.764171546,0
76186,16616531.995286858,0
76187,16613531.797447018,0
76188,16610531.169831354,0
76189,16607530.112081518,0
76190,16604528.62272898,0
76191,16601526.704545267,0
76192,16598524.355564978,0
76193,16595521.577794977,0
76194,16592518.369623892,0
76195,16589514.731950749,0
76196,16586510.665023819,0
76197,16583506.16922766,0
76198,16580501.243737312,0
76199,16577495.890362889,0
76200,16574490.106825216,0
76201,16571483.893287072,0
76202,16568477.251316391,0
76203,16565470.183972694,0
76204,16562462.682363043,0
76205,16559454.754612183,0
76206,16556446.397552311,0
76207,16553437.615181256,0
76208,16550428.40374184,0
76209,16547418.760814657,0
76210,16544408.691653987,0
76211,16541398.195298823,0
76212,16538387.270473396,0
76213,16535375.915037367,0
76214,16532364.137872195,0
76215,16529351.931216804,0
76216,16526339.294041503,0
76217,16523326.231148563,0
76218,16520312.74205287,0
76219,16517298.824765578,0
76220,16514284.480026241,0
76221,16511269.709423356,0
76222,16508254.511403082,0
76223,16505238.884578636,0
76224,16502222.833110917,0
76225,16499206.354916392,0
76226,16496189.450184878,0
76227,16493172.121644014,0
76228,16490154.364527794,0
76229,16487136.180892674,0
76230,16484117.572787682,0
76231,16481098.535551384,0
76232,16478079.074059045,0
76233,16475059.188019013,0
76234,16472038.876546184,0
76235,16469018.136784054,0
76236,16465996.975853456,0
76237,16462975.385044716,0
76238,16459953.371605663,0
76239,16456930.932105882,0
76240,16453908.067374067,0
76241,16450884.779589346,0
76242,16447861.061295522,0
76243,16444836.925809992,0
76244,16441812.363711951,0
76245,16438787.373726277,0
76246,16435761.962335322,0
76247,16432736.126101496,0
76248,16429709.865626948,0
76249,16426683.180624524,0
76250,16423656.071489595,0
76251,16420628.539833676,0
76252,16417600.584325826,0
76253,16414572.203841427,0
76254,16411543.400851728,0
76255,16408514.172521533,0
76256,16405484.523514105,0
76257,16402454.447251864,0
76258,16399423.952955794,0
76259,16396393.032802474,0
76260,16393361.68725159,0
76261,16390329.923574267,0
76262,16387297.734519323,0
76263,16384265.123446204,0
76264,16381232.089997523,0
76265,16378198.633268474,0
76266,16375164.75646496,0
76267,16372130.454956075,0
76268,16369095.731145479,0
76269,16366060.587548414,0
76270,16363025.02053079,0
76271,16359989.033248318,0
76272,16356952.621258521,0
76273,16353915.792937394,0
76274,16350878.537941175,0
76275,16347840.862101326,0
76276,16344802.767389257,0
76277,16341764.250204798,0
76278,16338725.311937142,0
76279,16335685.954256514,0
76280,16332646.176322037,0
76281,16329605.975487934,0
76282,16326565.352720011,0
76283,16323524.310117828,0
76284,16320482.849144146,0
76285,16317440.967260655,0
76286,16314398.664183697,0
76287,16311355.942088362,0
76288,16308312.799163112,0
76289,16305269.236499157,0
76290,16302225.252720026,0
76291,16299180.851860916,0
76292,16296136.032397643,0
76293,16293090.790019566,0
76294,16290045.130396297,0
76295,16286999.051699437,0
76296,16283952.549838679,0
76297,16280905.635923935,0
76298,16277858.297689525,0
76299,16274810.54246235,0
76300,16271762.366514083,0
76301,16268713.775200171,0
76302,16265664.76248226,0
76303,16262615.33386444,0
76304,16259565.48621458,0
76305,16256515.219641965,0
76306,16253464.536982428,0
76307,16250413.433319574,0
76308,16247361.911999578,0
76309,16244309.976213671,0
76310,16241257.62253843,0
76311,16238204.85105876,0
76312,16235151.65983562,0
76313,16232098.052211853,0
76314,16229044.026208136,0
76315,16225989.587257966,0
76316,16222934.727041285,0
76317,16219879.451626651,0
76318,16216823.759331098,0
76319,16213767.648706537,0
76320,16210711.124882452,0
76321,16207654.181258835,0
76322,16204596.825446192,0
76323,16201539.050661443,0
76324,16198480.8593094,0
76325,16195422.254703568,0
76326,16192363.230984636,0
76327,16189303.793014059,0
76328,16186243.940237273,0
76329,16183183.67050218,0
76330,16180122.986136142,0
76331,16177061.886999998,0
76332,16174000.370084843,0
76333,16170938.439756747,0
76334,16167876.09511518,0
76335,16164813.33517538,0
76336,16161750.161003504,0
76337,16158686.572769977,0
76338,16155622.566706691,0
76339,16152558.1482724,0
76340,16149493.31474781,0
76341,16146428.06757719,0
76342,16143362.407876778,0
76343,16140296.332098087,0
76344,16137229.844286911,0
76345,16134162.941391775,0
76346,16131095.624681074,0
76347,16128027.89236478,0
76348,16124959.751090717,0
76349,16121891.192733835,0
76350,16118822.221837105,0
76351,16115752.84089772,0
76352,16112683.046005724,0
76353,16109612.836457983,0
76354,16106542.213202573,0
76355,16103471.182570716,0
76356,16100399.733745195,0
76357,16097327.872817745,0
76358,16094255.600034103,0
76359,16091182.918097308,0
76360,16088109.820474645,0
76361,16085036.313573034,0
76362,16081962.393208265,0
76363,16078888.062711325,0
76364,16075813.319855507,0
76365,16072738.164918803,0
76366,16069662.60208897,0
76367,16066586.622304125,0
76368,16063510.235340575,0
76369,16060433.435036084,0
76370,16057356.223760644,0
76371,16054278.60215048,0
76372,16051200.571914347,0
76373,16048122.12684962,0
76374,16045043.274082813,0
76375,16041964.010507407,0
76376,16038884.337392982,0
76377,16035804.252422484,0
76378,16032723.760238914,0
76379,16029642.856420316,0
76380,16026561.540858,0
76381,16023479.81863483,0
76382,16020397.684214786,0
76383,16017315.142711865,0
76384,16014232.191826694,0
76385,16011148.829643741,0
76386,16008065.059194433,0
76387,16004980.882336503,0
76388,16001896.292263798,0
76389,15998811.294135671,0
76390,15995725.888469098,0
76391,15992640.077531695,0
76392,15989553.85194099,0
76393,15986467.221091716,0
76394,15983380.182729347,0
76395,15980292.736257508,0
76396,15977204.879137767,0
76397,15974116.617097875,0
76398,15971027.945294516,0
76399,15967938.868120011,0
76400,15964849.38322509,0
76401,15961759.488893023,0
76402,15958669.190580474,0
76403,15955578.480073927,0
76404,15952487.366407394,0
76405,15949395.845841767,0
76406,15946303.917080626,0
76407,15943211.583561026,0
76408,15940118.839515159,0
76409,15937025.6901127,0
76410,15933932.136567876,0
76411,15930838.174899776,0
76412,15927743.809006914,0
76413,15924649.037280496,0
76414,15921553.858033488,0
76415,15918458.272769293,0
76416,15915362.282088071,0
76417,15912265.887483621,0
76418,15909169.086671673,0
76419,15906071.87858922,0
76420,15902974.267361112,0
76421,15899876.251581376,0
76422,15896777.82910218,0
76423,15893679.002375744,0
76424,15890579.772217302,0
76425,15887480.138118796,0
76426,15884380.097871585,0
76427,15881279.6530223,0
76428,15878178.804011,0
76429,15875077.552697394,0
76430,15871975.89604662,0
76431,15868873.836513765,0
76432,15865771.368558543,0
76433,15862668.501499988,0
76434,15859565.232856838,0
76435,15856461.557680681,0
76436,15853357.48016508,0
76437,15850252.997217152,0
76438,15847148.113572799,0
76439,15844042.825630806,0
76440,15840937.134733543,0
76441,15837831.044701999,0
76442,15834724.550925378,0
76443,15831617.651862845,0
76444,15828510.351528503,0
76445,15825402.64915339,0
76446,15822294.547349172,0
76447,15819186.040333292,0
76448,15816077.13256533,0
76449,15812967.821487699,0
76450,15809858.110918526,0
76451,15806748.000011029,0
76452,15803637.484848594,0
76453,15800526.569600917,0
76454,15797415.256539451,0
76455,15794303.536897946,0
76456,15791191.418596726,0
76457,15788078.899837574,0
76458,15784965.979884569,0
76459,15781852.660585834,0
76460,15778738.94232225,0
76461,15775624.820268799,0
76462,15772510.29760543,0
76463,15769395.37810208,0
76464,15766280.058097584,0
76465,15763164.336178435,0
76466,15760048.217267834,0
76467,15756931.697307495,0
76468,15753814.779009381,0
76469,15750697.461339228,0
76470,15747579.744680647,0
76471,15744461.626512676,0
76472,15741343.112359954,0
76473,15738224.198114615,0
76474,15735104.885558305,0
76475,15731985.173758846,0
76476,15728865.064916817,0
76477,15725744.557553453,0
76478,15722623.649596227,0
76479,15719502.348600784,0
76480,15716380.645778028,0
76481,15713258.543428889,0
76482,15710136.04894432,0
76483,15707013.153956475,0
76484,15703889.859458053,0
76485,15700766.170383811,0
76486,15697642.083308205,0
76487,15694517.59782645,0
76488,15691392.71928773,0
76489,15688267.438631888,0
76490,15685141.766373519,0
76491,15682015.696667606,0
76492,15678889.225994881,0
76493,15675762.363667835,0
76494,15672635.105196185,0
76495,15669507.448497085,0
76496,15666379.397034628,0
76497,15663250.947813308,0
76498,15660122.104177529,0
76499,15656992.865979834,0
76500,15653863.232074901,0
76501,15650733.202733967,0
76502,15647602.777723055,0
76503,15644471.958347255,0
76504,15641340.74264574,0
76505,15638209.131840903,0
76506,15635077.127215115,0
76507,15631944.730459435,0
76508,15628811.937413266,0
76509,15625678.750786599,0
76510,15622545.169474656,0
76511,15619411.192213604,0
76512,15616276.821878944,0
76513,15613142.057570491,0
76514,15610006.899930129,0
76515,15606871.350144625,0
76516,15603735.40583489,0
76517,15600599.07042194,0
76518,15597462.338521963,0
76519,15594325.214094643,0
76520,15591187.696927952,0
76521,15588049.789053079,0
76522,15584911.486717815,0
76523,15581772.791668441,0
76524,15578633.704580342,0
76525,15575494.226697728,0
76526,15572354.354485713,0
76527,15569214.091304487,0
76528,15566073.435996877,0
76529,15562932.392416488,0
76530,15559790.951215701,0
76531,15556649.120214032,0
76532,15553506.897075856,0
76533,15550364.285380334,0
76534,15547221.28298957,0
76535,15544077.890257368,0
76536,15540934.105276002,0
76537,15537789.926453827,0
76538,15534645.360164292,0
76539,15531500.402277159,0
76540,15528355.055203877,0
76541,15525209.316607235,0
76542,15522063.188312061,0
76543,15518916.670286208,0
76544,15515769.763908524,0
76545,15512622.467068287,0
76546,15509474.778324736,0
76547,15506326.703081388,0
76548,15503178.236792242,0
76549,15500029.38136636,0
76550,15496880.138502367,0
76551,15493730.50633985,0
76552,15490580.482558474,0
76553,15487430.072804106,0
76554,15484279.275821906,0
76555,15481128.087155951,0
76556,15477976.510993127,0
76557,15474824.54842387,0
76558,15471672.196736839,0
76559,15468519.45839722,0
76560,15465366.33018177,0
76561,15462212.815501077,0
76562,15459058.913278505,0
76563,15455904.623982165,0
76564,15452749.9486121,0
76565,15449594.88402987,0
76566,15446439.431532511,0
76567,15443283.595318941,0
76568,15440127.371170085,0
76569,15436970.76044472,0
76570,15433813.761421148,0
76571,15430656.379601806,0
76572,15427498.60929616,0
76573,15424340.452762017,0
76574,15421181.913983246,0
76575,15418022.985258806,0
76576,15414863.672425931,0
76577,15411703.975245891,0
76578,15408543.891709773,0
76579,15405383.421543423,0
76580,15402222.567846166,0
76581,15399061.327882806,0
76582,15395899.704211634,0
76583,15392737.69803157,0
76584,15389575.303811576,0
76585,15386412.527354669,0
76586,15383249.36455835,0
76587,15380085.819336995,0
76588,15376921.887355046,0
76589,15373757.576264236,0
76590,15370592.877936622,0
76591,15367427.796449378,0
76592,15364262.333028069,0
76593,15361096.485534403,0
76594,15357930.25307201,0
76595,15354763.638149528,0
76596,15351596.643944902,0
76597,15348429.262198325,0
76598,15345261.49796574,0
76599,15342093.354405172,0
76600,15338924.827825963,0
76601,15335755.917586327,0
76602,15332586.625709055,0
76603,15329416.951670058,0
76604,15326246.895934558,0
76605,15323076.457697053,0
76606,15319905.63871852,0
76607,15316734.439979436,0
76608,15313562.859139407,0
76609,15310390.89475732,0
76610,15307218.552510433,0
76611,15304045.82741876,0
76612,15300872.720623784,0
76613,15297699.235206746,0
76614,15294525.368385578,0
76615,15291351.120369991,0
76616,15288176.49148449,0
76617,15285001.486473877,0
76618,15281826.09979255,0
76619,15278650.33149404,0
76620,15275474.187349332,0
76621,15272297.660145005,0
76622,15269120.752024004,0
76623,15265943.468437344,0
76624,15262765.803817086,0
76625,15259587.761341974,0
76626,15256409.340581933,0
76627,15253230.539198294,0
76628,15250051.359844744,0
76629,15246871.803055216,0
76630,15243691.867986813,0
76631,15240511.554101244,0
76632,15237330.86208856,0
76633,15234149.793101542,0
76634,15230968.344174504,0
76635,15227786.518852094,0
76636,15224604.31656002,0
76637,15221421.736101743,0
76638,15218238.77910686,0
76639,15215055.446679521,0
76640,15211871.735884609,0
76641,15208687.644773621,0
76642,15205503.184117286,0
76643,15202318.342055477,0
76644,15199133.124796482,0
76645,15195947.531876609,0
76646,15192761.561669203,0
76647,15189575.217584703,0
76648,15186388.498723106,0
76649,15183201.398690965,0
76650,15180013.928803159,0
76651,15176826.081762383,0
76652,15173637.858770404,0
76653,15170449.262061892,0
76654,15167260.288929727,0
76655,15164070.941260623,0
76656,15160881.219632486,0
76657,15157691.123095801,0
76658,15154500.65091098,0
76659,15151309.806835549,0
76660,15148118.586806146,0
76661,15144926.99269208,0
76662,15141735.02902461,0
76663,15138542.686152939,0
76664,15135349.973819664,0
76665,15132156.88591847,0
76666,15128963.423931915,0
76667,15125769.590423096,0
76668,15122575.385037407,0
76669,15119380.805693632,0
76670,15116185.852928216,0
76671,15112990.527231911,0
76672,15109794.832769016,0
76673,15106598.759978794,0
76674,15103402.322119387,0
76675,15100205.509844746,0
76676,15097008.322020197,0
76677,15093810.767547715,0
76678,15090612.83902702,0
76679,15087414.540277762,0
76680,15084215.87052575,0
76681,15081016.8266039,0
76682,15077817.415211247,0
76683,15074617.631980836,0
76684,15071417.476278337,0
76685,15068216.954398366,0
76686,15065016.060711736,0
76687,15061814.794818018,0
76688,15058613.159292325,0
76689,15055411.155159725,0
76690,15052208.779031575,0
76691,15049006.034484908,0
76692,15045802.922152428,0
76693,15042599.438818328,0
76694,15039395.586678045,0
76695,15036191.364250012,0
76696,15032986.77346483,0
76697,15029781.815053785,0
76698,15026576.487771843,0
76699,15023370.790670088,0
76700,15020164.728974547,0
76701,15016958.294846207,0
76702,15013751.494422002,0
76703,15010544.32727739,0
76704,15007336.790694669,0
76705,15004128.886520134,0
76706,15000920.615710974,0
76707,14997711.97952429,0
76708,14994502.973340696,0
76709,14991293.599877214,0
76710,14988083.863733537,0
76711,14984873.755773954,0
76712,14981663.284691412,0
76713,14978452.44534664,0
76714,14975241.240610717,0
76715,14972029.669504952,0
76716,14968817.731138347,0
76717,14965605.432004325,0
76718,14962392.760601513,0
76719,14959179.728296846,0
76720,14955966.32744638,0
76721,14952752.562702704,0
76722,14949538.435702939,0
76723,14946323.941519655,0
76724,14943109.081298808,0
76725,14939893.857936913,0
76726,14936678.267712371,0
76727,14933462.31716448,0
76728,14930246.000544054,0
76729,14927029.319725173,0
76730,14923812.276476407,0
76731,14920594.864394337,0
76732,14917377.094792368,0
76733,14914158.961353015,0
76734,14910940.460410878,0
76735,14907721.600728717,0
76736,14904502.375203801,0
76737,14901282.788593784,0
76738,14898062.837620093,0
76739,14894842.528619843,0
76740,14891621.850548116,0
76741,14888400.814713497,0
76742,14885179.415694352,0
76743,14881957.656251393,0
76744,14878735.53273507,0
76745,14875513.046993805,0
76746,14872290.202401182,0
76747,14869066.99407734,0
76748,14865843.428380528,0
76749,14862619.501182545,0
76750,14859395.209473997,0
76751,14856170.559615774,0
76752,14852945.549463693,0
76753,14849720.176392756,0
76754,14846494.446694328,0
76755,14843268.355960436,0
76756,14840041.900822233,0
76757,14836815.09253155,0
76758,14833587.919111885,0
76759,14830360.389575532,0
76760,14827132.501947047,0
76761,14823904.252466595,0
76762,14820675.644031683,0
76763,14817446.68024168,0
76764,14814217.352521308,0
76765,14810987.670270545,0
76766,14807757.626826148,0
76767,14804527.227335913,0
76768,14801296.469060224,0
76769,14798065.352437152,0
76770,14794833.876980236,0
76771,14791602.04712641,0
76772,14788369.857284157,0
76773,14785137.311139077,0
76774,14781904.408798112,0
76775,14778671.14836704,0
76776,14775437.529910304,0
76777,14772203.557048768,0
76778,14768969.226514349,0
76779,14765734.538948463,0
76780,14762499.49613619,0
76781,14759264.097244352,0
76782,14756028.343232492,0
76783,14752792.232433276,0
76784,14749555.766876636,0
76785,14746318.944310358,0
76786,14743081.768289175,0
76787,14739844.236543689,0
76788,14736606.350210646,0
76789,14733368.109818514,0
76790,14730129.513266137,0
76791,14726890.561496992,0
76792,14723651.255050255,0
76793,14720411.597057687,0
76794,14717171.585427204,0
76795,14713931.217554742,0
76796,14710690.495782217,0
76797,14707449.422748879,0
76798,14704207.995041342,0
76799,14700966.216132531,0
76800,14697724.080609277,0
76801,14694481.59504543,0
76802,14691238.756037297,0
76803,14687995.562265862,0
76804,14684752.018512122,0
76805,14681508.12233824,0
76806,14678263.874327136,0
76807,14675019.273094082,0
76808,14671774.320048124,0
76809,14668529.016546397,0
76810,14665283.363178708,0
76811,14662037.35771097,0
76812,14658790.998220248,0
76813,14655544.290305536,0
76814,14652297.23008941,0
76815,14649049.820299814,0
76816,14645802.059726201,0
76817,14642553.948726416,0
76818,14639305.487307465,0
76819,14636056.675999308,0
76820,14632807.514518641,0
76821,14629558.004841717,0
76822,14626308.14450433,0
76823,14623057.93381198,0
76824,14619807.37724263,0
76825,14616556.469351944,0
76826,14613305.211993597,0
76827,14610053.607714076,0
76828,14606801.65345783,0
76829,14603549.350105422,0
76830,14600296.69832907,0
76831,14597043.699840268,0
76832,14593790.356605887,0
76833,14590536.661241993,0
76834,14587282.619262101,0
76835,14584028.229934204,0
76836,14580773.494380957,0
76837,14577518.411881594,0
76838,14574262.979893895,0
76839,14571007.203793867,0
76840,14567751.082767837,0
76841,14564494.611917188,0
76842,14561237.791608794,0
76843,14557980.629674759,0
76844,14554723.12501933,0
76845,14551465.27007289,0
76846,14548207.069596557,0
76847,14544948.525011072,0
76848,14541689.633838454,0
76849,14538430.398060894,0
76850,14535170.819094172,0
76851,14531910.893134564,0
76852,14528650.624359967,0
76853,14525390.00877275,0
76854,14522129.05158828,0
76855,14518867.74863533,0
76856,14515606.100496776,0
76857,14512344.11304023,0
76858,14509081.776285611,0
76859,14505819.101711385,0
76860,14502556.080248535,0
76861,14499292.716740621,0
76862,14496029.008973414,0
76863,14492764.959691104,0
76864,14489500.568051979,0
76865,14486235.832309304,0
76866,14482970.757452928,0
76867,14479705.33769596,0
76868,14476439.575176112,0
76869,14473173.476657975,0
76870,14469907.030911375,0
76871,14466640.245416736,0
76872,14463373.117582774,0
76873,14460105.650694944,0
76874,14456837.842261983,0
76875,14453569.690479584,0
76876,14450301.202357022,0
76877,14447032.370095631,0
76878,14443763.199020937,0
76879,14440493.688499557,0
76880,14437223.840643093,0
76881,14433953.648747625,0
76882,14430683.117797555,0
76883,14427412.249967538,0
76884,14424141.038561787,0
76885,14420869.490616066,0
76886,14417597.603994539,0
76887,14414325.38133718,0
76888,14411052.81632692,0
76889,14407779.912263144,0
76890,14404506.671800258,0
76891,14401233.094151696,0
76892,14397959.176246112,0
76893,14394684.923018927,0
76894,14391410.330498593,0
76895,14388135.402366562,0
76896,14384860.137015915,0
76897,14381584.534700787,0
76898,14378308.591314917,0
76899,14375032.31673953,0
76900,14371755.703586,0
76901,14368478.753126998,0
76902,14365201.467071008,0
76903,14361923.845401991,0
76904,14358645.886674875,0
76905,14355367.59621218,0
76906,14352088.966120543,0
76907,14348810.001387578,0
76908,14345530.704443635,0
76909,14342251.0705656,0
76910,14338971.102470886,0
76911,14335690.80022776,0
76912,14332410.160825368,0
76913,14329129.188623432,0
76914,14325847.882606748,0
76915,14322566.242889453,0
76916,14319284.268918471,0
76917,14316001.962155903,0
76918,14312719.32143794,0
76919,14309436.347501043,0
76920,14306153.04364336,0
76921,14302869.403820693,0
76922,14299585.428437842,0
76923,14296301.125996914,0
76924,14293016.488681214,0
76925,14289731.519822739,0
76926,14286446.21719926,0
76927,14283160.583992131,0
76928,14279874.621367116,0
76929,14276588.32520509,0
76930,14273301.697924774,0
76931,14270014.740089983,0
76932,14266727.451819781,0
76933,14263439.832302164,0
76934,14260151.88009545,0
76935,14256863.599477105,0
76936,14253574.989612559,0
76937,14250286.049771206,0
76938,14246996.777585635,0
76939,14243707.177539168,0
76940,14240417.24614736,0
76941,14237126.986132054,0
76942,14233836.402336182,0
76943,14230545.48305275,0
76944,14227254.235746015,0
76945,14223962.660025256,0
76946,14220670.760611264,0
76947,14217378.526992349,0
76948,14214085.967714842,0
76949,14210793.080799367,0
76950,14207499.866821228,0
76951,14204206.324982237,0
76952,14200912.45437526,0
76953,14197618.256809842,0
76954,14194323.736371558,0
76955,14191028.88301059,0
76956,14187733.706334356,0
76957,14184438.201218361,0
76958,14181142.373448892,0
76959,14177846.218047686,0
76960,14174549.734299742,0
76961,14171252.92582178,0
76962,14167955.794262752,0
76963,14164658.33818483,0
76964,14161360.552135909,0
76965,14158062.446822606,0
76966,14154764.01045031,0
76967,14151465.251297444,0
76968,14148166.170295747,0
76969,14144866.762373438,0
76970,14141567.032901699,0
76971,14138266.979500216,0
76972,14134966.600454241,0
76973,14131665.90030828,0
76974,14128364.873629492,0
76975,14125063.524486171,0
76976,14121761.854975559,0
76977,14118459.860750759,0
76978,14115157.544352256,0
76979,14111854.904168917,0
76980,14108551.944550335,0
76981,14105248.662470141,0
76982,14101945.054708775,0
76983,14098641.12738206,0
76984,14095336.879530314,0
76985,14092032.311525734,0
76986,14088727.419309722,0
76987,14085422.209675416,0
76988,14082116.677391078,0
76989,14078810.824527157,0
76990,14075504.653499711,0
76991,14072198.1556077,0
76992,14068891.342326548,0
76993,14065584.212057222,0
76994,14062276.758426873,0
76995,14058968.986714907,0
76996,14055660.891943358,0
76997,14052352.481973248,0
76998,14049043.754778814,0
76999,14045734.705405705,0
77000,14042425.340153078,0
77001,14039115.65336883,0
77002,14035805.650389304,0
77003,14032495.331763832,0
77004,14029184.689549817,0
77005,14025873.734880978,0
77006,14022562.458744347,0
77007,14019250.86842704,0
77008,14015938.962010881,0
77009,14012626.735026749,0
77010,14009314.19586291,0
77011,14006001.336876692,0
77012,14002688.161988506,0
77013,13999374.6726683,0
77014,13996060.86613587,0
77015,13992746.744281283,0
77016,13989432.30728381,0
77017,13986117.553876694,0
77018,13982802.485893097,0
77019,13979487.103001101,0
77020,13976171.408379877,0
77021,13972855.396525068,0
77022,13969539.069173913,0
77023,13966222.429562734,0
77024,13962905.476843217,0
77025,13959588.20683037,0
77026,13956270.625612166,0
77027,13952952.732857019,0
77028,13949634.523153704,0
77029,13946316.002519062,0
77030,13942997.168364428,0
77031,13939678.02158579,0
77032,13936358.561359098,0
77033,13933038.789886246,0
77034,13929718.708272982,0
77035,13926398.313018126,0
77036,13923077.605973462,0
77037,13919756.587823937,0
77038,13916435.25728824,0
77039,13913113.61634269,0
77040,13909791.665373009,0
77041,13906469.403760793,0
77042,13903146.83083633,0
77043,13899823.950127404,0
77044,13896500.757066933,0
77045,13893177.253573764,0
77046,13889853.441365203,0
77047,13886529.31676247,0
77048,13883204.887370033,0
77049,13879880.14609189,0
77050,13876555.09621709,0
77051,13873229.738216486,0
77052,13869904.071517456,0
77053,13866578.096360503,0
77054,13863251.812935892,0
77055,13859925.221078431,0
77056,13856598.321967676,0
77057,13853271.11751242,0
77058,13849943.600519111,0
77059,13846615.784335991,0
77060,13843287.653872661,0
77061,13839959.21803755,0
77062,13836630.479139484,0
77063,13833301.430897038,0
77064,13829972.07633266,0
77065,13826642.41698574,0
77066,13823312.451979974,0
77067,13819982.18209096,0
77068,13816651.601926796,0
77069,13813320.723281296,0
77070,13809989.538025014,0
77071,13806658.044205623,0
77072,13803326.249833865,0
77073,13799994.149446236,0
77074,13796661.74616902,0
77075,13793329.036058893,0
77076,13789996.024288025,0
77077,13786662.708834419,0
77078,13783329.089195825,0
77079,13779995.1653205,0
77080,13776660.940146128,0
77081,13773326.413030809,0
77082,13769991.582948495,0
77083,13766656.449366668,0
77084,13763321.012771629,0
77085,13759985.276375333,0
77086,13756649.23628184,0
77087,13753312.897742663,0
77088,13749976.257259881,0
77089,13746639.312775267,0
77090,13743302.066305937,0
77091,13739964.523627387,0
77092,13736626.67821949,0
77093,13733288.5320694,0
77094,13729950.084778124,0
77095,13726611.341585752,0
77096,13723272.296603628,0
77097,13719932.94978956,0
77098,13716593.305469893,0
77099,13713253.362613315,0
77100,13709913.122321965,0
77101,13706572.579230366,0
77102,13703231.739173349,0
77103,13699890.601660928,0
77104,13696549.166661372,0
77105,13693207.43018784,0
77106,13689865.400419476,0
77107,13686523.071261363,0
77108,13683180.445182405,0
77109,13679837.521205692,0
77110,13676494.30031719,0
77111,13673150.785669152,0
77112,13669806.969536211,0
77113,13666462.863332652,0
77114,13663118.456471669,0
77115,13659773.755330797,0
77116,13656428.757615576,0
77117,13653083.466218255,0
77118,13649737.8778562,0
77119,13646391.995904798,0
77120,13643045.817934658,0
77121,13639699.346111657,0
77122,13636352.577809323,0
77123,13633005.517507376,0
77124,13629658.163310744,0
77125,13626310.514956206,0
77126,13622962.57364679,0
77127,13619614.337110795,0
77128,13616265.809522895,0
77129,13612916.988914322,0
77130,13609567.872429183,0
77131,13606218.468968347,0
77132,13602868.771243308,0
77133,13599518.77749999,0
77134,13596168.497253021,0
77135,13592817.921709832,0
77136,13589467.054870475,0
77137,13586115.899630725,0
77138,13582764.4527751,0
77139,13579412.711662114,0
77140,13576060.681637635,0
77141,13572708.360729147,0
77142,13569355.752911996,0
77143,13566002.853358546,0
77144,13562649.665406315,0
77145,13559296.18632016,0
77146,13555942.415348075,0
77147,13552588.359267209,0
77148,13549234.010867493,0
77149,13545879.376973923,0
77150,13542524.453191204,0
77151,13539169.24061659,0
77152,13535813.741509534,0
77153,13532457.95478994,0
77154,13529101.87975441,0
77155,13525745.515833212,0
77156,13522388.866035094,0
77157,13519031.92746554,0
77158,13515674.70601569,0
77159,13512317.195382703,0
77160,13508959.399149459,0
77161,13505601.316251015,0
77162,13502242.947392996,0
77163,13498884.293411277,0
77164,13495525.354100317,0
77165,13492166.128708739,0
77166,13488806.62056841,0
77167,13485446.826278986,0
77168,13482086.746439343,0
77169,13478726.383247016,0
77170,13475365.73518604,0
77171,13472004.804972993,0
77172,13468643.588587614,0
77173,13465282.090020176,0
77174,13461920.308479335,0
77175,13458558.242528062,0
77176,13455195.895982796,0
77177,13451833.263343481,0
77178,13448470.352752252,0
77179,13445107.155666586,0
77180,13441743.678086506,0
77181,13438379.918304453,0
77182,13435015.880357154,0
77183,13431651.557430914,0
77184,13428286.955169518,0
77185,13424922.071655987,0
77186,13421556.906635815,0
77187,13418191.46350665,0
77188,13414825.737999914,0
77189,13411459.731828436,0
77190,13408093.446716132,0
77191,13404726.88468822,0
77192,13401360.040201198,0
77193,13397992.918586155,0
77194,13394625.516217647,0
77195,13391257.836614037,0
77196,13387889.87872027,0
77197,13384521.63972773,0
77198,13381153.128253615,0
77199,13377784.334529446,0
77200,13374415.262167318,0
77201,13371045.918312086,0
77202,13367676.293624165,0
77203,13364306.39126024,0
77204,13360936.215028038,0
77205,13357565.758767758,0
77206,13354195.02886725,0
77207,13350824.024974791,0
77208,13347452.74105096,0
77209,13344081.184006121,0
77210,13340709.35084899,0
77211,13337337.24070019,0
77212,13333964.859608458,0
77213,13330592.202135947,0
77214,13327219.271356259,0
77215,13323846.065761995,0
77216,13320472.585717227,0
77217,13317098.830423579,0
77218,13313724.802458847,0
77219,13310350.50415229,0
77220,13306975.930305751,0
77221,13303601.083297396,0
77222,13300225.965048824,0
77223,13296850.574751208,0
77224,13293474.912031366,0
77225,13290098.97630666,0
77226,13286722.770291734,0
77227,13283346.292264143,0
77228,13279969.543455215,0
77229,13276592.522091106,0
77230,13273215.231528651,0
77231,13269837.672238266,0
77232,13266459.839026745,0
77233,13263081.738121886,0
77234,13259703.364981402,0
77235,13256324.726366054,0
77236,13252945.815964874,0
77237,13249566.63563439,0
77238,13246187.186362378,0
77239,13242807.468531316,0
77240,13239427.486815238,0
77241,13236047.230523096,0
77242,13232666.707928976,0
77243,13229285.919479279,0
77244,13225904.863700185,0
77245,13222523.538023207,0
77246,13219141.947627714,0
77247,13215760.088935943,0
77248,13212377.967423538,0
77249,13208995.575179536,0
77250,13205612.917004636,0
77251,13202229.994898336,0
77252,13198846.806875885,0
77253,13195463.353882628,0
77254,13192079.634137277,0
77255,13188695.650958845,0
77256,13185311.402282914,0
77257,13181926.888636515,0
77258,13178542.112103406,0
77259,13175157.071220571,0
77260,13171771.76601112,0
77261,13168386.197526103,0
77262,13165000.366851237,0
77263,13161614.27376212,0
77264,13158227.915412134,0
77265,13154841.2924883,0
77266,13151454.414478978,0
77267,13148067.268497221,0
77268,13144679.864511536,0
77269,13141292.19616354,0
77270,13137904.265971854,0
77271,13134516.075882077,0
77272,13131127.623850733,0
77273,13127738.913912341,0
77274,13124349.94274084,0
77275,13120960.70809437,0
77276,13117571.215988595,0
77277,13114181.466648674,0
77278,13110791.453398308,0
77279,13107401.181218648,0
77280,13104010.651843823,0
77281,13100619.866652245,0
77282,13097228.818678087,0
77283,13093837.512168134,0
77284,13090445.950568724,0
77285,13087054.128653064,0
77286,13083662.049301548,0
77287,13080269.715337552,0
77288,13076877.123102887,0
77289,13073484.272183083,0
77290,13070091.166584613,0
77291,13066697.80462698,0
77292,13063304.187150683,0
77293,13059910.31339275,0
77294,13056516.182156775,0
77295,13053121.798023462,0
77296,13049727.158055622,0
77297,13046332.261868503,0
77298,13042937.114314584,0
77299,13039541.710818991,0
77300,13036146.052560396,0
77301,13032750.139092281,0
77302,13029353.975562368,0
77303,13025957.556044163,0
77304,13022560.88518575,0
77305,13019163.959862407,0
77306,13015766.782246737,0
77307,13012369.351819305,0
77308,13008971.671087597,0
77309,13005573.73512844,0
77310,13002175.549506644,0
77311,12998777.1166168,0
77312,12995378.423890173,0
77313,12991979.485701079,0
77314,12988580.298105892,0
77315,12985180.855683662,0
77316,12981781.167903323,0
77317,12978381.228346592,0
77318,12974981.03876476,0
77319,12971580.598379882,0
77320,12968179.908880135,0
77321,12964778.971974043,0
77322,12961377.78833455,0
77323,12957976.350980775,0
77324,12954574.671294231,0
77325,12951172.738585033,0
77326,12947770.56216906,0
77327,12944368.136313153,0
77328,12940965.464017095,0
77329,12937562.546430111,0
77330,12934159.378534267,0
77331,12930755.967709668,0
77332,12927352.307402251,0
77333,12923948.403953401,0
77334,12920544.253500767,0
77335,12917139.856812743,0
77336,12913735.216267433,0
77337,12910330.331915468,0
77338,12906925.201727223,0
77339,12903519.828376925,0
77340,12900114.207316011,0
77341,12896708.345959209,0
77342,12893302.241236486,0
77343,12889895.891231276,0
77344,12886489.29761214,0
77345,12883082.464181261,0
77346,12879675.386847962,0
77347,12876268.064859692,0
77348,12872860.504619116,0
77349,12869452.69904422,0
77350,12866044.653722756,0
77351,12862636.366692571,0
77352,12859227.840350743,0
77353,12855819.070507834,0
77354,12852410.062259102,0
77355,12849000.81155473,0
77356,12845591.322951317,0
77357,12842181.592312831,0
77358,12838771.625724893,0
77359,12835361.416515125,0
77360,12831950.971203001,0
77361,12828540.284327338,0
77362,12825129.36045482,0
77363,12821718.200439055,0
77364,12818306.798765788,0
77365,12814895.160417872,0
77366,12811483.283803198,0
77367,12808071.171923527,0
77368,12804658.824239358,0
77369,12801246.23727712,0
77370,12797833.415200679,0
77371,12794420.356028462,0
77372,12791007.0633857,0
77373,12787593.533384798,0
77374,12784179.768986361,0
77375,12780765.769460438,0
77376,12777351.533839816,0
77377,12773937.062870223,0
77378,12770522.358930448,0
77379,12767107.423584197,0
77380,12763692.25166066,0
77381,12760276.84851974,0
77382,12756861.208827268,0
77383,12753445.336179975,0
77384,12750029.233083343,0
77385,12746612.897643164,0
77386,12743196.332047429,0
77387,12739779.531522583,0
77388,12736362.49826657,0
77389,12732945.235726088,0
77390,12729527.740609676,0
77391,12726110.015830193,0
77392,12722692.063071158,0
77393,12719273.877356363,0
77394,12715855.460608697,0
77395,12712436.817471636,0
77396,12709017.941349842,0
77397,12705598.83722618,0
77398,12702179.504412035,0
77399,12698759.941663379,0
77400,12695340.153820226,0
77401,12691920.135868957,0
77402,12688499.889358988,0
77403,12685079.414632251,0
77404,12681658.716173414,0
77405,12678237.785590177,0
77406,12674816.632166702,0
77407,12671395.252586054,0
77408,12667973.644449804,0
77409,12664551.810779676,0
77410,12661129.754396416,0
77411,12657707.469992338,0
77412,12654284.960648887,0
77413,12650862.225787893,0
77414,12647439.266787246,0
77415,12644016.085483847,0
77416,12640592.678145513,0
77417,12637169.045835173,0
77418,12633745.194359336,0
77419,12630321.114045667,0
77420,12626896.814148024,0
77421,12623472.292088991,0
77422,12620047.545626001,0
77423,12616622.577441545,0
77424,12613197.388710614,0
77425,12609771.977394734,0
77426,12606346.343064992,0
77427,12602920.492995895,0
77428,12599494.417445555,0
77429,12596068.12254883,0
77430,12592641.610369334,0
77431,12589214.87511924,0
77432,12585787.921386981,0
77433,12582360.747215746,0
77434,12578933.355147984,0
77435,12575505.74343071,0
77436,12572077.913183207,0
77437,12568649.86682808,0
77438,12565221.60054361,0
77439,12561793.118535155,0
77440,12558364.41371131,0
77441,12554935.499165274,0
77442,12551506.362825014,0
77443,12548077.011424715,0
77444,12544647.444936864,0
77445,12541217.659940384,0
77446,12537787.66116899,0
77447,12534357.447599072,0
77448,12530927.016734162,0
77449,12527496.371989774,0
77450,12524065.512858793,0
77451,12520634.440516869,0
77452,12517203.151572697,0
77453,12513771.652440386,0
77454,12510339.939288087,0
77455,12506908.00952859,0
77456,12503475.869463092,0
77457,12500043.516230084,0
77458,12496610.949689621,0
77459,12493178.173603842,0
77460,12489745.184466131,0
77461,12486311.985550381,0
77462,12482878.572426084,0
77463,12479444.950971793,0
77464,12476011.117149705,0
77465,12472577.07292863,0
77466,12469142.818983708,0
77467,12465708.357510526,0
77468,12462273.685586568,0
77469,12458838.803240191,0
77470,12455403.712366901,0
77471,12451968.41553471,0
77472,12448532.906560607,0
77473,12445097.190760555,0
77474,12441661.269084033,0
77475,12438225.13907983,0
77476,12434788.801026834,0
77477,12431352.257628977,0
77478,12427915.505472463,0
77479,12424478.550819369,0
77480,12421041.38664576,0
77481,12417604.018978357,0
77482,12414166.445004722,0
77483,12410728.668353627,0
77484,12407290.683161426,0
77485,12403852.494669635,0
77486,12400414.105480652,0
77487,12396975.509184832,0
77488,12393536.708643341,0
77489,12390097.705497032,0
77490,12386658.498203484,0
77491,12383219.09159086,0
77492,12379779.479899451,0
77493,12376339.665820472,0
77494,12372899.651708419,0
77495,12369459.434697237,0
77496,12366019.016013378,0
77497,12362578.400352282,0
77498,12359137.577998277,0
77499,12355696.562465083,0
77500,12352255.340560107,0
77501,12348813.9219585,0
77502,12345372.303338373,0
77503,12341930.48397579,0
77504,12338488.46807902,0
77505,12335046.252973754,0
77506,12331603.83901849,0
77507,12328161.229267271,0
77508,12324718.417989293,0
77509,12321275.413027886,0
77510,12317832.207711233,0
77511,12314388.809515951,0
77512,12310945.212865904,0
77513,12307501.421889259,0
77514,12304057.430819785,0
77515,12300613.247188196,0
77516,12297168.867812978,0
77517,12293724.295504766,0
77518,12290279.524396263,0
77519,12286834.562027844,0
77520,12283389.404324997,0
77521,12279944.053571917,0
77522,12276498.509433785,0
77523,12273052.77311799,0
77524,12269606.843274279,0
77525,12266160.717741745,0
77526,12262714.405034225,0
77527,12259267.898751171,0
77528,12255821.199505808,0
77529,12252374.310752122,0
77530,12248927.227760782,0
77531,12245479.958306001,0
77532,12242032.497489009,0
77533,12238584.844014283,0
77534,12235137.002030317,0
77535,12231688.97371246,0
77536,12228240.75228692,0
77537,12224792.34346631,0
77538,12221343.74500441,0
77539,12217894.96102629,0
77540,12214445.987621065,0
77541,12210996.825731691,0
77542,12207547.478909634,0
77543,12204097.945696898,0
77544,12200648.223238546,0
77545,12197198.313323217,0
77546,12193748.221405221,0
77547,12190297.942100216,0
77548,12186847.476451445,0
77549,12183396.826214796,0
77550,12179945.990601161,0
77551,12176494.972511714,0
77552,12173043.769246692,0
77553,12169592.381693272,0
77554,12166140.81240656,0
77555,12162689.05651638,0
77556,12159237.118606228,0
77557,12155785.002214167,0
77558,12152332.697038954,0
77559,12148880.21499254,0
77560,12145427.549323637,0
77561,12141974.703703241,0
77562,12138521.676254,0
77563,12135068.46736041,0
77564,12131615.080969904,0
77565,12128161.511330724,0
77566,12124707.764542941,0
77567,12121253.834627647,0
77568,12117799.72812285,0
77569,12114345.442754319,0
77570,12110890.980610086,0
77571,12107436.339960748,0
77572,12103981.518243989,0
77573,12100526.519101558,0
77574,12097071.347610919,0
77575,12093615.996697312,0
77576,12090160.467391394,0
77577,12086704.765202694,0
77578,12083248.88580014,0
77579,12079792.82775598,0
77580,12076336.600523548,0
77581,12072880.19529815,0
77582,12069423.613956306,0
77583,12065966.86081211,0
77584,12062509.934127245,0
77585,12059052.829883344,0
77586,12055595.556822432,0
77587,12052138.108084183,0
77588,12048680.486258453,0
77589,12045222.692844735,0
77590,12041764.730688466,0
77591,12038306.592322478,0
77592,12034848.286946487,0
77593,12031389.80515903,0
77594,12027931.158200346,0
77595,12024472.338109301,0
77596,12021013.350484146,0
77597,12017554.189738173,0
77598,12014094.86148721,0
77599,12010635.362791862,0
77600,12007175.696708087,0
77601,12003715.863248864,0
77602,12000255.859498983,0
77603,11996795.688156797,0
77604,11993335.352447357,0
77605,11989874.848193541,0
77606,11986414.176512528,0
77607,11982953.338435339,0
77608,11979492.332963543,0
77609,11976031.162664812,0
77610,11972569.827491526,0
77611,11969108.327367714,0
77612,11965646.663877763,0
77613,11962184.83667226,0
77614,11958722.840144502,0
77615,11955260.685015792,0
77616,11951798.364517495,0
77617,11948335.880474312,0
77618,11944873.235518493,0
77619,11941410.42882967,0
77620,11937947.457517916,0
77621,11934484.32598821,0
77622,11931021.033157364,0
77623,11927557.578197319,0
77624,11924093.96249731,0
77625,11920630.187692417,0
77626,11917166.251255138,0
77627,11913702.157471364,0
77628,11910237.903310563,0
77629,11906773.491308823,0
77630,11903308.917839285,0
77631,11899844.187720546,0
77632,11896379.298460836,0
77633,11892914.254948238,0
77634,11889449.049887067,0
77635,11885983.690990375,0
77636,11882518.174327608,0
77637,11879052.503238492,0
77638,11875586.674249407,0
77639,11872120.690329678,0
77640,11868654.551219014,0
77641,11865188.255420256,0
77642,11861721.806458058,0
77643,11858255.202732386,0
77644,11854788.447804028,0
77645,11851321.536669565,0
77646,11847854.474540383,0
77647,11844387.259094426,0
77648,11840919.890263746,0
77649,11837452.368755495,0
77650,11833984.696262956,0
77651,11830516.87232311,0
77652,11827048.899549726,0
77653,11823580.771228855,0
77654,11820112.495919563,0
77655,11816644.06968067,0
77656,11813175.49344163,0
77657,11809706.768899951,0
77658,11806237.895405024,0
77659,11802768.871682832,0
77660,11799299.703751013,0
77661,11795830.384159472,0
77662,11792360.918303864,0
77663,11788891.303629398,0
77664,11785421.543209326,0
77665,11781951.636546168,0
77666,11778481.583160708,0
77667,11775011.386467159,0
77668,11771541.042441603,0
77669,11768070.552394222,0
77670,11764599.919619244,0
77671,11761129.14202636,0
77672,11757658.219173577,0
77673,11754187.150898486,0
77674,11750715.939690223,0
77675,11747244.590650754,0
77676,11743773.09554837,0
77677,11740301.458216202,0
77678,11736829.67899148,0
77679,11733357.760178773,0
77680,11729885.695733892,0
77681,11726413.496471055,0
77682,11722941.153897747,0
77683,11719468.669465179,0
77684,11715996.047036657,0
77685,11712523.28365111,0
77686,11709050.384934017,0
77687,11705577.345663052,0
77688,11702104.167349968,0
77689,11698630.849633768,0
77690,11695157.396007793,0
77691,11691683.806940395,0
77692,11688210.080006208,0
77693,11684736.217235262,0
77694,11681262.216183426,0
77695,11677788.081966052,0
77696,11674313.811152508,0
77697,11670839.404622732,0
77698,11667364.86451564,0
77699,11663890.188465863,0
77700,11660415.379079955,0
77701,11656940.437463801,0
77702,11653465.361849815,0
77703,11649990.15574955,0
77704,11646514.814832523,0
77705,11643039.339313783,0
77706,11639563.737209452,0
77707,11636087.999612836,0
77708,11632612.133733932,0
77709,11629136.138490546,0
77710,11625660.008566977,0
77711,11622183.751722693,0
77712,11618707.365392769,0
77713,11615230.849067982,0
77714,11611754.20474703,0
77715,11608277.433276204,0
77716,11604800.530836513,0
77717,11601323.503858283,0
77718,11597846.348473525,0
77719,11594369.066718504,0
77720,11590891.65791788,0
77721,11587414.120529054,0
77722,11583936.459768375,0
77723,11580458.673545435,0
77724,11576980.764571,0
77725,11573502.728379685,0
77726,11570024.567710817,0
77727,11566546.283055265,0
77728,11563067.877117097,0
77729,11559589.347954772,0
77730,11556110.69480196,0
77731,11552631.91660476,0
77732,11549153.0217756,0
77733,11545674.000271656,0
77734,11542194.8612163,0
77735,11538715.600147102,0
77736,11535236.219551155,0
77737,11531756.716850907,0
77738,11528277.09685751,0
77739,11524797.355290236,0
77740,11521317.497257674,0
77741,11517837.517964406,0
77742,11514357.422944972,0
77743,11510877.209656592,0
77744,11507396.87834664,0
77745,11503916.4314044,0
77746,11500435.86366737,0
77747,11496955.185257522,0
77748,11493474.387585485,0
77749,11489993.47690214,0
77750,11486512.4491873,0
77751,11483031.30842736,0
77752,11479550.051014755,0
77753,11476068.682503596,0
77754,11472587.197950315,0
77755,11469105.59991633,0
77756,11465623.891093563,0
77757,11462142.069689017,0
77758,11458660.136820948,0
77759,11455178.092489518,0
77760,11451695.93592825,0
77761,11448213.668945806,0
77762,11444731.290126719,0
77763,11441248.804368457,0
77764,11437766.20661697,0
77765,11434283.501142107,0
77766,11430800.683905901,0
77767,11427317.762467768,0
77768,11423834.73002714,0
77769,11420351.590381356,0
77770,11416868.346083637,0
77771,11413384.991976473,0
77772,11409901.533478625,0
77773,11406417.96648443,0
77774,11402934.298377706,0
77775,11399450.51987739,0
77776,11395966.63834271,0
77777,11392482.65418158,0
77778,11388998.563448764,0
77779,11385514.373406127,0
77780,11382030.074874444,0
77781,11378545.673868708,0
77782,11375061.17261381,0
77783,11371576.568769358,0
77784,11368091.862179464,0
77785,11364607.05782032,0
77786,11361122.148582513,0
77787,11357637.140816502,0
77788,11354152.033314424,0
77789,11350666.82459633,0
77790,11347181.518928528,0
77791,11343696.1126135,0
77792,11340210.608638559,0
77793,11336725.006957028,0
77794,11333239.306800263,0
77795,11329753.50920526,0
77796,11326267.617404569,0
77797,11322781.625035767,0
77798,11319295.53920853,0
77799,11315809.360094156,0
77800,11312323.083314918,0
77801,11308836.712472888,0
77802,11305350.247274254,0
77803,11301863.685119057,0
77804,11298377.033469098,0
77805,11294890.287536137,0
77806,11291403.44952044,0
77807,11287916.51839757,0
77808,11284429.494875047,0
77809,11280942.380997913,0
77810,11277455.175329134,0
77811,11273967.878732441,0
77812,11270480.49354573,0
77813,11266993.01541498,0
77814,11263505.452508174,0
77815,11260017.799431374,0
77816,11256530.054897118,0
77817,11253042.226417152,0
77818,11249554.30637268,0
77819,11246066.301364062,0
77820,11242578.20756733,0
77821,11239090.02856766,0
77822,11235601.762972182,0
77823,11232113.410471853,0
77824,11228624.974103535,0
77825,11225136.455095768,0
77826,11221647.849663064,0
77827,11218159.16070599,0
77828,11214670.38752763,0
77829,11211181.53434264,0
77830,11207692.593995566,0
77831,11204203.573497374,0
77832,11200714.472396266,0
77833,11197225.289828582,0
77834,11193736.025028657,0
77835,11190246.678439189,0
77836,11186757.253684403,0
77837,11183267.750671046,0
77838,11179778.166023824,0
77839,11176288.502862085,0
77840,11172798.761046756,0
77841,11169308.941474885,0
77842,11165819.046562407,0
77843,11162329.071757143,0
77844,11158839.020150783,0
77845,11155348.893907972,0
77846,11151858.690278234,0
77847,11148368.410884172,0
77848,11144878.05847729,0
77849,11141387.631532779,0
77850,11137897.129877165,0
77851,11134406.554437486,0
77852,11130915.906023605,0
77853,11127425.186765118,0
77854,11123934.393701404,0
77855,11120443.527678205,0
77856,11116952.5872286,0
77857,11113461.582443736,0
77858,11109970.503478574,0
77859,11106479.353914788,0
77860,11102988.134936694,0
77861,11099496.847320322,0
77862,11096005.491955709,0
77863,11092514.066280106,0
77864,11089022.574070785,0
77865,11085531.013091097,0
77866,11082039.386051545,0
77867,11078547.690930294,0
77868,11075055.928637082,0
77869,11071564.101887079,0
77870,11068072.212524045,0
77871,11064580.255990742,0
77872,11061088.233850375,0
77873,11057596.149801852,0
77874,11054104.000641737,0
77875,11050611.789044658,0
77876,11047119.513892274,0
77877,11043627.1789505,0
77878,11040134.780208426,0
77879,11036642.321610332,0
77880,11033149.799120205,0
77881,11029657.220700601,0
77882,11026164.578841086,0
77883,11022671.878029585,0
77884,11019179.119328335,0
77885,11015686.300224967,0
77886,11012193.425421122,0
77887,11008700.49200969,0
77888,11005207.500871371,0
77889,11001714.453361416,0
77890,10998221.348080123,0
77891,10994728.18927097,0
77892,10991234.973153152,0
77893,10987741.703104801,0
77894,10984248.378811587,0
77895,10980754.996382577,0
77896,10977261.564706381,0
77897,10973768.078312196,0
77898,10970274.542487694,0
77899,10966780.949967293,0
77900,10963287.306882491,0
77901,10959793.613680284,0
77902,10956299.867509102,0
77903,10952806.072558979,0
77904,10949312.22627599,0
77905,10945818.330512341,0
77906,10942324.388885885,0
77907,10938830.394569281,0
77908,10935336.355710154,0
77909,10931842.267832723,0
77910,10928348.129111154,0
77911,10924853.950290227,0
77912,10921359.72113804,0
77913,10917865.445765406,0
77914,10914371.1255268,0
77915,10910876.762873458,0
77916,10907382.354056614,0
77917,10903887.902699215,0
77918,10900393.40559294,0
77919,10896898.865379423,0
77920,10893404.283339392,0
77921,10889909.66142255,0
77922,10886414.99609063,0
77923,10882920.291115338,0
77924,10879425.542381343,0
77925,10875930.7562118,0
77926,10872435.928894613,0
77927,10868941.060346711,0
77928,10865446.159047807,0
77929,10861951.21492374,0
77930,10858456.235237174,0
77931,10854961.216660956,0
77932,10851466.160577921,0
77933,10847971.070105353,0
77934,10844475.943075895,0
77935,10840980.78071135,0
77936,10837485.5835304,0
77937,10833990.351088423,0
77938,10830495.086872645,0
77939,10826999.78654373,0
77940,10823504.45426478,0
77941,10820009.089128844,0
77942,10816513.691366842,0
77943,10813018.263442025,0
77944,10809522.804294711,0
77945,10806027.31290675,0
77946,10802531.793449385,0
77947,10799036.241081595,0
77948,10795540.664320325,0
77949,10792045.0546256,0
77950,10788549.418091249,0
77951,10785053.755426176,0
77952,10781558.06501995,0
77953,10778062.347540172,0
77954,10774566.604662657,0
77955,10771070.833244573,0
77956,10767575.040627781,0
77957,10764079.221054407,0
77958,10760583.37579162,0
77959,10757087.50712063,0
77960,10753591.619537363,0
77961,10750095.705078667,0
77962,10746599.767553227,0
77963,10743103.808204897,0
77964,10739607.831081552,0
77965,10736111.829949383,0
77966,10732615.811171198,0
77967,10729119.770460322,0
77968,10725623.709240407,0
77969,10722127.631431561,0
77970,10718631.535291446,0
77971,10715135.42330183,0
77972,10711639.289282551,0
77973,10708143.139094,0
77974,10704646.9762653,0
77975,10701150.79546904,0
77976,10697654.601249563,0
77977,10694158.390271192,0
77978,10690662.162214937,0
77979,10687165.924857302,0
77980,10683669.672872746,0
77981,10680173.406757958,0
77982,10676677.12953936,0
77983,10673180.841144452,0
77984,10669684.539704705,0
77985,10666188.228659753,0
77986,10662691.907685049,0
77987,10659195.574339759,0
77988,10655699.23481859,0
77989,10652202.88405121,0
77990,10648706.527788924,0
77991,10645210.160570938,0
77992,10641713.788871638,0
77993,10638217.408733524,0
77994,10634721.02386453,0
77995,10631224.63105317,0
77996,10627728.235058717,0
77997,10624231.834053814,0
77998,10620735.427648537,0
77999,10617239.01909375,0
78000,10613742.605917573,0
78001,10610246.193184296,0
78002,10606749.776762329,0
78003,10603253.356166603,0
78004,10599756.936923813,0
78005,10596260.517139368,0
78006,10592764.096813647,0
78007,10589267.678981153,0
78008,10585771.259411547,0
78009,10582274.84342331,0
78010,10578778.427565664,0
78011,10575282.0157059,0
78012,10571785.607934244,0
78013,10568289.200230042,0
78014,10564792.79947852,0
78015,10561296.403803034,0
78016,10557800.011627892,0
78017,10554303.626438728,0
78018,10550807.246825228,0
78019,10547310.87268764,0
78020,10543814.510290314,0
78021,10540318.151343724,0
78022,10536821.803974394,0
78023,10533325.46256926,0
78024,10529829.132845439,0
78025,10526332.811826266,0
78026,10522836.501818016,0
78027,10519340.201194327,0
78028,10515843.915608538,0
78029,10512347.637864325,0
78030,10508851.37585932,0
78031,10505355.126700964,0
78032,10501858.893068327,0
78033,10498362.6693022,0
78034,10494866.46078568,0
78035,10491370.270013992,0
78036,10487874.092699341,0
78037,10484377.93622425,0
78038,10480881.789283844,0
78039,10477385.6673828,0
78040,10473889.562925367,0
78041,10470393.473235656,0
78042,10466897.403826315,0
78043,10463401.352663277,0
78044,10459905.325906243,0
78045,10456409.315127952,0
78046,10452913.32789511,0
78047,10449417.364726968,0
78048,10445921.419431556,0
78049,10442425.498828901,0
78050,10438929.60272154,0
78051,10435433.731296498,0
78052,10431937.882604593,0
78053,10428442.062051404,0
78054,10424946.263075318,0
78055,10421450.49083737,0
78056,10417954.746028045,0
78057,10414459.0319498,0
78058,10410963.342391104,0
78059,10407467.682182925,0
78060,10403972.049628347,0
78061,10400476.448242646,0
78062,10396980.87742076,0
78063,10393485.33504263,0
78064,10389989.823919667,0
78065,10386494.347600466,0
78066,10382998.900679259,0
78067,10379503.48904422,0
78068,10376008.108612811,0
78069,10372512.763978936,0
78070,10369017.452735854,0
78071,10365522.1777829,0
78072,10362026.93741016,0
78073,10358531.731377503,0
78074,10355036.56387809,0
78075,10351541.436144484,0
78076,10348046.345259035,0
78077,10344551.29090012,0
78078,10341056.278138988,0
78079,10337561.303832183,0
78080,10334066.369326988,0
78081,10330571.47554187,0
78082,10327076.623308824,0
78083,10323581.81690493,0
78084,10320087.044919757,0
78085,10316592.321505444,0
78086,10313097.64471058,0
78087,10309603.004678277,0
78088,10306108.413559502,0
78089,10302613.868597466,0
78090,10299119.368153848,0
78091,10295624.91440751,0
78092,10292130.508864976,0
78093,10288636.147507664,0
78094,10285141.838006442,0
78095,10281647.575992232,0
78096,10278153.36281,0
78097,10274659.201444978,0
78098,10271165.090144353,0
78099,10267671.029584173,0
78100,10264177.021239374,0
78101,10260683.063639319,0
78102,10257189.159104358,0
78103,10253695.308668053,0
78104,10250201.513624577,0
78105,10246707.771447234,0
78106,10243214.08607015,0
78107,10239720.455434948,0
78108,10236226.882241327,0
78109,10232733.367991779,0
78110,10229239.907020057,0
78111,10225746.507864347,0
78112,10222253.164663535,0
78113,10218759.880974699,0
78114,10215266.65881535,0
78115,10211773.495213617,0
78116,10208280.395637374,0
78117,10204787.355535602,0
78118,10201294.380692674,0
78119,10197801.46587329,0
78120,10194308.615782425,0
78121,10190815.829607992,0
78122,10187323.109625246,0
78123,10183830.45189845,0
78124,10180337.86185499,0
78125,10176845.339738026,0
78126,10173352.884230684,0
78127,10169860.494991295,0
78128,10166368.17673291,0
78129,10162875.922472147,0
78130,10159383.7396797,0
78131,10155891.630958417,0
78132,10152399.589734454,0
78133,10148907.62117459,0
78134,10145415.724381456,0
78135,10141923.897437368,0
78136,10138432.147338698,0
78137,10134940.470709443,0
78138,10131448.867323274,0
78139,10127957.338894278,0
78140,10124465.88748183,0
78141,10120974.511697676,0
78142,10117483.209505398,0
78143,10113991.991501093,0
78144,10110500.845199957,0
78145,10107009.782260975,0
78146,10103518.795940015,0
78147,10100027.89211112,0
78148,10096537.066761956,0
78149,10093046.323033776,0
78150,10089555.66090894,0
78151,10086065.080852415,0
78152,10082574.584184451,0
78153,10079084.171281073,0
78154,10075593.843856232,0
78155,10072103.602164354,0
78156,10068613.442598062,0
78157,10065123.373360194,0
78158,10061633.38650652,0
78159,10058143.490206359,0
78160,10054653.681745945,0
78161,10051163.961959964,0
78162,10047674.329549933,0
78163,10044184.789355738,0
78164,10040695.338651411,0
78165,10037205.978991913,0
78166,10033716.710877413,0
78167,10030227.537535902,0
78168,10026738.455443349,0
78169,10023249.467190938,0
78170,10019760.57413176,0
78171,10016271.776143078,0
78172,10012783.071133496,0
78173,10009294.46583339,0
78174,10005805.955936262,0
78175,10002317.544147309,0
78176,9998829.230638133,0
78177,9995341.017794255,0
78178,9991852.901828187,0
78179,9988364.885367898,0
78180,9984876.972444678,0
78181,9981389.159941478,0
78182,9977901.44851816,0
78183,9974413.839709189,0
78184,9970926.335431233,0
78185,9967438.93450924,0
78186,9963951.64251215,0
78187,9960464.448271995,0
78188,9956977.364377119,0
78189,9953490.387892812,0
78190,9950003.51568055,0
78191,9946516.753900984,0
78192,9943030.101341024,0
78193,9939543.55686513,0
78194,9936057.122432787,0
78195,9932570.798681997,0
78196,9929084.585109454,0
78197,9925598.48354229,0
78198,9922112.496327613,0
78199,9918626.622117313,0
78200,9915140.860079756,0
78201,9911655.211874006,0
78202,9908169.68183078,0
78203,9904684.26612125,0
78204,9901198.96520139,0
78205,9897713.784278063,0
78206,9894228.721012687,0
78207,9890743.77607128,0
78208,9887258.947924677,0
78209,9883774.2406407,0
78210,9880289.656668372,0
78211,9876805.191178856,0
78212,9873320.848810675,0
78213,9869836.628453955,0
78214,9866352.53132661,0
78215,9862868.55757435,0
78216,9859384.710274555,0
78217,9855900.985144844,0
78218,9852417.388806848,0
78219,9848933.918078935,0
78220,9845450.573917968,0
78221,9841967.3592881,0
78222,9838484.27104744,0
78223,9835001.316144368,0
78224,9831518.486418014,0
78225,9828035.790435005,0
78226,9824553.224464763,0
78227,9821070.791429479,0
78228,9817588.489257455,0
78229,9814106.322880363,0
78230,9810624.2899003,0
78231,9807142.390218506,0
78232,9803660.626201946,0
78233,9800179.001873739,0
78234,9796697.510070438,0
78235,9793216.157692738,0
78236,9789734.94369489,0
78237,9786253.867392424,0
78238,9782772.932901923,0
78239,9779292.137625853,0
78240,9775811.483009273,0
78241,9772330.970416881,0
78242,9768850.600145673,0
78243,9765370.372990903,0
78244,9761890.290919146,0
78245,9758410.351822995,0
78246,9754930.55902398,0
78247,9751450.910053605,0
78248,9747971.410810577,0
78249,9744492.05701128,0
78250,9741012.850348316,0
78251,9737533.793136535,0
78252,9734054.887056144,0
78253,9730576.127688725,0
78254,9727097.522536287,0
78255,9723619.068476282,0
78256,9720140.765583802,0
78257,9716662.615189984,0
78258,9713184.62058623,0
78259,9709706.77815202,0
78260,9706229.093200987,0
78261,9702751.56218788,0
78262,9699274.188645545,0
78263,9695796.971449332,0
78264,9692319.914532933,0
78265,9688843.013820384,0
78266,9685366.272874774,0
78267,9681889.693298351,0
78268,9678413.275841586,0
78269,9674937.01673356,0
78270,9671460.922094265,0
78271,9667984.987078521,0
78272,9664509.219942305,0
78273,9661033.615093164,0
78274,9657558.176758546,0
78275,9654082.903655794,0
78276,9650607.799545113,0
78277,9647132.860224975,0
78278,9643658.088155335,0
78279,9640183.486731049,0
78280,9636709.055458987,0
78281,9633234.794236535,0
78282,9629760.703721223,0
78283,9626286.78446998,0
78284,9622813.039360987,0
78285,9619339.464980712,0
78286,9615866.065150244,0
78287,9612392.840595428,0
78288,9608919.791660434,0
78289,9605446.919116274,0
78290,9601974.225586079,0
78291,9598501.708830444,0
78292,9595029.368160099,0
78293,9591557.209932491,0
78294,9588085.228160845,0
78295,9584613.429496698,0
78296,9581141.809540164,0
78297,9577670.376393091,0
78298,9574199.122378455,0
78299,9570728.055008905,0
78300,9567257.171104498,0
78301,9563786.471003514,0
78302,9560315.957997758,0
78303,9556845.63129304,0
78304,9553375.4929248,0
78305,9549905.543527322,0
78306,9546435.78005138,0
78307,9542966.208366852,0
78308,9539496.825122435,0
78309,9536027.637320293,0
78310,9532558.638175484,0
78311,9529089.833641551,0
78312,9525621.222788746,0
78313,9522152.803521875,0
78314,9518684.583551424,0
78315,9515216.557173671,0
78316,9511748.728119992,0
78317,9508281.094699662,0
78318,9504813.66256994,0
78319,9501346.426850853,0
78320,9497879.39066642,0
78321,9494412.555353958,0
78322,9490945.922819288,0
78323,9487479.492935153,0
78324,9484013.264056897,0
78325,9480547.236633651,0
78326,9477081.418014178,0
78327,9473615.803220147,0
78328,9470150.395712627,0
78329,9466685.192542117,0
78330,9463220.196052482,0
78331,9459755.4096987,0
78332,9456290.830536213,0
78333,9452826.461534448,0
78334,9449362.306694634,0
78335,9445898.362481546,0
78336,9442434.628291827,0
78337,9438971.107030129,0
78338,9435507.802187242,0
78339,9432044.711183589,0
78340,9428581.831429824,0
78341,9425119.172602661,0
78342,9421656.728862107,0
78343,9418194.503979012,0
78344,9414732.496615864,0
78345,9411270.71239779,0
78346,9407809.142216763,0
78347,9404347.796363853,0
78348,9400886.671758045,0
78349,9397425.768466137,0
78350,9393965.09145812,0
78351,9390504.635529418,0
78352,9387044.409569481,0
78353,9383584.405259375,0
78354,9380124.627002854,0
78355,9376665.078079375,0
78356,9373205.75819284,0
78357,9369746.665425101,0
78358,9366287.801364576,0
78359,9362829.17174009,0
78360,9359370.772719916,0
78361,9355912.601686265,0
78362,9352454.669683604,0
78363,9348996.968193833,0
78364,9345539.504558235,0
78365,9342082.272697143,0
78366,9338625.278873106,0
78367,9335168.5237772,0
78368,9331712.003638411,0
78369,9328255.725096783,0
78370,9324799.685487516,0
78371,9321343.885749383,0
78372,9317888.32674803,0
78373,9314433.011489654,0
78374,9310977.939571233,0
78375,9307523.109011091,0
78376,9304068.526889224,0
78377,9300614.187968044,0
78378,9297160.096594937,0
78379,9293706.251663394,0
78380,9290252.65291927,0
78381,9286799.305425424,0
78382,9283346.20663433,0
78383,9279893.359207911,0
78384,9276440.763051035,0
78385,9272988.420230405,0
78386,9269536.3274055,0
78387,9266084.49170671,0
78388,9262632.908673296,0
78389,9259181.583013045,0
78390,9255730.510957828,0
78391,9252279.697501132,0
78392,9248829.143632121,0
78393,9245378.846076217,0
78394,9241928.811911326,0
78395,9238479.037118772,0
78396,9235029.524035266,0
78397,9231580.272167392,0
78398,9228131.283741465,0
78399,9224682.562105592,0
78400,9221234.101452628,0
78401,9217785.90757901,0
78402,9214337.982519321,0
78403,9210890.322729664,0
78404,9207442.932828676,0
78405,9203995.813627161,0
78406,9200548.961583778,0
78407,9197102.382886587,0
78408,9193656.074866723,0
78409,9190210.041516924,0
78410,9186764.27968681,0
78411,9183318.794506315,0
78412,9179873.58342863,0
78413,9176428.646978814,0
78414,9172983.991688993,0
78415,9169539.611138286,0
78416,9166095.509562429,0
78417,9162651.690452404,0
78418,9159208.151829123,0
78419,9155764.89143995,0
78420,9152321.914018486,0
78421,9148879.223966885,0
78422,9145436.81622996,0
78423,9141994.690305,0
78424,9138552.853328716,0
78425,9135111.303797126,0
78426,9131670.039253915,0
78427,9128229.069376538,0
78428,9124788.382925043,0
78429,9121347.989166424,0
78430,9117907.886995994,0
78431,9114468.076154537,0
78432,9111028.558830647,0
78433,9107589.335395923,0
78434,9104150.407109195,0
78435,9100711.77650431,0
78436,9097273.44202433,0
78437,9093835.40386307,0
78438,9090397.663438419,0
78439,9086960.223828902,0
78440,9083523.086321402,0
78441,9080086.245882671,0
78442,9076649.709198128,0
78443,9073213.478422046,0
78444,9069777.550358482,0
78445,9066341.923298987,0
78446,9062906.608327258,0
78447,9059471.59572018,0
78448,9056036.892044863,0
78449,9052602.498403737,0
78450,9049168.41230241,0
78451,9045734.636908133,0
78452,9042301.175386552,0
78453,9038868.024137756,0
78454,9035435.18459679,0
78455,9032002.661196131,0
78456,9028570.454439873,0
78457,9025138.56188803,0
78458,9021706.983041188,0
78459,9018275.726626685,0
78460,9014844.788818516,0
78461,9011414.170077475,0
78462,9007983.871496325,0
78463,9004553.894734444,0
78464,9001124.23901009,0
78465,8997694.908999735,0
78466,8994265.901952518,0
78467,8990837.220685622,0
78468,8987408.864952764,0
78469,8983980.83924294,0
78470,8980553.137986673,0
78471,8977125.76831186,0
78472,8973698.730120067,0
78473,8970272.020273434,0
78474,8966845.644502277,0
78475,8963419.599083653,0
78476,8959993.888745928,0
78477,8956568.515196359,0
78478,8953143.474220429,0
78479,8949718.772254007,0
78480,8946294.406902224,0
78481,8942870.380976826,0
78482,8939446.694088971,0
78483,8936023.349266801,0
78484,8932600.344124325,0
78485,8929177.681946063,0
78486,8925755.364275731,0
78487,8922333.388707023,0
78488,8918911.762960235,0
78489,8915490.478563953,0
78490,8912069.544932157,0
78491,8908648.95904503,0
78492,8905228.722999526,0
78493,8901808.837950679,0
78494,8898389.302246828,0
78495,8894970.116912559,0
78496,8891551.287932567,0
78497,8888132.812098624,0
78498,8884714.692107035,0
78499,8881296.9289392,0
78500,8877879.524160706,0
78501,8874462.474113321,0
78502,8871045.784926128,0
78503,8867629.45611853,0
78504,8864213.486953897,0
78505,8860797.88197494,0
78506,8857382.63958738,0
78507,8853967.763232382,0
78508,8850553.248264587,0
78509,8847139.10168663,0
78510,8843725.319901805,0
78511,8840311.908366488,0
78512,8836898.865200086,0
78513,8833486.190389272,0
78514,8830073.888098828,0
78515,8826661.959969983,0
78516,8823250.406030089,0
78517,8819839.222250652,0
78518,8816428.416461146,0
78519,8813017.986214304,0
78520,8809607.930056704,0
78521,8806198.257464187,0
78522,8802788.958708597,0
78523,8799380.043799391,0
78524,8795971.508331636,0
78525,8792563.357345663,0
78526,8789155.587957218,0
78527,8785748.204263212,0
78528,8782341.205174176,0
78529,8778934.592850458,0
78530,8775528.366532756,0
78531,8772122.529550524,0
78532,8768717.080716463,0
78533,8765312.023921872,0
78534,8761907.358888399,0
78535,8758503.084382432,0
78536,8755099.207405604,0
78537,8751695.72145545,0
78538,8748292.632777404,0
78539,8744889.93878601,0
78540,8741487.645431112,0
78541,8738085.75096059,0
78542,8734684.25467803,0
78543,8731283.160152389,0
78544,8727882.466001324,0
78545,8724482.176484058,0
78546,8721082.290319161,0
78547,8717682.810258549,0
78548,8714283.73518307,0
78549,8710885.067079568,0
78550,8707486.805711051,0
78551,8704088.958576964,0
78552,8700691.51724974,0
78553,8697294.491585106,0
78554,8693897.876205375,0
78555,8690501.671139738,0
78556,8687105.886413055,0
78557,8683710.514783327,0
78558,8680315.560053205,0
78559,8676921.021457206,0
78560,8673526.905093677,0
78561,8670133.205272872,0
78562,8666739.930199593,0
78563,8663347.075058682,0
78564,8659954.642625548,0
78565,8656562.636005249,0
78566,8653171.052632876,0
78567,8649779.897477064,0
78568,8646389.171195205,0
78569,8642998.871775975,0
78570,8639608.999884864,0
78571,8636219.561493415,0
78572,8632830.55457551,0
78573,8629441.981190694,0
78574,8626053.84106403,0
78575,8622666.137725256,0
78576,8619278.869464017,0
78577,8615892.038588384,0
78578,8612505.646256609,0
78579,8609119.689386638,0
78580,8605734.181383546,0
78581,8602349.116306337,0
78582,8598964.494402256,0
78583,8595580.318987263,0
78584,8592196.58536402,0
78585,8588813.296914676,0
78586,8585430.461964728,0
78587,8582048.066842493,0
78588,8578666.127124174,0
78589,8575284.637035057,0
78590,8571903.597051283,0
78591,8568523.012853475,0
78592,8565142.879811728,0
78593,8561763.204505814,0
78594,8558383.98358601,0
78595,8555005.217563124,0
78596,8551626.913899858,0
78597,8548249.071312573,0
78598,8544871.686642267,0
78599,8541494.762878632,0
78600,8538118.303926777,0
78601,8534742.309359306,0
78602,8531366.777568966,0
78603,8527991.718446191,0
78604,8524617.119347721,0
78605,8521242.993226336,0
78606,8517869.33759016,0
78607,8514496.149459943,0
78608,8511123.435837109,0
78609,8507751.193723096,0
78610,8504379.4277396,0
78611,8501008.136563934,0
78612,8497637.324715892,0
78613,8494266.986615486,0
78614,8490897.129441379,0
78615,8487527.75243702,0
78616,8484158.858165639,0
78617,8480790.445380699,0
78618,8477422.513510833,0
78619,8474055.071142696,0
78620,8470688.112964906,0
78621,8467321.642846078,0
78622,8463955.657352518,0
78623,8460590.164118057,0
78624,8457225.163243674,0
78625,8453860.651776986,0
78626,8450496.635501187,0
78627,8447133.111733167,0
78628,8443770.082824333,0
78629,8440407.55097558,0
78630,8437045.517146751,0
78631,8433683.982485503,0
78632,8430322.947921649,0
78633,8426962.415948449,0
78634,8423602.381665567,0
78635,8420242.856158176,0
78636,8416883.834548647,0
78637,8413525.317592127,0
78638,8410167.309039807,0
78639,8406809.808492543,0
78640,8403452.819520151,0
78641,8400096.337952469,0
78642,8396740.369890973,0
78643,8393384.916909756,0
78644,8390029.975598244,0
78645,8386675.551662193,0
78646,8383321.643323413,0
78647,8379968.254736718,0
78648,8376615.385144767,0
78649,8373263.034490546,0
78650,8369911.207985433,0
78651,8366559.90390039,0
78652,8363209.120887742,0
78653,8359858.867130443,0
78654,8356509.141873899,0
78655,8353159.938510402,0
78656,8349811.26833266,0
78657,8346463.1259566145,0
78658,8343115.515985452,0
78659,8339768.440351859,0
78660,8336421.897723605,0
78661,8333075.887981477,0
78662,8329730.416599193,0
78663,8326385.482865414,0
78664,8323041.088846042,0
78665,8319697.236546231,0
78666,8316353.922565605,0
78667,8313011.153526462,0
78668,8309668.925047643,0
78669,8306327.243995969,0
78670,8302986.109953919,0
78671,8299645.523672402,0
78672,8296305.485200466,0
78673,8292965.998194465,0
78674,8289627.061516056,0
78675,8286288.6779024955,0
78676,8282950.848382238,0
78677,8279613.574308151,0
78678,8276276.85276268,0
78679,8272940.694984791,0
78680,8269605.094645264,0
78681,8266270.055433078,0
78682,8262935.573488786,0
78683,8259601.654917715,0
78684,8256268.306189035,0
78685,8252935.516593789,0
78686,8249603.297997859,0
78687,8246271.645760095,0
78688,8242940.562275103,0
78689,8239610.047468222,0
78690,8236280.108504013,0
78691,8232950.739663514,0
78692,8229621.948443239,0
78693,8226293.729542946,0
78694,8222966.087718378,0
78695,8219639.028239737,0
78696,8216312.543514894,0
78697,8212986.643038563,0
78698,8209661.322457246,0
78699,8206336.587823459,0
78700,8203012.4363191165,0
78701,8199688.870350563,0
78702,8196365.892015578,0
78703,8193043.502393423,0
78704,8189721.702353377,0
78705,8186400.495021096,0
78706,8183079.880781065,0
78707,8179759.86091091,0
78708,8176440.433460497,0
78709,8173121.604138864,0
78710,8169803.371774551,0
78711,8166485.740116585,0
78712,8163168.705726727,0
78713,8159852.277342194,0
78714,8156536.452193262,0
78715,8153221.230205378,0
78716,8149906.612837734,0
78717,8146592.603209738,0
78718,8143279.204161959,0
78719,8139966.413431631,0
78720,8136654.235700081,0
78721,8133342.668960503,0
78722,8130031.717254232,0
78723,8126721.379561839,0
78724,8123411.6575713605,0
78725,8120102.555587632,0
78726,8116794.07402021,0
78727,8113486.209040863,0
78728,8110178.969137761,0
78729,8106872.351905521,0
78730,8103566.359660381,0
78731,8100260.992653534,0
78732,8096956.256235197,0
78733,8093652.14429098,0
78734,8090348.667598958,0
78735,8087045.819534622,0
78736,8083743.603297136,0
78737,8080442.022572357,0
78738,8077141.07705722,0
78739,8073840.770298299,0
78740,8070541.10220721,0
78741,8067242.071231817,0
78742,8063943.685446825,0
78743,8060645.939727434,0
78744,8057348.837368727,0
78745,8054052.382483187,0
78746,8050756.571819022,0
78747,8047461.411899965,0
78748,8044166.903114537,0
78749,8040873.042008135,0
78750,8037579.83365104,0
78751,8034287.2793851895,0
78752,8030995.380634688,0
78753,8027704.138708555,0
78754,8024413.554036002,0
78755,8021123.630988872,0
78756,8017834.367775277,0
78757,8014545.765154288,0
78758,8011257.8282473,0
78759,8007970.554542269,0
78760,8004683.949230079,0
78761,8001398.010436897,0
78762,7998112.74242646,0
78763,7994828.144953631,0
78764,7991544.21985868,0
78765,7988260.966731286,0
78766,7984978.391012099,0
78767,7981696.489308654,0
78768,7978415.268284989,0
78769,7975134.727294218,0
78770,7971854.862680511,0
78771,7968575.681982974,0
78772,7965297.188219303,0
78773,7962019.376802495,0
78774,7958742.252805714,0
78775,7955465.817538091,0
78776,7952190.069015581,0
78777,7948915.013501576,0
78778,7945640.651637376,0
78779,7942366.982955405,0
78780,7939094.00835028,0
78781,7935821.731076608,0
78782,7932550.152809116,0
78783,7929279.274329157,0
78784,7926009.094497494,0
78785,7922739.620017688,0
78786,7919470.850167675,0
78787,7916202.785857484,0
78788,7912935.429390219,0
78789,7909668.777777142,0
78790,7906402.838910333,0
78791,7903137.610361921,0
78792,7899873.097119511,0
78793,7896609.2953621475,0
78794,7893346.212499316,0
78795,7890083.845157104,0
78796,7886822.196631953,0
78797,7883561.274613015,0
78798,7880301.067933067,0
78799,7877041.5866900915,0
78800,7873782.830582105,0
78801,7870524.801437337,0
78802,7867267.498568872,0
78803,7864010.927233661,0
78804,7860755.08490086,0
78805,7857499.976856049,0
78806,7854245.601227369,0
78807,7850991.964324214,0
78808,7847739.0620985525,0
78809,7844486.899670685,0
78810,7841235.478002222,0
78811,7837984.796565442,0
78812,7834734.859634077,0
78813,7831485.66513553,0
78814,7828237.219545822,0
78815,7824989.519812997,0
78816,7821742.570954119,0
78817,7818496.372430367,0
78818,7815250.925801169,0
78819,7812006.234496107,0
78820,7808762.29914281,0
78821,7805519.118417377,0
78822,7802276.698099634,0
78823,7799035.039653326,0
78824,7795794.141244758,0
78825,7792554.005405071,0
78826,7789314.6359158065,0
78827,7786076.031658105,0
78828,7782838.194305654,0
78829,7779601.130065641,0
78830,7776364.834468641,0
78831,7773129.310390682,0
78832,7769894.562562752,0
78833,7766660.589368067,0
78834,7763427.395099966,0
78835,7760194.977834554,0
78836,7756963.343605222,0
78837,7753732.491982147,0
78838,7750502.420941037,0
78839,7747273.137798388,0
78840,7744044.64177687,0
78841,7740816.93258912,0
78842,7737590.015839854,0
78843,7734363.889442125,0
78844,7731138.554531351,0
78845,7727914.016566055,0
78846,7724690.275455931,0
78847,7721467.331315109,0
78848,7718245.189953517,0
78849,7715023.845628781,0
78850,7711803.30766913,0
78851,7708583.570589572,0
78852,7705364.642872546,0
78853,7702146.521969041,0
78854,7698929.21069268,0
78855,7695712.711401569,0
78856,7692497.024992485,0
78857,7689282.153221373,0
78858,7686068.09453649,0
78859,7682854.855493682,0
78860,7679642.435683142,0
78861,7676430.835445515,0
78862,7673220.059519521,0
78863,7670010.1091833515,0
78864,7666800.980865099,0
78865,7663592.683422777,0
78866,7660385.211345558,0
78867,7657178.571468264,0
78868,7653972.766334992,0
78869,7650767.793851983,0
78870,7647563.6551417345,0
78871,7644360.356468744,0
78872,7641157.895587107,0
78873,7637956.274563973,0
78874,7634755.497332408,0
78875,7631555.565249258,0
78876,7628356.4791662935,0
78877,7625158.238867191,0
78878,7621960.846218894,0
78879,7618764.305929773,0
78880,7615568.618578024,0
78881,7612373.785061619,0
78882,7609179.807561506,0
78883,7605986.686388629,0
78884,7602794.42518264,0
78885,7599603.025211917,0
78886,7596412.489000971,0
78887,7593222.818830908,0
78888,7590034.014419049,0
78889,7586846.073723197,0
78890,7583659.002290085,0
78891,7580472.8027613545,0
78892,7577287.477472014,0
78893,7574103.026994512,0
78894,7570919.454173489,0
78895,7567736.754388261,0
78896,7564554.938399052,0
78897,7561374.0029767845,0
78898,7558193.950468214,0
78899,7555014.7811475,0
78900,7551836.502134539,0
78901,7548659.108700223,0
78902,7545482.61010735,0
78903,7542306.9980206145,0
78904,7539132.281800846,0
78905,7535958.458382597,0
78906,7532785.534495847,0
78907,7529613.511507672,0
78908,7526442.385604287,0
78909,7523272.162463891,0
78910,7520102.844951597,0
78911,7516934.432996623,0
78912,7513766.927603313,0
78913,7510600.331571618,0
78914,7507434.64725625,0
78915,7504269.87428943,0
78916,7501106.018014041,0
78917,7497943.07816271,0
78918,7494781.055703862,0
78919,7491619.953810358,0
78920,7488459.772886716,0
78921,7485300.51359985,0
78922,7482142.185677288,0
78923,7478984.780934849,0
78924,7475828.305726471,0
78925,7472672.7633128585,0
78926,7469518.149516314,0
78927,7466364.470736102,0
78928,7463211.730744659,0
78929,7460059.926595557,0
78930,7456909.063822587,0
78931,7453759.139857876,0
78932,7450610.160749987,0
78933,7447462.127311007,0
78934,7444315.039399261,0
78935,7441168.9027780825,0
78936,7438023.717523385,0
78937,7434879.480379232,0
78938,7431736.199201515,0
78939,7428593.875591513,0
78940,7425452.509840663,0
78941,7422312.102148694,0
78942,7419172.65785026,0
78943,7416034.176362203,0
78944,7412896.659734397,0
78945,7409760.110398666,0
78946,7406624.531986904,0
78947,7403489.920964087,0
78948,7400356.283241179,0
78949,7397223.622565847,0
78950,7394091.935921724,0
78951,7390961.2284742175,0
78952,7387831.501949804,0
78953,7384702.7567882845,0
78954,7381574.99266212,0
78955,7378448.219601314,0
78956,7375322.429458474,0
78957,7372197.63057994,0
78958,7369073.822080492,0
78959,7365951.009507877,0
78960,7362829.188110961,0
78961,7359708.3678285675,0
78962,7356588.545572888,0
78963,7353469.721002568,0
78964,7350351.9024521625,0
78965,7347235.086058458,0
78966,7344119.275641999,0
78967,7341004.476564008,0
78968,7337890.685924912,0
78969,7334777.908834904,0
78970,7331666.143474308,0
78971,7328555.396218367,0
78972,7325445.664442099,0
78973,7322336.955519085,0
78974,7319229.26643804,0
78975,7316122.601266306,0
78976,7313016.96198403,0
78977,7309912.349726642,0
78978,7306808.767663719,0
78979,7303706.216197891,0
78980,7300604.697599373,0
78981,7297504.21469735,0
78982,7294404.77010375,0
78983,7291306.364012629,0
78984,7288208.99612976,0
78985,7285112.676980312,0
78986,7282017.401963658,0
78987,7278923.170177552,0
78988,7275829.987927113,0
78989,7272737.856737607,0
78990,7269646.778114815,0
78991,7266556.757731734,0
78992,7263467.791036757,0
78993,7260379.881852665,0
78994,7257293.037208289,0
78995,7254207.25289857,0
78996,7251122.531836696,0
78997,7248038.879281113,0
78998,7244956.295487743,0
78999,7241874.782041746,0
79000,7238794.339220795,0
79001,7235714.97427627,0
79002,7232636.6837244695,0
79003,7229559.473291262,0
79004,7226483.34201777,0
79005,7223408.292949921,0
79006,7220334.33001356,0
79007,7217261.450368191,0
79008,7214189.662871426,0
79009,7211118.964241768,0
79010,7208049.359245532,0
79011,7204980.848456441,0
79012,7201913.433643075,0
79013,7198847.1204240415,0
79014,7195781.905498531,0
79015,7192717.792158476,0
79016,7189654.783242398,0
79017,7186592.884654884,0
79018,7183532.093562578,0
79019,7180472.414309551,0
79020,7177413.844664324,0
79021,7174356.393463474,0
79022,7171300.056268012,0
79023,7168244.840712653,0
79024,7165190.745461259,0
79025,7162137.772938383,0
79026,7159085.924366502,0
79027,7156035.20524478,0
79028,7152985.615867788,0
79029,7149937.1548294155,0
79030,7146889.831856584,0
79031,7143843.640115212,0
79032,7140798.587918025,0
79033,7137754.676440602,0
79034,7134711.905836383,0
79035,7131670.280182103,0
79036,7128629.799765892,0
79037,7125590.467178618,0
79038,7122552.2839406,0
79039,7119515.256250804,0
79040,7116479.379627907,0
79041,7113444.661521416,0
79042,7110411.097936694,0
79043,7107378.701125269,0
79044,7104347.463208874,0
79045,7101317.392679013,0
79046,7098288.488907349,0
79047,7095260.750337657,0
79048,7092234.188054807,0
79049,7089208.795720284,0
79050,7086184.579130508,0
79051,7083161.5443035085,0
79052,7080139.687396158,0
79053,7077119.011851111,0
79054,7074099.518306698,0
79055,7071081.211073495,0
79056,7068064.09521359,0
79057,7065048.168754695,0
79058,7062033.436094264,0
79059,7059019.895953195,0
79060,7056007.551884165,0
79061,7052996.411735281,0
79062,7049986.469647043,0
79063,7046977.732440742,0
79064,7043970.199406912,0
79065,7040963.875300586,0
79066,7037958.760085399,0
79067,7034954.857996485,0
79068,7031952.168797097,0
79069,7028950.698625006,0
79070,7025950.445370532,0
79071,7022951.414251761,0
79072,7019953.603898958,0
79073,7016957.023107934,0
79074,7013961.666090116,0
79075,7010967.540473957,0
79076,7007974.645434197,0
79077,7004982.98589714,0
79078,7001992.559238364,0
79079,6999003.376102863,0
79080,6996015.43089684,0
79081,6993028.729779525,0
79082,6990043.274791196,0
79083,6987059.063237182,0
79084,6984076.106274851,0
79085,6981094.398566591,0
79086,6978113.9460602645,0
79087,6975134.745720696,0
79088,6972156.809976932,0
79089,6969180.132053283,0
79090,6966204.717224964,0
79091,6963230.569511621,0
79092,6960257.684310947,0
79093,6957286.07471102,0
79094,6954315.735846654,0
79095,6951346.667767976,0
79096,6948378.881149783,0
79097,6945412.370900589,0
79098,6942447.139591032,0
79099,6939483.197360464,0
79100,6936520.535585294,0
79101,6933559.166216778,0
79102,6930599.083601235,0
79103,6927640.294226262,0
79104,6924682.800634854,0
79105,6921726.603297155,0
79106,6918771.702601315,0
79107,6915818.106684525,0
79108,6912865.816044463,0
79109,6909914.829181992,0
79110,6906965.154557983,0
79111,6904016.78542987,0
79112,6901069.733225094,0
79113,6898123.995931006,0
79114,6895179.577825321,0
79115,6892236.476700483,0
79116,6889294.697518449,0
79117,6886354.246115906,0
79118,6883415.120811728,0
79119,6880477.324698868,0
79120,6877540.858834669,0
79121,6874605.73169683,0
79122,6871671.934741751,0
79123,6868739.481740715,0
79124,6865808.36641219,0
79125,6862878.59740703,0
79126,6859950.17238173,0
79127,6857023.09503089,0
79128,6854097.368166115,0
79129,6851172.998746822,0
79130,6848249.979798338,0
79131,6845328.320636406,0
79132,6842408.02244976,0
79133,6839489.083811261,0
79134,6836571.507588611,0
79135,6833655.303701404,0
79136,6830740.467046265,0
79137,6827827.003922125,0
79138,6824914.914648018,0
79139,6822004.204322613,0
79140,6819094.868702844,0
79141,6816186.915458061,0
79142,6813280.346827577,0
79143,6810375.164420754,0
79144,6807471.368441298,0
79145,6804568.966127331,0
79146,6801667.958842561,0
79147,6798768.3451653235,0
79148,6795870.13057676,0
79149,6792973.317756149,0
79150,6790077.904521998,0
79151,6787183.8995216405,0
79152,6784291.30285995,0
79153,6781400.114111127,0
79154,6778510.340455165,0
79155,6775621.984760791,0
79156,6772735.042370128,0
79157,6769849.521683769,0
79158,6766965.424616803,0
79159,6764082.7500514025,0
79160,6761201.506358058,0
79161,6758321.691091003,0
79162,6755443.309551589,0
79163,6752566.359574361,0
79164,6749690.850833488,0
79165,6746816.781043556,0
79166,6743944.1532815145,0
79167,6741072.971949616,0
79168,6738203.234591316,0
79169,6735334.952766189,0
79170,6732468.117066504,0
79171,6729602.737267928,0
79172,6726738.817091519,0
79173,6723876.3557386985,0
79174,6721015.355517447,0
79175,6718155.822586667,0
79176,6715297.753362001,0
79177,6712441.157629699,0
79178,6709586.031957434,0
79179,6706732.382197217,0
79180,6703880.209324996,0
79181,6701029.516165295,0
79182,6698180.3075600015,0
79183,6695332.579345451,0
79184,6692486.340927727,0
79185,6689641.593387347,0
79186,6686798.339044132,0
79187,6683956.577088737,0
79188,6681116.313874683,0
79189,6678277.550416131,0
79190,6675440.290188529,0
79191,6672604.536675619,0
79192,6669770.288256237,0
79193,6666937.551623755,0
79194,6664106.326619483,0
79195,6661276.619503493,0
79196,6658448.4293854,0
79197,6655621.757265878,0
79198,6652796.610490144,0
79199,6649972.989489975,0
79200,6647150.898633223,0
79201,6644330.334802526,0
79202,6641511.307072515,0
79203,6638693.814160097,0
79204,6635877.863229856,0
79205,6633063.448659431,0
79206,6630250.582363623,0
79207,6627439.258639585,0
79208,6624629.485197794,0
79209,6621821.265181135,0
79210,6619014.597309025,0
79211,6616209.488612082,0
79212,6613405.936342271,0
79213,6610603.947585582,0
79214,6607803.523803709,0
79215,6605004.669092812,0
79216,6602207.381687869,0
79217,6599411.666914032,0
79218,6596617.527692259,0
79219,6593824.968714211,0
79220,6591033.987479544,0
79221,6588244.589747268,0
79222,6585456.781531211,0
79223,6582670.556616573,0
79224,6579885.924600681,0
79225,6577102.888576989,0
79226,6574321.447188681,0
79227,6571541.604498401,0
79228,6568763.365248612,0
79229,6565986.728833883,0
79230,6563211.702545091,0
79231,6560438.281157595,0
79232,6557666.473549114,0
79233,6554896.283740796,0
79234,6552127.710274064,0
79235,6549360.7565250145,0
79236,6546595.425374287,0
79237,6543831.724663939,0
79238,6541069.646532818,0
79239,6538309.204654634,0
79240,6535550.39497986,0
79241,6532793.220119107,0
79242,6530037.687405408,0
79243,6527283.795716476,0
79244,6524531.5467423545,0
79245,6521780.949910502,0
79246,6519031.999674601,0
79247,6516284.701091847,0
79248,6513539.063098252,0
79249,6510795.080448094,0
79250,6508052.760756612,0
79251,6505312.102907775,0
79252,6502573.112824527,0
79253,6499835.791749343,0
79254,6497100.14449892,0
79255,6494366.171194538,0
79256,6491633.874735441,0
79257,6488903.258926955,0
79258,6486174.326977705,0
79259,6483447.081536849,0
79260,6480721.521742207,0
79261,6477997.65521915,0
79262,6475275.483370276,0
79263,6472555.007963035,0
79264,6469836.233412243,0
79265,6467119.162964015,0
79266,6464403.7928761365,0
79267,6461690.135219541,0
79268,6458978.187964011,0
79269,6456267.952860084,0
79270,6453559.435791127,0
79271,6450852.635727098,0
79272,6448147.559322913,0
79273,6445444.207859062,0
79274,6442742.584967799,0
79275,6440042.693853862,0
79276,6437344.531182737,0
79277,6434648.107195058,0
79278,6431953.4217044,0
79279,6429260.4814619,0
79280,6426569.281033271,0
79281,6423879.829974421,0
79282,6421192.129860847,0
79283,6418506.184513722,0
79284,6415821.9907306405,0
79285,6413139.558689662,0
79286,6410458.885288527,0
79287,6407779.98238952,0
79288,6405102.842093147,0
79289,6402427.474481189,0
79290,6399753.878469438,0
79291,6397082.058197366,0
79292,6394412.0165915005,0
79293,6391743.757773549,0
79294,6389077.281573758,0
79295,6386412.595750686,0
79296,6383749.698973651,0
79297,6381088.594558187,0
79298,6378429.286610909,0
79299,6375771.776994486,0
79300,6373116.070280608,0
79301,6370462.166890167,0
79302,6367810.072586462,0
79303,6365159.790837304,0
79304,6362511.317897135,0
79305,6359864.66362772,0
79306,6357219.827653839,0
79307,6354576.814396129,0
79308,6351935.626139714,0
79309,6349296.265378437,0
79310,6346658.736683952,0
79311,6344023.039624223,0
79312,6341389.179808003,0
79313,6338757.162068153,0
79314,6336126.986128698,0
79315,6333498.652991957,0
79316,6330872.171484044,0
79317,6328247.5397974085,0
79318,6325624.763419099,0
79319,6323003.843710239,0
79320,6320384.782616022,0
79321,6317767.585258058,0
79322,6315152.253210035,0
79323,6312538.79431514,0
79324,6309927.205005658,0
79325,6307317.489139051,0
79326,6304709.653223206,0
79327,6302103.6962405,0
79328,6299499.624958049,0
79329,6296897.439391858,0
79330,6294297.145985773,0
79331,6291698.743147049,0
79332,6289102.238436775,0
79333,6286507.629859517,0
79334,6283914.924202522,0
79335,6281324.122865129,0
79336,6278735.231212952,0
79337,6276148.248638797,0
79338,6273563.178343513,0
79339,6270980.026922033,0
79340,6268398.795933994,0
79341,6265819.484036439,0
79342,6263242.102018444,0
79343,6260666.64669754,0
79344,6258093.12569748,0
79345,6255521.536801117,0
79346,6252951.884471588,0
79347,6250384.176653774,0
79348,6247818.413285309,0
79349,6245254.594571541,0
79350,6242692.724457439,0
79351,6240132.809403572,0
79352,6237574.851447289,0
79353,6235018.851451486,0
79354,6232464.813583947,0
79355,6229912.741021493,0
79356,6227362.636724221,0
79357,6224814.506815147,0
79358,6222268.3458614545,0
79359,6219724.164718396,0
79360,6217181.965581904,0
79361,6214641.748289766,0
79362,6212103.517472648,0
79363,6209567.277909223,0
79364,6207033.03070337,0
79365,6204500.779716839,0
79366,6201970.527124329,0
79367,6199442.275407592,0
79368,6196916.031819118,0
79369,6194391.795156576,0
79370,6191869.567603435,0
79371,6189349.356775017,0
79372,6186831.163805933,0
79373,6184314.991290622,0
79374,6181800.842183401,0
79375,6179288.719611089,0
79376,6176778.625934504,0
79377,6174270.569188145,0
79378,6171764.544209042,0
79379,6169260.56290957,0
79380,6166758.621540748,0
79381,6164258.723654646,0
79382,6161760.87822397,0
79383,6159265.0841747355,0
79384,6156771.343316669,0
79385,6154279.659052222,0
79386,6151790.039981244,0
79387,6149302.484509446,0
79388,6146816.996545861,0
79389,6144333.576597897,0
79390,6141852.23076472,0
79391,6139372.967297958,0
79392,6136895.777802747,0
79393,6134420.675479426,0
79394,6131947.656341482,0
79395,6129476.729332302,0
79396,6127007.893064084,0
79397,6124541.154003462,0
79398,6122076.51652334,0
79399,6119613.977996008,0
79400,6117153.544845996,0
79401,6114695.222280495,0
79402,6112239.008976827,0
79403,6109784.9129862385,0
79404,6107332.934625681,0
79405,6104883.076702587,0
79406,6102435.344100752,0
79407,6099989.738417631,0
79408,6097546.265639614,0
79409,6095104.928921491,0
79410,6092665.723191832,0
79411,6090228.663404096,0
79412,6087793.745864308,0
79413,6085360.9747491265,0
79414,6082930.3553884085,0
79415,6080501.887198211,0
79416,6078075.578049066,0
79417,6075651.4271514965,0
79418,6073229.437864376,0
79419,6070809.619329647,0
79420,6068391.966368915,0
79421,6065976.486202123,0
79422,6063563.1858052965,0
79423,6061152.061654734,0
79424,6058743.122684523,0
79425,6056336.367013711,0
79426,6053931.798870642,0
79427,6051529.426816186,0
79428,6049129.246754289,0
79429,6046731.266117168,0
79430,6044335.489478697,0
79431,6041941.916335309,0
79432,6039550.553733303,0
79433,6037161.40353333,0
79434,6034774.464574824,0
79435,6032389.746155234,0
79436,6030007.247461908,0
79437,6027626.975541175,0
79438,6025248.932362565,0
79439,6022873.11888031,0
79440,6020499.540034605,0
79441,6018128.20152069,0
79442,6015759.101660874,0
79443,6013392.249104031,0
79444,6011027.641051576,0
79445,6008665.283706517,0
79446,6006305.183804668,0
79447,6003947.339027577,0
79448,6001591.7597717345,0
79449,5999238.438606219,0
79450,5996887.390133537,0
79451,5994538.610298867,0
79452,5992192.10319572,0
79453,5989847.876258407,0
79454,5987505.929067865,0
79455,5985166.266671392,0
79456,5982828.890503543,0
79457,5980493.80492657,0
79458,5978161.015524946,0
79459,5975830.522322829,0
79460,5973502.328372774,0
79461,5971176.43862246,0
79462,5968852.8605523985,0
79463,5966531.590108732,0
79464,5964212.634018016,0
79465,5961895.996169355,0
79466,5959581.67774289,0
79467,5957269.684270537,0
79468,5954960.017307935,0
79469,5952652.680999731,0
79470,5950347.678088117,0
79471,5948045.016802108,0
79472,5945744.691827973,0
79473,5943446.712396208,0
79474,5941151.082148162,0
79475,5938857.799087567,0
79476,5936566.873860296,0
79477,5934278.30527304,0
79478,5931992.0975393765,0
79479,5929708.2567862645,0
79480,5927426.77915093,0
79481,5925147.674076031,0
79482,5922870.944621256,0
79483,5920596.593326163,0
79484,5918324.619594883,0
79485,5916055.035249473,0
79486,5913787.8363028085,0
79487,5911523.030016355,0
79488,5909260.616347841,0
79489,5907000.603204172,0
79490,5904742.9906706475,0
79491,5902487.781884397,0
79492,5900234.985684943,0
79493,5897984.596614527,0
79494,5895736.624610722,0
79495,5893491.069335357,0
79496,5891247.937815286,0
79497,5889007.22962444,0
79498,5886768.952131404,0
79499,5884533.105944483,0
79500,5882299.6967471,0
79501,5880068.726710851,0
79502,5877840.196819386,0
79503,5875614.114412888,0
79504,5873390.479269539,0
79505,5871169.297378229,0
79506,5868950.570545234,0
79507,5866734.305749976,0
79508,5864520.501784256,0
79509,5862309.166220369,0
79510,5860100.296884248,0
79511,5857893.904144625,0
79512,5855689.986864207,0
79513,5853488.551244517,0
79514,5851289.594497317,0
79515,5849093.129638126,0
79516,5846899.1525675645,0
79517,5844707.668526369,0
79518,5842518.683434628,0
79519,5840332.197665317,0
79520,5838148.216911589,0
79521,5835966.744169351,0
79522,5833787.783465485,0
79523,5831611.33382379,0
79524,5829437.402931034,0
79525,5827265.995268562,0
79526,5825097.108377202,0
79527,5822930.753593021,0
79528,5820766.929968855,0
79529,5818605.6399300415,0
79530,5816446.890117648,0
79531,5814290.680777699,0
79532,5812137.018478081,0
79533,5809985.905847965,0
79534,5807837.3439677255,0
79535,5805691.340091568,0
79536,5803547.894117195,0
79537,5801407.011272194,0
79538,5799268.693835446,0
79539,5797132.948679693,0
79540,5794999.774663211,0
79541,5792869.177736179,0
79542,5790741.16135543,0
79543,5788615.728267145,0
79544,5786492.884366788,0
79545,5784372.629466946,0
79546,5782254.967423573,0
79547,5780139.905088692,0
79548,5778027.4428190775,0
79549,5775917.588617397,0
79550,5773810.336965457,0
79551,5771705.701107216,0
79552,5769603.68039584,0
79553,5767504.274443777,0
79554,5765407.490894287,0
79555,5763313.3382495595,0
79556,5761221.809420371,0
79557,5759132.9150246605,0
79558,5757046.659355491,0
79559,5754963.037723586,0
79560,5752882.0649938015,0
79561,5750803.734456043,0
79562,5748728.054037075,0
79563,5746655.031577747,0
79564,5744584.66034426,0
79565,5742516.955056835,0
79566,5740451.910086824,0
79567,5738389.535631776,0
79568,5736329.832024739,0
79569,5734272.80175774,0
79570,5732218.44970137,0
79571,5730166.780323993,0
79572,5728117.794312423,0
79573,5726071.497784454,0
79574,5724027.89418019,0
79575,5721986.984849277,0
79576,5719948.777228497,0
79577,5717913.270048004,0
79578,5715880.47058039,0
79579,5713850.379369916,0
79580,5711823.003044611,0
79581,5709798.343046338,0
79582,5707776.40055696,0
79583,5705757.185192825,0
79584,5703740.697579477,0
79585,5701726.940421338,0
79586,5699715.918698814,0
79587,5697707.632730762,0
79588,5695702.089162693,0
79589,5693699.291580454,0
79590,5691699.241379247,0
79591,5689701.941053062,0
79592,5687707.400976647,0
79593,5685715.616684521,0
79594,5683726.59558531,0
79595,5681740.341544367,0
79596,5679756.856698168,0
79597,5677776.146231995,0
79598,5675798.211589666,0
79599,5673823.058838863,0
79600,5671850.689349117,0
79601,5669881.104241993,0
79602,5667914.311535835,0
79603,5665950.316173117,0
79604,5663989.117146455,0
79605,5662030.718847066,0
79606,5660075.124289747,0
79607,5658122.34103573,0
79608,5656172.370150539,0
79609,5654225.213276971,0
79610,5652280.876038233,0
79611,5650339.365115943,0
79612,5648400.674239507,0
79613,5646464.818585689,0
79614,5644531.793344072,0
79615,5642601.606044883,0
79616,5640674.2595734615,0
79617,5638749.754780493,0
79618,5636828.09977947,0
79619,5634909.296279474,0
79620,5632993.344344577,0
79621,5631080.256431722,0
79622,5629170.0252296645,0
79623,5627262.659789003,0
79624,5625358.1662699515,0
79625,5623456.542083412,0
79626,5621557.793998991,0
79627,5619661.927850536,0
79628,5617768.939761893,0
79629,5615878.844230683,0
79630,5613991.636929008,0
79631,5612107.320219994,0
79632,5610225.902374819,0
79633,5608347.387395551,0
79634,5606471.773866189,0
79635,5604599.0721590305,0
79636,5602729.27608878,0
79637,5600862.398014747,0
79638,5598998.438745531,0
79639,5597137.398387509,0
79640,5595279.287756028,0
79641,5593424.105356885,0
79642,5591571.853289627,0
79643,5589722.537489705,0
79644,5587876.163145068,0
79645,5586032.729821718,0
79646,5584192.246359136,0
79647,5582354.712970282,0
79648,5580520.130282521,0
79649,5578688.508029004,0
79650,5576859.8431860935,0
79651,5575034.148340924,0
79652,5573211.417379076,0
79653,5571391.6570731355,0
79654,5569574.87262873,0
79655,5567761.068436431,0
79656,5565950.246362388,0
79657,5564142.409981678,0
79658,5562337.558815825,0
79659,5560535.706912483,0
79660,5558736.847029943,0
79661,5556940.986495106,0
79662,5555148.129347801,0
79663,5553358.283158617,0
79664,5551571.444783535,0
79665,5549787.619439701,0
79666,5548006.813941444,0
79667,5546229.029047797,0
79668,5544454.265139816,0
79669,5542682.53138778,0
79670,5540913.8320443025,0
79671,5539148.1634250535,0
79672,5537385.536275151,0
79673,5535625.949156238,0
79674,5533869.410753948,0
79675,5532115.917445854,0
79676,5530365.480661932,0
79677,5528618.098911346,0
79678,5526873.776324856,0
79679,5525132.517076981,0
79680,5523394.327545575,0
79681,5521659.204952656,0
79682,5519927.155539284,0
79683,5518198.184167108,0
79684,5516472.298077313,0
79685,5514749.490636294,0
79686,5513029.7745167855,0
79687,5511313.148880671,0
79688,5509599.618360782,0
79689,5507889.18413481,0
79690,5506181.85519323,0
79691,5504477.630724259,0
79692,5502776.514866976,0
79693,5501078.512309685,0
79694,5499383.62442592,0
79695,5497691.856868604,0
79696,5496003.210984611,0
79697,5494317.694947879,0
79698,5492635.304604969,0
79699,5490956.050370389,0
79700,5489279.932291332,0
79701,5487606.955247591,0
79702,5485937.122593128,0
79703,5484270.434615874,0
79704,5482606.901304649,0
79705,5480946.520685087,0
79706,5479289.297523851,0
79707,5477635.236399048,0
79708,5475984.338741567,0
79709,5474336.611667827,0
79710,5472692.054076731,0
79711,5471050.674999523,0
79712,5469412.473386734,0
79713,5467777.452493853,0
79714,5466145.620406947,0
79715,5464516.97677483,0
79716,5462891.5239582695,0
79717,5461269.268096559,0
79718,5459650.211586956,0
79719,5458034.359610482,0
79720,5456421.711928789,0
79721,5454812.274280474,0
79722,5453206.05551965,0
79723,5451603.049106982,0
79724,5450003.261667233,0
79725,5448406.699808449,0
79726,5446813.367168631,0
79727,5445223.263703846,0
79728,5443636.395249994,0
79729,5442052.762556182,0
79730,5440472.373610053,0
79731,5438895.226350589,0
79732,5437321.329879941,0
79733,5435750.682010112,0
79734,5434183.28971191,0
79735,5432619.156879247,0
79736,5431058.2863090895,0
79737,5429500.679562005,0
79738,5427946.341392372,0
79739,5426395.274429931,0
79740,5424847.484971536,0
79741,5423302.972779571,0
79742,5421761.743414681,0
79743,5420223.801424411,0
79744,5418689.145085158,0
79745,5417157.782947183,0
79746,5415629.71790697,0
79747,5414104.949807673,0
79748,5412583.486011397,0
79749,5411065.330443333,0
79750,5409550.479810334,0
79751,5408038.945015534,0
79752,5406530.727511304,0
79753,5405025.825535517,0
79754,5403524.249271133,0
79755,5402025.9989237385,0
79756,5400531.077986408,0
79757,5399039.491352611,0
79758,5397551.240553297,0
79759,5396066.329289804,0
79760,5394584.763836262,0
79761,5393106.540697419,0
79762,5391631.672084043,0
79763,5390160.154794325,0
79764,5388691.993821162,0
79765,5387227.19540643,0
79766,5385765.757183605,0
79767,5384307.688064805,0
79768,5382852.989660285,0
79769,5381401.6610037675,0
79770,5379953.714880654,0
79771,5378509.144856371,0
79772,5377067.9592236,0
79773,5375630.159675294,0
79774,5374195.752877533,0
79775,5372764.738080338,0
79776,5371337.1207285505,0
79777,5369912.902016,0
79778,5368492.087306505,0
79779,5367074.681197036,0
79780,5365660.68302154,0
79781,5364250.10023951,0
79782,5362842.931562408,0
79783,5361439.186267743,0
79784,5360038.863161292,0
79785,5358641.964311887,0
79786,5357248.498532843,0
79787,5355858.463826918,0
79788,5354471.86576493,0
79789,5353088.707513855,0
79790,5351708.992100624,0
79791,5350332.725250038,0
79792,5348959.906012999,0
79793,5347590.5377579015,0
79794,5346224.628786081,0
79795,5344862.177063164,0
79796,5343503.190149313,0
79797,5342147.668060768,0
79798,5340795.612471346,0
79799,5339447.033001788,0
79800,5338101.928125312,0
79801,5336760.301206932,0
79802,5335422.158343048,0
79803,5334087.495685812,0
79804,5332756.327791002,0
79805,5331428.64642546,0
79806,5330104.460949369,0
79807,5328783.777317411,0
79808,5327466.592103513,0
79809,5326152.912082716,0
79810,5324842.740001464,0
79811,5323536.078441182,0
79812,5322232.929884457,0
79813,5320933.301048845,0
79814,5319637.188521993,0
79815,5318344.60440306,0
79816,5317055.546416525,0
79817,5315770.016362188,0
79818,5314488.020080268,0
79819,5313209.559965059,0
79820,5311934.640416106,0
79821,5310663.262181014,0
79822,5309395.431261477,0
79823,5308131.147211405,0
79824,5306870.418414422,0
79825,5305613.241789654,0
79826,5304359.625735012,0
79827,5303109.567664276,0
79828,5301863.077977681,0
79829,5300620.151876183,0
79830,5299380.801050207,0
79831,5298145.021304369,0
79832,5296912.819638479,0
79833,5295684.198452747,0
79834,5294459.159868277,0
79835,5293237.707650581,0
79836,5292019.844219809,0
79837,5290805.573912934,0
79838,5289594.898173387,0
79839,5288387.821364943,0
79840,5287184.347443494,0
79841,5285984.475112103,0
79842,5284788.215424085,0
79843,5283595.564438866,0
79844,5282406.526613621,0
79845,5281221.104707,0
79846,5280039.302532227,0
79847,5278861.127455421,0
79848,5277686.574220453,0
79849,5276515.650938287,0
79850,5275348.362411249,0
79851,5274184.704374277,0
79852,5273024.68785792,0
79853,5271868.313138202,0
79854,5270715.578049675,0
79855,5269566.492020099,0
79856,5268421.057957236,0
79857,5267279.275113923,0
79858,5266141.146411211,0
79859,5265006.680314291,0
79860,5263875.875505678,0
79861,5262748.7346218955,0
79862,5261625.259634977,0
79863,5260505.45778869,0
79864,5259389.328895925,0
79865,5258276.877020385,0
79866,5257168.103105634,0
79867,5256063.01412466,0
79868,5254961.60709853,0
79869,5253863.891884884,0
79870,5252769.864562594,0
79871,5251679.532318316,0
79872,5250592.900243057,0
79873,5249509.967975745,0
79874,5248430.733480886,0
79875,5247355.206719116,0
79876,5246283.390437449,0
79877,5245215.282382833,0
79878,5244150.88891956,0
79879,5243090.216562814,0
79880,5242033.262037346,0
79881,5240980.028243021,0
79882,5239930.521663207,0
79883,5238884.74241352,0
79884,5237842.695790814,0
79885,5236804.383184189,0
79886,5235769.806904683,0
79887,5234738.970488775,0
79888,5233711.873400597,0
79889,5232688.528083533,0
79890,5231668.926044592,0
79891,5230653.078158949,0
79892,5229640.98268455,0
79893,5228632.64253252,0
79894,5227628.060333513,0
79895,5226627.242076803,0
79896,5225630.188943815,0
79897,5224636.903377192,0
79898,5223647.387182414,0
79899,5222661.643094234,0
79900,5221679.67392101,0
79901,5220701.486534615,0
79902,5219727.076845576,0
79903,5218756.451724448,0
79904,5217789.613324549,0
79905,5216826.563108701,0
79906,5215867.308365317,0
79907,5214911.844269256,0
79908,5213960.177997078,0
79909,5213012.313422621,0
79910,5212068.250218633,0
79911,5211127.989456444,0
79912,5210191.542284343,0
79913,5209258.902924994,0
79914,5208330.07383253,0
79915,5207405.062678486,0
79916,5206483.871840831,0
79917,5205566.496273493,0
79918,5204652.948278471,0
79919,5203743.226927448,0
79920,5202837.333742387,0
79921,5201935.270167233,0
79922,5201037.040712288,0
79923,5200142.650642338,0
79924,5199252.096168801,0
79925,5198365.3845493905,0
79926,5197482.517946661,0
79927,5196603.49762982,0
79928,5195728.324643446,0
79929,5194857.004860689,0
79930,5193989.539626057,0
79931,5193125.929281534,0
79932,5192266.179123799,0
79933,5191410.291202685,0
79934,5190558.2667727005,0
79935,5189710.109435574,0
79936,5188865.824758271,0
79937,5188025.405308515,0
79938,5187188.864253877,0
79939,5186356.198242856,0
79940,5185527.4127366925,0
79941,5184702.506615756,0
79942,5183881.486581674,0
79943,5183064.350067674,0
79944,5182251.104168411,0
79945,5181441.749532403,0
79946,5180636.287372737,0
79947,5179834.722019689,0
79948,5179037.054408805,0
79949,5178243.286035251,0
79950,5177453.424600245,0
79951,5176667.46682306,0
79952,5175885.415106865,0
79953,5175107.274749778,0
79954,5174333.047434283,0
79955,5173562.736071772,0
79956,5172796.337949868,0
79957,5172033.862404821,0
79958,5171275.306903303,0
79959,5170520.677019951,0
79960,5169769.9708318645,0
79961,5169023.198214147,0
79962,5168280.351998729,0
