epoch,phase
53491,54593129.94995663
53492,54591931.53909357
53493,54590732.96756094
53494,54589534.238161504
53495,54588335.347497866
53496,54587136.29669746
53497,54585937.08505185
53498,54584737.71323772
53499,54583538.182467595
53500,54582338.491632745
53501,54581138.645749405
53502,54579938.63631465
53503,54578738.467839375
53504,54577538.13929483
53505,54576337.6539438
53506,54575137.00828628
53507,54573936.20754198
53508,54572735.2440047
53509,54571534.12064988
53510,54570332.84359288
53511,54569131.402750015
53512,54567929.80694543
53513,54566728.05177864
53514,54565526.13796814
53515,54564324.066295326
53516,54563121.83716741
53517,54561919.44948432
53518,54560716.90483739
53519,54559514.201991454
53520,54558311.34068042
53521,54557108.324292734
53522,54555905.146923386
53523,54554701.81539892
53524,54553498.32469421
53525,54552294.67706331
53526,54551090.87352468
53527,54549886.912079394
53528,54548682.79550266
53529,54547478.5201159
53530,54546274.09030624
53531,54545069.500169486
53532,54543864.75466247
53533,54542659.8566443
53534,54541454.80111142
53535,54540249.5868631
53536,54539044.21636093
53537,54537838.69125022
53538,54536633.01340675
53539,54535427.17434457
53540,54534221.18138455
53541,54533015.03569513
53542,54531808.730989665
53543,54530602.27036594
53544,54529395.660454005
53545,54528188.88975202
53546,54526981.963368386
53547,54525774.88700143
53548,54524567.65039379
53549,54523360.26137719
53550,54522152.717941985
53551,54520945.02252381
53552,54519737.169879645
53553,54518529.160132796
53554,54517321.00092667
53555,54516112.68126543
53556,54514904.21468614
53557,54513695.591341406
53558,54512486.81377161
53559,54511277.88080999
53560,54510068.796044305
53561,54508859.55588068
53562,54507650.16421421
53563,54506440.61818504
53564,54505230.918953866
53565,54504021.06789994
53566,54502811.06143054
53567,54501600.90431693
53568,54500390.59133498
53569,54499180.12889384
53570,54497969.51079479
53571,54496758.7396926
53572,54495547.817609794
53573,54494336.74179222
53574,54493125.51562786
53575,54491914.13505624
53576,54490702.60577312
53577,54489490.92043329
53578,54488279.08549399
53579,54487067.095343076
53580,54485854.95806504
53581,54484642.666987345
53582,54483430.22572299
53583,54482217.63128107
53584,54481004.886344075
53585,54479791.989043504
53586,54478578.94191165
53587,54477365.74208277
53588,54476152.390269525
53589,54474938.89063433
53590,54473725.23895876
53591,54472511.43329647
53592,54471297.482497655
53593,54470083.38199413
53594,54468869.12569889
53595,54467654.72156924
53596,54466440.164974675
53597,54465225.46115871
53598,54464010.60831495
53599,54462795.60275947
53600,54461580.44767507
53601,54460365.14590445
53602,54459149.6900896
53603,54457934.086131275
53604,54456718.33466913
53605,54455502.43166238
53606,54454286.380259156
53607,54453070.18045897
53608,54451853.83026503
53609,54450637.33067123
53610,54449420.68546448
53611,54448203.889575064
53612,54446986.94359441
53613,54445769.8510309
53614,54444552.60813461
53615,54443335.21631059
53616,54442117.68055545
53617,54440899.99281702
53618,54439682.158240214
53619,54438464.17516896
53620,54437246.04439004
53621,54436027.766217455
53622,54434809.34004509
53623,54433590.76735769
53624,54432372.04524166
53625,54431153.177285634
53626,54429934.16161519
53627,54428714.99528642
53628,54427495.687851965
53629,54426276.22989089
53630,54425056.625470914
53631,54423836.874896206
53632,54422616.97584254
53633,54421396.9322844
53634,54420176.7396695
53635,54418956.40192884
53636,54417735.92015153
53637,54416515.28959185
53638,54415294.513559595
53639,54414073.59062295
53640,54412852.52372396
53641,54411631.308969885
53642,54410409.94966154
53643,54409188.443878934
53644,54407966.7926639
53645,54406744.99689924
53646,54405523.05656931
53647,54404300.96792258
53648,54403078.73611225
53649,54401856.35874583
53650,54400633.83617173
53651,54399411.17095904
53652,54398188.35650931
53653,54396965.40124418
53654,54395742.29935918
53655,54394519.055154786
53656,54393295.66471523
53657,54392072.13146345
53658,54390848.452518836
53659,54389624.62926936
53660,54388400.66333319
53661,54387176.55292041
53662,54385952.29685989
53663,54384727.90052233
53664,54383503.35840947
53665,54382278.673448086
53666,54381053.84397803
53667,54379828.87163594
53668,54378603.75633563
53669,54377378.49571316
53670,54376153.09713288
53671,54374927.5560686
53672,54373701.86740237
53673,54372476.03710969
53674,54371250.06532134
53675,54370023.94912431
53676,54368797.69156857
53677,54367571.29189564
53678,54366344.74942167
53679,54365118.065319344
53680,54363891.23971332
53681,54362664.2715875
53682,54361437.16277814
53683,54360209.91063762
53684,54358982.51461774
53685,54357754.980725594
53686,54356527.30335471
53687,54355299.483913034
53688,54354071.52738744
53689,54352843.42747126
53690,54351615.1854713
53691,54350386.80335206
53692,54349158.279202
53693,54347929.61433408
53694,54346700.81012057
53695,54345471.86637988
53696,54344242.77940415
53697,54343013.55111927
53698,54341784.18606974
53699,54340554.68029937
53700,54339325.03275629
53701,54338095.246231675
53702,54336865.316483915
53703,54335635.251300596
53704,54334405.04430082
53705,54333174.69908736
53706,54331944.21195273
53707,54330713.586808026
53708,54329482.82320464
53709,54328251.91857656
53710,54327020.87690298
53711,54325789.69270137
53712,54324558.375062056
53713,54323326.91139287
53714,54322095.31661759
53715,54320863.57800693
53716,54319631.70145058
53717,54318399.68891674
53718,54317167.53711048
53719,54315935.24659008
53720,54314702.81758978
53721,54313470.24856076
53722,54312237.54459913
53723,54311004.69970833
53724,54309771.720871836
53725,54308538.60274802
53726,54307305.34606041
53727,54306071.95113088
53728,54304838.4215062
53729,54303604.75584042
53730,54302370.94895381
53731,54301137.00560155
53732,54299902.9264413
53733,54298668.71058723
53734,54297434.35544059
53735,54296199.8655618
53736,54294965.23977125
53737,54293730.47692077
53738,54292495.579724014
53739,54291260.542169064
53740,54290025.36951735
53741,54288790.061891176
53742,54287554.61557183
53743,54286319.03651331
53744,54285083.32064542
53745,54283847.4686027
53746,54282611.48343698
53747,54281375.35988882
53748,54280139.0995885
53749,54278902.70574357
53750,54277666.17670055
53751,54276429.51355806
53752,54275192.71466204
53753,54273955.7806245
53754,54272718.710066825
53755,54271481.50699923
53756,54270244.16853862
53757,54269006.6966259
53758,54267769.08855228
53759,54266531.344303586
53760,54265293.46752462
53761,54264055.45877269
53762,54262817.31362462
53763,54261579.034678906
53764,54260340.62235841
53765,54259102.07736328
53766,54257863.395239994
53767,54256624.58493996
53768,54255385.63520714
53769,54254146.55597237
53770,54252907.34076512
53771,54251667.99278641
53772,54250428.51390247
53773,54249188.89950839
53774,54247949.1546908
53775,54246709.275464095
53776,54245469.263001606
53777,54244229.11941296
53778,54242988.843321025
53779,54241748.432745345
53780,54240507.89034927
53781,54239267.21744674
53782,54238026.4113008
53783,54236785.47232727
53784,54235544.403776065
53785,54234303.20002799
53786,54233061.86797193
53787,54231820.400314234
53788,54230578.804729894
53789,54229337.07509279
53790,54228095.215633765
53791,54226853.222108215
53792,54225611.10388589
53793,54224368.8485274
53794,54223126.46472809
53795,54221883.946939066
53796,54220641.3022953
53797,54219398.52504983
53798,54218155.616672695
53799,54216912.58100918
53800,54215669.41145326
53801,54214426.11252245
53802,54213182.68425448
53803,54211939.12370863
53804,54210695.435635634
53805,54209451.61655001
53806,54208207.66775089
53807,54206963.590069376
53808,54205719.38040828
53809,54204475.042555824
53810,54203230.575283796
53811,54201985.978711054
53812,54200741.25469108
53813,54199496.39859021
53814,54198251.41570305
53815,54197006.30201481
53816,54195761.05907433
53817,54194515.68788421
53818,54193270.18871695
53819,54192024.56148792
53820,54190778.80713725
53821,54189532.92278301
53822,54188286.90866272
53823,54187040.76840404
53824,54185794.4977463
53825,54184548.10051131
53826,54183301.576858446
53827,54182054.92341007
53828,54180808.14343798
53829,54179561.23461792
53830,54178314.19855192
53831,54177067.035667546
53832,54175819.7458387
53833,54174572.32820897
53834,54173324.78236088
53835,54172077.111477874
53836,54170829.31146583
53837,54169581.38720107
53838,54168333.33446708
53839,54167085.15355042
53840,54165836.853482485
53841,54164588.41874102
53842,54163339.86047441
53843,54162091.17869948
53844,54160842.36542079
53845,54159593.428609975
53846,54158344.367373735
53847,54157095.17874806
53848,54155845.86451058
53849,54154596.42447947
53850,54153346.85989189
53851,54152097.17093439
53852,54150847.351535305
53853,54149597.41256213
53854,54148347.34665522
53855,54147097.1528167
53856,54145846.83715882
53857,54144596.39511512
53858,54143345.82718443
53859,54142095.13909823
53860,54140844.322295755
53861,54139593.381623454
53862,54138342.31610621
53863,54137091.12932862
53864,54135839.815932974
53865,54134588.37924992
53866,54133336.818049684
53867,54132085.131615415
53868,54130833.32012368
53869,54129581.390826225
53870,54128329.33452608
53871,54127077.1551055
53872,54125824.85326623
53873,54124572.425171375
53874,54123319.87614636
53875,54122067.20292333
53876,54120814.405209534
53877,54119561.48640477
53878,54118308.447098464
53879,54117055.28056155
53880,54115801.99464934
53881,54114548.583535284
53882,54113295.05312145
53883,54112041.39807174
53884,54110787.620706186
53885,54109533.722677544
53886,54108279.70120168
53887,54107025.55717161
53888,54105771.292975456
53889,54104516.90691678
53890,54103262.398950905
53891,54102007.76771824
53892,54100753.01814217
53893,54099498.14272179
53894,54098243.1477187
53895,54096988.0324692
53896,54095732.79736729
53897,54094477.439875335
53898,54093221.96156089
53899,54091966.3615219
53900,54090710.644449875
53901,54089454.803145565
53902,54088198.83937393
53903,54086942.7588698
53904,54085686.55714122
53905,54084430.23566126
53906,54083173.79119542
53907,54081917.22870654
53908,54080660.54695667
53909,54079403.74758528
53910,54078146.82357946
53911,54076889.78353989
53912,54075632.62225838
53913,54074375.340965845
53914,54073117.94208346
53915,54071860.42087032
53916,54070602.78329628
53917,54069345.02414574
53918,54068087.15007649
53919,54066829.15392122
53920,54065571.04285331
53921,54064312.80798383
53922,54063054.457414925
53923,54061795.987424195
53924,54060537.39847171
53925,54059278.693018325
53926,54058019.86733185
53927,54056760.92493932
53928,54055501.8659758
53929,54054242.68505004
53930,54052983.38775258
53931,54051723.97327453
53932,54050464.44197732
53933,54049204.79272844
53934,54047945.02579085
53935,54046685.1399364
53936,54045425.1378046
53937,54044165.020508885
53938,54042904.785902224
53939,54041644.43332579
53940,54040383.96428611
53941,54039123.378010154
53942,54037862.67430649
53943,54036601.85438424
53944,54035340.9200616
53945,54034079.86753574
53946,54032818.697715595
53947,54031557.41475962
53948,54030296.014341414
53949,54029034.49744365
53950,54027772.86500535
53951,54026511.114890575
53952,54025249.2524036
53953,54023987.27171156
53954,54022725.17873548
53955,54021462.9670064
53956,54020200.640660286
53957,54018938.20085949
53958,54017675.64243965
53959,54016412.97228639
53960,54015150.18784475
53961,54013887.28547621
53962,54012624.26914537
53963,54011361.13842873
53964,54010097.89290524
53965,54008834.534325965
53966,54007571.06020237
53967,54006307.47295701
53968,54005043.77110003
53969,54003779.956175596
53970,54002516.02480511
53971,54001251.98079092
53972,53999987.82469217
53973,53998723.553259194
53974,53997459.16751343
53975,53996194.67008564
53976,53994930.057580665
53977,53993665.33271416
53978,53992400.49638921
53979,53991135.54352549
53980,53989870.479102045
53981,53988605.30248352
53982,53987340.010667875
53983,53986074.60993928
53984,53984809.09523901
53985,53983543.46934239
53986,53982277.72742632
53987,53981011.87543767
53988,53979745.910801455
53989,53978479.836064965
53990,53977213.64612302
53991,53975947.34307255
53992,53974680.933331735
53993,53973414.40700911
53994,53972147.77152088
53995,53970881.02356084
53996,53969614.16793111
53997,53968347.19720209
53998,53967080.1159087
53999,53965812.92322808
54000,53964545.619345546
54001,53963278.203842744
54002,53962010.67901772
54003,53960743.04218274
54004,53959475.295069836
54005,53958207.43793404
54006,53956939.47310987
54007,53955671.39217895
54008,53954403.205088496
54009,53953134.90750881
54010,53951866.497470275
54011,53950597.977170035
54012,53949329.34859702
54013,53948060.61103167
54014,53946791.76504893
54015,53945522.80649171
54016,53944253.73837405
54017,53942984.560992196
54018,53941715.27562101
54019,53940445.88025881
54020,53939176.375959754
54021,53937906.76158454
54022,53936637.039321154
54023,53935367.20946838
54024,53934097.26816948
54025,53932827.22025543
54026,53931557.06391989
54027,53930286.7987856
54028,53929016.425786436
54029,53927745.941381335
54030,53926475.35119239
54031,53925204.65549749
54032,53923933.849653736
54033,53922662.932853
54034,53921391.91120194
54035,53920120.78306949
54036,53918849.54547262
54037,53917578.20090002
54038,53916306.74809861
54039,53915035.19034728
54040,53913763.52294779
54041,53912491.74937777
54042,53911219.86798143
54043,53909947.88246727
54044,53908675.78707269
54045,53907403.586438335
54046,53906131.28011048
54047,53904858.86379522
54048,53903586.344257444
54049,53902313.715965085
54050,53901040.98395221
54051,53899768.14658661
54052,53898495.19854595
54053,53897222.14917475
54054,53895948.993553534
54055,53894675.729765326
54056,53893402.3602514
54057,53892128.88579057
54058,53890855.30558465
54059,53889581.62432982
54060,53888307.83233755
54061,53887033.93578149
54062,53885759.93631782
54063,53884485.83104327
54064,53883211.62153193
54065,53881937.30954074
54066,53880662.88851674
54067,53879388.36393194
54068,53878113.73600778
54069,53876839.00361203
54070,53875564.16497576
54071,53874289.22435622
54072,53873014.176635966
54073,53871739.02676639
54074,53870463.77303697
54075,53869188.41698541
54076,53867912.9529642
54077,53866637.392197534
54078,53865361.7221304
54079,53864085.95177044
54080,53862810.074537575
54081,53861534.09878737
54082,53860258.017663576
54083,53858981.83194244
54084,53857705.54497665
54085,53856429.15317882
54086,53855152.66124997
54087,53853876.066515595
54088,53852599.367015034
54089,53851322.56815128
54090,53850045.66177706
54091,53848768.65789173
54092,53847491.54878041
54093,53846214.34141639
54094,53844937.02929953
54095,53843659.615859
54096,53842382.1015035
54097,53841104.483510986
54098,53839826.76803155
54099,53838548.94595867
54100,53837271.02369693
54101,53835993.00019668
54102,53834714.87594921
54103,53833436.652165785
54104,53832158.32504763
54105,53830879.899483286
54106,53829601.370497495
54107,53828322.741853595
54108,53827044.01276152
54109,53825765.182667114
54110,53824486.25282269
54111,53823207.22399188
54112,53821928.09158665
54113,53820648.860435516
54114,53819369.52970467
54115,53818090.09775002
54116,53816810.565967344
54117,53815530.93321222
54118,53814251.20380486
54119,53812971.37664832
54120,53811691.44683038
54121,53810411.417487524
54122,53809131.2918807
54123,53807851.06217221
54124,53806570.73343417
54125,53805290.31113345
54126,53804009.78722473
54127,53802729.16365467
54128,53801448.44226733
54129,53800167.61887011
54130,53798886.70174363
54131,53797605.68341163
54132,53796324.569028415
54133,53795043.356056444
54134,53793762.04206209
54135,53792480.632935405
54136,53791199.12331656
54137,53789917.51823656
54138,53788635.81404891
54139,53787354.0150173
54140,53786072.113229945
54141,53784790.118027955
54142,53783508.0255716
54143,53782225.831248626
54144,53780943.54544105
54145,53779661.15985818
54146,53778378.67682034
54147,53777096.0995854
54148,53775813.42416248
54149,53774530.650487304
54150,53773247.78031707
54151,53771964.813449256
54152,53770681.75295246
54153,53769398.594185166
54154,53768115.3395984
54155,53766831.98842929
54156,53765548.541554555
54157,53764264.99945612
54158,53762981.35965407
54159,53761697.62764672
54160,53760413.79593477
54161,53759129.87135672
54162,53757845.85002196
54163,53756561.734749034
54164,53755277.523194
54165,53753993.21644847
54166,53752708.81305468
54167,53751424.3173486
54168,53750139.72759216
54169,53748855.03932436
54170,53747570.25971535
54171,53746285.38307531
54172,53745000.41271068
54173,53743715.34875368
54174,53742430.18898929
54175,53741144.937779486
54176,53739859.58898359
54177,53738574.1493449
54178,53737288.61491544
54179,53736002.985496
54180,53734717.262018606
54181,53733431.446670584
54182,53732145.53612387
54183,53730859.533591904
54184,53729573.43689306
54185,53728287.247032166
54186,53727000.96566102
54187,53725714.59020741
54188,53724428.12152171
54189,53723141.55910347
54190,53721854.905967355
54191,53720568.15679811
54192,53719281.31917286
54193,53717994.38674185
54194,53716707.36144456
54195,53715420.24492407
54196,53714133.03685339
54197,53712845.73551078
54198,53711558.34215396
54199,53710270.85659347
54200,53708983.279474296
54201,53707695.61216135
54202,53706407.85095866
54203,53705120.00137667
54204,53703832.055998996
54205,53702544.02389251
54206,53701255.897900164
54207,53699967.68120425
54208,53698679.37380493
54209,53697390.97270405
54210,53696102.48581224
54211,53694813.90531314
54212,53693525.2346073
54213,53692236.47731547
54214,53690947.62108436
54215,53689658.68079069
54216,53688369.647258624
54217,53687080.52463594
54218,53685791.31162548
54219,53684502.01155077
54220,53683212.61919899
54221,53681923.13516423
54222,53680633.56480023
54223,53679343.901365444
54224,53678054.15101876
54225,53676764.311718695
54226,53675474.38035553
54227,53674184.361727476
54228,53672894.25449015
54229,53671604.057486504
54230,53670313.77043499
54231,53669023.39898676
54232,53667732.93242267
54233,53666442.382100016
54234,53665151.741087735
54235,53663861.01059084
54236,53662570.19441933
54237,53661279.28742668
54238,53659988.29449648
54239,53658697.213351004
54240,53657406.04210882
54241,53656114.78535321
54242,53654823.43887077
54243,53653532.00645364
54244,53652240.48563732
54245,53650948.8769355
54246,53649657.179855265
54247,53648365.399561256
54248,53647073.5306697
54249,53645781.57161856
54250,53644489.526662275
54251,53643197.396372154
54252,53641905.179386996
54253,53640612.87488133
54254,53639320.48325397
54255,53638028.00500336
54256,53636735.44102053
54257,53635442.789917484
54258,53634150.052059785
54259,53632857.22971223
54260,53631564.32079695
54261,53630271.326491326
54262,53628978.24365924
54263,53627685.07940003
54264,53626391.82467875
54265,53625098.489338465
54266,53623805.066860795
54267,53622511.55797374
54268,53621217.96229094
54269,53619924.284733474
54270,53618630.52064867
54271,53617336.6724914
54272,53616042.737095244
54273,53614748.718897775
54274,53613454.61387056
54275,53612160.42528126
54276,53610866.15430848
54277,53609571.797214195
54278,53608277.35426897
54279,53606982.82803325
54280,53605688.21957684
54281,53604393.52566947
54282,53603098.7480908
54283,53601803.887128845
54284,53600508.941908404
54285,53599213.91187003
54286,53597918.79829122
54287,53596623.60252254
54288,53595328.32324619
54289,53594032.96104594
54290,53592737.51479897
54291,53591441.986136004
54292,53590146.3745372
54293,53588850.67901395
54294,53587554.902379274
54295,53586259.04358736
54296,53584963.09869321
54297,53583667.07277183
54298,53582370.965942696
54299,53581074.774708
54300,53579778.50300291
54301,53578482.14799458
54302,53577185.711097196
54303,53575889.1928493
54304,53574592.592790216
54305,53573295.910390355
54306,53571999.14904536
54307,53570702.30298139
54308,53569405.37681984
54309,53568108.36648774
54310,53566811.27825577
54311,53565514.10850364
54312,53564216.858198576
54313,53562919.5232767
54314,53561622.10934432
54315,53560324.616635665
54316,53559027.04089439
54317,53557729.38780126
54318,53556431.65066442
54319,53555133.83345889
54320,53553835.93677463
54321,53552537.96002981
54322,53551239.901312366
54323,53549941.76613678
54324,53548643.548638165
54325,53547345.25295632
54326,53546046.87488788
54327,53544748.42028896
54328,53543449.88442477
54329,53542151.26886678
54330,53540852.57543138
54331,53539553.798504315
54332,53538254.94788056
54333,53536956.01537121
54334,53535657.00434825
54335,53534357.91356944
54336,53533058.74447844
54337,53531759.49945061
54338,53530460.17341539
54339,53529160.76999909
54340,53527861.287336126
54341,53526561.72269285
54342,53525262.084744535
54343,53523962.36769381
54344,53522662.57293023
54345,53521362.69999671
54346,53520062.7463144
54347,53518762.71784341
54348,53517462.61315888
54349,53516162.425976634
54350,53514862.16498829
54351,53513561.82756644
54352,53512261.41299099
54353,53510960.915907115
54354,53509660.34722604
54355,53508359.70033334
54356,53507058.97698676
54357,53505758.174922496
54358,53504457.29490912
54359,53503156.34115134
54360,53501855.31300258
54361,53500554.204866245
54362,53499253.01979304
54363,53497951.76169799
54364,53496650.42568532
54365,53495349.01104072
54366,53494047.5236714
54367,53492745.96249123
54368,53491444.32489468
54369,53490142.60816632
54370,53488840.81495622
54371,53487538.94985138
54372,53486237.010798
54373,53484934.99436102
54374,53483632.90172689
54375,53482330.73466817
54376,53481028.49420822
54377,53479726.17790808
54378,53478423.78610787
54379,53477121.31838775
54380,53475818.77958098
54381,53474516.1631763
54382,53473213.47337806
54383,53471910.70948726
54384,53470607.872090474
54385,53469304.96046958
54386,53468001.971692085
54387,53466698.91287422
54388,53465395.77921033
54389,53464092.573043026
54390,53462789.289839745
54391,53461485.935534835
54392,53460182.50838953
54393,53458879.00598352
54394,53457575.43258612
54395,53456271.78285214
54396,53454968.063769996
54397,53453664.269865006
54398,53452360.40130136
54399,53451056.46152344
54400,53449752.44924205
54401,53448448.3644886
54402,53447144.206291005
54403,53445839.9774327
54404,53444535.67455754
54405,53443231.30102808
54406,53441926.85166081
54407,53440622.334783316
54408,53439317.74511294
54409,53438013.08065848
54410,53436708.34820028
54411,53435403.542710304
54412,53434098.66661888
54413,53432793.71589319
54414,53431488.69643316
54415,53430183.604398064
54416,53428878.44238259
54417,53427573.210645095
54418,53426267.90452647
54419,53424962.52849931
54420,53423657.0828966
54421,53422351.565744095
54422,53421045.97841331
54423,53419740.320410505
54424,53418434.59214218
54425,53417128.792841166
54426,53415822.92527108
54427,53414516.985280275
54428,53413210.97843545
54429,53411904.89809036
54430,53410598.750087366
54431,53409292.531629026
54432,53407986.241279684
54433,53406679.885200456
54434,53405373.46008435
54435,53404066.961132094
54436,53402760.39845955
54437,53401453.76184556
54438,53400147.05785939
54439,53398840.284645945
54440,53397533.44363472
54441,53396226.53308503
54442,53394919.5526678
54443,53393612.50436161
54444,53392305.38697037
54445,53390998.20440483
54446,53389690.95054024
54447,53388383.62829673
54448,53387076.23910346
54449,53385768.78213124
54450,53384461.25580111
54451,53383153.663576245
54452,53381846.00090969
54453,53380538.273351446
54454,53379230.47652289
54455,53377922.61422773
54456,53376614.68202877
54457,53375306.68415828
54458,53373998.621514104
54459,53372690.48757754
54460,53371382.28778751
54461,53370074.022069685
54462,53368765.688075595
54463,53367457.28625046
54464,53366148.81982538
54465,53364840.28540945
54466,53363531.68888382
54467,53362223.02186426
54468,53360914.290371306
54469,53359605.4925088
54470,53358296.62807153
54471,53356987.69855612
54472,53355678.70237225
54473,53354369.64058608
54474,53353060.51207777
54475,53351751.32096298
54476,53350442.06452583
54477,53349132.73888293
54478,53347823.35185513
54479,53346513.89481471
54480,53345204.37583949
54481,53343894.791788675
54482,53342585.1424568
54483,53341275.42980618
54484,53339965.64775633
54485,53338655.80618441
54486,53337345.90047522
54487,53336035.926063426
54488,53334725.890907094
54489,53333415.78976601
54490,53332105.62413235
54491,53330795.395518936
54492,53329485.102163345
54493,53328174.74331276
54494,53326864.32532778
54495,53325553.84001358
54496,53324243.2914426
54497,53322932.681918636
54498,53321622.00718205
54499,53320311.26988378
54500,53319000.467489004
54501,53317689.604357995
54502,53316378.67626533
54503,53315067.68642475
54504,53313756.63352774
54505,53312445.51606965
54506,53311134.33945207
54507,53309823.09832265
54508,53308511.794655
54509,53307200.42940621
54510,53305889.00396008
54511,53304577.509457186
54512,53303265.959153324
54513,53301954.34604168
54514,53300642.66806004
54515,53299330.931979336
54516,53298019.132533275
54517,53296707.26967965
54518,53295395.34823172
54519,53294083.36675103
54520,53292771.318227276
54521,53291459.21302268
54522,53290147.045828
54523,53288834.817511395
54524,53287522.52768509
54525,53286210.17794286
54526,53284897.76685349
54527,53283585.295988396
54528,53282272.76396689
54529,53280960.170955665
54530,53279647.51779075
54531,53278334.80276709
54532,53277022.03105606
54533,53275709.1985916
54534,53274396.302426234
54535,53273083.3493959
54536,53271770.33909216
54537,53270457.26329507
54538,53269144.132282935
54539,53267830.939921275
54540,53266517.69058083
54541,53265204.378811665
54542,53263891.0094375
54543,53262577.57971176
54544,53261264.09362784
54545,53259950.54392642
54546,53258636.939207315
54547,53257323.27556422
54548,53256009.55257885
54549,53254695.76905379
54550,53253381.92705672
54551,53252068.030085415
54552,53250754.07532291
54553,53249440.05774232
54554,53248125.985633925
54555,53246811.85387799
54556,53245497.66505483
54557,53244183.41957522
54558,53242869.11394189
54559,53241554.75353643
54560,53240240.33275492
54561,53238925.85476543
54562,53237611.32006138
54563,53236296.72876875
54564,53234982.078339696
54565,53233667.37259987
54566,53232352.61154228
54567,53231037.791969985
54568,53229722.913224354
54569,53228407.98222978
54570,53227092.99143781
54571,53225777.94454018
54572,53224462.84242366
54573,53223147.684696555
54574,53221832.46928458
54575,53220517.197732404
54576,53219201.8705589
54577,53217886.485865146
54578,53216571.048553064
54579,53215255.552818
54580,53213940.00492856
54581,53212624.39661667
54582,53211308.737863794
54583,53209993.01876311
54584,53208677.24685611
54585,53207361.41951762
54586,53206045.5363432
54587,53204729.601739675
54588,53203413.6084393
54589,53202097.56210921
54590,53200781.4615424
54591,53199465.3036408
54592,53198149.09301742
54593,53196832.82818112
54594,53195516.50736135
54595,53194200.13319956
54596,53192883.70577915
54597,53191567.22674301
54598,53190250.68945332
54599,53188934.100993946
54600,53187617.45662821
54601,53186300.758327276
54602,53184984.01022436
54603,53183667.20445193
54604,53182350.348526835
54605,53181033.438194
54606,53179716.47336134
54607,53178399.456920594
54608,53177082.385064095
54609,53175765.26654681
54610,53174448.088384494
54611,53173130.86033022
54612,53171813.57946402
54613,53170496.24484159
54614,53169178.85907374
54615,53167861.42175454
54616,53166543.9297278
54617,53165226.387759045
54618,53163908.79304852
54619,53162591.14509356
54620,53161273.44764773
54621,53159955.69510802
54622,53158637.89563529
54623,53157320.04261275
54624,53156002.13677875
54625,53154684.18079902
54626,53153366.17066085
54627,53152048.11210594
54628,53150730.00224477
54629,53149411.84101111
54630,53148093.62827648
54631,53146775.36479458
54632,53145457.05368507
54633,53144138.686725795
54634,53142820.274260364
54635,53141501.80768247
54636,53140183.29160601
54637,53138864.725887746
54638,53137546.11063006
54639,53136227.44015801
54640,53134908.726825416
54641,53133589.960400894
54642,53132271.144419186
54643,53130952.27944474
54644,53129633.36254838
54645,53128314.39713983
54646,53126995.38260971
54647,53125676.31945503
54648,53124357.208177276
54649,53123038.045975074
54650,53121718.83528072
54651,53120399.57390535
54652,53119080.265052035
54653,53117760.90945169
54654,53116441.50247047
54655,53115122.04727155
54656,53113802.54127312
54657,53112482.993237674
54658,53111163.39106762
54659,53109843.743003264
54660,53108524.04683378
54661,53107204.30208543
54662,53105884.509356275
54663,53104564.66944701
54664,53103244.78197241
54665,53101924.84657262
54666,53100604.86377923
54667,53099284.83083907
54668,53097964.75340308
54669,53096644.62954335
54670,53095324.4546843
54671,53094004.23689672
54672,53092683.96944
54673,53091363.65737191
54674,53090043.29576808
54675,53088722.88933739
54676,53087402.43587543
54677,53086081.93635988
54678,53084761.390592024
54679,53083440.79785197
54680,53082120.15797117
54681,53080799.47145629
54682,53079478.743892506
54683,53078157.96401553
54684,53076837.141296804
54685,53075516.272415906
54686,53074195.357999876
54687,53072874.39668688
54688,53071553.392369546
54689,53070232.34275228
54690,53068911.242617756
54691,53067590.103145435
54692,53066268.915361375
54693,53064947.685818866
54694,53063626.40938899
54695,53062305.086702496
54696,53060983.72073136
54697,53059662.30898144
54698,53058340.85214175
54699,53057019.35440518
54700,53055697.81026986
54701,53054376.22206068
54702,53053054.586092606
54703,53051732.91091232
54704,53050411.190427616
54705,53049089.4273669
54706,53047767.619435765
54707,53046445.76554176
54708,53045123.870662935
54709,53043801.931068525
54710,53042479.95095572
54711,53041157.92247638
54712,53039835.85312624
54713,53038513.74027754
54714,53037191.583674446
54715,53035869.3877389
54716,53034547.14547158
54717,53033224.861217245
54718,53031902.53497111
54719,53030580.163803
54720,53029257.75524588
54721,53027935.297345005
54722,53026612.804321565
54723,53025290.26369258
54724,53023967.682359636
54725,53022645.06042506
54726,53021322.394478455
54727,53019999.68898392
54728,53018676.93983705
54729,53017354.1500621
54730,53016031.318646155
54731,53014708.44421838
54732,53013385.53076719
54733,53012062.57444708
54734,53010739.57819972
54735,53009416.53833846
54736,53008093.460908085
54737,53006770.33869604
54738,53005447.17657225
54739,53004123.97560133
54740,53002800.7343912
54741,53001477.45220591
54742,53000154.1287363
54743,52998830.76593404
54744,52997507.36011699
54745,52996183.91904889
54746,52994860.43460648
54747,52993536.91015622
54748,52992213.34656251
54749,52990889.74003062
54750,52989566.09887123
54751,52988242.415897876
54752,52986918.69359955
54753,52985594.93153639
54754,52984271.12986734
54755,52982947.28932978
54756,52981623.41048254
54757,52980299.48998737
54758,52978975.533346966
54759,52977651.53593849
54760,52976327.50108605
54761,52975003.424640924
54762,52973679.31393942
54763,52972355.16338518
54764,52971030.97401787
54765,52969706.74642822
54766,52968382.4796917
54767,52967058.176546745
54768,52965733.83594768
54769,52964409.454620555
54770,52963085.038441114
54771,52961760.58285923
54772,52960436.08787663
54773,52959111.55831633
54774,52957786.98825657
54775,52956462.382970855
54776,52955137.74131726
54777,52953813.06171353
54778,52952488.34572956
54779,52951163.58986942
54780,52949838.7992219
54781,52948513.97134921
54782,52947189.10853405
54783,52945864.20694907
54784,52944539.268327855
54785,52943214.29463668
54786,52941889.28374838
54787,52940564.23777862
54788,52939239.15471314
54789,52937914.034632094
54790,52936588.88014473
54791,52935263.68943961
54792,52933938.46287644
54793,52932613.19997093
54794,52931287.90297009
54795,52929962.5687719
54796,52928637.19992976
54797,52927311.796309516
54798,52925986.35738315
54799,52924660.88388997
54800,52923335.37388305
54801,52922009.82984288
54802,52920684.25120911
54803,52919358.63479169
54804,52918032.98735869
54805,52916707.304091826
54806,52915381.585805334
54807,52914055.834259555
54808,52912730.04697307
54809,52911404.22686942
54810,52910078.36998248
54811,52908752.48258145
54812,52907426.56054103
54813,52906100.604280256
54814,52904774.61206887
54815,52903448.58887725
54816,52902122.530369595
54817,52900796.440055884
54818,52899470.31640063
54819,52898144.159484014
54820,52896817.9685318
54821,52895491.74393878
54822,52894165.48615441
54823,52892839.196849346
54824,52891512.87689613
54825,52890186.517610274
54826,52888860.12982347
54827,52887533.710693926
54828,52886207.25827114
54829,52884880.77312419
54830,52883554.254988566
54831,52882227.70345694
54832,52880901.12296184
54833,52879574.507642366
54834,52878247.8641442
54835,52876921.186753325
54836,52875594.47701937
54837,52874267.7352034
54838,52872940.96329341
54839,52871614.15879309
54840,52870287.32533945
54841,52868960.46229704
54842,52867633.5616206
54843,52866306.63284513
54844,52864979.67406605
54845,52863652.68241656
54846,52862325.661395624
54847,52860998.61015635
54848,52859671.52933593
54849,52858344.41596466
54850,52857017.27224904
54851,52855690.099624306
54852,52854362.89683348
54853,52853035.66198541
54854,52851708.39632324
54855,52850381.101609886
54856,52849053.77805364
54857,52847726.42721711
54858,52846399.04247822
54859,52845071.631372735
54860,52843744.18794088
54861,52842416.71724053
54862,52841089.21671842
54863,52839761.685199976
54864,52838434.12766415
54865,52837106.538025826
54866,52835778.92090589
54867,52834451.276521996
54868,52833123.601689115
54869,52831795.898228794
54870,52830468.1648259
54871,52829140.40524508
54872,52827812.61765177
54873,52826484.80230555
54874,52825156.95671009
54875,52823829.08121853
54876,52822501.17981781
54877,52821173.25309262
54878,52819845.2950369
54879,52818517.30932209
54880,52817189.29764289
54881,52815861.25645819
54882,52814533.19146527
54883,52813205.09725468
54884,52811876.97553566
54885,52810548.826096766
54886,52809220.64855286
54887,52807892.446689025
54888,52806564.217288956
54889,52805235.96001071
54890,52803907.67645267
54891,52802579.36571317
54892,52801251.02801968
54893,52799922.66775788
54894,52798594.27650866
54895,52797265.862160295
54896,52795937.421675235
54897,52794608.95229946
54898,52793280.45879467
54899,52791951.93704012
54900,52790623.39182381
54901,52789294.82270347
54902,52787966.22418024
54903,52786637.601176105
54904,52785308.953232884
54905,52783980.28173404
54906,52782651.58355147
54907,52781322.86147398
54908,52779994.11113985
54909,52778665.34020901
54910,52777336.53946346
54911,52776007.716568775
54912,52774678.87029821
54913,52773349.99803643
54914,52772021.10189719
54915,52770692.17907901
54916,52769363.235239916
54917,52768034.26362811
54918,52766705.269409865
54919,52765376.255703375
54920,52764047.21325587
54921,52762718.146695375
54922,52761389.05541422
54923,52760059.94405648
54924,52758730.808473215
54925,52757401.64759843
54926,52756072.46627045
54927,52754743.25869742
54928,52753414.02730458
54929,52752084.773684084
54930,52750755.50019143
54931,52749426.201271445
54932,52748096.87946892
54933,52746767.53594151
54934,52745438.167610064
54935,52744108.77758737
54936,52742779.36613615
54937,52741449.9321136
54938,52740120.47479439
54939,52738790.99517957
54940,52737461.49506259
54941,52736131.97113366
54942,52734802.425581776
54943,52733472.85940437
54944,52732143.27044992
54945,52730813.6605342
54946,52729484.02808188
54947,52728154.37678373
54948,52726824.701496065
54949,52725495.00622298
54950,52724165.289049596
54951,52722835.54963656
54952,52721505.79284181
54953,52720176.01137372
54954,52718846.21051032
54955,52717516.38964266
54956,52716186.547595
54957,52714856.68736239
54958,52713526.80231877
54959,52712196.89784895
54960,52710866.976588346
54961,52709537.02925129
54962,52708207.06651786
54963,52706877.08258167
54964,52705547.07938141
54965,52704217.05618299
54966,52702887.0130181
54967,52701556.950131595
54968,52700226.86795443
54969,52698896.76544438
54970,52697566.64563598
54971,52696236.502329744
54972,52694906.34182993
54973,52693576.16650059
54974,52692245.96783504
54975,52690915.75341055
54976,52689585.5174751
54977,52688255.26306452
54978,52686924.989427984
54979,52685594.69951707
54980,52684264.38895051
54981,52682934.061583124
54982,52681603.715136364
54983,52680273.35151525
54984,52678942.96874466
54985,52677612.56977331
54986,52676282.15113169
54987,52674951.71429719
54988,52673621.26079898
54989,52672290.788820654
54990,52670960.299478605
54991,52669629.79629145
54992,52668299.271609455
54993,52666968.730126046
54994,52665638.17402801
54995,52664307.59805629
54996,52662977.006948255
54997,52661646.397102386
54998,52660315.773649454
54999,52658985.131014585
55000,52657654.47276435
55001,52656323.79667851
55002,52654993.105789945
55003,52653662.396210656
55004,52652331.67584187
55005,52651000.93375309
55006,52649670.17877801
55007,52648339.404589266
55008,52647008.61573456
55009,52645677.81245765
55010,52644346.99339733
55011,52643016.15823522
55012,52641685.30963418
55013,52640354.44093932
55014,52639023.55990581
55015,52637692.664723694
55016,52636361.750800125
55017,52635030.82568982
55018,52633699.88427446
55019,52632368.92811881
55020,52631037.9568288
55021,52629706.972595245
55022,52628375.96927486
55023,52627044.95458333
55024,52625713.926512554
55025,52624382.88250358
55026,52623051.82479261
55027,52621720.751081854
55028,52620389.66868653
55029,52619058.56703961
55030,52617727.4512441
55031,52616396.325922444
55032,52615065.18303092
55033,52613734.030316055
55034,52612402.85984476
55035,52611071.68055195
55036,52609740.4834141
55037,52608409.275544226
55038,52607078.05542591
55039,52605746.82042351
55040,52604415.573296234
55041,52603084.312296115
55042,52601753.04072254
55043,52600421.756504774
55044,52599090.45950149
55045,52597759.14797762
55046,52596427.824977815
55047,52595096.48745469
55048,52593765.14176303
55049,52592433.78167837
55050,52591102.40933832
55051,52589771.026167944
55052,52588439.63286225
55053,52587108.22464549
55054,52585776.805081874
55055,52584445.37571138
55056,52583113.9349557
55057,52581782.480929516
55058,52580451.0160413
55059,52579119.54078002
55060,52577788.055925876
55061,52576456.555288196
55062,52575125.048497185
55063,52573793.529214874
55064,52572461.9983957
55065,52571130.45736278
55066,52569798.90791259
55067,52568467.34604734
55068,52567135.77293183
55069,52565804.189754374
55070,52564472.59768468
55071,52563140.99514489
55072,52561809.38178222
55073,52560477.75955522
55074,52559146.12616718
55075,52557814.48102461
55076,52556482.83198678
55077,52555151.17130959
55078,52553819.49963093
55079,52552487.81954165
55080,52551156.12923741
55081,52549824.43043059
55082,52548492.72280423
55083,52547161.00757268
55084,52545829.28054398
55085,52544497.54565203
55086,52543165.80164592
55087,52541834.04795809
55088,52540502.28980462
55089,52539170.520306826
55090,52537838.74220837
55091,52536506.95595466
55092,52535175.16250451
55093,52533843.35958248
55094,52532511.550382264
55095,52531179.73073378
55096,52529847.903746456
55097,52528516.07079841
55098,52527184.2308328
55099,52525852.38152215
55100,52524520.52533899
55101,52523188.66047502
55102,52521856.791069716
55103,52520524.91153097
55104,52519193.02775782
55105,52517861.13352484
55106,52516529.23485462
55107,52515197.328640096
55108,52513865.41736388
55109,52512533.49685271
55110,52511201.57170215
55111,52509869.63990985
55112,52508537.70166123
55113,52507205.75493467
55114,52505873.80222514
55115,52504541.84709377
55116,52503209.88385195
55117,52501877.91285207
55118,52500545.93896584
55119,52499213.95697038
55120,52497881.96831302
55121,52496549.97711222
55122,52495217.9795356
55123,52493885.976591796
55124,52492553.96764451
55125,52491221.95403415
55126,52489889.93765464
55127,52488557.91086149
55128,52487225.88323378
55129,52485893.85109924
55130,52484561.81169242
55131,52483229.76976385
55132,52481897.721508205
55133,52480565.67041607
55134,52479233.612623274
55135,52477901.55118936
55136,52476569.48782808
55137,52475237.41750736
55138,52473905.34627065
55139,52472573.26830892
55140,52471241.18758564
55141,52469909.10569419
55142,52468577.01634526
55143,52467244.922812745
55144,52465912.82909658
55145,52464580.73040682
55146,52463248.62658557
55147,52461916.52389579
55148,52460584.41627532
55149,52459252.3036447
55150,52457920.18958163
55151,52456588.072274126
55152,52455255.9534163
55153,52453923.83031319
55154,52452591.70530751
55155,52451259.57717523
55156,52449927.450096875
55157,52448595.31556057
55158,52447263.182069525
55159,52445931.04505761
55160,52444598.90362046
55161,52443266.76525244
55162,52441934.62205863
55163,52440602.48001253
55164,52439270.33191961
55165,52437938.186247304
55166,52436606.03782206
55167,52435273.886775926
55168,52433941.73485638
55169,52432609.581591174
55170,52431277.42786569
55171,52429945.271609075
55172,52428613.11713517
55173,52427280.96115522
55174,52425948.80160636
55175,52424616.64419088
55176,52423284.48517179
55177,52421952.32618981
55178,52420620.16553199
55179,52419288.00443065
55180,52417955.84445943
55181,52416623.68276162
55182,52415291.5253064
55183,52413959.36441847
55184,52412627.20362705
55185,52411295.042785704
55186,52409962.883472435
55187,52408630.72415836
55188,52407298.56470871
55189,52405966.40637074
55190,52404634.250458315
55191,52403302.09095391
55192,52401969.93710457
55193,52400637.77934468
55194,52399305.62844692
55195,52397973.4714501
55196,52396641.32251691
55197,52395309.17090596
55198,52393977.022302106
55199,52392644.87471974
55200,52391312.72941771
55201,52389980.58246902
55202,52388648.441769615
55203,52387316.30119677
55204,52385984.16149266
55205,52384652.02520655
55206,52383319.889928326
55207,52381987.75862323
55208,52380655.62819949
55209,52379323.5002006
55210,52377991.37526501
55211,52376659.25302966
55212,52375327.13062158
55213,52373995.01640649
55214,52372662.89997926
55215,52371330.787407205
55216,52369998.68154043
55217,52368666.57325843
55218,52367334.470085025
55219,52366002.371688776
55220,52364670.27591294
55221,52363338.185287416
55222,52362006.09537073
55223,52360674.010503784
55224,52359341.92911642
55225,52358009.85268686
55226,52356677.777574606
55227,52355345.7080669
55228,52354013.64204609
55229,52352681.58095475
55230,52351349.524808936
55231,52350017.47227809
55232,52348685.424962
55233,52347353.379407674
55234,52346021.34012407
55235,52344689.30637738
55236,52343357.27590965
55237,52342025.25103176
55238,52340693.23227537
55239,52339361.216914296
55240,52338029.20753559
55241,52336697.20420416
55242,52335365.20502594
55243,52334033.21326735
55244,52332701.22426292
55245,52331369.24026095
55246,52330037.26401825
55247,52328705.29222703
55248,52327373.32769048
55249,52326041.37096062
55250,52324709.41651649
55251,52323377.4686545
55252,52322045.52757981
55253,52320713.593871385
55254,52319381.66677576
55255,52318049.74632593
55256,52316717.83126786
55257,52315385.924392864
55258,52314054.02156582
55259,52312722.129402176
55260,52311390.240669735
55261,52310058.360940546
55262,52308726.48677352
55263,52307394.62234685
55264,52306062.761353105
55265,52304730.91020048
55266,52303399.06671217
55267,52302067.2326874
55268,52300735.40277617
55269,52299403.58132807
55270,52298071.76919409
55271,52296739.964616805
55272,52295408.166451685
55273,52294076.378891245
55274,52292744.598006934
55275,52291412.825346336
55276,52290081.06068213
55277,52288749.30740979
55278,52287417.55919108
55279,52286085.81851897
55280,52284754.09234801
55281,52283422.37174505
55282,52282090.66059232
55283,52280758.95738033
55284,52279427.263514996
55285,52278095.57849017
55286,52276763.903373815
55287,52275432.238784
55288,52274100.5816605
55289,52272768.93363725
55290,52271437.297624886
55291,52270105.67053592
55292,52268774.051036395
55293,52267442.446115695
55294,52266110.847705625
55295,52264779.25876164
55296,52263447.68241903
55297,52262116.11546802
55298,52260784.55972099
55299,52259453.01333709
55300,52258121.477672115
55301,52256789.95176244
55302,52255458.43623316
55303,52254126.932276145
55304,52252795.439665176
55305,52251463.958457455
55306,52250132.48771961
55307,52248801.02914828
55308,52247469.579481676
55309,52246138.140660256
55310,52244806.71585968
55311,52243475.301954255
55312,52242143.89942947
55313,52240812.506764054
55314,52239481.13207939
55315,52238149.76113303
55316,52236818.40750207
55317,52235487.06553799
55318,52234155.73440559
55319,52232824.41350411
55320,52231493.10964894
55321,52230161.815371186
55322,52228830.53248502
55323,52227499.26362744
55324,52226168.006286584
55325,52224836.76380814
55326,52223505.5329815
55327,52222174.31440137
55328,52220843.11068843
55329,52219511.91864015
55330,52218180.742987536
55331,52216849.57362686
55332,52215518.42399332
55333,52214187.28340645
55334,52212856.159939885
55335,52211525.04561083
55336,52210193.95022874
55337,52208862.86756581
55338,52207531.797596976
55339,52206200.739614695
55340,52204869.69955897
55341,52203538.67397568
55342,52202207.66032186
55343,52200876.66140193
55344,52199545.6783856
55345,52198214.704412594
55346,52196883.75050806
55347,52195552.81038818
55348,52194221.88387891
55349,52192890.973875046
55350,52191560.07916703
55351,52190229.19715678
55352,52188898.32917607
55353,52187567.48163244
55354,52186236.64584659
55355,52184905.8240076
55356,52183575.02140458
55357,52182244.23171413
55358,52180913.46027693
55359,52179582.70294957
55360,52178251.960679576
55361,52176921.23715802
55362,52175590.52656624
55363,52174259.83584317
55364,52172929.15777439
55365,52171598.49673787
55366,52170267.85403925
55367,52168937.22531449
55368,52167606.614241034
55369,52166276.01932927
55370,52164945.441328645
55371,52163614.88113126
55372,52162284.3382611
55373,52160953.806341216
55374,52159623.301755086
55375,52158292.80619545
55376,52156962.331991844
55377,52155631.872045994
55378,52154301.43467422
55379,52152971.00876436
55380,52151640.60586682
55381,52150310.21682216
55382,52148979.847029366
55383,52147649.49395995
55384,52146319.1624521
55385,52144988.84517437
55386,52143658.54829193
55387,52142328.266012296
55388,52140998.0060319
55389,52139667.76444705
55390,52138337.53840862
55391,52137007.33474323
55392,52135677.146809265
55393,52134346.97856455
55394,52133016.8305964
55395,52131686.699954435
55396,52130356.58740658
55397,52129026.49753584
55398,52127696.42402373
55399,52126366.367921084
55400,52125036.33544971
55401,52123706.3214317
55402,52122376.32582934
55403,52121046.347163856
55404,52119716.39485055
55405,52118386.45968552
55406,52117056.542916834
55407,52115726.647141606
55408,52114396.77229965
55409,52113066.91408306
55410,52111737.0810734
55411,52110407.26571652
55412,52109077.46925163
55413,52107747.69761793
55414,52106417.94540605
55415,52105088.21133612
55416,52103758.49977013
55417,52102428.80726269
55418,52101099.13780902
55419,52099769.4885845
55420,52098439.86233629
55421,52097110.25501193
55422,52095780.66987907
55423,52094451.10751885
55424,52093121.56635669
55425,52091792.0440747
55426,52090462.543754384
55427,52089133.06831603
55428,52087803.61328156
55429,52086474.18069111
55430,52085144.76834944
55431,52083815.38049877
55432,52082486.01350973
55433,52081156.66795577
55434,52079827.34694134
55435,52078498.04740174
55436,52077168.76830223
55437,52075839.51593472
55438,52074510.28318247
55439,52073181.074218094
55440,52071851.88844362
55441,52070522.72688956
55442,52069193.58708224
55443,52067864.46970206
55444,52066535.376151636
55445,52065206.30579628
55446,52063877.26206764
55447,52062548.23569085
55448,52061219.23656061
55449,52059890.26165588
55450,52058561.308593735
55451,52057232.38258521
55452,52055903.47607801
55453,52054574.59691304
55454,52053245.74145511
55455,52051916.90932228
55456,52050588.1041659
55457,52049259.319023535
55458,52047930.561092295
55459,52046601.82768661
55460,52045273.12019326
55461,52043944.43655595
55462,52042615.776233226
55463,52041287.13994633
55464,52039958.531218514
55465,52038629.949106604
55466,52037301.38846398
55467,52035972.85318233
55468,52034644.34839526
55469,52033315.862672195
55470,52031987.40576648
55471,52030658.973392196
55472,52029330.56709078
55473,52028002.189129785
55474,52026673.8337231
55475,52025345.50552846
55476,52024017.201700635
55477,52022688.92661619
55478,52021360.676484555
55479,52020032.4528154
55480,52018704.257073686
55481,52017376.085752204
55482,52016047.94287225
55483,52014719.825683236
55484,52013391.7340912
55485,52012063.67141217
55486,52010735.63388378
55487,52009407.623989016
55488,52008079.64127824
55489,52006751.68720412
55490,52005423.7584613
55491,52004095.860059455
55492,52002767.9872656
55493,52001440.14064053
55494,52000112.32259017
55495,51998784.53228876
55496,51997456.7723972
55497,51996129.03765635
55498,51994801.32916428
55499,51993473.65093675
55500,51992146.0014085
55501,51990818.37811436
55502,51989490.78406021
55503,51988163.219529375
55504,51986835.68410121
55505,51985508.17560916
55506,51984180.69886306
55507,51982853.2455832
55508,51981525.82423863
55509,51980198.43122593
55510,51978871.068953186
55511,51977543.73487738
55512,51976216.43009964
55513,51974889.15436138
55514,51973561.90739205
55515,51972234.690066904
55516,51970907.50421874
55517,51969580.34524292
55518,51968253.21901585
55519,51966926.11868078
55520,51965599.05126716
55521,51964272.015920416
55522,51962945.008017495
55523,51961618.026623465
55524,51960291.08160965
55525,51958964.16479252
55526,51957637.27746509
55527,51956310.420091376
55528,51954983.592604786
55529,51953656.79970332
55530,51952330.03590838
55531,51951003.30249499
55532,51949676.60046162
55533,51948349.927956074
55534,51947023.2882103
55535,51945696.67745537
55536,51944370.10321143
55537,51943043.55529863
55538,51941717.04131259
55539,51940390.55875748
55540,51939064.10655057
55541,51937737.68639656
55542,51936411.29992089
55543,51935084.94200248
55544,51933758.620685555
55545,51932432.32881062
55546,51931106.06801751
55547,51929779.840762734
55548,51928453.645317875
55549,51927127.483418494
55550,51925801.35362792
55551,51924475.25615817
55552,51923149.19327988
55553,51921823.15823019
55554,51920497.160099536
55555,51919171.19573434
55556,51917845.26410703
55557,51916519.36137793
55558,51915193.496671274
55559,51913867.66124034
55560,51912541.86213328
55561,51911216.09615255
55562,51909890.36264597
55563,51908564.66377233
55564,51907238.9974308
55565,51905913.36790593
55566,51904587.76869193
55567,51903262.20529225
55568,51901936.67563467
55569,51900611.18032946
55570,51899285.720112085
55571,51897960.29329401
55572,51896634.903454535
55573,51895309.54292311
55574,51893984.2199142
55575,51892658.93289884
55576,51891333.67812132
55577,51890008.45900625
55578,51888683.275140435
55579,51887358.12668404
55580,51886033.01381452
55581,51884707.935754895
55582,51883382.89231752
55583,51882057.88402245
55584,51880732.91151561
55585,51879407.97665843
55586,51878083.07311387
55587,51876758.20899375
55588,51875433.38000248
55589,51874108.58631735
55590,51872783.8269539
55591,51871459.10905957
55592,51870134.42261446
55593,51868809.772961125
55594,51867485.15819608
55595,51866160.583914176
55596,51864836.040871784
55597,51863511.53980309
55598,51862187.073683746
55599,51860862.643445626
55600,51859538.25265825
55601,51858213.895307496
55602,51856889.575406305
55603,51855565.29540579
55604,51854241.05054381
55605,51852916.84117882
55606,51851592.67443683
55607,51850268.54083349
55608,51848944.4469035
55609,51847620.38915379
55610,51846296.368956655
55611,51844972.38807948
55612,51843648.443813846
55613,51842324.53844869
55614,51841000.67107253
55615,51839676.84108783
55616,51838353.05011818
55617,51837029.29632175
55618,51835705.58157796
55619,51834381.90688075
55620,51833058.27009973
55621,51831734.66934888
55622,51830411.11015774
55623,51829087.58725514
55624,51827764.10822213
55625,51826440.66433431
55626,51825117.258479066
55627,51823793.893774346
55628,51822470.56967677
55629,51821147.28234561
55630,51819824.03595259
55631,51818500.82701768
55632,51817177.66088491
55633,51815854.53216952
55634,51814531.4444191
55635,51813208.39540285
55636,51811885.38723349
55637,51810562.4192424
55638,51809239.49038336
55639,51807916.60528861
55640,51806593.75432514
55641,51805270.948633105
55642,51803948.18166897
55643,51802625.45592568
55644,51801302.76711419
55645,51799980.12311511
55646,51798657.52026412
55647,51797334.95865242
55648,51796012.43538267
55649,51794689.95433722
55650,51793367.514819734
55651,51792045.115377314
55652,51790722.75944103
55653,51789400.44333966
55654,51788078.16933663
55655,51786755.93763262
55656,51785433.744849905
55657,51784111.59592106
55658,51782789.487409204
55659,51781467.4216644
55660,51780145.39945651
55661,51778823.41822384
55662,51777501.47966318
55663,51776179.58268353
55664,51774857.72786418
55665,51773535.91724929
55666,51772214.145745516
55667,51770892.41898542
55668,51769570.73528566
55669,51768249.092441425
55670,51766927.49581739
55671,51765605.939671814
55672,51764284.42721392
55673,51762962.95832786
55674,51761641.532045946
55675,51760320.14927521
55676,51758998.80906339
55677,51757677.51509176
55678,51756356.25969522
55679,51755035.05175827
55680,51753713.886914745
55681,51752392.76559241
55682,51751071.68732028
55683,51749750.657458186
55684,51748429.6672828
55685,51747108.72099953
55686,51745787.82156849
55687,51744466.964286566
55688,51743146.15215265
55689,51741825.38398631
55690,51740504.66205801
55691,51739183.983179875
55692,51737863.34937388
55693,51736542.76268335
55694,51735222.21722038
55695,51733901.720780686
55696,51732581.26509896
55697,51731260.855937414
55698,51729940.49486681
55699,51728620.17615634
55700,51727299.902728945
55701,51725979.677801736
55702,51724659.495094255
55703,51723339.35896531
55704,51722019.271972306
55705,51720699.228996776
55706,51719379.22928259
55707,51718059.27910065
55708,51716739.373030245
55709,51715419.51344732
55710,51714099.69946016
55711,51712779.93226663
55712,51711460.21290809
55713,51710140.53946665
55714,51708820.91045134
55715,51707501.33100483
55716,51706181.79756592
55717,51704862.31079331
55718,51703542.87069987
55719,51702223.47740619
55720,51700904.13294786
55721,51699584.834722295
55722,51698265.58359477
55723,51696946.381189145
55724,51695627.22313328
55725,51694308.116319224
55726,51692989.053441934
55727,51691670.0421112
55728,51690351.0746936
55729,51689032.15874607
55730,51687713.29030069
55731,51686394.46766931
55732,51685075.694617435
55733,51683756.972214445
55734,51682438.29317345
55735,51681119.66661151
55736,51679801.08867747
55737,51678482.55640967
55738,51677164.07404165
55739,51675845.63980913
55740,51674527.25517197
55741,51673208.92000808
55742,51671890.631492265
55743,51670572.396918565
55744,51669254.207719356
55745,51667936.066643715
55746,51666617.97965586
55747,51665299.93899082
55748,51663981.94796064
55749,51662664.00858083
55750,51661346.11496177
55751,51660028.27469907
55752,51658710.48136528
55753,51657392.73991518
55754,51656075.04706929
55755,51654757.404018834
55756,51653439.812565446
55757,51652122.27308653
55758,51650804.782088436
55759,51649487.340760946
55760,51648169.95182411
55761,51646852.6133416
55762,51645535.325687066
55763,51644218.08600785
55764,51642900.90028055
55765,51641583.765782915
55766,51640266.68000278
55767,51638949.64483006
55768,51637632.66326994
55769,51636315.73222914
55770,51634998.8529491
55771,51633682.02409394
55772,51632365.24784228
55773,51631048.52332721
55774,51629731.84793419
55775,51628415.22615802
55776,51627098.65847873
55777,51625782.14009108
55778,51624465.675549544
55779,51623149.26236832
55780,51621832.898261055
55781,51620516.590426296
55782,51619200.33469558
55783,51617884.12984434
55784,51616567.97901678
55785,51615251.87949154
55786,51613935.83435531
55787,51612619.840679124
55788,51611303.90175301
55789,51609988.01507037
55790,51608672.180416964
55791,51607356.401611306
55792,51606040.67220714
55793,51604724.99775806
55794,51603409.3757811
55795,51602093.8080652
55796,51600778.295740634
55797,51599462.83398092
55798,51598147.42779048
55799,51596832.07494448
55800,51595516.77694144
55801,51594201.53258579
55802,51592886.342143565
55803,51591571.2043369
55804,51590256.12264484
55805,51588941.094960906
55806,51587626.12268962
55807,51586311.200548336
55808,51584996.33805235
55809,51583681.52778579
55810,51582366.77304993
55811,51581052.072735354
55812,51579737.42906228
55813,51578422.83602777
55814,51577108.30339751
55815,51575793.821958095
55816,51574479.398601115
55817,51573165.029948205
55818,51571850.71606308
55819,51570536.45897909
55820,51569222.25698334
55821,51567908.11081809
55822,51566594.01775323
55823,51565279.983681165
55824,51563966.00468589
55825,51562652.07947407
55826,51561338.21402229
55827,51560024.39964683
55828,51558710.64743192
55829,51557396.9504137
55830,51556083.307027824
55831,51554769.72138858
55832,51553456.19264804
55833,51552142.722274385
55834,51550829.30395855
55835,51549515.94676925
55836,51548202.64656216
55837,51546889.40163076
55838,51545576.21521
55839,51544263.08461675
55840,51542950.01065889
55841,51541636.99627717
55842,51540324.03639358
55843,51539011.135249704
55844,51537698.29382917
55845,51536385.50939818
55846,51535072.7811718
55847,51533760.11269426
55848,51532447.50106988
55849,51531134.94568146
55850,51529822.45165455
55851,51528510.01599407
55852,51527197.63668816
55853,51525885.315027304
55854,51524573.054321915
55855,51523260.85197825
55856,51521948.704943135
55857,51520636.61996159
55858,51519324.59244801
55859,51518012.62290657
55860,51516700.71272959
55861,51515388.86503394
55862,51514077.073118836
55863,51512765.3396087
55864,51511453.66824995
55865,51510142.05411762
55866,51508830.50075555
55867,51507519.00328712
55868,51506207.569828875
55869,51504896.19667886
55870,51503584.88241985
55871,51502273.623918235
55872,51500962.42840211
55873,51499651.294038236
55874,51498340.21837332
55875,51497029.20344771
55876,51495718.24593236
55877,51494407.353414394
55878,51493096.520478636
55879,51491785.74388413
55880,51490475.03181471
55881,51489164.37956364
55882,51487853.7906888
55883,51486543.25868744
55884,51485232.788956866
55885,51483922.381798714
55886,51482612.03321745
55887,51481301.74883561
55888,51479991.526018925
55889,51478681.359835535
55890,51477371.25632194
55891,51476061.217417546
55892,51474751.23959389
55893,51473441.32243865
55894,51472131.467626214
55895,51470821.67281074
55896,51469511.94170209
55897,51468202.270151764
55898,51466892.66596654
55899,51465583.11900141
55900,51464273.6377642
55901,51462964.21632209
55902,51461654.85919537
55903,51460345.56487244
55904,51459036.330734536
55905,51457727.160398796
55906,51456418.053899884
55907,51455109.00888886
55908,51453800.027181804
55909,51452491.111623764
55910,51451182.2526602
55911,51449873.4631341
55912,51448564.73360021
55913,51447256.067538865
55914,51445947.46679733
55915,51444638.928108856
55916,51443330.454641804
55917,51442022.041138805
55918,51440713.69449738
55919,51439405.412636414
55920,51438097.19198519
55921,51436789.037339166
55922,51435480.94672929
55923,51434172.919001475
55924,51432864.95503851
55925,51431557.05687748
55926,51430249.224481896
55927,51428941.45397807
55928,51427633.74880036
55929,51426326.10926871
55930,51425018.53226447
55931,51423711.02284093
55932,51422403.57747631
55933,51421096.19696805
55934,51419788.88129046
55935,51418481.63119416
55936,51417174.44648643
55937,51415867.328519985
55938,51414560.27076058
55939,51413253.28509395
55940,51411946.36134951
55941,51410639.50410847
55942,51409332.71227346
55943,51408025.98754887
55944,51406719.328305334
55945,51405412.73179032
55946,51404106.208217755
55947,51402799.74489379
55948,51401493.349756345
55949,51400187.01950316
55950,51398880.75801338
55951,51397574.56414935
55952,51396268.433666274
55953,51394962.371504635
55954,51393656.374885455
55955,51392350.44842422
55956,51391044.5843385
55957,51389738.79067463
55958,51388433.06154169
55959,51387127.40136832
55960,51385821.80796225
55961,51384516.2824678
55962,51383210.823641494
55963,51381905.43129691
55964,51380600.10938944
55965,51379294.85137327
55966,51377989.663068846
55967,51376684.54368829
55968,51375379.49202117
55969,51374074.50625664
55970,51372769.59093763
55971,51371464.74153502
55972,51370159.962804615
55973,51368855.25253282
55974,51367550.607618876
55975,51366246.032639295
55976,51364941.52821733
55977,51363637.08969039
55978,51362332.724283874
55979,51361028.4222621
55980,51359724.192212075
55981,51358420.02798057
55982,51357115.936933085
55983,51355811.91180501
55984,51354507.95820442
55985,51353204.07252291
55986,51351900.258607924
55987,51350596.51166597
55988,51349292.83480451
55989,51347989.22903824
55990,51346685.69041306
55991,51345382.223959595
55992,51344078.82715595
55993,51342775.49789786
55994,51341472.240477845
55995,51340169.053773776
55996,51338865.937079266
55997,51337562.888898425
55998,51336259.91164687
55999,51334957.00713341
56000,51333654.17137147
56001,51332351.4068221
56002,51331048.71254365
56003,51329746.08872777
56004,51328443.53633998
56005,51327141.05529226
56006,51325838.642697304
56007,51324536.306157395
56008,51323234.037164554
56009,51321931.839043185
56010,51320629.71461894
56011,51319327.66174856
56012,51318025.67824988
56013,51316723.76637248
56014,51315421.92667216
56015,51314120.16303266
56016,51312818.46331073
56017,51311516.84181106
56018,51310215.289336495
56019,51308913.8115205
56020,51307612.40200472
56021,51306311.069842026
56022,51305009.80547263
56023,51303708.615174726
56024,51302407.49739365
56025,51301106.452022925
56026,51299805.479833655
56027,51298504.581267506
56028,51297203.752015814
56029,51295902.999100216
56030,51294602.320460886
56031,51293301.71107841
56032,51292001.17596766
56033,51290700.71388635
56034,51289400.325943306
56035,51288100.0134611
56036,51286799.77051616
56037,51285499.6045793
56038,51284199.50888787
56039,51282899.489575446
56040,51281599.54328562
56041,51280299.6701568
56042,51278999.8725269
56043,51277700.14593874
56044,51276400.49771753
56045,51275100.922230765
56046,51273801.41923986
56047,51272501.992968075
56048,51271202.64006132
56049,51269903.36180815
56050,51268604.15661171
56051,51267305.029110454
56052,51266005.973149866
56053,51264706.99497904
56054,51263408.09130181
56055,51262109.26225341
56056,51260810.50669868
56057,51259511.8286916
56058,51258213.22612426
56059,51256914.69607143
56060,51255616.24206768
56061,51254317.86745111
56062,51253019.56429086
56063,51251721.33859806
56064,51250423.189145654
56065,51249125.11472523
56066,51247827.117238685
56067,51246529.19356193
56068,51245231.34755735
56069,51243933.57566125
56070,51242635.884108484
56071,51241338.26525715
56072,51240040.72807118
56073,51238743.26002252
56074,51237445.8726421
56075,51236148.56150366
56076,51234851.3261733
56077,51233554.16892361
56078,51232257.08987711
56079,51230960.082993716
56080,51229663.154702045
56081,51228366.30599335
56082,51227069.535878554
56083,51225772.8393024
56084,51224476.224409655
56085,51223179.68257825
56086,51221883.21852961
56087,51220586.83337468
56088,51219290.52639751
56089,51217994.295270815
56090,51216698.14598645
56091,51215402.072738454
56092,51214106.07545753
56093,51212810.15737781
56094,51211514.31872885
56095,51210218.559633
56096,51208922.87680261
56097,51207627.27202636
56098,51206331.74779343
56099,51205036.29741273
56100,51203740.93053423
56101,51202445.64171492
56102,51201150.43120868
56103,51199855.299419746
56104,51198560.24655063
56105,51197265.27345134
56106,51195970.378373265
56107,51194675.561193764
56108,51193380.825966
56109,51192086.16821553
56110,51190791.59389497
56111,51189497.09665975
56112,51188202.6764706
56113,51186908.339276746
56114,51185614.07968763
56115,51184319.90300958
56116,51183025.80397298
56117,51181731.78536406
56118,51180437.84838187
56119,51179143.99238692
56120,51177850.2137028
56121,51176556.515443265
56122,51175262.89889904
56123,51173969.364624344
56124,51172675.90842938
56125,51171382.531991616
56126,51170089.238722324
56127,51168796.02400922
56128,51167502.8927675
56129,51166209.8422706
56130,51164916.87239955
56131,51163623.981801495
56132,51162331.17577586
56133,51161038.44860543
56134,51159745.80328217
56135,51158453.24210492
56136,51157160.75805183
56137,51155868.35719268
56138,51154576.039268956
56139,51153283.80414043
56140,51151991.647814415
56141,51150699.57701011
56142,51149407.58478042
56143,51148115.67716585
56144,51146823.8532922
56145,51145532.106355086
56146,51144240.44376767
56147,51142948.868180245
56148,51141657.36899256
56149,51140365.9557959
56150,51139074.626267985
56151,51137783.37795455
56152,51136492.20949441
56153,51135201.12908384
56154,51133910.13087386
56155,51132619.21576124
56156,51131328.37940141
56157,51130037.63189246
56158,51128746.96370308
56159,51127456.38238421
56160,51126165.8807966
56161,51124875.46569816
56162,51123585.13408382
56163,51122294.88617586
56164,51121004.72115415
56165,51119714.63943389
56166,51118424.64263716
56167,51117134.73227176
56168,51115844.902280346
56169,51114555.15727501
56170,51113265.498352826
56171,51111975.922898754
56172,51110686.42986047
56173,51109397.02519484
56174,51108107.70133347
56175,51106818.46504287
56176,51105529.31234567
56177,51104240.24572328
56178,51102951.26289197
56179,51101662.365641505
56180,51100373.55157521
56181,51099084.82621792
56182,51097796.183292165
56183,51096507.63013159
56184,51095219.15633806
56185,51093930.77088429
56186,51092642.47183603
56187,51091354.258136645
56188,51090066.12706371
56189,51088778.08607522
56190,51087490.12964273
56191,51086202.25802852
56192,51084914.473248675
56193,51083626.77396475
56194,51082339.16177929
56195,51081051.63593022
56196,51079764.19593999
56197,51078476.844052926
56198,51077189.575642556
56199,51075902.39734965
56200,51074615.30451155
56201,51073328.2970325
56202,51072041.37522103
56203,51070754.54491903
56204,51069467.79798743
56205,51068181.13953532
56206,51066894.569043785
56207,51065608.0856726
56208,51064321.68613719
56209,51063035.37851299
56210,51061749.15860892
56211,51060463.02126433
56212,51059176.97557284
56213,51057891.01631043
56214,51056605.14660553
56215,51055319.36152953
56216,51054033.66606874
56217,51052748.06139125
56218,51051462.54185798
56219,51050177.10971272
56220,51048891.76840884
56221,51047606.51315201
56222,51046321.34977008
56223,51045036.27207675
56224,51043751.282650486
56225,51042466.38304694
56226,51041181.572204396
56227,51039896.84947884
56228,51038612.2187171
56229,51037327.674375735
56230,51036043.21773827
56231,51034758.85192256
56232,51033474.57446148
56233,51032190.3881001
56234,51030906.29083441
56235,51029622.28309807
56236,51028338.362158865
56237,51027054.53215389
56238,51025770.793339744
56239,51024487.14521507
56240,51023203.58481011
56241,51021920.11600262
56242,51020636.73524937
56243,51019353.44714098
56244,51018070.24445612
56245,51016787.13434588
56246,51015504.119340986
56247,51014221.18877948
56248,51012938.351815335
56249,51011655.604508564
56250,51010372.9480703
56251,51009090.38139092
56252,51007807.905864686
56253,51006525.5216463
56254,51005243.23013202
56255,51003961.02821752
56256,51002678.91625994
56257,51001396.896202475
56258,51000114.96896123
56259,50998833.129887134
56260,50997551.38775639
56261,50996269.73223755
56262,50994988.16922355
56263,50993706.69950889
56264,50992425.32038252
56265,50991144.03291547
56266,50989862.83565314
56267,50988581.734830484
56268,50987300.72484344
56269,50986019.80397098
56270,50984738.97887276
56271,50983458.24447907
56272,50982177.60204667
56273,50980897.052530654
56274,50979616.596092194
56275,50978336.23176265
56276,50977055.961773366
56277,50975775.78218478
56278,50974495.6961391
56279,50973215.703660145
56280,50971935.80351733
56281,50970655.99404943
56282,50969376.282526895
56283,50968096.66180872
56284,50966817.13589063
56285,50965537.70156862
56286,50964258.36278584
56287,50962979.11542822
56288,50961699.96486534
56289,50960420.90587822
56290,50959141.937662505
56291,50957863.06821223
56292,50956584.290185064
56293,50955305.6077124
56294,50954027.01899476
56295,50952748.52228962
56296,50951470.12204607
56297,50950191.81599116
56298,50948913.60455726
56299,50947635.48738079
56300,50946357.4660985
56301,50945079.537605554
56302,50943801.70335418
56303,50942523.96558716
56304,50941246.320136055
56305,50939968.77612008
56306,50938691.32078706
56307,50937413.96358237
56308,50936136.7004341
56309,50934859.53196463
56310,50933582.457365334
56311,50932305.48240082
56312,50931028.602066986
56313,50929751.81614974
56314,50928475.12720489
56315,50927198.53201535
56316,50925922.03556779
56317,50924645.630308226
56318,50923369.3255395
56319,50922093.11373671
56320,50920817.001591496
56321,50919540.982082054
56322,50918265.05956033
56323,50916989.234714374
56324,50915713.50709246
56325,50914437.877045006
56326,50913162.34078561
56327,50911886.90176293
56328,50910611.55931474
56329,50909336.313187145
56330,50908061.16526207
56331,50906786.11455027
56332,50905511.160470426
56333,50904236.30364826
56334,50902961.54380527
56335,50901686.882551655
56336,50900412.31699827
56337,50899137.85157809
56338,50897863.48183569
56339,50896589.209231354
56340,50895315.03475851
56341,50894040.95616746
56342,50892766.981339164
56343,50891493.09805509
56344,50890219.316456154
56345,50888945.631936334
56346,50887672.043695964
56347,50886398.556013726
56348,50885125.16729215
56349,50883851.874026775
56350,50882578.68266575
56351,50881305.58612358
56352,50880032.59295127
56353,50878759.69747536
56354,50877486.89807095
56355,50876214.19747506
56356,50874941.598219775
56357,50873669.09826902
56358,50872396.695826456
56359,50871124.39331941
56360,50869852.18918263
56361,50868580.084433645
56362,50867308.08060397
56363,50866036.175337754
56364,50864764.37067785
56365,50863492.663228765
56366,50862221.05753986
56367,50860949.55096036
56368,50859678.146893434
56369,50858406.8373572
56370,50857135.63127053
56371,50855864.524374306
56372,50854593.520521194
56373,50853322.6147673
56374,50852051.80770819
56375,50850781.10408746
56376,50849510.498725176
56377,50848239.995189995
56378,50846969.59025708
56379,50845699.28892755
56380,50844429.08898038
56381,50843158.987832114
56382,50841888.98738872
56383,50840619.08882257
56384,50839349.292729154
56385,50838079.594720304
56386,50836809.9982022
56387,50835540.50637438
56388,50834271.11282984
56389,50833001.82265818
56390,50831732.63315274
56391,50830463.54486705
56392,50829194.560179785
56393,50827925.676964566
56394,50826656.894770876
56395,50825388.214531615
56396,50824119.63593282
56397,50822851.15869547
56398,50821582.786744304
56399,50820314.51607655
56400,50819046.34446432
56401,50817778.280104324
56402,50816510.31614898
56403,50815242.45400286
56404,50813974.6970299
56405,50812707.041320816
56406,50811439.48912997
56407,50810172.037135884
56408,50808904.69128976
56409,50807637.44507596
56410,50806370.30456069
56411,50805103.26786457
56412,50803836.332075685
56413,50802569.501486436
56414,50801302.77485214
56415,50800036.14989436
56416,50798769.62846929
56417,50797503.21196535
56418,50796236.89920175
56419,50794970.69081393
56420,50793704.584560424
56421,50792438.58107978
56422,50791172.687019736
56423,50789906.89372147
56424,50788641.20306763
56425,50787375.6183483
56426,50786110.140549056
56427,50784844.763118334
56428,50783579.49279471
56429,50782314.32462722
56430,50781049.263930984
56431,50779784.30505845
56432,50778519.45393684
56433,50777254.706308916
56434,50775990.06130568
56435,50774725.52596985
56436,50773461.09273672
56437,50772196.76736819
56438,50770932.5446171
56439,50769668.42760472
56440,50768404.418280825
56441,50767140.50928508
56442,50765876.713134654
56443,50764613.0187711
56444,50763349.42793989
56445,50762085.94647397
56446,50760822.56922537
56447,50759559.29538409
56448,50758296.132938236
56449,50757033.07309276
56450,50755770.120513566
56451,50754507.275375515
56452,50753244.53555897
56453,50751981.903608195
56454,50750719.37473068
56455,50749456.954764575
56456,50748194.64286466
56457,50746932.43438949
56458,50745670.3339501
56459,50744408.342100576
56460,50743146.455521464
56461,50741884.675880656
56462,50740623.00461369
56463,50739361.43754606
56464,50738099.980587274
56465,50736838.632890366
56466,50735577.385004066
56467,50734316.25201191
56468,50733055.22372334
56469,50731794.304851726
56470,50730533.49298758
56471,50729272.78889558
56472,50728012.19066432
56473,50726751.701394126
56474,50725491.320140004
56475,50724231.04902172
56476,50722970.88666778
56477,50721710.82777962
56478,50720450.88045847
56479,50719191.04124143
56480,50717931.309745386
56481,50716671.689218424
56482,50715412.17527126
56483,50714152.76986271
56484,50712893.47377912
56485,50711634.284775004
56486,50710375.205897346
56487,50709116.23697212
56488,50707857.377629146
56489,50706598.62589426
56490,50705339.98490474
56491,50704081.45188309
56492,50702823.02727303
56493,50701564.716164604
56494,50700306.51027373
56495,50699048.41705808
56496,50697790.4306121
56497,50696532.55554351
56498,50695274.79031302
56499,50694017.134555966
56500,50692759.58932969
56501,50691502.15594755
56502,50690244.82962406
56503,50688987.616113044
56504,50687730.511390954
56505,50686473.51807342
56506,50685216.632536754
56507,50683959.861511245
56508,50682703.197048545
56509,50681446.64340037
56510,50680190.20528133
56511,50678933.87399964
56512,50677677.65706932
56513,50676421.547551624
56514,50675165.54990849
56515,50673909.664075665
56516,50672653.88846998
56517,50671398.22703316
56518,50670142.67254598
56519,50668887.23274173
56520,50667631.90215829
56521,50666376.68526761
56522,50665121.57798292
56523,50663866.58514313
56524,50662611.70248987
56525,50661356.93237571
56526,50660102.27366342
56527,50658847.7266347
56528,50657593.29417257
56529,50656338.969834745
56530,50655084.75987987
56531,50653830.66208612
56532,50652576.67712279
56533,50651322.803876355
56534,50650069.043605044
56535,50648815.397180066
56536,50647561.86155328
56537,50646308.44062351
56538,50645055.12851276
56539,50643801.93571103
56540,50642548.85188461
56541,50641295.880833745
56542,50640043.023873225
56543,50638790.28090188
56544,50637537.64886519
56545,50636285.13295529
56546,50635032.72956738
56547,50633780.43740858
56548,50632528.263460964
56549,50631276.19911623
56550,50630024.252676964
56551,50628772.41790256
56552,50627520.69696553
56553,50626269.08801794
56554,50625017.59495917
56555,50623766.21441929
56556,50622514.9523954
56557,50621263.799820736
56558,50620012.76386388
56559,50618761.84343715
56560,50617511.03558216
56561,50616260.34326713
56562,50615009.76648572
56563,50613759.30427343
56564,50612508.95570318
56565,50611258.722017996
56566,50610008.60460827
56567,50608758.600264445
56568,50607508.71140303
56569,50606258.93814464
56570,50605009.281718895
56571,50603759.737658896
56572,50602510.31211835
56573,50601260.99984165
56574,50600011.803498045
56575,50598762.72318697
56576,50597513.76042857
56577,50596264.90981607
56578,50595016.17746884
56579,50593767.56029239
56580,50592519.06084641
56581,50591270.676439464
56582,50590022.40708617
56583,50588774.253314644
56584,50587526.21785684
56585,50586278.296814956
56586,50585030.494605444
56587,50583782.805843085
56588,50582535.23764981
56589,50581287.783857405
56590,50580040.447609484
56591,50578793.22724508
56592,50577546.12508804
56593,50576299.1374664
56594,50575052.27001897
56595,50573805.51789746
56596,50572558.88388167
56597,50571312.36659466
56598,50570065.964484885
56599,50568819.68338001
56600,50567573.51662512
56601,50566327.47145423
56602,50565081.53959541
56603,50563835.7279469
56604,50562590.034221545
56605,50561344.458292425
56606,50560098.99942233
56607,50558853.65933504
56608,50557608.43619573
56609,50556363.33221085
56610,50555118.34422724
56611,50553873.47936539
56612,50552628.728785425
56613,50551384.09784962
56614,50550139.5879606
56615,50548895.18967304
56616,50547650.91752368
56617,50546406.758997485
56618,50545162.72422234
56619,50543918.804739736
56620,50542675.00304514
56621,50541431.32666767
56622,50540187.76302041
56623,50538944.32319707
56624,50537700.99849226
56625,50536457.79557566
56626,50535214.70975767
56627,50533971.74796946
56628,50532728.9020506
56629,50531486.1769877
56630,50530243.57171287
56631,50529001.08441125
56632,50527758.72087334
56633,50526516.47368714
56634,50525274.35063349
56635,50524032.34203938
56636,50522790.45647691
56637,50521548.69009802
56638,50520307.04474346
56639,50519065.52252536
56640,50517824.118461244
56641,50516582.83312267
56642,50515341.67070663
56643,50514100.629407346
56644,50512859.70679176
56645,50511618.90615418
56646,50510378.22582762
56647,50509137.6661364
56648,50507897.2292741
56649,50506656.9139779
56650,50505416.71601561
56651,50504176.64309831
56652,50502936.68945256
56653,50501696.857140765
56654,50500457.14857781
56655,50499217.55997957
56656,50497978.092938654
56657,50496738.74897764
56658,50495499.525721915
56659,50494260.42245774
56660,50493021.44274852
56661,50491782.583885066
56662,50490543.85138376
56663,50489305.2364694
56664,50488066.7448526
56665,50486828.37574755
56666,50485590.129333824
56667,50484352.0080737
56668,50483114.00577444
56669,50481876.124543235
56670,50480638.36840592
56671,50479400.73653807
56672,50478163.22477622
56673,50476925.83780414
56674,50475688.57483299
56675,50474451.432606645
56676,50473214.411189854
56677,50471977.51643403
56678,50470740.7454879
56679,50469504.09749533
56680,50468267.57006652
56681,50467031.16925235
56682,50465794.889970094
56683,50464558.73733716
56684,50463322.70505953
56685,50462086.79686097
56686,50460851.01201483
56687,50459615.35281451
56688,50458379.81570151
56689,50457144.40690702
56690,50455909.11983917
56691,50454673.95663129
56692,50453438.91631886
56693,50452204.00358025
56694,50450969.21367332
56695,50449734.54570919
56696,50448500.00640902
56697,50447265.588861406
56698,50446031.29640277
56699,50444797.13115562
56700,50443563.08657251
56701,50442329.16908135
56702,50441095.37796278
56703,50439861.71100147
56704,50438628.16760883
56705,50437394.75298885
56706,50436161.460260466
56707,50434928.29364391
56708,50433695.25495747
56709,50432462.33874795
56710,50431229.55069224
56711,50429996.88621168
56712,50428764.34740545
56713,50427531.93635819
56714,50426299.64921595
56715,50425067.488262445
56716,50423835.45430432
56717,50422603.5459438
56718,50421371.762081206
56719,50420140.10955155
56720,50418908.57759309
56721,50417677.17433205
56722,50416445.89566572
56723,50415214.74726181
56724,50413983.723620035
56725,50412752.82529044
56726,50411522.05514224
56727,50410291.41184613
56728,50409060.895908505
56729,50407830.50684203
56730,50406600.24387034
56731,50405370.10897254
56732,50404140.10110581
56733,50402910.219990864
56734,50401680.46615861
56735,50400450.83982817
56736,50399221.341053486
56737,50397991.96938552
56738,50396762.72525893
56739,50395533.6099029
56740,50394304.622489646
56741,50393075.76215981
56742,50391847.02960372
56743,50390618.42418412
56744,50389389.948058516
56745,50388161.59980242
56746,50386933.37934473
56747,50385705.2890513
56748,50384477.32286336
56749,50383249.49168576
56750,50382021.78518282
56751,50380794.20516161
56752,50379566.756149106
56753,50378339.43592713
56754,50377112.24242795
56755,50375885.18070735
56756,50374658.247330666
56757,50373431.43907082
56758,50372204.763356924
56759,50370978.218605995
56760,50369751.79985006
56761,50368525.511276014
56762,50367299.3522281
56763,50366073.32174304
56764,50364847.42226863
56765,50363621.65073329
56766,50362396.012375124
56767,50361170.49992226
56768,50359945.11839989
56769,50358719.867317945
56770,50357494.747724995
56771,50356269.75216309
56772,50355044.88972336
56773,50353820.16002592
56774,50352595.5569337
56775,50351371.08741024
56776,50350146.74796825
56777,50348922.53839478
56778,50347698.45557396
56779,50346474.50704107
56780,50345250.68983577
56781,50344027.00242936
56782,50342803.44547607
56783,50341580.01998869
56784,50340356.724020615
56785,50339133.55895236
56786,50337910.52698786
56787,50336687.62399436
56788,50335464.85341458
56789,50334242.21314917
56790,50333019.70566349
56791,50331797.327171825
56792,50330575.08463383
56793,50329352.96896204
56794,50328130.98710117
56795,50326909.135398224
56796,50325687.41842675
56797,50324465.83167575
56798,50323244.378168285
56799,50322023.053976625
56800,50320801.864222065
56801,50319580.80552715
56802,50318359.87820583
56803,50317139.08625177
56804,50315918.42420248
56805,50314697.895301394
56806,50313477.49943447
56807,50312257.23452898
56808,50311037.10275136
56809,50309817.10528682
56810,50308597.23810665
56811,50307377.504855424
56812,50306157.90588805
56813,50304938.437299
56814,50303719.105180025
56815,50302499.90325144
56816,50301280.83695395
56817,50300061.90090583
56818,50298843.100852795
56819,50297624.43063333
56820,50296405.89942284
56821,50295187.49826974
56822,50293969.230017215
56823,50292751.09832348
56824,50291533.096771926
56825,50290315.2319781
56826,50289097.4999875
56827,50287879.904119596
56828,50286662.44087781
56829,50285445.109750286
56830,50284227.91370843
56831,50283010.853065446
56832,50281793.92754967
56833,50280577.13532588
56834,50279360.47729018
56835,50278143.95369984
56836,50276927.56769377
56837,50275711.31168849
56838,50274495.192497045
56839,50273279.21034775
56840,50272063.35970841
56841,50270847.64628406
56842,50269632.065739825
56843,50268416.6230963
56844,50267201.314503804
56845,50265986.139104664
56846,50264771.101483926
56847,50263556.19832562
56848,50262341.43140103
56849,50261126.80178564
56850,50259912.30432449
56851,50258697.9455969
56852,50257483.72048183
56853,50256269.63131969
56854,50255055.678743094
56855,50253841.861529365
56856,50252628.18120609
56857,50251414.63530036
56858,50250201.22688874
56859,50248987.9545702
56860,50247774.817516334
56861,50246561.81924973
56862,50245348.95658383
56863,50244136.22819332
56864,50242923.638019904
56865,50241711.18509574
56866,50240498.870529756
56867,50239286.68928926
56868,50238074.645673096
56869,50236862.73995747
56870,50235650.971349284
56871,50234439.33990607
56872,50233227.84476486
56873,50232016.489563726
56874,50230805.268882856
56875,50229594.18711079
56876,50228383.23924346
56877,50227172.43510854
56878,50225961.7640502
56879,50224751.23239975
56880,50223540.838929966
56881,50222330.58109708
56882,50221120.464043364
56883,50219910.47920668
56884,50218700.63794581
56885,50217490.93172938
56886,50216281.36727936
56887,50215071.93870636
56888,50213862.6475055
56889,50212653.499112055
56890,50211444.4833631
56891,50210235.606813565
56892,50209026.87358042
56893,50207818.27612974
56894,50206609.81621179
56895,50205401.49753027
56896,50204193.31470569
56897,50202985.27308622
56898,50201777.37074788
56899,50200569.60720268
56900,50199361.981121615
56901,50198154.4951441
56902,50196947.14914914
56903,50195739.94006087
56904,50194532.87416755
56905,50193325.94429921
56906,50192119.1568335
56907,50190912.50728059
56908,50189705.999961466
56909,50188499.629204646
56910,50187293.40151782
56911,50186087.308688775
56912,50184881.36053012
56913,50183675.55114706
56914,50182469.88196246
56915,50181264.354226604
56916,50180058.96096736
56917,50178853.7133677
56918,50177648.6077133
56919,50176443.63685572
56920,50175238.810818195
56921,50174034.122645065
56922,50172829.57607761
56923,50171625.17129081
56924,50170420.9095363
56925,50169216.78273161
56926,50168012.80089612
56927,50166808.95926213
56928,50165605.25985131
56929,50164401.70064735
56930,50163198.281444505
56931,50161995.001269564
56932,50160791.868066356
56933,50159588.87369705
56934,50158386.023505874
56935,50157183.3104603
56936,50155980.74375047
56937,50154778.31488164
56938,50153576.02980496
56939,50152373.88698223
56940,50151171.88176788
56941,50149970.02107526
56942,50148768.30493331
56943,50147566.72988838
56944,50146365.29466359
56945,50145164.00403446
56946,50143962.85622944
56947,50142761.84955872
56948,50141560.98377034
56949,50140360.263087265
56950,50139159.682965614
56951,50137959.24622752
56952,50136758.9555718
56953,50135558.80144553
56954,50134358.79603311
56955,50133158.93070252
56956,50131959.20988872
56957,50130759.63002764
56958,50129560.19640151
56959,50128360.9028286
56960,50127161.7556059
56961,50125962.74885869
56962,50124763.88552613
56963,50123565.16857437
56964,50122366.59349399
56965,50121168.16167167
56966,50119969.87345928
56967,50118771.7312928
56968,50117573.72955598
56969,50116375.87368365
56970,50115178.163095914
56971,50113980.59445357
56972,50112783.16893565
56973,50111585.89038343
56974,50110388.75647381
56975,50109191.76486741
56976,50107994.9185206
56977,50106798.2168524
56978,50105601.65956822
56979,50104405.24637127
56980,50103208.974760786
56981,50102012.8546263
56982,50100816.875585765
56983,50099621.04244985
56984,50098425.35476924
56985,50097229.80894525
56986,50096034.41150668
56987,50094839.15850331
56988,50093644.049546376
56989,50092449.08568482
56990,50091254.26830496
56991,50090059.59743479
56992,50088865.07032356
56993,50087670.68807332
56994,50086476.45391138
56995,50085282.36383697
56996,50084088.42210214
56997,50082894.62194232
56998,50081700.97284495
56999,50080507.46757578
57000,50079314.10472899
57001,50078120.89103973
57002,50076927.824980006
57003,50075734.90377019
57004,50074542.127179295
57005,50073349.49862145
57006,50072157.01649134
57007,50070964.68047361
57008,50069772.49324807
57009,50068580.450180486
57010,50067388.55373372
57011,50066196.805771425
57012,50065005.203458264
57013,50063813.7514201
57014,50062622.4407663
57015,50061431.28094047
57016,50060240.26697501
57017,50059049.399952725
57018,50057858.6813979
57019,50056668.10938174
57020,50055477.6872991
57021,50054287.40785189
57022,50053097.27604251
57023,50051907.299170434
57024,50050717.46250369
57025,50049527.77689959
57026,50048338.23790505
57027,50047148.84738955
57028,50045959.60438139
57029,50044770.50904907
57030,50043581.563993454
57031,50042392.76706046
57032,50041204.114978865
57033,50040015.61552142
57034,50038827.26410627
57035,50037639.05729129
57036,50036450.999348424
57037,50035263.0934571
57038,50034075.33498001
57039,50032887.72501344
57040,50031700.2623705
57041,50030512.95011543
57042,50029325.78661177
57043,50028138.77160457
57044,50026951.905619286
57045,50025765.188086405
57046,50024578.62229738
57047,50023392.20268593
57048,50022205.937031835
57049,50021019.81439361
57050,50019833.84590423
57051,50018648.02342415
57052,50017462.35342435
57053,50016276.83217834
57054,50015091.46000141
57055,50013906.23919764
57056,50012721.1684056
57057,50011536.24600835
57058,50010351.47566417
57059,50009166.85182765
57060,50007982.38188423
57061,50006798.05922958
57062,50005613.88986151
57063,50004429.86876826
57064,50003245.998660296
57065,50002062.277625576
57066,50000878.709800646
57067,49999695.28810774
57068,49998512.022189885
57069,49997328.90460457
57070,49996145.93883726
57071,49994963.122346
57072,49993780.45680502
57073,49992597.94308073
57074,49991415.58162773
57075,49990233.36999713
57076,49989051.31094988
57077,49987869.40216773
57078,49986687.64373516
57079,49985506.037606135
57080,49984324.584025115
57081,49983143.27964966
57082,49981962.128245816
57083,49980781.12737098
57084,49979600.28157158
57085,49978419.58442518
57086,49977239.04136358
57087,49976058.64668831
57088,49974878.407096446
57089,49973698.32031745
57090,49972518.383639134
57091,49971338.59829646
57092,49970158.968860865
57093,49968979.4874513
57094,49967800.162827924
57095,49966620.98675719
57096,49965441.96724518
57097,49964263.097070366
57098,49963084.38091914
57099,49961905.81687238
57100,49960727.40624708
57101,49959549.148342825
57102,49958371.04402735
57103,49957193.09134872
57104,49956015.29405904
57105,49954837.64620747
57106,49953660.15537976
57107,49952482.81595417
57108,49951305.630856454
57109,49950128.59740597
57110,49948951.71877208
57111,49947774.99348076
57112,49946598.42029578
57113,49945422.003950335
57114,49944245.74263365
57115,49943069.63060919
57116,49941893.67175214
57117,49940717.86822583
57118,49939542.2216018
57119,49938366.72825175
57120,49937191.38691068
57121,49936016.20284808
57122,49934841.1684834
57123,49933666.29215515
57124,49932491.56891629
57125,49931317.00134581
57126,49930142.58756505
57127,49928968.32873219
57128,49927794.222892195
57129,49926620.27450703
57130,49925446.47865435
57131,49924272.83962259
57132,49923099.35467583
57133,49921926.02313393
57134,49920752.847473696
57135,49919579.82854207
57136,49918406.96474502
57137,49917234.252956785
57138,49916061.700032234
57139,49914889.30269894
57140,49913717.05640803
57141,49912544.970497906
57142,49911373.03907798
57143,49910201.263455436
57144,49909029.64282024
57145,49907858.17826365
57146,49906686.8685475
57147,49905515.71891409
57148,49904344.71982202
57149,49903173.877898395
57150,49902003.19646024
57151,49900832.66629161
57152,49899662.29388051
57153,49898492.080146804
57154,49897322.019742444
57155,49896152.11770461
57156,49894982.370725736
57157,49893812.78133385
57158,49892643.34792203
57159,49891474.07156467
57160,49890304.956926525
57161,49889135.990181446
57162,49887967.18404511
57163,49886798.53814686
57164,49885630.04586723
57165,49884461.71134414
57166,49883293.53377238
57167,49882125.51406075
57168,49880957.65171605
57169,49879789.948101155
57170,49878622.39913826
57171,49877455.01048915
57172,49876287.7768524
57173,49875120.70192988
57174,49873953.78407645
57175,49872787.02800476
57176,49871620.42450246
57177,49870453.98104456
57178,49869287.697459504
57179,49868121.56863415
57180,49866955.59948968
57181,49865789.787960425
57182,49864624.13432384
57183,49863458.641836524
57184,49862293.30311541
57185,49861128.12592274
57186,49859963.10701136
57187,49858798.24751538
57188,49857633.54537624
57189,49856469.00037509
57190,49855304.62018411
57191,49854140.39310414
57192,49852976.32524502
57193,49851812.41854057
57194,49850648.66997039
57195,49849485.07971977
57196,49848321.650145955
57197,49847158.37910096
57198,49845995.268036425
57199,49844832.31463546
57200,49843669.521946475
57201,49842506.88797673
57202,49841344.41388054
57203,49840182.09930573
57204,49839019.94473057
57205,49837857.95029251
57206,49836696.11557279
57207,49835534.441759616
57208,49834372.92527847
57209,49833211.57025329
57210,49832050.37531094
57211,49830889.34072724
57212,49829728.467864685
57213,49828567.75146335
57214,49827407.198429294
57215,49826246.80465837
57216,49825086.571291074
57217,49823926.49773611
57218,49822766.58729302
57219,49821606.83359375
57220,49820447.24398878
57221,49819287.81476258
57222,49818128.546244316
57223,49816969.43865239
57224,49815810.493058704
57225,49814651.706461444
57226,49813493.08129348
57227,49812334.61727641
57228,49811176.315033935
57229,49810018.173295915
57230,49808860.19278298
57231,49807702.37552899
57232,49806544.72140747
57233,49805387.22454061
57234,49804229.89139143
57235,49803072.72131388
57236,49801915.70780517
57237,49800758.86185768
57238,49799602.17524938
57239,49798445.652516216
57240,49797289.290691234
57241,49796133.09072023
57242,49794977.05383369
57243,49793821.177288175
57244,49792665.463686734
57245,49791509.91493429
57246,49790354.52186014
57247,49789199.30016459
57248,49788044.2362348
57249,49786889.3334911
57250,49785734.59476139
57251,49784580.019385725
57252,49783425.607142255
57253,49782271.358889565
57254,49781117.26842895
57255,49779963.34911249
57256,49778809.5863778
57257,49777655.98996483
57258,49776502.553165466
57259,49775349.283987805
57260,49774196.17584643
57261,49773043.231610015
57262,49771890.44939558
57263,49770737.83226552
57264,49769585.37755755
57265,49768433.089349076
57266,49767280.96343213
57267,49766128.9996529
57268,49764977.197812885
57269,49763825.56687547
57270,49762674.09463344
57271,49761522.7848887
57272,49760371.64296597
57273,49759220.664903246
57274,49758069.8514698
57275,49756919.200251766
57276,49755768.7145402
57277,49754618.394918874
57278,49753468.2382491
57279,49752318.245614
57280,49751168.41524136
57281,49750018.75470723
57282,49748869.254910275
57283,49747719.92377868
57284,49746570.753369376
57285,49745421.75054838
57286,49744272.91110489
57287,49743124.23725612
57288,49741975.72785141
57289,49740827.38600874
57290,49739679.20756348
57291,49738531.19344589
57292,49737383.34585819
57293,49736235.66354862
57294,49735088.14854585
57295,49733940.79700038
57296,49732793.61171971
57297,49731646.59143562
57298,49730499.73937774
57299,49729353.04837834
57300,49728206.52848387
57301,49727060.17246902
57302,49725913.98096959
57303,49724767.95571527
57304,49723622.09956759
57305,49722476.408606976
57306,49721330.883676946
57307,49720185.52338922
57308,49719040.32934174
57309,49717895.30433194
57310,49716750.44434564
57311,49715605.75096032
57312,49714461.22319752
57313,49713316.86483817
57314,49712172.671644494
57315,49711028.64737794
57316,49709884.785717696
57317,49708741.09497312
57318,49707597.569347695
57319,49706454.20977941
57320,49705311.019897625
57321,49704167.9940292
57322,49703025.13805713
57323,49701882.448498085
57324,49700739.92707212
57325,49699597.57089564
57326,49698455.387907356
57327,49697313.36661253
57328,49696171.516177356
57329,49695029.83183661
57330,49693888.31531127
57331,49692746.96615128
57332,49691605.78627702
57333,49690464.77469833
57334,49689323.93024573
57335,49688183.25363951
57336,49687042.74598879
57337,49685902.40743244
57338,49684762.23643941
57339,49683622.231346235
57340,49682482.397004776
57341,49681342.731957085
57342,49680203.233983845
57343,49679063.90479733
57344,49677924.745776296
57345,49676785.75346602
57346,49675646.92888531
57347,49674508.27579915
57348,49673369.78995353
57349,49672231.47544013
57350,49671093.3273475
57351,49669955.349085316
57352,49668817.54013929
57353,49667679.904767245
57354,49666542.431308776
57355,49665405.13161559
57356,49664268.00067644
57357,49663131.038913086
57358,49661994.24714613
57359,49660857.6238223
57360,49659721.17044738
57361,49658584.88789069
57362,49657448.77445535
57363,49656312.830739245
57364,49655177.05770239
57365,49654041.45280171
57366,49652906.01964818
57367,49651770.75506291
57368,49650635.66286433
57369,49649500.739435054
57370,49648365.98839842
57371,49647231.403518945
57372,49646096.99257553
57373,49644962.75108947
57374,49643828.681403354
57375,49642694.77919357
57376,49641561.050892025
57377,49640427.492128715
57378,49639294.10494135
57379,49638160.88599862
57380,49637027.83931258
57381,49635894.965854555
57382,49634762.259799585
57383,49633629.727604285
57384,49632497.3660011
57385,49631365.17621054
57386,49630233.15471278
57387,49629101.30798514
57388,49627969.631763205
57389,49626838.12582353
57390,49625706.79282804
57391,49624575.6321917
57392,49623444.64059072
57393,49622313.82226926
57394,49621183.176856704
57395,49620052.70095548
57396,49618922.399641186
57397,49617792.26578255
57398,49616662.30831663
57399,49615532.522648394
57400,49614402.90660999
57401,49613273.46478934
57402,49612144.1962806
57403,49611015.09659739
57404,49609886.17263267
57405,49608757.420159936
57406,49607628.83930027
57407,49606500.43168312
57408,49605372.19570872
57409,49604244.13528816
57410,49603116.24392116
57411,49601988.52904184
57412,49600860.984525956
57413,49599733.614023834
57414,49598606.41663383
57415,49597479.39285526
57416,49596352.54260428
57417,49595225.863067985
57418,49594099.35744041
57419,49592973.02527593
57420,49591846.86984342
57421,49590720.88430156
57422,49589595.07287365
57423,49588469.43574098
57424,49587343.97268604
57425,49586218.681467645
57426,49585093.56495308
57427,49583968.62189521
57428,49582843.853618234
57429,49581719.25981286
57430,49580594.84072189
57431,49579470.59271929
57432,49578346.521221444
57433,49577222.62403248
57434,49576098.899512365
57435,49574975.35166398
57436,49573851.97471622
57437,49572728.77390959
57438,49571605.7476244
57439,49570482.89852074
57440,49569360.22091438
57441,49568237.7161077
57442,49567115.39231626
57443,49565993.238171585
57444,49564871.26015973
57445,49563749.45785704
57446,49562627.82870034
57447,49561506.377249956
57448,49560385.099273145
57449,49559263.99694639
57450,49558143.07124783
57451,49557022.31832528
57452,49555901.742369935
57453,49554781.34171954
57454,49553661.11695905
57455,49552541.06747037
57456,49551421.19202849
57457,49550301.49313225
57458,49549181.97265783
57459,49548062.621224955
57460,49546943.4535927
57461,49545824.45743116
57462,49544705.6389865
57463,49543586.99534954
57464,49542468.529595815
57465,49541350.23791299
57466,49540232.12148732
57467,49539114.18315256
57468,49537996.422470495
57469,49536878.83777787
57470,49535761.42944075
57471,49534644.19496693
57472,49533527.13752809
57473,49532410.260934904
57474,49531293.558032595
57475,49530177.03240272
57476,49529060.68227122
57477,49527944.512582615
57478,49526828.51555614
57479,49525712.6986891
57480,49524597.05775209
57481,49523481.59426904
57482,49522366.30642546
57483,49521251.19696645
57484,49520136.26679212
57485,49519021.51193109
57486,49517906.934603736
57487,49516792.53579603
57488,49515678.31298559
57489,49514564.267880075
57490,49513450.402067505
57491,49512336.7130531
57492,49511223.20194556
57493,49510109.867329106
57494,49508996.711910546
57495,49507883.73644299
57496,49506770.936143875
57497,49505658.31319522
57498,49504545.87079032
57499,49503433.60610397
57500,49502321.52204858
57501,49501209.61284997
57502,49500097.88326949
57503,49498986.331695706
57504,49497874.958344445
57505,49496763.76611693
57506,49495652.750623405
57507,49494541.9126008
57508,49493431.256822154
57509,49492320.77712062
57510,49491210.4753785
57511,49490100.35476292
57512,49488990.412521645
57513,49487880.650122985
57514,49486771.06444479
57515,49485661.66043316
57516,49484552.43645947
57517,49483443.387927294
57518,49482334.52254781
57519,49481225.834193066
57520,49480117.32850878
57521,49479008.99967764
57522,49477900.84922793
57523,49476792.88069706
57524,49475685.09253979
57525,49474577.480807796
57526,49473470.05246612
57527,49472362.80311616
57528,49471255.73558123
57529,49470148.84411827
57530,49469042.13585506
57531,49467935.605385564
57532,49466829.25748779
57533,49465723.08635755
57534,49464617.09869463
57535,49463511.291218154
57536,49462405.66387609
57537,49461300.216913804
57538,49460194.950255275
57539,49459089.864681564
57540,49457984.95897728
57541,49456880.23473616
57542,49455775.68994178
57543,49454671.32660909
57544,49453567.145320475
57545,49452463.1439611
57546,49451359.32614058
57547,49450255.68824114
57548,49449152.22891753
57549,49448048.95467429
57550,49446945.859214544
57551,49445842.94466212
57552,49444740.212735236
57553,49443637.66354403
57554,49442535.29098341
57555,49441433.106891274
57556,49440331.1008022
57557,49439229.27515629
57558,49438127.63326446
57559,49437026.17442775
57560,49435924.892826
57561,49434823.797239386
57562,49433722.883364186
57563,49432622.150291495
57564,49431521.59962733
57565,49430421.23307347
57566,49429321.0440772
57567,49428221.04035722
57568,49427121.21750848
57569,49426021.579968795
57570,49424922.123892546
57571,49423822.85093109
57572,49422723.76022719
57573,49421624.8496215
57574,49420526.124481656
57575,49419427.582839265
57576,49418329.220914006
57577,49417231.04417668
57578,49416133.050292686
57579,49415035.23677222
57580,49413937.60817455
57581,49412840.16566922
57582,49411742.90256125
57583,49410645.82184145
57584,49409548.92660968
57585,49408452.21533438
57586,49407355.68822624
57587,49406259.34260054
57588,49405163.18101937
57589,49404067.20145556
57590,49402971.40748909
57591,49401875.796027064
57592,49400780.3695212
57593,49399685.12576711
57594,49398590.066871494
57595,49397495.19182993
57596,49396400.501241654
57597,49395305.994714856
57598,49394211.673003376
57599,49393117.53220873
57600,49392023.57865223
57601,49390929.807686776
57602,49389836.22300087
57603,49388742.819383666
57604,49387649.603191964
57605,49386556.572025165
57606,49385463.72418351
57607,49384371.061104946
57608,49383278.5835393
57609,49382186.28680195
57610,49381094.17852592
57611,49380002.25648396
57612,49378910.51783456
57613,49377818.9637893
57614,49376727.59702903
57615,49375636.40972215
57616,49374545.412514895
57617,49373454.59883084
57618,49372363.971585974
57619,49371273.52876842
57620,49370183.27072659
57621,49369093.19996548
57622,49368003.31353486
57623,49366913.61305188
57624,49365824.099186584
57625,49364734.77137776
57626,49363645.623600975
57627,49362556.66925293
57628,49361467.896945775
57629,49360379.309848934
57630,49359290.91052165
57631,49358202.69812438
57632,49357114.669773564
57633,49356026.828335546
57634,49354939.17259833
57635,49353851.70372334
57636,49352764.42106931
57637,49351677.32549086
57638,49350590.41630931
57639,49349503.69375862
57640,49348417.156134784
57641,49347330.807912365
57642,49346244.64315125
57643,49345158.66849172
57644,49344072.87733971
57645,49342987.277582906
57646,49341901.86050936
57647,49340816.63199034
57648,49339731.58931649
57649,49338646.73554358
57650,49337562.06629892
57651,49336477.58641413
57652,49335393.29420423
57653,49334309.19049098
57654,49333225.27183905
57655,49332141.537911
57656,49331057.99598995
57657,49329974.64128883
57658,49328891.47466043
57659,49327808.49336333
57660,49326725.69804104
57661,49325643.09466696
57662,49324560.67968043
57663,49323478.45020238
57664,49322396.409145944
57665,49321314.55716814
57666,49320232.89084512
57667,49319151.415172726
57668,49318070.1276035
57669,49316989.025936455
57670,49315908.1128881
57671,49314827.38980406
57672,49313746.85421051
57673,49312666.506248444
57674,49311586.349624634
57675,49310506.381583825
57676,49309426.60015565
57677,49308347.00942528
57678,49307267.60491007
57679,49306188.391186446
57680,49305109.36297412
57681,49304030.527677715
57682,49302951.880238846
57683,49301873.421139985
57684,49300795.15407227
57685,49299717.0703784
57686,49298639.181194186
57687,49297561.480735466
57688,49296483.96801358
57689,49295406.64392722
57690,49294329.50993049
57691,49293252.56796887
57692,49292175.81198511
57693,49291099.24694212
57694,49290022.87373434
57695,49288946.687755525
57696,49287870.69161935
57697,49286794.88668619
57698,49285719.27111912
57699,49284643.84491365
57700,49283568.60945195
57701,49282493.561560765
57702,49281418.708194375
57703,49280344.042445175
57704,49279269.56733547
57705,49278195.28282226
57706,49277121.18876141
57707,49276047.28514789
57708,49274973.57229081
57709,49273900.04862046
57710,49272826.71770772
57711,49271753.57642431
57712,49270680.62563282
57713,49269607.86583784
57714,49268535.295163326
57715,49267462.917180166
57716,49266390.73036357
57717,49265318.73336175
57718,49264246.927358225
57719,49263175.313861355
57720,49262103.89301901
57721,49261032.658892006
57722,49259961.61837911
57723,49258890.76950708
57724,49257820.11289208
57725,49256749.646420896
57726,49255679.37202996
57727,49254609.29067676
57728,49253539.39741193
57729,49252469.69761965
57730,49251400.1914482
57731,49250330.87274206
57732,49249261.747376576
57733,49248192.81488998
57734,49247124.075638846
57735,49246055.524740666
57736,49244987.16753385
57737,49243919.004281305
57738,49242851.033734396
57739,49241783.25356601
57740,49240715.66517492
57741,49239648.27112487
57742,49238581.06780018
57743,49237514.057143696
57744,49236447.2389182
57745,49235380.614551656
57746,49234314.18177077
57747,49233247.940799
57748,49232181.8946947
57749,49231116.03884557
57750,49230050.378217064
57751,49228984.909786485
57752,49227919.633432046
57753,49226854.55131532
57754,49225789.66229261
57755,49224724.96425076
57756,49223660.46236706
57757,49222596.154504955
57758,49221532.03488427
57759,49220468.1135302
57760,49219404.38261938
57761,49218340.84759392
57762,49217277.502920404
57763,49216214.35447574
57764,49215151.40115518
57765,49214088.63695037
57766,49213026.06969676
57767,49211963.69541399
57768,49210901.512419164
57769,49209839.5284501
57770,49208777.734306216
57771,49207716.137755975
57772,49206654.73291533
57773,49205593.52150792
57774,49204532.505464695
57775,49203471.684876785
57776,49202411.06004295
57777,49201350.62617126
57778,49200290.38632275
57779,49199230.3423787
57780,49198170.492905654
57781,49197110.836806305
57782,49196051.3763365
57783,49194992.11227572
57784,49193933.039981216
57785,49192874.16599992
57786,49191815.48205629
57787,49190756.996287376
57788,49189698.70736864
57789,49188640.60947026
57790,49187582.70853415
57791,49186525.003352776
57792,49185467.493122995
57793,49184410.17709258
57794,49183353.05660569
57795,49182296.1323271
57796,49181239.40257127
57797,49180182.869365945
57798,49179126.53279471
57799,49178070.38769368
57800,49177014.439227834
57801,49175958.68972979
57802,49174903.13290741
57803,49173847.77356785
57804,49172792.60964405
57805,49171737.6406672
57806,49170682.8688294
57807,49169628.29087828
57808,49168573.91316179
57809,49167519.73004587
57810,49166465.74192187
57811,49165411.95012475
57812,49164358.35594985
57813,49163304.955983646
57814,49162251.75364202
57815,49161198.74947511
57816,49160145.94030984
57817,49159093.327604994
57818,49158040.91079871
57819,49156988.69289331
57820,49155936.66812654
57821,49154884.843208835
57822,49153833.215369046
57823,49152781.78351087
57824,49151730.54687846
57825,49150679.51181732
57826,49149628.66864721
57827,49148578.02510239
57828,49147527.57941818
57829,49146477.33066088
57830,49145427.27713745
57831,49144377.423568964
57832,49143327.764666796
57833,49142278.3069808
57834,49141229.04305719
57835,49140179.9786107
57836,49139131.11085321
57837,49138082.442000344
57838,49137033.9693736
57839,49135985.696150914
57840,49134937.62018423
57841,49133889.7409638
57842,49132842.06125453
57843,49131794.57753985
57844,49130747.294275105
57845,49129700.20949471
57846,49128653.322632514
57847,49127606.631705925
57848,49126560.14070232
57849,49125513.84889901
57850,49124467.753963776
57851,49123421.85778571
57852,49122376.1594201
57853,49121330.659696504
57854,49120285.36007424
57855,49119240.259113245
57856,49118195.35650507
57857,49117150.65273941
57858,49116106.14632207
57859,49115061.83817235
57860,49114017.72919403
57861,49112973.82225196
57862,49111930.11303994
57863,49110886.59877741
57864,49109843.28838712
57865,49108800.177147105
57866,49107757.26382905
57867,49106714.54929331
57868,49105672.03695124
57869,49104629.72289967
57870,49103587.60602984
57871,49102545.68864438
57872,49101503.97417742
57873,49100462.45616225
57874,49099421.139253035
57875,49098380.02395311
57876,49097339.1067215
57877,49096298.38760997
57878,49095257.87091229
57879,49094217.55134665
57880,49093177.43520138
57881,49092137.51660525
57882,49091097.79809967
57883,49090058.28112724
57884,49089018.9652804
57885,49087979.84650625
57886,49086940.931155995
57887,49085902.216344886
57888,49084863.699064165
57889,49083825.382791616
57890,49082787.269380815
57891,49081749.35626307
57892,49080711.64087166
57893,49079674.13065021
57894,49078636.8182838
57895,49077599.70674497
57896,49076562.79671719
57897,49075526.086936176
57898,49074489.57879013
57899,49073453.27120532
57900,49072417.165779434
57901,49071381.26109017
57902,49070345.555068806
57903,49069310.05252515
57904,49068274.751471445
57905,49067239.65124148
57906,49066204.754376784
57907,49065170.05459459
57908,49064135.56100002
57909,49063101.26777232
57910,49062067.173353665
57911,49061033.28462304
57912,49059999.59525193
57913,49058966.10646728
57914,49057932.82218874
57915,49056899.73698154
57916,49055866.85508256
57917,49054834.17608775
57918,49053801.70031339
57919,49052769.42301375
57920,49051737.35017325
57921,49050705.477990374
57922,49049673.81098133
57923,49048642.34437588
57924,49047611.078632735
57925,49046580.01522852
57926,49045549.15786131
57927,49044518.501864955
57928,49043488.04718353
57929,49042457.79567939
57930,49041427.74703145
57931,49040397.89998772
57932,49039368.25584679
57933,49038338.8172841
57934,49037309.57799563
57935,49036280.54295962
57936,49035251.71294016
57937,49034223.08266407
57938,49033194.657385275
57939,49032166.43737413
57940,49031138.41818155
57941,49030110.60184573
57942,49029082.9887901
57943,49028055.57993093
57944,49027028.37490113
57945,49026001.371669546
57946,49024974.571989134
57947,49023947.97735143
57948,49022921.58438497
57949,49021895.39705111
57950,49020869.412886456
57951,49019843.632137045
57952,49018818.055380866
57953,49017792.68429786
57954,49016767.51331749
57955,49015742.5496774
57956,49014717.78755061
57957,49013693.2302462
57958,49012668.881019145
57959,49011644.7328884
57960,49010620.78715661
57961,49009597.04804546
57962,49008573.51242402
57963,49007550.18156159
57964,49006527.05496872
57965,49005504.134046465
57966,49004481.41590986
57967,49003458.90403795
57968,49002436.597302124
57969,49001414.49276726
57970,49000392.594029844
57971,48999370.89969714
57972,48998349.41150625
57973,48997328.12604283
57974,48996307.0504384
57975,48995286.17417103
57976,48994265.50453788
57977,48993245.04282849
57978,48992224.78496505
57979,48991204.73286644
57980,48990184.88402319
57981,48989165.24229775
57982,48988145.805305354
57983,48987126.573672175
57984,48986107.54568462
57985,48985088.72687259
57986,48984070.11013731
57987,48983051.70434666
57988,48982033.49960095
57989,48981015.50060255
57990,48979997.70975213
57991,48978980.12239139
57992,48977962.7418015
57993,48976945.5701676
57994,48975928.60027679
57995,48974911.83912742
57996,48973895.28370051
57997,48972878.933686554
57998,48971862.78945418
57999,48970846.853447035
58000,48969831.1227811
58001,48968815.59914541
58002,48967800.28280596
58003,48966785.166969284
58004,48965770.263280824
58005,48964755.56603682
58006,48963741.075211555
58007,48962726.789637975
58008,48961712.71226098
58009,48960698.83831152
58010,48959685.17498559
58011,48958671.719186775
58012,48957658.46624835
58013,48956645.42060595
58014,48955632.58614899
58015,48954619.95797968
58016,48953607.53521536
58017,48952595.31896372
58018,48951583.31175945
58019,48950571.510704115
58020,48949559.91774804
58021,48948548.5324324
58022,48947537.355242446
58023,48946526.382101074
58024,48945515.62278474
58025,48944505.06587444
58026,48943494.71711049
58027,48942484.577214286
58028,48941474.64530639
58029,48940464.92153451
58030,48939455.40515168
58031,48938446.0962147
58032,48937436.99504851
58033,48936428.10322668
58034,48935419.41668673
58035,48934410.94120887
58036,48933402.673603036
58037,48932394.61303454
58038,48931386.76254909
58039,48930379.11816527
58040,48929371.686347365
58041,48928364.45675413
58042,48927357.44179778
58043,48926350.62890434
58044,48925344.03213688
58045,48924337.638588026
58046,48923331.45536877
58047,48922325.47853676
58048,48921319.713706866
58049,48920314.156752944
58050,48919308.808794625
58051,48918303.671007946
58052,48917298.74027227
58053,48916294.01831728
58054,48915289.507491276
58055,48914285.20484234
58056,48913281.10946677
58057,48912277.22507216
58058,48911273.55277561
58059,48910270.084679
58060,48909266.827991866
58061,48908263.781657964
58062,48907260.94557676
58063,48906258.31747326
58064,48905255.89849515
58065,48904253.69076201
58066,48903251.6916447
58067,48902249.90226097
58068,48901248.322927155
58069,48900246.95406493
58070,48899245.79410655
58071,48898244.84516567
58072,48897244.105634734
58073,48896243.57489017
58074,48895243.25658566
58075,48894243.14779864
58076,48893243.251077145
58077,48892243.56048639
58078,48891244.082667485
58079,48890244.81666251
58080,48889245.75546827
58081,48888246.908519
58082,48887248.27280079
58083,48886249.8473417
58084,48885251.6321585
58085,48884253.627265885
58086,48883255.83264966
58087,48882258.25173445
58088,48881260.87800424
58089,48880263.71821112
58090,48879266.765499055
58091,48878270.02893594
58092,48877273.49679148
58093,48876277.18099465
58094,48875281.0736835
58095,48874285.179561004
58096,48873289.49461028
58097,48872294.02077949
58098,48871298.760799825
58099,48870303.71320285
58100,48869308.87205334
58101,48868314.246478684
58102,48867319.830412924
58103,48866325.62595947
58104,48865331.63608414
58105,48864337.853022456
58106,48863344.28452191
58107,48862350.927222654
58108,48861357.783315286
58109,48860364.84671349
58110,48859372.12884624
58111,48858379.61847938
58112,48857387.31973299
58113,48856395.23439605
58114,48855403.36010918
58115,48854411.69921307
58116,48853420.25042472
58117,48852429.01230341
58118,48851437.990253836
58119,48850447.176845595
58120,48849456.577064276
58121,48848466.188820824
58122,48847476.01613523
58123,48846486.052760094
58124,48845496.30273344
58125,48844506.765286624
58126,48843517.44203599
58127,48842528.32961294
58128,48841539.432523206
58129,48840550.747205436
58130,48839562.27319999
58131,48838574.013948694
58132,48837585.96805918
58133,48836598.13284886
58134,48835610.51220433
58135,48834623.10475798
58136,48833635.90995851
58137,48832648.92894715
58138,48831662.16073203
58139,48830675.60748371
58140,48829689.26593668
58141,48828703.13901082
58142,48827717.22533633
58143,48826731.5227144
58144,48825746.035975814
58145,48824760.76419801
58146,48823775.703640416
58147,48822790.85810827
58148,48821806.22603701
58149,48820821.8067734
58150,48819837.60388652
58151,48818853.613228455
58152,48817869.835559055
58153,48816886.2740282
58154,48815902.92579695
58155,48814919.79250173
58156,48813936.87295996
58157,48812954.16604446
58158,48811971.67292023
58159,48810989.39820605
58160,48810007.336936735
58161,48809025.48714376
58162,48808043.85231744
58163,48807062.433681644
58164,48806081.22934584
58165,48805100.23854692
58166,48804119.464309186
58167,48803138.9011429
58168,48802158.555921495
58169,48801178.42565283
58170,48800198.50962673
58171,48799218.807031065
58172,48798239.32073894
58173,48797260.04915069
58174,48796280.992759004
58175,48795302.15281817
58176,48794323.526214935
58177,48793345.11670915
58178,48792366.91873233
58179,48791388.939385906
58180,48790411.17534754
58181,48789433.62542446
58182,48788456.28989869
58183,48787479.17356238
58184,48786502.269464396
58185,48785525.58383711
58186,48784549.109981075
58187,48783572.85515413
58188,48782596.81325885
58189,48781620.988788575
58190,48780645.380760774
58191,48779669.985689394
58192,48778694.80842844
58193,48777719.84880554
58194,48776745.10324538
58195,48775770.573427185
58196,48774796.26368679
58197,48773822.1655863
58198,48772848.28568664
58199,48771874.62209028
58200,48770901.17469226
58201,48769927.9430712
58202,48768954.928002864
58203,48767982.12974264
58204,48767009.54675372
58205,48766037.18107684
58206,48765065.030612424
58207,48764093.10135929
58208,48763121.384526566
58209,48762149.888434276
58210,48761178.60522255
58211,48760207.54031189
58212,48759236.69183566
58213,48758266.060367495
58214,48757295.646006286
58215,48756325.44882721
58216,48755355.46824303
58217,48754385.704391405
58218,48753416.15794649
58219,48752446.83089059
58220,48751477.72037478
58221,48750508.82489391
58222,48749540.14847503
58223,48748571.687726185
58224,48747603.44677333
58225,48746635.42169304
58226,48745667.6150157
58227,48744700.02713315
58228,48743732.65548982
58229,48742765.50254921
58230,48741798.566490605
58231,48740831.8466094
58232,48739865.34515036
58233,48738899.06363109
58234,48737932.99930103
58235,48736967.15398155
58236,48736001.52549305
58237,48735036.11436579
58238,48734070.92281216
58239,48733105.95046919
58240,48732141.19184593
58241,48731176.65405859
58242,48730212.33409554
58243,48729248.23426381
58244,48728284.352502845
58245,48727320.68674606
58246,48726357.24123885
58247,48725394.01404686
58248,48724431.004956454
58249,48723468.21642775
58250,48722505.64534442
58251,48721543.29275574
58252,48720581.16104756
58253,48719619.24485598
58254,48718657.547469616
58255,48717696.07227847
58256,48716734.81334378
58257,48715773.7744154
58258,48714812.95470274
58259,48713852.35384074
58260,48712891.97281059
58261,48711931.81228241
58262,48710971.8666836
58263,48710012.14333146
58264,48709052.639019534
58265,48708093.35321459
58266,48707134.28771387
58267,48706175.44298969
58268,48705216.81490642
58269,48704258.40753555
58270,48703300.22284657
58271,48702342.252178326
58272,48701384.50631343
58273,48700426.97704841
58274,48699469.6676743
58275,48698512.58001912
58276,48697555.71158985
58277,48696599.06156482
58278,48695642.63500875
58279,48694686.42634705
58280,48693730.43721017
58281,48692774.669716716
58282,48691819.12132485
58283,48690863.79453111
58284,48689908.68456183
58285,48688953.798081726
58286,48687999.13248858
58287,48687044.68556698
58288,48686090.45673372
58289,48685136.4518936
58290,48684182.668655336
58291,48683229.10599674
58292,48682275.76028448
58293,48681322.63842771
58294,48680369.7356735
58295,48679417.05477777
58296,48678464.5947197
58297,48677512.35493162
58298,48676560.336169496
58299,48675608.53689939
58300,48674656.96064396
58301,48673705.605667725
58302,48672754.471105024
58303,48671803.55785611
58304,48670852.863343045
58305,48669902.39541693
58306,48668952.14292839
58307,48668002.115642466
58308,48667052.30974619
58309,48666102.72412087
58310,48665153.36165629
58311,48664204.21668797
58312,48663255.29669568
58313,48662306.595917314
58314,48661358.12051677
58315,48660409.86439328
58316,48659461.8293411
58317,48658514.01967941
58318,48657566.42909463
58319,48656619.05963222
58320,48655671.91419107
58321,48654724.98844531
58322,48653778.28677515
58323,48652831.80653243
58324,48651885.54633868
58325,48650939.511753425
58326,48649993.697624475
58327,48649048.104834236
58328,48648102.73529594
58329,48647157.59014483
58330,48646212.664842606
58331,48645267.96158693
58332,48644323.48405391
58333,48643379.22737272
58334,48642435.19081673
58335,48641491.3801681
58336,48640547.792547435
58337,48639604.42369993
58338,48638661.282669336
58339,48637718.35980308
58340,48636775.66208084
58341,48635833.18568528
58342,48634890.93360093
58343,48633948.90517788
58344,48633007.10063524
58345,48632065.5190922
58346,48631124.15949124
58347,48630183.02007275
58348,48629242.10637252
58349,48628301.415545195
58350,48627360.950757444
58351,48626420.70538805
58352,48625480.68575151
58353,48624540.88980874
58354,48623601.31657982
58355,48622661.96587351
58356,48621722.84032838
58357,48620783.93740825
58358,48619845.25840238
58359,48618906.80317171
58360,48617968.571451746
58361,48617030.56582105
58362,48616092.78160873
58363,48615155.22100358
58364,48614217.88514538
58365,48613280.77335331
58366,48612343.88624267
58367,48611407.22431779
58368,48610470.78297236
58369,48609534.56884198
58370,48608598.578689605
58371,48607662.81040114
58372,48606727.266875185
58373,48605791.94930645
58374,48604856.855501905
58375,48603921.98786034
58376,48602987.339470714
58377,48602052.9219168
58378,48601118.72322866
58379,48600184.75457099
58380,48599251.0067995
58381,48598317.48719066
58382,48597384.18894562
58383,48596451.116548374
58384,48595518.267576456
58385,48594585.64775194
58386,48593653.25111973
58387,48592721.07764828
58388,48591789.12698464
58389,48590857.405212015
58390,48589925.90673523
58391,48588994.634988405
58392,48588063.588752285
58393,48587132.767310426
58394,48586202.17051147
58395,48585271.79698521
58396,48584341.65277167
58397,48583411.732846394
58398,48582482.038261406
58399,48581552.56823233
58400,48580623.32433602
58401,48579694.305248536
58402,48578765.513038196
58403,48577836.94831525
58404,48576908.60563077
58405,48575980.48925489
58406,48575052.5999025
58407,48574124.93539478
58408,48573197.49744071
58409,48572270.286320776
58410,48571343.29876598
58411,48570416.539268106
58412,48569490.00414227
58413,48568563.698529676
58414,48567637.61723435
58415,48566711.76139349
58416,48565786.13144013
58417,48564860.72881661
58418,48563935.55254037
58419,48563010.60341133
58420,48562085.879710086
58421,48561161.38007428
58422,48560237.109988175
58423,48559313.06722422
58424,48558389.24798446
58425,48557465.659428425
58426,48556542.29411876
58427,48555619.15772694
58428,48554696.24646469
58429,48553773.56257135
58430,48552851.10469526
58431,48551928.875263445
58432,48551006.87268426
58433,48550085.09664351
58434,48549163.5485561
58435,48548242.225320116
58436,48547321.13119899
58437,48546400.265177175
58438,48545479.624160364
58439,48544559.21037531
58440,48543639.02305317
58441,48542719.064731
58442,48541799.33573173
58443,48540879.83226351
58444,48539960.553491235
58445,48539041.507575296
58446,48538122.68532276
58447,48537204.09210242
58448,48536285.72767657
58449,48535367.589500286
58450,48534449.678393215
58451,48533531.99669123
58452,48532614.54098104
58453,48531697.31377002
58454,48530780.316952154
58455,48529863.54611066
58456,48528947.00123763
58457,48528030.686490566
58458,48527114.60114888
58459,48526198.740930595
58460,48525283.11196785
58461,48524367.70790519
58462,48523452.534668386
58463,48522537.59026492
58464,48521622.8709976
58465,48520708.38245119
58466,48519794.12292302
58467,48518880.088734485
58468,48517966.28711271
58469,48517052.71327258
58470,48516139.366654925
58471,48515226.24806957
58472,48514313.35916212
58473,48513400.7003918
58474,48512488.26880814
58475,48511576.064702585
58476,48510664.090392016
58477,48509752.34701119
58478,48508840.8313673
58479,48507929.54469174
58480,48507018.486009136
58481,48506107.65626095
58482,48505197.055260494
58483,48504286.68834658
58484,48503376.54669632
58485,48502466.63226166
58486,48501556.950447224
58487,48500647.49659899
58488,48499738.27282725
58489,48498829.27772258
58490,48497920.51363969
58491,48497011.97614516
58492,48496103.67076492
58493,48495195.59550287
58494,48494287.74575998
58495,48493380.130822256
58496,48492472.74246477
58497,48491565.58688782
58498,48490658.65766503
58499,48489751.95845835
58500,48488845.49249532
58501,48487939.25279379
58502,48487033.24460523
58503,48486127.46707882
58504,48485221.917361245
58505,48484316.60129011
58506,48483411.51243828
58507,48482506.653423235
58508,48481602.026062556
58509,48480697.62793851
58510,48479793.46251421
58511,48478889.52539417
58512,48477985.819646224
58513,48477082.34183167
58514,48476179.09768975
58515,48475276.08243442
58516,48474373.299677104
58517,48473470.74495671
58518,48472568.42305214
58519,48471666.329762995
58520,48470764.47036945
58521,48469862.838017285
58522,48468961.438920945
58523,48468060.26879018
58524,48467159.33162586
58525,48466258.622672446
58526,48465358.14713083
58527,48464457.90146197
58528,48463557.889618546
58529,48462658.10349483
58530,48461758.55483969
58531,48460859.230675414
58532,48459960.143302105
58533,48459061.28373858
58534,48458162.65772934
58535,48457264.26177913
58536,48456366.09699823
58537,48455468.1652334
58538,48454570.46354556
58539,48453672.994872674
58540,48452775.75520445
58541,48451878.750202686
58542,48450981.97576788
58543,48450085.43166399
58544,48449189.119054355
58545,48448293.04249247
58546,48447397.19342975
58547,48446501.57630545
58548,48445606.193486765
58549,48444711.03922781
58550,48443816.12197603
58551,48442921.434847444
58552,48442026.977538854
58553,48441132.751813486
58554,48440238.75908059
58555,48439345.002879545
58556,48438451.474048
58557,48437558.17875945
58558,48436665.11758803
58559,48435772.285462886
58560,48434879.68884519
58561,48433987.322576806
58562,48433095.18975215
58563,48432203.29060964
58564,48431311.62053098
58565,48430420.18508461
58566,48429528.98275438
58567,48428638.01173325
58568,48427747.27658105
58569,48426856.77192674
58570,48425966.499403596
58571,48425076.45963083
58572,48424186.65184507
58573,48423297.080726236
58574,48422407.741273805
58575,48421518.63256719
58576,48420629.76297957
58577,48419741.12001763
58578,48418852.712402835
58579,48417964.53714489
58580,48417076.59668999
58581,48416188.88757109
58582,48415301.41293235
58583,48414414.17306534
58584,48413527.1647089
58585,48412640.3889758
58586,48411753.84985119
58587,48410867.540095545
58588,48409981.465568244
58589,48409095.62568582
58590,48408210.01897365
58591,48407324.64426403
58592,48406439.50643803
58593,48405554.602310434
58594,48404669.92918278
58595,48403785.49076608
58596,48402901.286324665
58597,48402017.314502195
58598,48401133.57811345
58599,48400250.076877534
58600,48399366.80792588
58601,48398483.772622734
58602,48397600.97355026
58603,48396718.408339575
58604,48395836.07665431
58605,48394953.977663815
58606,48394072.11515112
58607,48393190.48663053
58608,48392309.090324864
58609,48391427.93059704
58610,48390547.00557196
58611,48389666.313371226
58612,48388785.85716772
58613,48387905.63776685
58614,48387025.64613969
58615,48386145.8960881
58616,48385266.37670255
58617,48384387.09155537
58618,48383508.04463777
58619,48382629.229983285
58620,48381750.651968494
58621,48380872.307128094
58622,48379994.19729017
58623,48379116.322375506
58624,48378238.68444088
58625,48377361.27851192
58626,48376484.108217746
58627,48375607.173558034
58628,48374730.47521586
58629,48373854.01345473
58630,48372977.78373033
58631,48372101.79004514
58632,48371226.032428905
58633,48370350.51109886
58634,48369475.223711185
58635,48368600.17148963
58636,48367725.35445877
58637,48366850.77391991
58638,48365976.42899082
58639,48365102.31864172
58640,48364228.44547938
58641,48363354.80637665
58642,48362481.405142546
58643,48361608.23846766
58644,48360735.308118574
58645,48359862.61211249
58646,48358990.15280986
58647,48358117.928392485
58648,48357245.94178545
58649,48356374.1894124
58650,48355502.673369415
58651,48354631.39552362
58652,48353760.35211596
58653,48352889.54621744
58654,48352018.97382543
58655,48351148.64301607
58656,48350278.54141185
58657,48349408.679823816
58658,48348539.05368222
58659,48347669.66577384
58660,48346800.51196051
58661,48345931.594844
58662,48345062.91414879
58663,48344194.47326453
58664,48343326.26663739
58665,48342458.296255186
58666,48341590.56228924
58667,48340723.06548371
58668,48339855.80662448
58669,48338988.782574765
58670,48338121.99745318
58671,48337255.44674557
58672,48336389.13412754
58673,48335523.05899337
58674,48334657.22135441
58675,48333791.61949914
58676,48332926.25369253
58677,48332061.12588308
58678,48331196.23470126
58679,48330331.58343011
58680,48329467.16499739
58681,48328602.989783235
58682,48327739.04751059
58683,48326875.34184244
58684,48326011.87711069
58685,48325148.6471287
58686,48324285.65519713
58687,48323422.90009847
58688,48322560.38407989
58689,48321698.10283698
58690,48320836.0626466
58691,48319974.25787613
58692,48319112.69192119
58693,48318251.36289332
58694,48317390.272075966
58695,48316529.4209307
58696,48315668.80297378
58697,48314808.42745419
58698,48313948.28646683
58699,48313088.38742274
58700,48312228.72302309
58701,48311369.29571356
58702,48310510.11004335
58703,48309651.15970926
58704,48308792.44947297
58705,48307933.97494168
58706,48307075.74274658
58707,48306217.74302371
58708,48305359.98601747
58709,48304502.465883836
58710,48303645.185861096
58711,48302788.14191898
58712,48301931.33760877
58713,48301074.771023646
58714,48300218.442697436
58715,48299362.35480502
58716,48298506.50330363
58717,48297650.89099101
58718,48296795.52034728
58719,48295940.38410064
58720,48295085.49117342
58721,48294230.834306985
58722,48293376.41578263
58723,48292522.23464155
58724,48291668.297690235
58725,48290814.591956496
58726,48289961.13115335
58727,48289107.90962217
58728,48288254.92535947
58729,48287402.17879677
58730,48286549.67279265
58731,48285697.40659665
58732,48284845.379174046
58733,48283993.59049382
58734,48283142.04361467
58735,48282290.731595546
58736,48281439.66343516
58737,48280588.83146903
58738,48279738.24061942
58739,48278887.88612309
58740,48278037.776182145
58741,48277187.90323916
58742,48276338.2682669
58743,48275488.87609905
58744,48274639.719758905
58745,48273790.80645916
58746,48272942.13354081
58747,48272093.69741431
58748,48271245.50237493
58749,48270397.54894458
58750,48269549.830383
58751,48268702.35688853
58752,48267855.12170063
58753,48267008.12567879
58754,48266161.37260449
58755,48265314.85515854
58756,48264468.58013034
58757,48263622.543673344
58758,48262776.752570026
58759,48261931.19667706
58760,48261085.882496774
58761,48260240.80873732
58762,48259395.97661567
58763,48258551.3838902
58764,48257707.0278202
58765,48256862.91682282
58766,48256019.044378705
58767,48255175.41405073
58768,48254332.023513466
58769,48253488.87182291
58770,48252645.96449147
58771,48251803.294936225
58772,48250960.86814706
58773,48250118.68013382
58774,48249276.73191719
58775,48248435.028607994
58776,48247593.561880454
58777,48246752.33812052
58778,48245911.356108084
58779,48245070.61419112
58780,48244230.11178963
58781,48243389.853514716
58782,48242549.83478248
58783,48241710.0570789
58784,48240870.5190181
58785,48240031.22554949
58786,48239192.17196204
58787,48238353.35720716
58788,48237514.78600065
58789,48236676.45773409
58790,48235838.36978222
58791,48235000.52071312
58792,48234162.91456577
58793,48233325.55084481
58794,48232488.429166324
58795,48231651.54569228
58796,48230814.9063963
58797,48229978.50835042
58798,48229142.35110344
58799,48228306.43874815
58800,48227470.76528412
58801,48226635.3319224
58802,48225800.144670695
58803,48224965.198948964
58804,48224130.49206564
58805,48223296.02983317
58806,48222461.80607997
58807,48221627.8280257
58808,48220794.090838864
58809,48219960.59399712
58810,48219127.34032258
58811,48218294.33065196
58812,48217461.56110113
58813,48216629.03475137
58814,48215796.749710396
58815,48214964.707017586
58816,48214132.907144755
58817,48213301.349387646
58818,48212470.03506061
58819,48211638.96184619
58820,48210808.13212158
58821,48209977.54343803
58822,48209147.19829562
58823,48208317.09723817
58824,48207487.23717567
58825,48206657.61915304
58826,48205828.24645443
58827,48204999.112485886
58828,48204170.22474474
58829,48203341.578572646
58830,48202513.17481913
58831,48201685.01556179
58832,48200857.098368086
58833,48200029.420986526
58834,48199201.988245994
58835,48198374.80143898
58836,48197547.85541151
58837,48196721.15351878
58838,48195894.696467936
58839,48195068.48120449
58840,48194242.5046221
58841,48193416.77609564
58842,48192591.289648764
58843,48191766.04667887
58844,48190941.04519489
58845,48190116.29141539
58846,48189291.778113514
58847,48188467.50721699
58848,48187643.48290245
58849,48186819.697729394
58850,48185996.15853819
58851,48185172.865152776
58852,48184349.81360754
58853,48183527.00496839
58854,48182704.44189862
58855,48181882.1195316
58856,48181060.04456559
58857,48180238.21113129
58858,48179416.623033375
58859,48178595.27410588
58860,48177774.17401711
58861,48176953.316173755
58862,48176132.70442073
58863,48175312.33580336
58864,48174492.208503015
58865,48173672.32821269
58866,48172852.69192411
58867,48172033.29783819
58868,48171214.14944448
58869,48170395.24222576
58870,48169576.58551109
58871,48168758.16768819
58872,48167939.99903916
58873,48167122.06827702
58874,48166304.386772096
58875,48165486.94873913
58876,48164669.751509696
58877,48163852.80640301
58878,48163036.10053497
58879,48162219.63805069
58880,48161403.42429024
58881,48160587.45331698
58882,48159771.72654343
58883,48158956.2445338
58884,48158141.00827618
58885,48157326.01721719
58886,48156511.27002067
58887,48155696.76691947
58888,48154882.50975301
58889,48154068.496947825
58890,48153254.72862439
58891,48152441.2070695
58892,48151627.92896339
58893,48150814.89635022
58894,48150002.10768595
58895,48149189.567601636
58896,48148377.27188246
58897,48147565.220622405
58898,48146753.41339834
58899,48145941.85049477
58900,48145130.53579369
58901,48144319.46430631
58902,48143508.642272726
58903,48142698.06030215
58904,48141887.725979865
58905,48141077.63867496
58906,48140267.794518806
58907,48139458.19799772
58908,48138648.843768075
58909,48137839.73857681
58910,48137030.87825765
58911,48136222.26009554
58912,48135413.89272879
58913,48134605.76926504
58914,48133797.892205365
58915,48132990.2599495
58916,48132182.874537855
58917,48131375.73389651
58918,48130568.84110897
58919,48129762.19387856
58920,48128955.788083605
58921,48128149.63346949
58922,48127343.72447039
58923,48126538.05873325
58924,48125732.64191523
58925,48124927.4696361
58926,48124122.543608546
58927,48123317.86444096
58928,48122513.430116385
58929,48121709.24620093
58930,48120905.30606647
58931,48120101.611068755
58932,48119298.16434698
58933,48118494.96224517
58934,48117692.00976893
58935,48116889.30090721
58936,48116086.84070624
58937,48115284.62483176
58938,48114482.656008795
58939,48113680.9349615
58940,48112879.46219869
58941,48112078.234705955
58942,48111277.24978219
58943,48110476.51766816
58944,48109676.02795513
58945,48108875.78746602
58946,48108075.79449278
58947,48107276.04776017
58948,48106476.546492584
58949,48105677.29477756
58950,48104878.28932865
58951,48104079.52991402
58952,48103281.01635824
58953,48102482.75215013
58954,48101684.73590556
58955,48100886.96621591
58956,48100089.440260135
58957,48099292.16596633
58958,48098495.13782987
58959,48097698.35446411
58960,48096901.82301114
58961,48096105.53763886
58962,48095309.49715315
58963,48094513.7054874
58964,48093718.16010338
58965,48092922.863831125
58966,48092127.81470844
58967,48091333.01310621
58968,48090538.46001756
58969,48089744.15450548
58970,48088950.09497605
58971,48088156.28485774
58972,48087362.722663015
58973,48086569.40516692
58974,48085776.34100654
58975,48084983.52091107
58976,48084190.949465886
58977,48083398.62687029
58978,48082606.55109363
58979,48081814.72320424
58980,48081023.143351145
58981,48080231.811602466
58982,48079440.72767137
58983,48078649.892063886
58984,48077859.30634978
58985,48077068.967492834
58986,48076278.87660763
58987,48075489.03275471
58988,48074699.4373732
58989,48073910.094344124
58990,48073120.9950781
58991,48072332.14824967
58992,48071543.54932934
58993,48070755.195622936
58994,48069967.091261104
58995,48069179.235585496
58996,48068391.62954892
58997,48067604.272176385
58998,48066817.164000064
58999,48066030.30244019
59000,48065243.6900727
59001,48064457.32782636
59002,48063671.21417531
59003,48062885.34734858
59004,48062099.7303845
59005,48061314.36054666
59006,48060529.24174589
59007,48059744.37143926
59008,48058959.751512095
59009,48058175.37862939
59010,48057391.255744964
59011,48056607.381222904
59012,48055823.756222665
59013,48055040.3791537
59014,48054257.25440282
59015,48053474.37723847
59016,48052691.748176396
59017,48051909.369285226
59018,48051127.23947679
59019,48050345.35883831
59020,48049563.72800346
59021,48048782.34646621
59022,48048001.21437944
59023,48047220.32784027
59024,48046439.69666976
59025,48045659.31093289
59026,48044879.1790256
59027,48044099.29273027
59028,48043319.657585815
59029,48042540.27170463
59030,48041761.1357405
59031,48040982.25081716
59032,48040203.61377817
59033,48039425.22727286
59034,48038647.08839679
59035,48037869.19921511
59036,48037091.56469278
59037,48036314.17532399
59038,48035537.0384947
59039,48034760.15116419
59040,48033983.51358314
59041,48033207.12659688
59042,48032430.98745076
59043,48031655.10150275
59044,48030879.46330085
59045,48030104.07885286
59046,48029328.937596716
59047,48028554.0524589
59048,48027779.41633095
59049,48027005.02896151
59050,48026230.89275919
59051,48025457.00895329
59052,48024683.37313258
59053,48023909.98655453
59054,48023136.85136263
59055,48022363.969388396
59056,48021591.33557096
59057,48020818.95279276
59058,48020046.819621295
59059,48019274.93873057
59060,48018503.30821164
59061,48017731.92753286
59062,48016960.79525788
59063,48016189.919365495
59064,48015419.289059386
59065,48014648.909287676
59066,48013878.784273565
59067,48013108.90802835
59068,48012339.28251677
59069,48011569.908167824
59070,48010800.78574586
59071,48010031.91338828
59072,48009263.29073128
59073,48008494.920446545
59074,48007726.80113174
59075,48006958.93334748
59076,48006191.31734663
59077,48005423.9517543
59078,48004656.83561386
59079,48003889.9734195
59080,48003123.36050188
59081,48002356.99921116
59082,48001590.891273014
59083,48000825.03140253
59084,48000059.4239776
59085,47999294.06939094
59086,47998528.96320039
59087,47997764.11155267
59088,47996999.51087032
59089,47996235.16169122
59090,47995471.06313394
59091,47994707.2151135
59092,47993943.62064687
59093,47993180.277880594
59094,47992417.18701431
59095,47991654.3456492
59096,47990891.76027171
59097,47990129.42286593
59098,47989367.33833388
59099,47988605.50520563
59100,47987843.92313238
59101,47987082.59576045
59102,47986321.51943958
59103,47985560.69351822
59104,47984800.121709935
59105,47984039.799567565
59106,47983279.73136547
59107,47982519.91367936
59108,47981760.34940177
59109,47981001.0372652
59110,47980241.974864125
59111,47979483.16834274
59112,47978724.61273454
59113,47977966.31011987
59114,47977208.2565448
59115,47976450.45524399
59116,47975692.90878777
59117,47974935.61529313
59118,47974178.57549106
59119,47973421.786880836
59120,47972665.2472305
59121,47971908.963150874
59122,47971152.92851518
59123,47970397.15231499
59124,47969641.624964
59125,47968886.350374475
59126,47968131.32811511
59127,47967376.55986993
59128,47966622.04274045
59129,47965867.77983813
59130,47965113.76882153
59131,47964360.011278674
59132,47963606.506184265
59133,47962853.255830705
59134,47962100.2549186
59135,47961347.50976148
59136,47960595.01542786
59137,47959842.7751638
59138,47959090.78784186
59139,47958339.0556797
59140,47957587.57336834
59141,47956836.34476313
59142,47956085.36960614
59143,47955334.64753634
59144,47954584.17963311
59145,47953833.963615924
59146,47953084.002578974
59147,47952334.29355681
59148,47951584.83805618
59149,47950835.6379939
59150,47950086.68781124
59151,47949337.99258183
59152,47948589.55219333
59153,47947841.36116855
59154,47947093.42715439
59155,47946345.74473419
59156,47945598.318553254
59157,47944851.14487682
59158,47944104.22124824
59159,47943357.55758299
59160,47942611.14375983
59161,47941864.983916566
59162,47941119.07680458
59163,47940373.42674927
59164,47939628.02938514
59165,47938882.88284321
59166,47938137.99233469
59167,47937393.355958745
59168,47936648.97273223
59169,47935904.84409043
59170,47935160.970404625
59171,47934417.34841728
59172,47933673.981910415
59173,47932930.870848924
59174,47932188.011563346
59175,47931445.404452845
59176,47930703.05679077
59177,47929960.96014595
59178,47929219.11819093
59179,47928477.52823265
59180,47927736.19549456
59181,47926995.11560868
59182,47926254.291160166
59183,47925513.722180456
59184,47924773.40433805
59185,47924033.340656236
59186,47923293.534619145
59187,47922553.981420755
59188,47921814.68544412
59189,47921075.63894517
59190,47920336.85000901
59191,47919598.31528445
59192,47918860.037109315
59193,47918122.01096352
59194,47917384.2397342
59195,47916646.723260745
59196,47915909.461831965
59197,47915172.45503828
59198,47914435.70514776
59199,47913699.204769544
59200,47912962.96105796
59201,47912226.97692461
59202,47911491.24544264
59203,47910755.766712606
59204,47910020.54199167
59205,47909285.5771485
59206,47908550.86278361
59207,47907816.405054204
59208,47907082.20292153
59209,47906348.25495286
59210,47905614.5645564
59211,47904881.12665464
59212,47904147.944107816
59213,47903415.02116897
59214,47902682.346851945
59215,47901949.93130118
59216,47901217.771970004
59217,47900485.8655888
59218,47899754.21667233
59219,47899022.81930597
59220,47898291.68170175
59221,47897560.79723947
59222,47896830.16930929
59223,47896099.796223
59224,47895369.67719835
59225,47894639.81894107
59226,47893910.20758818
59227,47893180.858327925
59228,47892451.76485695
59229,47891722.92511867
59230,47890994.34131086
59231,47890266.01396631
59232,47889537.94023478
59233,47888810.12552544
59234,47888082.56397353
59235,47887355.26075823
59236,47886628.210172564
59237,47885901.41795833
59238,47885174.88106276
59239,47884448.600214705
59240,47883722.57420855
59241,47882996.804751694
59242,47882271.291163586
59243,47881546.03538638
59244,47880821.032053664
59245,47880096.28942768
59246,47879371.80081476
59247,47878647.569790915
59248,47877923.59094222
59249,47877199.871704936
59250,47876476.40784676
59251,47875753.199036
59252,47875030.24890256
59253,47874307.55267187
59254,47873585.11644882
59255,47872862.93394376
59256,47872141.008074164
59257,47871419.33774525
59258,47870697.927018255
59259,47869976.76823724
59260,47869255.86962745
59261,47868535.22522405
59262,47867814.83961379
59263,47867094.71108729
59264,47866374.83695082
59265,47865655.218890056
59266,47864935.85931957
59267,47864216.75621809
59268,47863497.90927197
59269,47862779.32066774
59270,47862060.98967541
59271,47861342.91086353
59272,47860625.09414641
59273,47859907.5298962
59274,47859190.224822074
59275,47858473.17630503
59276,47857756.38286352
59277,47857039.850528926
59278,47856323.57018247
59279,47855607.55241707
59280,47854891.78904426
59281,47854176.28112761
59282,47853461.03364294
59283,47852746.04136261
59284,47852031.30676795
59285,47851316.82926008
59286,47850602.60853955
59287,47849888.64619924
59288,47849174.941281155
59289,47848461.49179247
59290,47847748.30094811
59291,47847035.367992416
59292,47846322.693362616
59293,47845610.2720818
59294,47844898.10921262
59295,47844186.206144094
59296,47843474.56128158
59297,47842763.17336939
59298,47842052.03965479
59299,47841341.16689375
59300,47840630.55091283
59301,47839920.19172755
59302,47839210.09330762
59303,47838500.24991241
59304,47837790.66379504
59305,47837081.33548686
59306,47836372.26709883
59307,47835663.45469898
59308,47834954.89962367
59309,47834246.60476766
59310,47833538.565787315
59311,47832830.78329225
59312,47832123.26143509
59313,47831415.996538326
59314,47830708.99233185
59315,47830002.24205044
59316,47829295.752877176
59317,47828589.52199119
59318,47827883.5462811
59319,47827177.82886037
59320,47826472.37047917
59321,47825767.17103746
59322,47825062.228640825
59323,47824357.54507902
59324,47823653.12022989
59325,47822948.954661116
59326,47822245.045011096
59327,47821541.39504491
59328,47820838.00383906
59329,47820134.87058444
59330,47819431.99282902
59331,47818729.3763761
59332,47818027.01952061
59333,47817324.919091284
59334,47816623.079878405
59335,47815921.49592222
59336,47815220.17411634
59337,47814519.10635999
59338,47813818.30030824
59339,47813117.7511328
59340,47812417.46276219
59341,47811717.43195943
59342,47811017.6602392
59343,47810318.14587112
59344,47809618.89270792
59345,47808919.895973496
59346,47808221.15809696
59347,47807522.680026166
59348,47806824.462194666
59349,47806126.50244121
59350,47805428.798699185
59351,47804731.35817548
59352,47804034.1725261
59353,47803337.248993345
59354,47802640.58473505
59355,47801944.17709408
59356,47801248.03219107
59357,47800552.14323072
59358,47799856.512476146
59359,47799161.14451296
59360,47798466.03192685
59361,47797771.18185607
59362,47797076.59057584
59363,47796382.25752044
59364,47795688.183129415
59365,47794994.36859358
59366,47794300.812845096
59367,47793607.51861891
59368,47792914.48306797
59369,47792221.707574576
59370,47791529.18774465
59371,47790836.9312083
59372,47790144.9327822
59373,47789453.19271791
59374,47788761.71463789
59375,47788070.493394256
59376,47787379.53435772
59377,47786688.83340112
59378,47785998.39321453
59379,47785308.21212478
59380,47784618.289600745
59381,47783928.628370024
59382,47783239.226248816
59383,47782550.08305839
59384,47781861.20134619
59385,47781172.57852785
59386,47780484.21521859
59387,47779796.11265355
59388,47779108.27020873
59389,47778420.68745453
59390,47777733.36303623
59391,47777046.302333444
59392,47776359.49859752
59393,47775672.95477268
59394,47774986.670560256
59395,47774300.648560375
59396,47773614.88559075
59397,47772929.381996736
59398,47772244.139275655
59399,47771559.158735804
59400,47770874.43537383
59401,47770189.974533156
59402,47769505.771830216
59403,47768821.83106157
59404,47768138.14979018
59405,47767454.72862058
59406,47766771.56876335
59407,47766088.66747726
59408,47765406.026072405
59409,47764723.646840736
59410,47764041.528575115
59411,47763359.67148957
59412,47762678.07235952
59413,47761996.73549362
59414,47761315.658893965
59415,47760634.84215842
59416,47759954.28392878
59417,47759273.98987354
59418,47758593.958305925
59419,47757914.18300906
59420,47757234.66681411
59421,47756555.41712643
59422,47755876.42713876
59423,47755197.69465011
59424,47754519.224246
59425,47753841.01300788
59426,47753163.0660336
59427,47752485.37698734
59428,47751807.950616226
59429,47751130.78450188
59430,47750453.882737264
59431,47749777.23772519
59432,47749100.855376154
59433,47748424.73063252
59434,47747748.87115447
59435,47747073.270014286
59436,47746397.931254946
59437,47745722.854858235
59438,47745048.03792337
59439,47744373.482533604
59440,47743699.18666508
59441,47743025.15491757
59442,47742351.38322535
59443,47741677.87153291
59444,47741004.62253332
59445,47740331.63304767
59446,47739658.90573934
59447,47738986.44444371
59448,47738314.238542594
59449,47737642.29526704
59450,47736970.61512197
59451,47736299.19358477
59452,47735628.03615321
59453,47734957.1402183
59454,47734286.50258343
59455,47733616.12929505
59456,47732946.016059645
59457,47732276.167504385
59458,47731606.57770231
59459,47730937.251119
59460,47730268.18488666
59461,47729599.37954866
59462,47728930.83768034
59463,47728262.55686725
59464,47727594.5380957
59465,47726926.78150879
59466,47726259.28341919
59467,47725592.04891119
59468,47724925.07784812
59469,47724258.3693413
59470,47723591.92113216
59471,47722925.73390356
59472,47722259.80988195
59473,47721594.14695147
59474,47720928.747284696
59475,47720263.60830131
59476,47719598.734255604
59477,47718934.1196091
59478,47718269.76674441
59479,47717605.67587635
59480,47716941.848922014
59481,47716278.281955674
59482,47715614.97825176
59483,47714951.93477889
59484,47714289.15738952
59485,47713626.63868843
59486,47712964.38467935
59487,47712302.39262855
59488,47711640.661236145
59489,47710979.19460961
59490,47710317.98952247
59491,47709657.04429349
59492,47708996.3643909
59493,47708335.94453581
59494,47707675.788559526
59495,47707015.89643895
59496,47706356.26572594
59497,47705696.8948908
59498,47705037.79236297
59499,47704378.94628124
59500,47703720.3660216
59501,47703062.046911195
59502,47702403.99140977
59503,47701746.2001018
59504,47701088.669641346
59505,47700431.39872364
59506,47699774.39475703
59507,47699117.65594898
59508,47698461.17299661
59509,47697804.95705981
59510,47697149.003779784
59511,47696493.31232422
59512,47695837.88032481
59513,47695182.71801404
59514,47694527.81685592
59515,47693873.17547378
59516,47693218.79767467
59517,47692564.68392132
59518,47691910.83395044
59519,47691257.24703169
59520,47690603.9244763
59521,47689950.85957265
59522,47689298.06176805
59523,47688645.52409534
59524,47687993.25150127
59525,47687341.243370324
59526,47686689.49815062
59527,47686038.01463597
59528,47685386.79499403
59529,47684735.83810827
59530,47684085.1450427
59531,47683434.71473211
59532,47682784.54692173
59533,47682134.64333732
59534,47681485.00607976
59535,47680835.62714482
59536,47680186.51435338
59537,47679537.66580994
59538,47678889.07779861
59539,47678240.755838126
59540,47677592.694431126
59541,47676944.90072109
59542,47676297.366749234
59543,47675650.097383715
59544,47675003.09168781
59545,47674356.35063528
59546,47673709.871721484
59547,47673063.65352212
59548,47672417.705146655
59549,47671772.01845464
59550,47671126.59338695
59551,47670481.433780015
59552,47669836.53755255
59553,47669191.906941846
59554,47668547.53712232
59555,47667903.43182413
59556,47667259.58911447
59557,47666616.01221694
59558,47665972.70023102
59559,47665329.650399365
59560,47664686.862578124
59561,47664044.34357986
59562,47663402.08344555
59563,47662760.09075566
59564,47662118.363208875
59565,47661476.89414336
59566,47660835.69284538
59567,47660194.754286334
59568,47659554.081260204
59569,47658913.6728438
59570,47658273.52567312
59571,47657633.644158915
59572,47656994.02830021
59573,47656354.672856055
59574,47655715.585325465
59575,47655076.75985936
59576,47654438.1999367
59577,47653799.90313907
59578,47653161.87073462
59579,47652524.10239839
59580,47651886.60092522
59581,47651249.36272566
59582,47650612.38880054
59583,47649975.676532306
59584,47649339.23231252
59585,47648703.051444925
59586,47648067.13442533
59587,47647431.48197736
59588,47646796.09170778
59589,47646160.97041796
59590,47645526.111660644
59591,47644891.51805249
59592,47644257.1892385
59593,47643623.12253639
59594,47642989.32201654
59595,47642355.78670031
59596,47641722.51546294
59597,47641089.50942894
59598,47640456.767785564
59599,47639824.29006583
59600,47639192.07847284
59601,47638560.13025339
59602,47637928.44630789
59603,47637297.028696574
59604,47636665.874441214
59605,47636034.990211874
59606,47635404.36647758
59607,47634774.00776099
59608,47634143.91295521
59609,47633514.08552551
59610,47632884.52177633
59611,47632255.22072703
59612,47631626.18769111
59613,47630997.420324884
59614,47630368.91564277
59615,47629740.67682391
59616,47629112.70482929
59617,47628484.994747534
59618,47627857.554743625
59619,47627230.37567882
59620,47626603.4608503
59621,47625976.81446959
59622,47625350.430760056
59623,47624724.31272878
59624,47624098.46293159
59625,47623472.87441095
59626,47622847.55147122
59627,47622222.49646944
59628,47621597.70664913
59629,47620973.1792751
59630,47620348.919142306
59631,47619724.92367199
59632,47619101.194761775
59633,47618477.72928929
59634,47617854.53076804
59635,47617231.59797694
59636,47616608.93072195
59637,47615986.52940093
59638,47615364.39139478
59639,47614742.521162
59640,47614120.91424595
59641,47613499.575205624
59642,47612878.50134547
59643,47612257.69117963
59644,47611637.148432955
59645,47611016.86994068
59646,47610396.859237
59647,47609777.10967067
59648,47609157.63038549
59649,47608538.4178611
59650,47607919.46668642
59651,47607300.78464447
59652,47606682.369144455
59653,47606064.217028946
59654,47605446.332819834
59655,47604828.71061578
59656,47604211.35644828
59657,47603594.26842652
59658,47602977.445291206
59659,47602360.889736384
59660,47601744.59837595
59661,47601128.576469325
59662,47600512.81768681
59663,47599897.3234518
59664,47599282.09764244
59665,47598667.1384439
59666,47598052.444140375
59667,47597438.01472515
59668,47596823.85385497
59669,47596209.958502516
59670,47595596.32882105
59671,47594982.96636228
59672,47594369.86757032
59673,47593757.03492734
59674,47593144.47017614
59675,47592532.173813105
59676,47591920.14174704
59677,47591308.37396258
59678,47590696.874542445
59679,47590085.64073616
59680,47589474.67316757
59681,47588863.97115585
59682,47588253.53868309
59683,47587643.37194347
59684,47587033.46870322
59685,47586423.83303736
59686,47585814.46416776
59687,47585205.36282923
59688,47584596.52770805
59689,47583987.95782491
59690,47583379.65268745
59691,47582771.62011284
59692,47582163.84958441
59693,47581556.34553793
59694,47580949.10875964
59695,47580342.13903895
59696,47579735.43718674
59697,47579128.99784841
59698,47578522.8305175
59699,47577916.927163154
59700,47577311.290745616
59701,47576705.9196489
59702,47576100.816195264
59703,47575495.98400494
59704,47574891.41254694
59705,47574287.11181426
59706,47573683.07507533
59707,47573079.30542609
59708,47572475.80355382
59709,47571872.569295526
59710,47571269.60120486
59711,47570666.89920696
59712,47570064.46548316
59713,47569462.29814913
59714,47568860.396934226
59715,47568258.76259236
59716,47567657.39729904
59717,47567056.29669194
59718,47566455.46474904
59719,47565854.90028539
59720,47565254.60165453
59721,47564654.57200102
59722,47564054.806100845
59723,47563455.307851225
59724,47562856.081668004
59725,47562257.11796283
59726,47561658.42276462
59727,47561059.99385046
59728,47560461.83195777
59729,47559863.93947643
59730,47559266.31458856
59731,47558668.95482819
59732,47558071.86301316
59733,47557475.037286386
59734,47556878.48377859
59735,47556282.19224924
59736,47555686.17236929
59737,47555090.41550852
59738,47554494.929220736
59739,47553899.706911184
59740,47553304.75352323
59741,47552710.06972693
59742,47552115.65283429
59743,47551521.50280663
59744,47550927.61991699
59745,47550334.00673717
59746,47549740.65731645
59747,47549147.57666774
59748,47548554.76438926
59749,47547962.219071925
59750,47547369.94305202
59751,47546777.93436687
59752,47546186.19288322
59753,47545594.71704648
59754,47545003.51085723
59755,47544412.57155061
59756,47543821.90217554
59757,47543231.496738106
59758,47542641.361784115
59759,47542051.49066731
59760,47541461.89376773
59761,47540872.56229827
59762,47540283.498158805
59763,47539694.70101029
59764,47539106.17268363
59765,47538517.914473474
59766,47537929.91973793
59767,47537342.193939365
59768,47536754.73787874
59769,47536167.54902443
59770,47535580.629092835
59771,47534993.976625994
59772,47534407.59002729
59773,47533821.474824145
59774,47533235.62711228
59775,47532650.045980126
59776,47532064.732874975
59777,47531479.688132286
59778,47530894.910950854
59779,47530310.40436117
59780,47529726.163194634
59781,47529142.18994966
59782,47528558.48677456
59783,47527975.05062054
59784,47527391.883744925
59785,47526808.98592043
59786,47526226.35360041
59787,47525643.99032138
59788,47525061.89778037
59789,47524480.07194127
59790,47523898.51212267
59791,47523317.224966325
59792,47522736.20337917
59793,47522155.44916378
59794,47521574.966619134
59795,47520994.748255216
59796,47520414.80151135
59797,47519835.121839866
59798,47519255.71135245
59799,47518676.571043685
59800,47518097.696527354
59801,47517519.09028289
59802,47516940.754175514
59803,47516362.686007425
59804,47515784.887382284
59805,47515207.358432874
59806,47514630.09397936
59807,47514053.10026148
59808,47513476.3763652
59809,47512899.917750746
59810,47512323.7317476
59811,47511747.81077932
59812,47511172.16031715
59813,47510596.778522015
59814,47510021.665636286
59815,47509446.821193546
59816,47508872.246101886
59817,47508297.93846076
59818,47507723.90090951
59819,47507150.12992029
59820,47506576.63185238
59821,47506003.40057143
59822,47505430.43687801
59823,47504857.74348518
59824,47504285.31686079
59825,47503713.163072884
59826,47503141.27451491
59827,47502569.65441747
59828,47501998.30788043
59829,47501427.22698586
59830,47500856.416719556
59831,47500285.87408435
59832,47499715.60034366
59833,47499145.595081955
59834,47498575.8599679
59835,47498006.39187989
59836,47497437.195457846
59837,47496868.27058402
59838,47496299.606841534
59839,47495731.218969256
59840,47495163.09784563
59841,47494595.247116566
59842,47494027.66400791
59843,47493460.35175362
59844,47492893.30648346
59845,47492326.53238706
59846,47491760.026353985
59847,47491193.78931888
59848,47490627.82206106
59849,47490062.125935644
59850,47489496.69673917
59851,47488931.53787621
59852,47488366.648225605
59853,47487802.02588441
59854,47487237.67491893
59855,47486673.59300825
59856,47486109.781926714
59857,47485546.23793578
59858,47484982.96439574
59859,47484419.95895907
59860,47483857.226088375
59861,47483294.76083665
59862,47482732.56473571
59863,47482170.638028145
59864,47481608.982110016
59865,47481047.593745366
59866,47480486.47748306
59867,47479925.628604256
59868,47479365.048025146
59869,47478804.74013917
59870,47478244.701185614
59871,47477684.93036987
59872,47477125.43198493
59873,47476566.19841641
59874,47476007.240346804
59875,47475448.54906244
59876,47474890.124907374
59877,47474331.975229934
59878,47473774.092646904
59879,47473216.48219379
59880,47472659.13738716
59881,47472102.066241235
59882,47471545.26344181
59883,47470988.72885133
59884,47470432.46715608
59885,47469876.47188614
59886,47469320.74992138
59887,47468765.29733913
59888,47468210.111684546
59889,47467655.197274506
59890,47467100.55200062
59891,47466546.1800603
59892,47465992.07475398
59893,47465438.239015535
59894,47464884.676547796
59895,47464331.38070854
59896,47463778.356817424
59897,47463225.60127875
59898,47462673.116320476
59899,47462120.90197839
59900,47461568.958140135
59901,47461017.28475649
59902,47460465.87974686
59903,47459914.74514974
59904,47459363.880994976
59905,47458813.28934115
59906,47458262.964218765
59907,47457712.90880276
59908,47457163.12733881
59909,47456613.61369878
59910,47456064.37128213
59911,47455515.39768425
59912,47454966.69693686
59913,47454418.26313419
59914,47453870.1009682
59915,47453322.209021315
59916,47452774.5882519
59917,47452227.23691036
59918,47451680.15517242
59919,47451133.344959855
59920,47450586.80439483
59921,47450040.535562694
59922,47449494.5338569
59923,47448948.80561945
59924,47448403.3469747
59925,47447858.16018508
59926,47447313.24200997
59927,47446768.59370916
59928,47446224.2152572
59929,47445680.109709725
59930,47445136.275413305
59931,47444592.70776042
59932,47444049.41292148
59933,47443506.38838529
59934,47442963.63329129
59935,47442421.14982442
59936,47441878.93687974
59937,47441336.99502571
59938,47440795.3239922
59939,47440253.922551565
59940,47439712.79234007
59941,47439171.93407741
59942,47438631.34524317
59943,47438091.02413425
59944,47437550.9770302
59945,47437011.19952097
59946,47436471.6933956
59947,47435932.45753275
59948,47435393.490864515
59949,47434854.799018666
59950,47434316.37496956
59951,47433778.22157629
59952,47433240.339250356
59953,47432702.7277153
59954,47432165.387085155
59955,47431628.318054914
59956,47431091.51874617
59957,47430554.99094683
59958,47430018.73353362
59959,47429482.74719587
59960,47428947.03395604
59961,47428411.58786689
59962,47427876.41390582
59963,47427341.51194732
59964,47426806.87898475
59965,47426272.5205033
59966,47425738.42991583
59967,47425204.6109021
59968,47424671.06312373
59969,47424137.78531052
59970,47423604.78307471
59971,47423072.04684605
59972,47422539.584907174
59973,47422007.390358016
59974,47421475.46966295
59975,47420943.81962294
59976,47420412.440161824
59977,47419881.33112088
59978,47419350.49283124
59979,47418819.931031644
59980,47418289.63337179
59981,47417759.613136165
59982,47417229.857673645
59983,47416700.37852846
59984,47416171.167814925
59985,47415642.22916104
59986,47415113.56043546
59987,47414585.16443676
59988,47414057.03948943
59989,47413529.1863336
59990,47413001.60356878
59991,47412474.29213877
59992,47411947.25193198
59993,47411420.48355532
59994,47410893.98766636
59995,47410367.76063927
59996,47409841.805811495
59997,47409316.12399447
59998,47408790.71000061
59999,47408265.57190409
60000,47407740.703128636
60001,47407216.106175944
60002,47406691.77995396
60003,47406167.72378379
60004,47405643.94178591
60005,47405120.43100941
60006,47404597.190645725
60007,47404074.22081584
60008,47403551.524895094
60009,47403029.099799395
60010,47402506.94384976
60011,47401985.060355976
60012,47401463.4531414
60013,47400942.11230707
60014,47400421.04374446
60015,47399900.2475181
60016,47399379.723574504
60017,47398859.4715092
60018,47398339.48763351
60019,47397819.77906432
60020,47397300.34310025
60021,47396781.17592311
60022,47396262.28117335
60023,47395743.65787278
60024,47395225.30651419
60025,47394707.22619383
60026,47394189.418293834
60027,47393671.88359198
60028,47393154.617935866
60029,47392637.62621675
60030,47392120.90532188
60031,47391604.458391
60032,47391088.27887139
60033,47390572.374848574
60034,47390056.74086326
60035,47389541.37835395
60036,47389026.28739372
60037,47388511.47061436
60038,47387996.9254711
60039,47387482.64913832
60040,47386968.64888863
60041,47386454.91899586
60042,47385941.45927104
60043,47385428.273544505
60044,47384915.35817227
60045,47384402.71596171
60046,47383890.34621094
60047,47383378.244470835
60048,47382866.41855905
60049,47382354.865878016
60050,47381843.583380684
60051,47381332.56988262
60052,47380821.834236085
60053,47380311.36353466
60054,47379801.17222667
60055,47379291.24938691
60056,47378781.59808624
60057,47378272.21989467
60058,47377763.11378543
60059,47377254.28018829
60060,47376745.72048062
60061,47376237.429561
60062,47375729.41256806
60063,47375221.665371165
60064,47374714.19265816
60065,47374206.9902773
60066,47373700.06218905
60067,47373193.40524242
60068,47372687.021831006
60069,47372180.908414185
60070,47371675.06830524
60071,47371169.50181303
60072,47370664.20590241
60073,47370159.18207039
60074,47369654.431026146
60075,47369149.95257166
60076,47368645.74779584
60077,47368141.81342745
60078,47367638.150614396
60079,47367134.76135579
60080,47366631.64397839
60081,47366128.80015087
60082,47365626.22846025
60083,47365123.92763722
60084,47364621.90327891
60085,47364120.146698214
60086,47363618.66344337
60087,47363117.4533908
60088,47362616.514184386
60089,47362115.84909749
60090,47361615.45880154
60091,47361115.33876801
60092,47360615.48705467
60093,47360115.91437115
60094,47359616.61241734
60095,47359117.58034379
60096,47358618.82438022
60097,47358120.338339716
60098,47357622.12528151
60099,47357124.1844015
60100,47356626.51712165
60101,47356129.1215439
60102,47355631.99983846
60103,47355135.14994488
60104,47354638.57201772
60105,47354142.26588523
60106,47353646.235648274
60107,47353150.47547755
60108,47352654.98867823
60109,47352159.775074705
60110,47351664.83522946
60111,47351170.16461189
60112,47350675.76884895
60113,47350181.64715966
60114,47349687.79511721
60115,47349194.21690932
60116,47348700.91373294
60117,47348207.88042633
60118,47347715.121007144
60119,47347222.63386842
60120,47346730.420440696
60121,47346238.479412705
60122,47345746.8101089
60123,47345255.41304334
60124,47344764.29196355
60125,47344273.44127567
60126,47343782.8652576
60127,47343292.5591344
60128,47342802.52820034
60129,47342312.76838258
60130,47341823.284872234
60131,47341334.07242389
60132,47340845.13071476
60133,47340356.463917516
60134,47339868.06912522
60135,47339379.94796927
60136,47338892.10105783
60137,47338404.52448579
60138,47337917.22304446
60139,47337430.193096906
60140,47336943.43737871
60141,47336456.952734664
60142,47335970.74370389
60143,47335484.80698781
60144,47334999.13891771
60145,47334513.749053136
60146,47334028.630610935
60147,47333543.784587175
60148,47333059.21335989
60149,47332574.914782345
60150,47332090.88546653
60151,47331607.13224856
60152,47331123.655901775
60153,47330640.4470487
60154,47330157.51352905
60155,47329674.85163917
60156,47329192.46514617
60157,47328710.35200045
60158,47328228.50980264
60159,47327746.941327855
60160,47327265.64435759
60161,47326784.62503564
60162,47326303.87565005
60163,47325823.399571426
60164,47325343.19856155
60165,47324863.26802072
60166,47324383.613597974
60167,47323904.23165098
60168,47323425.12122265
60169,47322946.28452538
60170,47322467.72151384
60171,47321989.43287013
60172,47321511.41573072
60173,47321033.67548751
60174,47320556.20195612
60175,47320079.00679273
60176,47319602.0840563
60177,47319125.43411745
60178,47318649.05691133
60179,47318172.955549344
60180,47317697.12517473
60181,47317221.56879313
60182,47316746.28429444
60183,47316271.27484104
60184,47315796.5393947
60185,47315322.074858665
60186,47314847.88707632
60187,47314373.97016898
60188,47313900.32861009
60189,47313426.95781853
60190,47312953.864194825
60191,47312481.040368125
60192,47312008.49150623
60193,47311536.21478121
60194,47311064.21368356
60195,47310592.4843145
60196,47310121.028242536
60197,47309649.848000616
60198,47309178.94127523
60199,47308708.30547574
60200,47308237.94419295
60201,47307767.85665521
60202,47307298.045216486
60203,47306828.50314081
60204,47306359.23405348
60205,47305890.241773464
60206,47305421.52215933
60207,47304953.07566126
60208,47304484.90385625
60209,47304017.004222855
60210,47303549.378892586
60211,47303082.0277795
60212,47302614.947926156
60213,47302148.142785236
60214,47301681.61528531
60215,47301215.357630834
60216,47300749.37356673
60217,47300283.66356802
60218,47299818.22680903
60219,47299353.0674267
60220,47298888.1757018
60221,47298423.56290874
60222,47297959.22085704
60223,47297495.15145925
60224,47297031.356708795
60225,47296567.83658179
60226,47296104.58954574
60227,47295641.617530085
60228,47295178.91861509
60229,47294716.49134688
60230,47294254.3435808
60231,47293792.462353945
60232,47293330.85639841
60233,47292869.528741784
60234,47292408.47121081
60235,47291947.68964614
60236,47291487.18092321
60237,47291026.946270436
60238,47290566.98563175
60239,47290107.29625476
60240,47289647.883378506
60241,47289188.74475093
60242,47288729.87760411
60243,47288271.2844395
60244,47287812.968865454
60245,47287354.9234914
60246,47286897.15312439
60247,47286439.65747234
60248,47285982.43485653
60249,47285525.48726126
60250,47285068.810345665
60251,47284612.413114056
60252,47284156.28262885
60253,47283700.4307877
60254,47283244.851388134
60255,47282789.54734954
60256,47282334.51631361
60257,47281879.75943288
60258,47281425.276477665
60259,47280971.068458006
60260,47280517.13223626
60261,47280063.47239596
60262,47279610.08219242
60263,47279156.968708135
60264,47278704.13199082
60265,47278251.567190886
60266,47277799.27536612
60267,47277347.258969024
60268,47276895.5171839
60269,47276444.04796562
60270,47275992.85221643
60271,47275541.9320668
60272,47275091.28602883
60273,47274640.91152692
60274,47274190.813530445
60275,47273740.99093722
60276,47273291.438069016
60277,47272842.162606485
60278,47272393.16050184
60279,47271944.43477857
60280,47271495.979055405
60281,47271047.80135249
60282,47270599.8947753
60283,47270152.26562984
60284,47269704.90686321
60285,47269257.824853644
60286,47268811.01547364
60287,47268364.47997055
60288,47267918.22000511
60289,47267472.233817235
60290,47267026.52133976
60291,47266581.08489046
60292,47266135.92292893
60293,47265691.03117137
60294,47265246.416637346
60295,47264802.075549304
60296,47264358.005751334
60297,47263914.21644147
60298,47263470.698234074
60299,47263027.45264724
60300,47262584.482477665
60301,47262141.78933716
60302,47261699.36947907
60303,47261257.22067455
60304,47260815.348215014
60305,47260373.75265686
60306,47259932.42735182
60307,47259491.37566054
60308,47259050.600898795
60309,47258610.10285235
60310,47258169.87340185
60311,47257729.92126022
60312,47257290.244535655
60313,47256850.84002226
60314,47256411.71150529
60315,47255972.856487356
60316,47255534.275559574
60317,47255095.97079305
60318,47254657.93656725
60319,47254220.180604756
60320,47253782.696943715
60321,47253345.4906006
60322,47252908.554622844
60323,47252471.89696856
60324,47252035.50928882
60325,47251599.39890622
60326,47251163.56339952
60327,47250727.99930392
60328,47250292.71415627
60329,47249857.69950646
60330,47249422.96117641
60331,47248988.49705252
60332,47248554.30663507
60333,47248120.390574664
60334,47247686.75062657
60335,47247253.382149145
60336,47246820.29096384
60337,47246387.47474016
60338,47245954.93353073
60339,47245522.66510657
60340,47245090.67068373
60341,47244658.948794246
60342,47244227.50578299
60343,47243796.334295996
60344,47243365.43929477
60345,47242934.819058426
60346,47242504.472045794
60347,47242074.40050264
60348,47241644.60019483
60349,47241215.07752432
60350,47240785.83156061
60351,47240356.85765234
60352,47239928.15676546
60353,47239499.7319895
60354,47239071.58300237
60355,47238643.70676918
60356,47238216.105847
60357,47237788.77792087
60358,47237361.728206724
60359,47236934.94968133
60360,47236508.44592941
60361,47236082.21860358
60362,47235656.26547854
60363,47235230.58887709
60364,47234805.18266377
60365,47234380.05434942
60366,47233955.19710691
60367,47233530.62005961
60368,47233106.312895134
60369,47232682.28330476
60370,47232258.527199954
60371,47231835.04601142
60372,47231411.838957995
60373,47230988.908470765
60374,47230566.24938376
60375,47230143.86873551
60376,47229721.75913474
60377,47229299.92548469
60378,47228878.36752226
60379,47228457.08296092
60380,47228036.074064285
60381,47227615.33953561
60382,47227194.879736096
60383,47226774.69663915
60384,47226354.78656163
60385,47225935.14912619
60386,47225515.7893145
60387,47225096.70326251
60388,47224677.891916156
60389,47224259.35489024
60390,47223841.09329494
60391,47223423.10625824
60392,47223005.39279773
60393,47222587.95605851
60394,47222170.79231738
60395,47221753.90626831
60396,47221337.293092564
60397,47220920.955126554
60398,47220504.89021903
60399,47220089.103330106
60400,47219673.5890183
60401,47219258.35177533
60402,47218843.38616218
60403,47218428.69539481
60404,47218014.28010584
60405,47217600.141969115
60406,47217186.27585224
60407,47216772.68611735
60408,47216359.37070049
60409,47215946.33074829
60410,47215533.56730118
60411,47215121.07424997
60412,47214708.85902592
60413,47214296.91711842
60414,47213885.25081019
60415,47213473.8610781
60416,47213062.745283335
60417,47212651.90252529
60418,47212241.335641526
60419,47211831.043664485
60420,47211421.02894966
60421,47211011.28790508
60422,47210601.81860924
60423,47210192.62736262
60424,47209783.7119748
60425,47209375.0684744
60426,47208966.7013001
60427,47208558.60941431
60428,47208150.791149184
60429,47207743.248301625
60430,47207335.9818061
60431,47206928.987473145
60432,47206522.269537784
60433,47206115.82769728
60434,47205709.66128811
60435,47205303.76887638
60436,47204898.149331644
60437,47204492.80768795
60438,47204087.740252525
60439,47203682.94588747
60440,47203278.42843431
60441,47202874.18658546
60442,47202470.21591156
60443,47202066.5232521
60444,47201663.10695508
60445,47201259.96126211
60446,47200857.094196066
60447,47200454.50024432
60448,47200052.18406566
60449,47199650.13834722
60450,47199248.37129903
60451,47198846.877160825
60452,47198445.658593655
60453,47198044.71502866
60454,47197644.04864608
60455,47197243.65619911
60456,47196843.5376625
60457,47196443.69483473
60458,47196044.12615213
60459,47195644.83459099
60460,47195245.81639132
60461,47194847.07288598
60462,47194448.605105974
60463,47194050.41162112
60464,47193652.49626806
60465,47193254.85241903
60466,47192857.48385173
60467,47192460.39118418
60468,47192063.57343097
60469,47191667.03105045
60470,47191270.76419149
60471,47190874.76990494
60472,47190479.05410245
60473,47190083.61203681
60474,47189688.44505519
60475,47189293.55321586
60476,47188898.93613587
60477,47188504.59465968
60478,47188110.52736085
60479,47187716.73681849
60480,47187323.219919235
60481,47186929.98003721
60482,47186537.0121246
60483,47186144.31941369
60484,47185751.9038452
60485,47185359.76244757
60486,47184967.89702819
60487,47184576.3072985
60488,47184184.99017486
60489,47183793.94934855
60490,47183403.18497453
60491,47183012.693309546
60492,47182622.47804497
60493,47182232.539226174
60494,47181842.87211047
60495,47181453.4836125
60496,47181064.370282084
60497,47180675.52806391
60498,47180286.96375057
60499,47179898.67483641
60500,47179510.6594456
60501,47179122.92512956
60502,47178735.45956157
60503,47178348.27013321
60504,47177961.35603276
60505,47177574.72120229
60506,47177188.35649541
60507,47176802.267714724
60508,47176416.45623092
60509,47176030.91773625
60510,47175645.6543515
60511,47175260.66692515
60512,47174875.95479341
60513,47174491.51739632
60514,47174107.35773085
60515,47173723.46948862
60516,47173339.85992959
60517,47172956.52150199
60518,47172573.46067241
60519,47172190.674948215
60520,47171808.16382116
60521,47171425.928645745
60522,47171043.96948895
60523,47170662.28504273
60524,47170280.87424018
60525,47169899.738050684
60526,47169518.87914383
60527,47169138.29487019
60528,47168757.98806013
60529,47168377.95346306
60530,47167998.19501844
60531,47167618.70963256
60532,47167239.50081764
60533,47166860.569628015
60534,47166481.91077359
60535,47166103.52892185
60536,47165725.4216581
60537,47165347.58868641
60538,47164970.033143625
60539,47164592.74896081
60540,47164215.7440375
60541,47163839.01334024
60542,47163462.5583259
60543,47163086.3759501
60544,47162710.47149553
60545,47162334.84108537
60546,47161959.48711995
60547,47161584.40523192
60548,47161209.60232214
60549,47160835.07168023
60550,47160460.81517568
60551,47160086.83781912
60552,47159713.13319658
60553,47159339.70720956
60554,47158966.5526588
60555,47158593.67322754
60556,47158221.07273393
60557,47157848.74572514
60558,47157476.69180242
60559,47157104.91481127
60560,47156733.413764544
60561,47156362.18530974
60562,47155991.236641735
60563,47155620.56169008
60564,47155250.15867101
60565,47154880.03574495
60566,47154510.184735134
60567,47154140.60876095
60568,47153771.309830695
60569,47153402.2864126
60570,47153033.535837874
60571,47152665.06223281
60572,47152296.86271283
60573,47151928.939801276
60574,47151561.29256043
60575,47151193.91888421
60576,47150826.821033314
60577,47150460.000428
60578,47150093.452768594
60579,47149727.180084646
60580,47149361.18586652
60581,47148995.465047315
60582,47148630.01803996
60583,47148264.84519474
60584,47147899.95143348
60585,47147535.33152576
60586,47147170.984537095
60587,47146806.917773895
60588,47146443.12252614
60589,47146079.60445063
60590,47145716.359310076
60591,47145353.39166434
60592,47144990.698553994
60593,47144628.280330524
60594,47144266.13803154
60595,47143904.27008003
60596,47143542.67699027
60597,47143181.35936734
60598,47142820.31930731
60599,47142459.554511346
60600,47142099.061758146
60601,47141738.84821512
60602,47141378.90818399
60603,47141019.2421854
60604,47140659.85174826
60605,47140300.738422304
60606,47139941.899320066
60607,47139583.33398563
60608,47139225.04562563
60609,47138867.03133991
60610,47138509.29433485
60611,47138151.82915966
60612,47137794.643394865
60613,47137437.73057783
60614,47137081.09436949
60615,47136724.731971815
60616,47136368.64444628
60617,47136012.83458069
60618,47135657.29891695
60619,47135302.039898634
60620,47134947.052915774
60621,47134592.34271532
60622,47134237.90765938
60623,47133883.75056454
60624,47133529.86505176
60625,47133176.2566818
60626,47132822.9212821
60627,47132469.8627689
60628,47132117.080600955
60629,47131764.57538605
60630,47131412.34021206
60631,47131060.383498326
60632,47130708.70223832
60633,47130357.294980854
60634,47130006.16474434
60635,47129655.30737352
60636,47129304.72632076
60637,47128954.42463478
60638,47128604.39075294
60639,47128254.63753466
60640,47127905.15612365
60641,47127555.95112738
60642,47127207.02345604
60643,47126858.3683583
60644,47126509.990733355
60645,47126161.887031734
60646,47125814.061053656
60647,47125466.50550661
60648,47125119.23024303
60649,47124772.227642
60650,47124425.50018804
60651,47124079.04798894
60652,47123732.87251833
60653,47123386.97143856
60654,47123041.34574167
60655,47122695.99448008
60656,47122350.9182713
60657,47122006.12022689
60658,47121661.59454119
60659,47121317.34439117
60660,47120973.369724184
60661,47120629.67263137
60662,47120286.24933681
60663,47119943.10003081
60664,47119600.226859435
60665,47119257.629408345
60666,47118915.30514951
60667,47118573.260176286
60668,47118231.48476774
60669,47117889.988622285
60670,47117548.76638457
60671,47117207.820761174
60672,47116867.151219785
60673,47116526.75329041
60674,47116186.63323782
60675,47115846.78444174
60676,47115507.21755627
60677,47115167.9231495
60678,47114828.902538896
60679,47114490.15685576
60680,47114151.68746763
60681,47113813.49409808
60682,47113475.57466552
60683,47113137.93390789
60684,47112800.56449133
60685,47112463.47239347
60686,47112126.65281616
60687,47111790.109727316
60688,47111453.8424041
60689,47111117.85048715
60690,47110782.13352292
60691,47110446.69353101
60692,47110111.52673731
60693,47109776.6348299
60694,47109442.01685396
60695,47109107.67798111
60696,47108773.61176367
60697,47108439.8230835
60698,47108106.30738817
60699,47107773.06666139
60700,47107440.09965727
60701,47107107.412062146
60702,47106774.997193955
60703,47106442.85910562
60704,47106110.99361332
60705,47105779.40627329
60706,47105448.09024681
60707,47105117.05272998
60708,47104786.29008112
60709,47104455.802453
60710,47104125.59061721
60711,47103795.65099129
60712,47103465.989610225
60713,47103136.60242568
60714,47102807.49170245
60715,47102478.653976694
60716,47102150.091533914
60717,47101821.80493216
60718,47101493.79414265
60719,47101166.05690408
60720,47100838.59920594
60721,47100511.411771595
60722,47100184.50022447
60723,47099857.86460959
60724,47099531.504144534
60725,47099205.420570344
60726,47098879.60855037
60727,47098554.07518533
60728,47098228.816249214
60729,47097903.83055228
60730,47097579.120737046
60731,47097254.688342996
60732,47096930.52727303
60733,47096606.64416787
60734,47096283.035739854
60735,47095959.70133563
60736,47095636.642190084
60737,47095313.859409794
60738,47094991.35201706
60739,47094669.11778271
60740,47094347.1609243
60741,47094025.47729318
60742,47093704.06914082
60743,47093382.93633373
60744,47093062.079717666
60745,47092741.49814952
60746,47092421.1897893
60747,47092101.156452745
60748,47091781.401363224
60749,47091461.917337105
60750,47091142.713000566
60751,47090823.77925435
60752,47090505.12177183
60753,47090186.74153267
60754,47089868.63407199
60755,47089550.80331877
60756,47089233.24654055
60757,47088915.96371919
60758,47088598.95875246
60759,47088282.22811949
60760,47087965.77159457
60761,47087649.59166737
60762,47087333.68471533
60763,47087018.053212956
60764,47086702.697772965
60765,47086387.61623149
60766,47086072.811295986
60767,47085758.280553386
60768,47085444.02325839
60769,47085130.044613615
60770,47084816.34045617
60771,47084502.90818505
60772,47084189.7500568
60773,47083876.871136114
60774,47083564.26478453
60775,47083251.935294956
60776,47082939.880813986
60777,47082628.09896621
60778,47082316.59613752
60779,47082005.360948935
60780,47081694.40816358
60781,47081383.72837477
60782,47081073.32135829
60783,47080763.19106707
60784,47080453.33747991
60785,47080143.758208826
60786,47079834.45286785
60787,47079525.41999774
60788,47079216.66619572
60789,47078908.18424972
60790,47078599.97967978
60791,47078292.04796392
60792,47077984.39141466
60793,47077677.013485596
60794,47077369.90803675
60795,47077063.07499627
60796,47076756.5205452
60797,47076450.238600045
60798,47076144.235003695
60799,47075838.5003451
60800,47075533.0456087
60801,47075227.86321868
60802,47074922.95688432
60803,47074618.32708252
60804,47074313.97039385
60805,47074009.88839347
60806,47073706.083713174
60807,47073402.55255276
60808,47073099.295047775
60809,47072796.310838
60810,47072493.60612906
60811,47072191.17408509
60812,47071889.01576586
60813,47071587.13468965
60814,47071285.52645141
60815,47070984.19362743
60816,47070683.135625176
60817,47070382.35486895
60818,47070081.84741724
60819,47069781.61293003
60820,47069481.65585777
60821,47069181.973051175
60822,47068882.56315341
60823,47068583.4292836
60824,47068284.571006805
60825,47067985.98570858
60826,47067687.677931055
60827,47067389.64319749
60828,47067091.882221945
60829,47066794.39753158
60830,47066497.18795052
60831,47066200.254364595
60832,47065903.59323324
60833,47065607.20806223
60834,47065311.09876387
60835,47065015.261939734
60836,47064719.69973841
60837,47064424.41305794
60838,47064129.40278979
60839,47063834.66472426
60840,47063540.20492542
60841,47063246.01665704
60842,47062952.10403652
60843,47062658.465201005
60844,47062365.10377182
60845,47062072.016020626
60846,47061779.20123412
60847,47061486.66351062
60848,47061194.3981186
60849,47060902.409126446
60850,47060610.69665955
60851,47060319.25430152
60852,47060028.09002203
60853,47059737.19860758
60854,47059446.58349162
60855,47059156.242817074
60856,47058866.17482022
60857,47058576.38330139
60858,47058286.86754027
60859,47057997.62477575
60860,47057708.65809865
60861,47057419.964173675
60862,47057131.54740198
60863,47056843.40253212
60864,47056555.53465782
60865,47056267.94005782
60866,47055980.61795562
60867,47055693.57494235
60868,47055406.803896464
60869,47055120.30794545
60870,47054834.08699863
60871,47054548.13885723
60872,47054262.467456736
60873,47053977.06927341
60874,47053691.94916804
60875,47053407.09786286
60876,47053122.52368271
60877,47052838.225071676
60878,47052554.20133952
60879,47052270.45140993
60880,47051986.977005556
60881,47051703.77535117
60882,47051420.848585755
60883,47051138.197874054
60884,47050855.82141122
60885,47050573.71784799
60886,47050291.89043768
60887,47050010.336108714
60888,47049729.05674443
60889,47049448.0531985
60890,47049167.322736114
60891,47048886.86802502
60892,47048606.6875761
60893,47048326.77942832
60894,47048047.14818512
60895,47047767.791085936
60896,47047488.70738532
60897,47047209.898913875
60898,47046931.364441775
60899,47046653.10490853
60900,47046375.11998403
60901,47046097.408111885
60902,47045819.97072144
60903,47045542.81046905
60904,47045265.92295544
60905,47044989.311737515
60906,47044712.971825466
60907,47044436.90791629
60908,47044161.117174864
60909,47043885.60162386
60910,47043610.360413566
60911,47043335.393405594
60912,47043060.703192934
60913,47042786.28495086
60914,47042512.14267012
60915,47042238.27265605
60916,47041964.67762138
60917,47041691.35502185
60918,47041418.31288263
60919,47041145.539324775
60920,47040873.03984707
60921,47040600.81912969
60922,47040328.86938754
60923,47040057.1949616
60924,47039785.79599339
60925,47039514.669360735
60926,47039243.81949253
60927,47038973.24115795
60928,47038702.93876447
60929,47038432.91029948
60930,47038163.155623816
60931,47037893.67548974
60932,47037624.469578356
60933,47037355.539342955
60934,47037086.88135097
60935,47036818.49671231
60936,47036550.38741951
60937,47036282.553090215
60938,47036014.993883975
60939,47035747.70613585
60940,47035480.69457704
60941,47035213.95607531
60942,47034947.49473064
60943,47034681.305028126
60944,47034415.38998908
60945,47034149.74755289
60946,47033884.37935156
60947,47033619.28751677
60948,47033354.46839751
60949,47033089.92392519
60950,47032825.65609637
60951,47032561.65852042
60952,47032297.936989024
60953,47032034.48985291
60954,47031771.31389102
60955,47031508.41578947
60956,47031245.788084224
60957,47030983.43824075
60958,47030721.361590326
60959,47030459.555993766
60960,47030198.028640956
60961,47029936.77277845
60962,47029675.79089528
60963,47029415.08299291
60964,47029154.65131959
60965,47028894.49248953
60966,47028634.60662253
60967,47028374.99492243
60968,47028115.65964137
60969,47027856.597043745
60970,47027597.80779073
60971,47027339.29339435
60972,47027081.050105
60973,47026823.0822684
60974,47026565.390989766
60975,47026307.971032865
60976,47026050.827233955
60977,47025793.95396624
60978,47025537.356735334
60979,47025281.034394816
60980,47025024.98505354
60981,47024769.21002188
60982,47024513.70762655
60983,47024258.478087395
60984,47024003.52963032
60985,47023748.84627265
60986,47023494.44306751
60987,47023240.30786453
60988,47022986.44861317
60989,47022732.864880644
60990,47022479.55567923
60991,47022226.51841989
60992,47021973.7551636
60993,47021721.26567582
60994,47021469.05056568
60995,47021217.10879691
60996,47020965.442454815
60997,47020714.04828085
60998,47020462.926316425
60999,47020212.0794545
61000,47019961.50715028
61001,47019711.20922804
61002,47019461.18476904
61003,47019211.43320432
61004,47018961.95634048
61005,47018712.751878776
61006,47018463.823395915
61007,47018215.165931836
61008,47017966.78277178
61009,47017718.67227371
61010,47017470.8388574
61011,47017223.27741265
61012,47016975.988282025
61013,47016728.973589234
61014,47016482.23524952
61015,47016235.76624696
61016,47015989.57408502
61017,47015743.65428837
61018,47015498.00867084
61019,47015252.63484747
61020,47015007.536883034
61021,47014762.71083307
61022,47014518.16026544
61023,47014273.88267172
61024,47014029.8786166
61025,47013786.14833842
61026,47013542.68926296
61027,47013299.505480334
61028,47013056.59681298
61029,47012813.95942952
61030,47012571.59693245
61031,47012329.50800716
61032,47012087.68908022
61033,47011846.14810374
61034,47011604.87755871
61035,47011363.88406919
61036,47011123.1591415
61037,47010882.71253766
61038,47010642.53581569
61039,47010402.63512297
61040,47010163.007477194
61041,47009923.65063823
61042,47009684.568310976
61043,47009445.76143266
61044,47009207.22662307
61045,47008968.96444258
61046,47008730.975823104
61047,47008493.26453501
61048,47008255.82366711
61049,47008018.65379329
61050,47007781.75967595
61051,47007545.139694564
61052,47007308.79196447
61053,47007072.718501285
61054,47006836.9162431
61055,47006601.38680455
61056,47006366.13412964
61057,47006131.15144056
61058,47005896.44415476
61059,47005662.01068804
61060,47005427.84728932
61061,47005193.95999575
61062,47004960.34396334
61063,47004727.00255741
61064,47004493.93458386
61065,47004261.141564116
61066,47004028.61797976
61067,47003796.37180314
61068,47003564.39451754
61069,47003332.692130014
61070,47003101.26081176
61071,47002870.1056731
61072,47002639.221758366
61073,47002408.61281088
61074,47002178.27601824
61075,47001948.21291379
61076,47001718.423378125
61077,47001488.90499466
61078,47001259.66190179
61079,47001030.68848225
61080,47000801.9923651
61081,47000573.56651908
61082,47000345.415306054
61083,47000117.53706354
61084,46999889.92894788
61085,46999662.59907847
61086,46999435.53765729
61087,46999208.75296642
61088,46998982.23743147
61089,46998755.99793003
61090,46998530.02890067
61091,46998304.33431329
61092,46998078.91233115
61093,46997853.76311823
61094,46997628.88714748
61095,46997404.28463192
61096,46997179.954880916
61097,46996955.89740726
61098,46996732.11343904
61099,46996508.60004313
61100,46996285.36399199
61101,46996062.39674765
61102,46995839.70311059
61103,46995617.28672896
61104,46995395.139260784
61105,46995173.26364497
61106,46994951.66335571
61107,46994730.33340122
61108,46994509.27751514
61109,46994288.49443796
61110,46994067.98422592
61111,46993847.74721548
61112,46993627.78213491
61113,46993408.088129945
61114,46993188.671669774
61115,46992969.524493724
61116,46992750.65209471
61117,46992532.05060671
61118,46992313.72323477
61119,46992095.66706056
61120,46991877.88291247
61121,46991660.37271771
61122,46991443.13521102
61123,46991226.170709275
61124,46991009.47863403
61125,46990793.06065191
61126,46990576.912936494
61127,46990361.0365182
61128,46990145.43573368
61129,46989930.1073931
61130,46989715.049826026
61131,46989500.266881414
61132,46989285.75449051
61133,46989071.51627301
61134,46988857.54945375
61135,46988643.85627796
61136,46988430.43626632
61137,46988217.28688446
61138,46988004.40857181
61139,46987791.80831064
61140,46987579.47560081
61141,46987367.41481829
61142,46987155.628174834
61143,46986944.11536069
61144,46986732.87413499
61145,46986521.90602864
61146,46986311.20801064
61147,46986100.782478064
61148,46985890.6306622
61149,46985680.75220118
61150,46985471.143005475
61151,46985261.810967445
61152,46985052.746399604
61153,46984843.95770882
61154,46984635.44007647
61155,46984427.19637139
61156,46984219.21975136
61157,46984011.51880857
61158,46983804.09006534
61159,46983596.934144735
61160,46983390.04915905
61161,46983183.43909355
61162,46982977.0992021
61163,46982771.03047241
61164,46982565.23476621
61165,46982359.71198899
61166,46982154.46109401
61167,46981949.48337323
61168,46981744.776556045
61169,46981540.342824265
61170,46981336.181273766
61171,46981132.290002435
61172,46980928.67233623
61173,46980725.328349516
61174,46980522.25271326
61175,46980319.44999021
61176,46980116.92082536
61177,46979914.661706805
61178,46979712.67845069
61179,46979510.96393052
61180,46979309.52219477
61181,46979108.352845214
61182,46978907.457486175
61183,46978706.83071248
61184,46978506.478348844
61185,46978306.396556474
61186,46978106.5869187
61187,46977907.048832506
61188,46977707.784147024
61189,46977508.78958741
61190,46977310.06844659
61191,46977111.61957629
61192,46976913.441858344
61193,46976715.5340562
61194,46976517.900683194
61195,46976320.53857011
61196,46976123.44774239
61197,46975926.62962006
61198,46975730.08280331
61199,46975533.80884719
61200,46975337.80594356
61201,46975142.072185144
61202,46974946.614345975
61203,46974751.42522155
61204,46974556.508450836
61205,46974361.8648184
61206,46974167.49128643
61207,46973973.39049794
61208,46973779.56016631
61209,46973586.00375447
61210,46973392.718694806
61211,46973199.70423556
61212,46973006.9612842
61213,46972814.49170327
61214,46972622.29277497
61215,46972430.36342962
61216,46972238.70842348
61217,46972047.32266109
61218,46971856.20946546
61219,46971665.36897111
61220,46971474.79812743
61221,46971284.49756855
61222,46971094.47292996
61223,46970904.71646151
61224,46970715.23386322
61225,46970526.02148305
61226,46970337.080746904
61227,46970148.4109607
61228,46969960.012995444
61229,46969771.88717276
61230,46969584.03250508
61231,46969396.44905266
61232,46969209.13749025
61233,46969022.097211555
61234,46968835.326149985
61235,46968648.82830787
61236,46968462.604225524
61237,46968276.64803929
61238,46968090.96255775
61239,46967905.54944891
61240,46967720.4088777
61241,46967535.53908904
61242,46967350.94126952
61243,46967166.61079781
61244,46966982.5559012
61245,46966798.77367292
61246,46966615.258124664
61247,46966432.01562168
61248,46966249.04364844
61249,46966066.34484482
61250,46965883.9132725
61251,46965701.75683531
61252,46965519.868514135
61253,46965338.25504857
61254,46965156.910220444
61255,46964975.83574684
61256,46964795.036196515
61257,46964614.50477132
61258,46964434.245079264
61259,46964254.25357095
61260,46964074.53614887
61261,46963895.09146322
61262,46963715.915200785
61263,46963537.010930344
61264,46963358.37541758
61265,46963180.01265992
61266,46963001.92146492
61267,46962824.09853177
61268,46962646.5500541
61269,46962469.273296736
61270,46962292.26222199
61271,46962115.523695946
61272,46961939.0593181
61273,46961762.86248818
61274,46961586.938626036
61275,46961411.28601217
61276,46961235.90250886
61277,46961060.789309435
61278,46960885.949291274
61279,46960711.376233816
61280,46960537.07832849
61281,46960363.04874411
61282,46960189.28851876
61283,46960015.8021581
61284,46959842.586571015
61285,46959669.64126201
61286,46959496.96516596
61287,46959324.560162604
61288,46959152.42725487
61289,46958980.563364014
61290,46958808.97137624
61291,46958637.64887346
61292,46958466.59612414
61293,46958295.81664756
61294,46958125.30666761
61295,46957955.06741262
61296,46957785.09635301
61297,46957615.3979328
61298,46957445.97112635
61299,46957276.81355786
61300,46957107.9251828
61301,46956939.30849002
61302,46956770.96267734
61303,46956602.88760216
61304,46956435.081498265
61305,46956267.54810561
61306,46956100.28168149
61307,46955933.28870761
61308,46955766.56624882
61309,46955600.112051375
61310,46955433.92982462
61311,46955268.017740145
61312,46955102.37795101
61313,46954937.00281029
61314,46954771.90294821
61315,46954607.070579335
61316,46954442.509714775
61317,46954278.21934204
61318,46954114.19975333
61319,46953950.4512749
61320,46953786.971171394
61321,46953623.7599037
61322,46953460.82065626
61323,46953298.15225609
61324,46953135.7526312
61325,46952973.62299807
61326,46952811.76549526
61327,46952650.177777454
61328,46952488.85864657
61329,46952327.81047096
61330,46952167.03058128
61331,46952006.52130984
61332,46951846.282115
61333,46951686.31380252
61334,46951526.617452174
61335,46951367.18995064
61336,46951208.03206778
61337,46951049.14322664
61338,46950890.52398406
61339,46950732.17703089
61340,46950574.09678289
61341,46950416.28840112
61342,46950258.75154607
61343,46950101.48101785
61344,46949944.48267856
61345,46949787.753519006
61346,46949631.29556394
61347,46949475.10671154
61348,46949319.187281325
61349,46949163.536431745
61350,46949008.15697466
61351,46948853.04777883
61352,46948698.2061705
61353,46948543.63518599
61354,46948389.33458127
61355,46948235.30344981
61356,46948081.542619094
61357,46947928.050773084
61358,46947774.82850988
61359,46947621.87540519
61360,46947469.192436606
61361,46947316.78080209
61362,46947164.63688536
61363,46947012.76208685
61364,46946861.158019155
61365,46946709.82440232
61366,46946558.75777689
61367,46946407.96203047
61368,46946257.437265985
61369,46946107.18000952
61370,46945957.19098233
61371,46945807.4748456
61372,46945658.02521004
61373,46945508.84537151
61374,46945359.93819034
61375,46945211.29604731
61376,46945062.92550862
61377,46944914.8242747
61378,46944766.99469064
61379,46944619.42904405
61380,46944472.13606498
61381,46944325.112310566
61382,46944178.35846348
61383,46944031.87243271
61384,46943885.65566784
61385,46943739.71004325
61386,46943594.033096
61387,46943448.62165648
61388,46943303.48334263
61389,46943158.61446939
61390,46943014.01183094
61391,46942869.681172445
61392,46942725.62000321
61393,46942581.82588603
61394,46942438.30142528
61395,46942295.04638669
61396,46942152.05977767
61397,46942009.34199141
61398,46941866.89521605
61399,46941724.714728616
61400,46941582.80501102
61401,46941441.16248362
61402,46941299.79161169
61403,46941158.68908499
61404,46941017.854900666
61405,46940877.29060094
61406,46940736.99296104
61407,46940596.96562609
61408,46940457.20699401
61409,46940317.71815881
61410,46940178.49870063
61411,46940039.54291936
61412,46939900.86163978
61413,46939762.447480395
61414,46939624.300193645
61415,46939486.42546886
61416,46939348.81726484
61417,46939211.47794579
61418,46939074.40677283
61419,46938937.605989054
61420,46938801.071802676
61421,46938664.807695836
61422,46938528.812566966
61423,46938393.08665986
61424,46938257.62754747
61425,46938122.437860414
61426,46937987.51791172
61427,46937852.86367185
61428,46937718.478027
61429,46937584.36289827
61430,46937450.51551932
61431,46937316.93766778
61432,46937183.627314314
61433,46937050.58518386
61434,46936917.81391327
61435,46936785.3092929
61436,46936653.072213605
61437,46936521.10318117
61438,46936389.404848985
61439,46936257.97303866
61440,46936126.81222129
61441,46935995.91537014
61442,46935865.29118225
61443,46935734.93343174
61444,46935604.84425723
61445,46935475.02240078
61446,46935345.46897939
61447,46935216.1870521
61448,46935087.167358994
61449,46934958.420741946
61450,46934829.94002384
61451,46934701.728506744
61452,46934573.78481975
61453,46934446.10786101
61454,46934318.70018845
61455,46934191.56094971
61456,46934064.690568976
61457,46933938.08812615
61458,46933811.7521113
61459,46933685.68432368
61460,46933559.88766363
61461,46933434.35419789
61462,46933309.09319703
61463,46933184.096918754
61464,46933059.37179555
61465,46932934.910897896
61466,46932810.718428984
61467,46932686.796819255
61468,46932563.14057371
61469,46932439.75464885
61470,46932316.63444306
61471,46932193.78159359
61472,46932071.19714601
61473,46931948.880776495
61474,46931826.83279543
61475,46931705.05401686
61476,46931583.53952826
61477,46931462.29536756
61478,46931341.31540032
61479,46931220.60511557
61480,46931100.163923636
61481,46930979.99101828
61482,46930860.083206534
61483,46930740.44514382
61484,46930621.07388358
61485,46930501.9676175
61486,46930383.13293567
61487,46930264.564570025
61488,46930146.26283251
61489,46930028.22634071
61490,46929910.45971632
61491,46929792.962242484
61492,46929675.73086564
61493,46929558.76815229
61494,46929442.0698047
61495,46929325.642063096
61496,46929209.47883344
61497,46929093.585907415
61498,46928977.958109505
61499,46928862.59927
61500,46928747.50621534
61501,46928632.67934422
61502,46928518.12431995
61503,46928403.83450924
61504,46928289.80928251
61505,46928176.05493991
61506,46928062.56474392
61507,46927949.342431076
61508,46927836.38877214
61509,46927723.70196274
61510,46927611.2807318
61511,46927499.13043193
61512,46927387.24168779
61513,46927275.62390164
61514,46927164.27181514
61515,46927053.18943724
61516,46926942.36895557
61517,46926831.82068282
61518,46926721.53644645
61519,46926611.51837188
61520,46926501.769598715
61521,46926392.2870404
61522,46926283.07200426
61523,46926174.121876
61524,46926065.441140965
61525,46925957.02541536
61526,46925848.87752493
61527,46925740.99473125
61528,46925633.380723245
61529,46925526.033221185
61530,46925418.95211531
61531,46925312.137674466
61532,46925205.592225745
61533,46925099.30984768
61534,46924993.29584271
61535,46924887.5478873
61536,46924782.06736353
61537,46924676.85286476
61538,46924571.90694718
61539,46924467.22414124
61540,46924362.810694575
61541,46924258.66418168
61542,46924154.78153506
61543,46924051.165916845
61544,46923947.81730162
61545,46923844.73587051
61546,46923741.92156551
61547,46923639.37422423
61548,46923537.09074935
61549,46923435.07388565
61550,46923333.324495524
61551,46923231.84156211
61552,46923130.62364597
61553,46923029.674148835
61554,46922928.99005094
61555,46922828.57558352
61556,46922728.422273085
61557,46922628.53508282
61558,46922528.91564621
61559,46922429.56319965
61560,46922330.479421146
61561,46922231.65635283
61562,46922133.10517929
61563,46922034.81583117
61564,46921936.79350233
61565,46921839.03687634
61566,46921741.549654014
61567,46921644.32538293
61568,46921547.368241414
61569,46921450.67561214
61570,46921354.251114115
61571,46921258.09249201
61572,46921162.19814938
61573,46921066.56900356
61574,46920971.20902638
61575,46920876.11363104
61576,46920781.28482613
61577,46920686.71989103
61578,46920592.42242863
61579,46920498.38980928
61580,46920404.62152921
61581,46920311.123210534
61582,46920217.88778433
61583,46920124.920711204
61584,46920032.214071915
61585,46919939.77690349
61586,46919847.60699335
61587,46919755.70170009
61588,46919664.05965728
61589,46919572.684900515
61590,46919481.57608974
61591,46919390.73187501
61592,46919300.15541294
61593,46919209.84157896
61594,46919119.79594823
61595,46919030.012641326
61596,46918940.49991032
61597,46918851.24578929
61598,46918762.26203512
61599,46918673.545991465
61600,46918585.08990972
61601,46918496.90063068
61602,46918408.97688633
61603,46918321.31997154
61604,46918233.928292766
61605,46918146.80141632
61606,46918059.93948971
61607,46917973.34091017
61608,46917887.01163544
61609,46917800.94588658
61610,46917715.145178266
61611,46917629.6093519
61612,46917544.33777694
61613,46917459.332938336
61614,46917374.595077254
61615,46917290.11822285
61616,46917205.90852082
61617,46917121.96428052
61618,46917038.28376348
61619,46916954.87106638
61620,46916871.719645366
61621,46916788.83748759
61622,46916706.21553671
61623,46916623.86204762
61624,46916541.77306411
61625,46916459.94883105
61626,46916378.38804221
61627,46916297.09267739
61628,46916216.06477778
61629,46916135.29836401
61630,46916054.79766045
61631,46915974.56046522
61632,46915894.59171185
61633,46915814.88551483
61634,46915735.44290601
61635,46915656.26694478
61636,46915577.35598458
61637,46915498.70920463
61638,46915420.32522488
61639,46915342.2073798
61640,46915264.355268344
61641,46915186.76567343
61642,46915109.44225311
61643,46915032.384724736
61644,46914955.58793804
61645,46914879.0585496
61646,46914802.790321544
61647,46914726.78931261
61648,46914651.052257195
61649,46914575.57933958
61650,46914500.37048298
61651,46914425.42864199
61652,46914350.749402106
61653,46914276.33298361
61654,46914202.18242504
61655,46914128.296794884
61656,46914054.67456926
61657,46913981.31767683
61658,46913908.224115476
61659,46913835.39287312
61660,46913762.828234
61661,46913690.52624048
61662,46913618.49184153
61663,46913546.71784074
61664,46913475.2099193
61665,46913403.96400817
61666,46913332.98491166
61667,46913262.26820709
61668,46913191.81634456
61669,46913121.6253346
61670,46913051.702354476
61671,46912982.04294573
61672,46912912.64442691
61673,46912843.5133234
61674,46912774.64471494
61675,46912706.040068544
61676,46912637.698785484
61677,46912569.62199254
61678,46912501.808548346
61679,46912434.2598372
61680,46912366.97224583
61681,46912299.95136818
61682,46912233.19404231
61683,46912166.69754546
61684,46912100.46683214
61685,46912034.500908464
61686,46911968.798272215
61687,46911903.35688542
61688,46911838.18084669
61689,46911773.26842672
61690,46911708.618446365
61691,46911644.23553397
61692,46911580.110337816
61693,46911516.25276807
61694,46911452.65767133
61695,46911389.32371384
61696,46911326.2568249
61697,46911263.45148622
61698,46911200.91211423
61699,46911138.63161875
61700,46911076.619512424
61701,46911014.86596803
61702,46910953.37998335
61703,46910892.15277424
61704,46910831.19299641
61705,46910770.49514007
61706,46910710.059619464
61707,46910649.8858535
61708,46910589.979397446
61709,46910530.33314925
61710,46910470.947702035
61711,46910411.830725566
61712,46910352.97707999
61713,46910294.38204844
61714,46910236.05015076
61715,46910177.98392155
61716,46910120.17870016
61717,46910062.63878857
61718,46910005.358584076
61719,46909948.34515214
61720,46909891.592308
61721,46909835.10235067
61722,46909778.87695345
61723,46909722.9118948
61724,46909667.21072632
61725,46909611.77243392
61726,46909556.596388705
61727,46909501.6832488
61728,46909447.03193676
61729,46909392.64447725
61730,46909338.520774424
61731,46909284.65880551
61732,46909231.05869791
61733,46909177.72128955
61734,46909124.64731082
61735,46909071.83563204
61736,46909019.28673744
61737,46908966.9995347
61738,46908914.9767113
61739,46908863.213695325
61740,46908811.713872105
61741,46908760.47757029
61742,46908709.50208895
61743,46908658.79312374
61744,46908608.342044085
61745,46908558.15398939
61746,46908508.230344445
61747,46908458.56593862
61748,46908409.16559273
61749,46908360.026648596
61750,46908311.15035987
61751,46908262.53765719
61752,46908214.18683164
61753,46908166.09536303
61754,46908118.26860511
61755,46908070.703350425
61756,46908023.401118636
61757,46907976.358769216
61758,46907929.58084479
61759,46907883.06371248
61760,46907836.80723183
61761,46907790.814465724
61762,46907745.08364935
61763,46907699.61386394
61764,46907654.40603705
61765,46907609.46292092
61766,46907564.776015006
61767,46907520.356218874
61768,46907476.19734505
61769,46907432.29695209
61770,46907388.66132097
61771,46907345.287470475
61772,46907302.17051125
61773,46907259.32217897
61774,46907216.73099901
61775,46907174.4055195
61776,46907132.33736809
61777,46907090.53514546
61778,46907048.989179276
61779,46907007.70890631
61780,46906966.6874285
61781,46906925.92941813
61782,46906885.4324805
61783,46906845.19679521
61784,46906805.224140614
61785,46906765.51103765
61786,46906726.057370044
61787,46906686.868032396
61788,46906647.93803333
61789,46906609.27032691
61790,46906570.86486263
61791,46906532.722290546
61792,46906494.83523996
61793,46906457.2150432
61794,46906419.853661776
61795,46906382.75236423
61796,46906345.91480614
61797,46906309.33697918
61798,46906273.01957895
61799,46906236.963819906
61800,46906201.16913107
61801,46906165.63496742
61802,46906130.36341612
61803,46906095.35116567
61804,46906060.60120911
61805,46906026.110747114
61806,46905991.88191831
61807,46905957.91413407
61808,46905924.20891186
61809,46905890.760066256
61810,46905857.57782976
61811,46905824.65222743
61812,46905791.98606305
61813,46905759.583954915
61814,46905727.44053408
61815,46905695.56111913
61816,46905663.940732494
61817,46905632.579312414
61818,46905601.480549216
61819,46905570.64035613
61820,46905540.06255681
61821,46905509.743838
61822,46905479.686042786
61823,46905449.88978335
61824,46905420.3523082
61825,46905391.07782585
61826,46905362.06038301
61827,46905333.305995956
61828,46905304.80982884
61829,46905276.57442097
61830,46905248.60213829
61831,46905220.88606554
61832,46905193.43638646
61833,46905166.24050492
61834,46905139.307632625
61835,46905112.63445661
61836,46905086.22214411
61837,46905060.069736004
61838,46905034.17607966
61839,46905008.54199573
61840,46904983.17116131
61841,46904958.05954637
61842,46904933.208114
61843,46904908.61582735
61844,46904884.28419022
61845,46904860.209545724
61846,46904836.39798121
61847,46904812.84602721
61848,46904789.55547059
61849,46904766.52400455
61850,46904743.74710759
61851,46904721.23652923
61852,46904698.98229077
61853,46904676.989286095
61854,46904655.25366646
61855,46904633.782316774
61856,46904612.564396456
61857,46904591.610618696
61858,46904570.91661446
61859,46904550.48085185
61860,46904530.305616684
61861,46904510.38861185
61862,46904490.7321804
61863,46904471.33510287
61864,46904452.19729876
61865,46904433.31936501
61866,46904414.701241136
61867,46904396.34012928
61868,46904378.24215229
61869,46904360.40013425
61870,46904342.819960125
61871,46904325.49627882
61872,46904308.43296034
61873,46904291.63036975
61874,46904275.088548765
61875,46904258.79952208
61876,46904242.77564866
61877,46904227.008389235
61878,46904211.500987165
61879,46904196.250854336
61880,46904181.263074264
61881,46904166.53252426
61882,46904152.059386164
61883,46904137.84864558
61884,46904123.89489418
61885,46904110.20035879
61886,46904096.76516965
61887,46904083.58970715
61888,46904070.671357796
61889,46904058.010986805
61890,46904045.61248264
61891,46904033.47069565
61892,46904021.58765158
61893,46904009.963303775
61894,46903998.60034815
61895,46903987.49266472
61896,46903976.646507934
61897,46903966.05553281
61898,46903955.72823267
61899,46903945.657093436
61900,46903935.841791235
61901,46903926.28787623
61902,46903916.98997298
61903,46903907.952210546
61904,46903899.17475733
61905,46903890.65295315
61906,46903882.3890803
61907,46903874.38656634
61908,46903866.63966413
61909,46903859.15343194
61910,46903851.92570521
61911,46903844.95543718
61912,46903838.241831556
61913,46903831.7887008
61914,46903825.590914235
61915,46903819.65526408
61916,46903813.97318132
61917,46903808.55156145
61918,46903803.38847551
61919,46903798.482827865
61920,46903793.83677855
61921,46903789.44821995
61922,46903785.31568421
61923,46903781.442649215
61924,46903777.82556659
61925,46903774.46957201
61926,46903771.37166247
61927,46903768.529583335
61928,46903765.943191335
61929,46903763.617773585
61930,46903761.55332766
61931,46903759.73980595
61932,46903758.1881008
61933,46903756.893081315
61934,46903755.85295181
61935,46903755.07502286
61936,46903754.55234263
61937,46903754.28935176
61938,46903754.28259878
61939,46903754.53037663
61940,46903755.042740345
61941,46903755.80505029
61942,46903756.82856134
61943,46903758.1057633
61944,46903759.64732242
61945,46903761.43944383
61946,46903763.49409653
61947,46903765.80366193
61948,46903768.37196043
61949,46903771.196231455
61950,46903774.27844846
61951,46903777.61814155
61952,46903781.21212365
61953,46903785.06632626
61954,46903789.17623244
61955,46903793.543821655
61956,46903798.1714299
61957,46903803.05004656
61958,46903808.18934815
61959,46903813.58822875
61960,46903819.23875444
61961,46903825.14861908
61962,46903831.31581481
61963,46903837.73784152
61964,46903844.418630905
61965,46903851.35629013
61966,46903858.55212292
61967,46903866.002719246
61968,46903873.709150285
61969,46903881.67411859
61970,46903889.896214634
61971,46903898.37091777
61972,46903907.1081294
61973,46903916.09973949
61974,46903925.34582006
61975,46903934.8517209
61976,46903944.611966066
61977,46903954.63116274
61978,46903964.90272327
61979,46903975.434197515
61980,46903986.21893553
61981,46903997.2636908
61982,46904008.56402476
61983,46904020.118634254
61984,46904031.93255834
61985,46904044.00093943
61986,46904056.32501745
61987,46904068.90570314
61988,46904081.74021006
61989,46904094.83615634
61990,46904108.18758042
61991,46904121.792017
61992,46904135.65466156
61993,46904149.77174584
61994,46904164.14483638
61995,46904178.77709004
61996,46904193.66119066
61997,46904208.804203674
61998,46904224.20281967
61999,46904239.85568111
62000,46904255.76772064
62001,46904271.93377263
62002,46904288.3524721
62003,46904305.02979618
62004,46904321.96318842
62005,46904339.15358816
62006,46904356.59744911
62007,46904374.297934204
62008,46904392.2543826
62009,46904410.463681884
62010,46904428.93221846
62011,46904447.65447548
62012,46904466.63311483
62013,46904485.867618605
62014,46904505.355598524
62015,46904525.09980228
62016,46904545.09963666
62017,46904565.35804252
62018,46904585.8672306
62019,46904606.63224464
62020,46904627.65666278
62021,46904648.93053636
62022,46904670.46293396
62023,46904692.25164828
62024,46904714.29411243
62025,46904736.5928525
62026,46904759.14365361
62027,46904781.954075195
62028,46904805.01829814
62029,46904828.334381536
62030,46904851.90837357
62031,46904875.736355275
62032,46904899.820870094
62033,46904924.15782672
62034,46904948.750985056
62035,46904973.6002211
62036,46904998.70376983
62037,46905024.06148964
62038,46905049.67362316
62039,46905075.54224342
62040,46905101.66407795
62041,46905128.03968249
62042,46905154.66988297
62043,46905181.559461996
62044,46905208.699711144
62045,46905236.09450227
62046,46905263.74747054
62047,46905291.65225284
62048,46905319.811235406
62049,46905348.22401431
62050,46905376.88892366
62051,46905405.816008076
62052,46905434.99107316
62053,46905464.42298275
62054,46905494.11034781
62055,46905524.05171672
62056,46905554.24576313
62057,46905584.69320376
62058,46905615.39682211
62059,46905646.35224359
62060,46905677.56317806
62061,46905709.03148818
62062,46905740.7504656
62063,46905772.72252775
62064,46905804.95183036
62065,46905837.434437804
62066,46905870.17068131
62067,46905903.16033844
62068,46905936.40323584
62069,46905969.900563344
62070,46906003.653236195
62071,46906037.659494236
62072,46906071.91900684
62073,46906106.43289864
62074,46906141.19834812
62075,46906176.217946485
62076,46906211.49460648
62077,46906247.021756515
62078,46906282.80220543
62079,46906318.8395582
62080,46906355.12939511
62081,46906391.67098813
62082,46906428.46819471
62083,46906465.51596603
62084,46906502.81888785
62085,46906540.377090305
62086,46906578.18592947
62087,46906616.25093053
62088,46906654.56670633
62089,46906693.1379022
62090,46906731.960770816
62091,46906771.03597413
62092,46906810.36486639
62093,46906849.950843066
62094,46906889.78701937
62095,46906929.87498962
62096,46906970.2194902
62097,46907010.815867275
62098,46907051.66262571
62099,46907092.7632975
62100,46907134.121111594
62101,46907175.729305536
62102,46907217.58814384
62103,46907259.70341903
62104,46907302.06963686
62105,46907344.688719034
62106,46907387.56176574
62107,46907430.68584315
62108,46907474.063177496
62109,46907517.69536199
62110,46907561.57861538
62111,46907605.711875364
62112,46907650.101969995
62113,46907694.74383182
62114,46907739.638975844
62115,46907784.783439204
62116,46907830.183687046
62117,46907875.83749315
62118,46907921.739644974
62119,46907967.89617379
62120,46908014.30486393
62121,46908060.96717085
62122,46908107.879847854
62123,46908155.04552686
62124,46908202.464132756
62125,46908250.13580309
62126,46908298.05760892
62127,46908346.232196376
62128,46908394.66042081
62129,46908443.337967366
62130,46908492.266645536
62131,46908541.453734785
62132,46908590.88921369
62133,46908640.57566668
62134,46908690.51552163
62135,46908740.708510205
62136,46908791.15109746
62137,46908841.84740864
62138,46908892.79336172
62139,46908943.991936944
62140,46908995.44360365
62141,46909047.14584651
62142,46909099.100246474
62143,46909151.305622965
62144,46909203.76301251
62145,46909256.47243648
62146,46909309.43450162
62147,46909362.64723591
62148,46909416.108125806
62149,46909469.82572226
62150,46909523.79206706
62151,46909578.011833124
62152,46909632.48184248
62153,46909687.204118036
62154,46909742.17705904
62155,46909797.403255
62156,46909852.87706648
62157,46909908.60418783
62158,46909964.58023895
62159,46910020.81066264
62160,46910077.29044484
62161,46910134.02382074
62162,46910191.006100684
62163,46910248.23963485
62164,46910305.72593117
62165,46910363.46074334
62166,46910421.44939305
62167,46910479.68740374
62168,46910538.17441801
62169,46910596.916053236
62170,46910655.90582298
62171,46910715.14694014
62172,46910774.64017521
62173,46910834.3814307
62174,46910894.37647726
62175,46910954.62215924
62176,46911015.11687111
62177,46911075.86433408
62178,46911136.859583706
62179,46911198.10743314
62180,46911259.605094075
62181,46911321.352130726
62182,46911383.35300562
62183,46911445.602363914
62184,46911508.099995196
62185,46911570.849755585
62186,46911633.852454275
62187,46911697.105174296
62188,46911760.60802012
62189,46911824.35512972
62190,46911888.36048427
62191,46911952.61215612
62192,46912017.112743475
62193,46912081.867707126
62194,46912146.86892088
62195,46912212.12095909
62196,46912277.62220855
62197,46912343.376932174
62198,46912409.37971964
62199,46912475.63474066
62200,46912542.1343234
62201,46912608.887062766
62202,46912675.889998265
62203,46912743.14557401
62204,46912810.643993266
62205,46912878.398463205
62206,46912946.39736225
62207,46913014.650838494
62208,46913083.1516819
62209,46913151.90171906
62210,46913220.90359819
62211,46913290.15213604
62212,46913359.65094014
62213,46913429.40139337
62214,46913499.399436325
62215,46913569.64872851
62216,46913640.14573389
62217,46913710.894537866
62218,46913781.88897964
62219,46913853.135238715
62220,46913924.62877205
62221,46913996.37375395
62222,46914068.366758354
62223,46914140.611555114
62224,46914213.101491995
62225,46914285.84262514
62226,46914358.833715
62227,46914432.07192556
62228,46914505.56232232
62229,46914579.30016193
62230,46914653.28358417
62231,46914727.520558365
62232,46914802.0030203
62233,46914876.73655044
62234,46914951.71949582
62235,46915026.949668676
62236,46915102.42921063
62237,46915178.158418
62238,46915254.135414
62239,46915330.36007187
62240,46915406.83374719
62241,46915483.55737385
62242,46915560.52795334
62243,46915637.7499028
62244,46915715.217616156
62245,46915792.933887005
62246,46915870.90198965
62247,46915949.11472632
62248,46916027.57648672
62249,46916106.2892425
62250,46916185.24855958
62251,46916264.45292276
62252,46916343.911697276
62253,46916423.61476766
62254,46916503.567808524
62255,46916583.767170854
62256,46916664.21616152
62257,46916744.91213058
62258,46916825.858155996
62259,46916907.04926479
62260,46916988.491745576
62261,46917070.17965923
62262,46917152.11694364
62263,46917234.29979636
62264,46917316.73372653
62265,46917399.414181694
62266,46917482.34366122
62267,46917565.51844385
62268,46917648.940845005
62269,46917732.612205565
62270,46917816.532680005
62271,46917900.6981117
62272,46917985.11248088
62273,46918069.774072774
62274,46918154.68454641
62275,46918239.84163073
62276,46918325.24556715
62277,46918410.89952073
62278,46918496.79774669
62279,46918582.94566803
62280,46918669.338125944
62281,46918755.978665546
62282,46918842.867091835
62283,46918930.003902934
62284,46919017.387937084
62285,46919105.0172296
62286,46919192.89587831
62287,46919281.02103785
62288,46919369.39052614
62289,46919458.00898342
62290,46919546.87679964
62291,46919635.98887411
62292,46919725.34863593
62293,46919814.95563145
62294,46919904.80691665
62295,46919994.9092437
62296,46920085.25616078
62297,46920175.850404456
62298,46920266.689701006
62299,46920357.77816709
62300,46920449.11171731
62301,46920540.69400948
62302,46920632.52026057
62303,46920724.59371196
62304,46920816.91383536
62305,46920909.482729115
62306,46921002.296349704
62307,46921095.357252724
62308,46921188.661382884
62309,46921282.21344875
62310,46921376.01343988
62311,46921470.05828584
62312,46921564.3500521
62313,46921658.88909933
62314,46921753.67387289
62315,46921848.70352841
62316,46921943.979707375
62317,46922039.50300434
62318,46922135.27062282
62319,46922231.28700958
62320,46922327.54927716
62321,46922424.05234186
62322,46922520.80681525
62323,46922617.805358425
62324,46922715.04908948
62325,46922812.54010253
62326,46922910.27522978
62327,46923008.25735363
62328,46923106.48435348
62329,46923204.95768145
62330,46923303.677115425
62331,46923402.64147343
62332,46923501.850178346
62333,46923601.307473876
62334,46923701.007990725
62335,46923800.954449594
62336,46923901.14820849
62337,46924001.58396698
62338,46924102.26768714
62339,46924203.19531039
62340,46924304.36971901
62341,46924405.79155089
62342,46924507.45268792
62343,46924609.36281963
62344,46924711.51907025
62345,46924813.917978734
62346,46924916.56238391
62347,46925019.451897666
62348,46925122.5883836
62349,46925225.967522524
62350,46925329.59513989
62351,46925433.462749295
62352,46925537.57970193
62353,46925641.93874839
62354,46925746.5434429
62355,46925851.39192842
62356,46925956.48591502
62357,46926061.82514273
62358,46926167.4101821
62359,46926273.2380659
62360,46926379.30871728
62361,46926485.626937956
62362,46926592.19030154
62363,46926698.99771543
62364,46926806.04818995
62365,46926913.34361909
62366,46927020.88326825
62367,46927128.66968915
62368,46927236.69775765
62369,46927344.972543955
62370,46927453.4870577
62371,46927562.250796184
62372,46927671.25661895
62373,46927780.5070685
62374,46927890.00134696
62375,46927999.738426074
62376,46928109.721244216
62377,46928219.9481269
62378,46928330.41750213
62379,46928441.134054914
62380,46928552.08900581
62381,46928663.2926788
62382,46928774.73839226
62383,46928886.4312329
62384,46928998.36420983
62385,46929110.54108554
62386,46929222.963067
62387,46929335.628279954
62388,46929448.53547867
62389,46929561.68918916
62390,46929675.08634399
62391,46929788.72598399
62392,46929902.608252704
62393,46930016.734119266
62394,46930131.10469299
62395,46930245.71779215
62396,46930360.57265566
62397,46930475.67289893
62398,46930591.01778461
62399,46930706.60308778
62400,46930822.43257089
62401,46930938.50792344
62402,46931054.82289729
62403,46931171.38209723
62404,46931288.183378406
62405,46931405.22960785
62406,46931522.51820881
62407,46931640.04912771
62408,46931757.82324728
62409,46931875.843554266
62410,46931994.10343745
62411,46932112.60498719
62412,46932231.34963545
62413,46932350.337879606
62414,46932469.57053076
62415,46932589.04280579
62416,46932708.761347346
62417,46932828.71914773
62418,46932948.92303621
62419,46933069.3678448
62420,46933190.05450019
62421,46933310.98638235
62422,46933432.15597685
62423,46933553.5722992
62424,46933675.227628194
62425,46933797.12844908
62426,46933919.26609051
62427,46934041.650442936
62428,46934164.27715124
62429,46934287.14715171
62430,46934410.25558133
62431,46934533.60753751
62432,46934657.203311145
62433,46934781.04015049
62434,46934905.1170349
62435,46935029.437652014
62436,46935154.00251927
62437,46935278.806465775
62438,46935403.85299879
62439,46935529.14052504
62440,46935654.66863318
62441,46935780.441120416
62442,46935906.45348649
62443,46936032.71061
62444,46936159.20583239
62445,46936285.94302499
62446,46936412.92479403
62447,46936540.14729573
62448,46936667.60779378
62449,46936795.313519925
62450,46936923.259001985
62451,46937051.447860144
62452,46937179.8734991
62453,46937308.54668644
62454,46937437.45614332
62455,46937566.60924061
62456,46937696.00403008
62457,46937825.63960345
62458,46937955.5142746
62459,46938085.63070614
62460,46938215.98918001
62461,46938346.59019394
62462,46938477.428459324
62463,46938608.510950774
62464,46938739.83283377
62465,46938871.396679424
62466,46939003.19990084
62467,46939135.24419537
62468,46939267.529667
62469,46939400.05593267
62470,46939532.82206617
62471,46939665.83161084
62472,46939799.079606116
62473,46939932.56681679
62474,46940066.297322616
62475,46940200.26741977
62476,46940334.47756168
62477,46940468.928927004
62478,46940603.62025078
62479,46940738.55293697
62480,46940873.724060014
62481,46941009.136980556
62482,46941144.7875815
62483,46941280.68072248
62484,46941416.813411064
62485,46941553.18754202
62486,46941689.801261395
62487,46941826.65621951
62488,46941963.74710904
62489,46942101.08217871
62490,46942238.653854415
62491,46942376.46799742
62492,46942514.521000355
62493,46942652.81326307
62494,46942791.34619345
62495,46942930.121269405
62496,46943069.13151497
62497,46943208.38512927
62498,46943347.87656066
62499,46943487.606653824
62500,46943627.578238666
62501,46943767.78889686
62502,46943908.23931677
62503,46944048.92796059
62504,46944189.855839446
62505,46944331.02503377
62506,46944472.43465768
62507,46944614.08055109
62508,46944755.96654706
62509,46944898.091135636
62510,46945040.4587107
62511,46945183.06131169
62512,46945325.90579675
62513,46945468.98768929
62514,46945612.30916956
62515,46945755.870433316
62516,46945899.6682889
62517,46946043.70638554
62518,46946187.9853532
62519,46946332.50077511
62520,46946477.25423205
62521,46946622.24978207
62522,46946767.48282401
62523,46946912.950309984
62524,46947058.66135934
62525,46947204.6104427
62526,46947350.799242094
62527,46947497.22515365
62528,46947643.88927163
62529,46947790.792519584
62530,46947937.93189194
62531,46948085.31157903
62532,46948232.93221319
62533,46948380.78759092
62534,46948528.88353704
62535,46948677.21474717
62536,46948825.78574519
62537,46948974.59508619
62538,46949123.64487593
62539,46949272.931048825
62540,46949422.454386525
62541,46949572.21533723
62542,46949722.21644339
62543,46949872.45437328
62544,46950022.92762917
62545,46950173.64309023
62546,46950324.59536348
62547,46950475.78565447
62548,46950627.21170445
62549,46950778.876924284
62550,46950930.77939782
62551,46951082.920086384
62552,46951235.29643592
62553,46951387.91277227
62554,46951540.764270335
62555,46951693.85669656
62556,46951847.185745284
62557,46952000.75000459
62558,46952154.55348964
62559,46952308.59443553
62560,46952462.87439169
62561,46952617.38649404
62562,46952772.139445126
62563,46952927.127894536
62564,46953082.35495952
62565,46953237.81822552
62566,46953393.51857181
62567,46953549.45658228
62568,46953705.63283533
62569,46953862.04365462
62570,46954018.690880924
62571,46954175.577262655
62572,46954332.69926187
62573,46954490.06036727
62574,46954647.65474701
62575,46954805.48917657
62576,46954963.55880268
62577,46955121.86414604
62578,46955280.40734726
62579,46955439.18568917
62580,46955598.202975444
62581,46955757.45333125
62582,46955916.94302321
62583,46956076.668524444
62584,46956236.6315572
62585,46956396.83036809
62586,46956557.26261461
62587,46956717.93365516
62588,46956878.83948974
62589,46957039.98370451
62590,46957201.364164494
62591,46957362.97666229
62592,46957524.829952225
62593,46957686.918168984
62594,46957849.241027735
62595,46958011.80026445
62596,46958174.5967377
62597,46958337.62634498
62598,46958500.893512845
62599,46958664.39539142
62600,46958828.13627599
62601,46958992.11061323
62602,46959156.31994924
62603,46959320.76540966
62604,46959485.44764719
62605,46959650.364753455
62606,46959815.5159546
62607,46959980.90319377
62608,46960146.52685548
62609,46960312.3859825
62610,46960478.480460405
62611,46960644.81114726
62612,46960811.37617734
62613,46960978.176042184
62614,46961145.211903654
62615,46961312.482458055
62616,46961479.988037616
62617,46961647.72854585
62618,46961815.70320846
62619,46961983.91375743
62620,46962152.360338025
62621,46962321.04278353
62622,46962489.95964114
62623,46962659.10836415
62624,46962828.49349639
62625,46962998.11431888
62626,46963167.96962069
62627,46963338.05674359
62628,46963508.3847899
62629,46963678.9423189
62630,46963849.73279202
62631,46964020.761131145
62632,46964192.02742146
62633,46964363.52258031
62634,46964535.25230944
62635,46964707.21873331
62636,46964879.41950024
62637,46965051.854031466
62638,46965224.52317239
62639,46965397.424932554
62640,46965570.56204186
62641,46965743.932613626
62642,46965917.53736949
62643,46966091.37670939
62644,46966265.450951695
62645,46966439.75883566
62646,46966614.29837709
62647,46966789.07712445
62648,46966964.08349303
62649,46967139.32626669
62650,46967314.803815514
62651,46967490.5119381
62652,46967666.45883835
62653,46967842.635319114
62654,46968019.04584396
62655,46968195.6929498
62656,46968372.57153238
62657,46968549.6854226
62658,46968727.029207125
62659,46968904.60817252
62660,46969082.4203969
62661,46969260.46347453
62662,46969438.74512889
62663,46969617.25726414
62664,46969796.00264943
62665,46969974.98062253
62666,46970154.19382383
62667,46970333.63718439
62668,46970513.31682803
62669,46970693.22749126
62670,46970873.372464344
62671,46971053.747494735
62672,46971234.35909012
62673,46971415.200616255
62674,46971596.27579601
62675,46971777.5832611
62676,46971959.12548794
62677,46972140.89828888
62678,46972322.90506357
62679,46972505.14480856
62680,46972687.615512654
62681,46972870.31990474
62682,46973053.25763641
62683,46973236.42567129
62684,46973419.82582471
62685,46973603.459862694
62686,46973787.326501355
62687,46973971.426862024
62688,46974155.75403212
62689,46974340.31838903
62690,46974525.11456023
62691,46974710.14093129
62692,46974895.3993885
62693,46975080.889047176
62694,46975266.61552566
62695,46975452.56874873
62696,46975638.75539601
62697,46975825.17560534
62698,46976011.827624366
62699,46976198.70924124
62700,46976385.82286619
62701,46976573.16958749
62702,46976760.74723984
62703,46976948.55606721
62704,46977136.59760754
62705,46977324.86927077
62706,46977513.37316956
62707,46977702.11024212
62708,46977891.07625249
62709,46978080.27496377
62710,46978269.70390402
62711,46978459.365098074
62712,46978649.25743216
62713,46978839.38079904
62714,46979029.73562604
62715,46979220.32202046
62716,46979411.14009631
62717,46979602.1874055
62718,46979793.46526171
62719,46979984.97488752
62720,46980176.714595616
62721,46980368.687445305
62722,46980560.889611706
62723,46980753.32416265
62724,46980945.98993965
62725,46981138.88276224
62726,46981332.00727296
62727,46981525.364738286
62728,46981718.951300874
62729,46981912.770367466
62730,46982106.81510188
62731,46982301.09434939
62732,46982495.6048888
62733,46982690.3417358
62734,46982885.31340583
62735,46983080.51200079
62736,46983275.94379225
62737,46983471.60304089
62738,46983667.49343635
62739,46983863.6148415
62740,46984059.96500721
62741,46984256.54455444
62742,46984453.3560873
62743,46984650.39577191
62744,46984847.667257145
62745,46985045.166594714
62746,46985242.901531525
62747,46985440.85943264
62748,46985639.05002159
62749,46985837.468404844
62750,46986036.119197324
62751,46986234.998515144
62752,46986434.10734333
62753,46986633.444544286
62754,46986833.01337418
62755,46987032.80895293
62756,46987232.836564496
62757,46987433.09225422
62758,46987633.57639013
62759,46987834.290396444
62760,46988035.23584773
62761,46988236.408989176
62762,46988437.811327815
62763,46988639.44409332
62764,46988841.30495617
62765,46989043.393822365
62766,46989245.71234384
62767,46989448.25923213
62768,46989651.03596581
62769,46989854.0415754
62770,46990057.2754796
62771,46990260.738920555
62772,46990464.430114664
62773,46990668.35002454
62774,46990872.49989979
62775,46991076.87714607
62776,46991281.485160954
62777,46991486.31814814
62778,46991691.38480003
62779,46991896.67540017
62780,46992102.192860976
62781,46992307.943848655
62782,46992513.919402786
62783,46992720.12531036
62784,46992926.55978075
62785,46993133.219088376
62786,46993340.109216824
62787,46993547.22836531
62788,46993754.57324901
62789,46993962.14542437
62790,46994169.9506332
62791,46994377.98000336
62792,46994586.23747648
62793,46994794.72334953
62794,46995003.439003184
62795,46995212.379091166
62796,46995421.546261534
62797,46995630.94397712
62798,46995840.56941627
62799,46996050.42137331
62800,46996260.498243086
62801,46996470.80629749
62802,46996681.34019126
62803,46996892.10392158
62804,46997103.091718845
62805,46997314.31086907
62806,46997525.75459954
62807,46997737.42430567
62808,46997949.32175131
62809,46998161.447863154
62810,46998373.80186854
62811,46998586.38212121
62812,46998799.18812532
62813,46999012.21949051
62814,46999225.4835903
62815,46999438.96865535
62816,46999652.68319279
62817,46999866.62777376
62818,47000080.79383737
62819,47000295.19026284
62820,47000509.81179088
62821,47000724.65923488
62822,47000939.735198885
62823,47001155.035962984
62824,47001370.56460616
62825,47001586.31869905
62826,47001802.29954848
62827,47002018.506749645
62828,47002234.94022152
62829,47002451.60199105
62830,47002668.48696868
62831,47002885.598794155
62832,47003102.93819849
62833,47003320.502895534
62834,47003538.29393582
62835,47003756.31199701
62836,47003974.55361311
62837,47004193.02277875
62838,47004411.71863538
62839,47004630.639143065
62840,47004849.78454827
62841,47005069.15852338
62842,47005288.756530866
62843,47005508.58022318
62844,47005728.629103914
62845,47005948.90365616
62846,47006169.4033515
62847,47006390.12916164
62848,47006611.08205993
62849,47006832.25919458
62850,47007053.66134728
62851,47007275.289274156
62852,47007497.143830255
62853,47007719.22243644
62854,47007941.52326272
62855,47008164.05339
62856,47008386.80701564
62857,47008609.78658628
62858,47008832.991634056
62859,47009056.42107529
62860,47009280.07354738
62861,47009503.951717906
62862,47009728.055031046
62863,47009952.386417836
62864,47010176.93647872
62865,47010401.71611749
62866,47010626.71776874
62867,47010851.9440779
62868,47011077.39911697
62869,47011303.07220134
62870,47011528.97285004
62871,47011755.10122304
62872,47011981.45016745
62873,47012208.02523278
62874,47012434.82345976
62875,47012661.84702535
62876,47012889.09333475
62877,47013116.56594196
62878,47013344.26153937
62879,47013572.18184084
62880,47013800.32531023
62881,47014028.6917204
62882,47014257.284285635
62883,47014486.09970711
62884,47014715.13930431
62885,47014944.40100174
62886,47015173.89032543
62887,47015403.60118757
62888,47015633.53712125
62889,47015863.69485963
62890,47016094.07586324
62891,47016324.6812135
62892,47016555.50945023
62893,47016786.564903915
62894,47017017.83810104
62895,47017249.33678141
62896,47017481.06239338
62897,47017713.007738024
62898,47017945.17734291
62899,47018177.569917664
62900,47018410.18450616
62901,47018643.02490197
62902,47018876.08627034
62903,47019109.37123671
62904,47019342.88123048
62905,47019576.61166334
62906,47019810.56254816
62907,47020044.741909444
62908,47020279.14242567
62909,47020513.762557715
62910,47020748.60811676
62911,47020983.67784527
62912,47021218.96689853
62913,47021454.47847982
62914,47021690.21731639
62915,47021926.1741091
62916,47022162.355287
62917,47022398.75791211
62918,47022635.38450362
62919,47022872.230033085
62920,47023109.30182868
62921,47023346.59475385
62922,47023584.10654932
62923,47023821.84377056
62924,47024059.80486892
62925,47024297.98507726
62926,47024536.3859611
62927,47024775.01031754
62928,47025013.858488485
62929,47025252.92708609
62930,47025492.217079744
62931,47025731.73164111
62932,47025971.46386461
62933,47026211.41798346
62934,47026451.597138226
62935,47026691.995000765
62936,47026932.61468792
62937,47027173.45820236
62938,47027414.522182904
62939,47027655.80575308
62940,47027897.310768396
62941,47028139.03940031
62942,47028380.98716022
62943,47028623.1584143
62944,47028865.5502104
62945,47029108.15989869
62946,47029350.996115945
62947,47029594.049612
62948,47029837.32502349
62949,47030080.82082755
62950,47030324.538574025
62951,47030568.479782745
62952,47030812.638070315
62953,47031057.01850523
62954,47031301.61708379
62955,47031546.44116573
62956,47031791.4813761
62957,47032036.74333346
62958,47032282.226282075
62959,47032527.93006213
62960,47032773.854580924
62961,47033019.999071725
62962,47033266.36588312
62963,47033512.95292258
62964,47033759.755700536
62965,47034006.78158364
62966,47034254.0260091
62967,47034501.49314323
62968,47034749.1787492
62969,47034997.08753919
62970,47035245.21502301
62971,47035493.55833462
62972,47035742.12545492
62973,47035990.911522046
62974,47036239.9183907
62975,47036489.14352762
62976,47036738.59098394
62977,47036988.2532536
62978,47037238.13967561
62979,47037488.24254806
62980,47037738.56545645
62981,47037989.11190165
62982,47038239.875220686
62983,47038490.856038794
62984,47038742.05664343
62985,47038993.47709672
62986,47039245.119028255
62987,47039496.97579776
62988,47039749.05743142
62989,47040001.35390888
62990,47040253.87074013
62991,47040506.60599852
62992,47040759.56051948
62993,47041012.73573032
62994,47041266.12871603
62995,47041519.74001477
62996,47041773.57159471
62997,47042027.619714424
62998,47042281.88823934
62999,47042536.372592464
63000,47042791.078778386
63001,47043046.00443814
63002,47043301.146189414
63003,47043556.50629663
63004,47043812.084765315
63005,47044067.88177766
63006,47044323.89809677
63007,47044580.133472286
63008,47044836.58330968
63009,47045093.25774786
63010,47045350.146008
63011,47045607.25291075
63012,47045864.577297755
63013,47046122.119795375
63014,47046379.88103867
63015,47046637.85919076
63016,47046896.05844626
63017,47047154.470790595
63018,47047413.102836154
63019,47047671.95316439
63020,47047931.020513214
63021,47048190.3074937
63022,47048449.8092086
63023,47048709.53019272
63024,47048969.4697468
63025,47049229.625027284
63026,47049489.995885774
63027,47049750.58840369
63028,47050011.39343303
63029,47050272.41824108
63030,47050533.66152763
63031,47050795.12143135
63032,47051056.79732312
63033,47051318.691474095
63034,47051580.801176965
63035,47051843.12699665
63036,47052105.6733045
63037,47052368.43330333
63038,47052631.412998416
63039,47052894.60670907
63040,47053158.02019413
63041,47053421.64944728
63042,47053685.491433114
63043,47053949.552796304
63044,47054213.83277309
63045,47054478.32895009
63046,47054743.03918863
63047,47055007.966235265
63048,47055273.10958551
63049,47055538.4717068
63050,47055804.04911804
63051,47056069.838536605
63052,47056335.84970564
63053,47056602.07709573
63054,47056868.51516992
63055,47057135.17284773
63056,47057402.0462576
63057,47057669.13508073
63058,47057936.441679105
63059,47058203.96332465
63060,47058471.69656032
63061,47058739.649825476
63062,47059007.82020661
63063,47059276.2034193
63064,47059544.80272463
63065,47059813.618016146
63066,47060082.64796254
63067,47060351.89436186
63068,47060621.354989246
63069,47060891.03189276
63070,47061160.92415598
63071,47061431.03125094
63072,47061701.35476301
63073,47061971.8924088
63074,47062242.64319533
63075,47062513.612894
63076,47062784.796191484
63077,47063056.1957642
63078,47063327.80695263
63079,47063599.635235175
63080,47063871.67780754
63081,47064143.93675035
63082,47064416.40652756
63083,47064689.09393412
63084,47064961.995518245
63085,47065235.11264172
63086,47065508.44194992
63087,47065781.990235366
63088,47066055.748974636
63089,47066329.72334775
63090,47066603.91343424
63091,47066878.31387566
63092,47067152.93223348
63093,47067427.763339624
63094,47067702.80985039
63095,47067978.06868152
63096,47068253.54123792
63097,47068529.22995722
63098,47068805.13065363
63099,47069081.24653339
63100,47069357.57657155
63101,47069634.11982042
63102,47069910.876321405
63103,47070187.8458947
63104,47070465.03310089
63105,47070742.43145549
63106,47071020.04332976
63107,47071297.87029658
63108,47071575.90577702
63109,47071854.16123852
63110,47072132.62795071
63111,47072411.30634854
63112,47072690.19666577
63113,47072969.30315427
63114,47073248.62082347
63115,47073528.15297092
63116,47073807.90053276
63117,47074087.85773273
63118,47074368.02903098
63119,47074648.41134996
63120,47074929.00811757
63121,47075209.820630886
63122,47075490.842801794
63123,47075772.07765579
63124,47076053.527986035
63125,47076335.18781111
63126,47076617.05995989
63127,47076899.145039365
63128,47077181.446269706
63129,47077463.956373855
63130,47077746.680305235
63131,47078029.61620336
63132,47078312.76616837
63133,47078596.12617532
63134,47078879.69806503
63135,47079163.48305172
63136,47079447.48061259
63137,47079731.69087929
63138,47080016.11091909
63139,47080300.74352568
63140,47080585.58809984
63141,47080870.646314844
63142,47081155.9141403
63143,47081441.39641148
63144,47081727.088998824
63145,47082012.993907616
63146,47082299.10832468
63147,47082585.436980896
63148,47082871.97652262
63149,47083158.7254462
63150,47083445.68951894
63151,47083732.862032615
63152,47084020.244779766
63153,47084307.844169386
63154,47084595.64837623
63155,47084883.66826639
63156,47085171.89707294
63157,47085460.33743089
63158,47085748.990175545
63159,47086037.8517637
63160,47086326.92524019
63161,47086616.20988244
63162,47086905.704255775
63163,47087195.41274683
63164,47087485.32806126
63165,47087775.45668277
63166,47088065.79490586
63167,47088356.34451819
63168,47088647.10348533
63169,47088938.07333081
63170,47089229.254578225
63171,47089520.64547102
63172,47089812.24542346
63173,47090104.05803351
63174,47090396.08133723
63175,47090688.31466433
63176,47090980.752805695
63177,47091273.40776397
63178,47091566.26953222
63179,47091859.34134224
63180,47092152.62398188
63181,47092446.11586405
63182,47092739.81770401
63183,47093033.73153289
63184,47093327.854781315
63185,47093622.184920564
63186,47093916.72597899
63187,47094211.47604321
63188,47094506.4361659
63189,47094801.607067734
63190,47095096.9854368
63191,47095392.57642994
63192,47095688.37294081
63193,47095984.38020728
63194,47096280.600104734
63195,47096577.025177315
63196,47096873.65787892
63197,47097170.50250844
63198,47097467.5565837
63199,47097764.81902686
63200,47098062.29010936
63201,47098359.97220649
63202,47098657.860253066
63203,47098955.957999535
63204,47099254.26419339
63205,47099552.77923581
63206,47099851.503819734
63207,47100150.43634605
63208,47100449.577310726
63209,47100748.92951677
63210,47101048.48770781
63211,47101348.25316209
63212,47101648.22998333
63213,47101948.41270448
63214,47102248.80275175
63215,47102549.402311474
63216,47102850.212181404
63217,47103151.22857604
63218,47103452.45110017
63219,47103753.8841781
63220,47104055.525835305
63221,47104357.3747487
63222,47104659.429324724
63223,47104961.693175524
63224,47105264.16431317
63225,47105566.84561205
63226,47105869.73170642
63227,47106172.824949846
63228,47106476.128777646
63229,47106779.637012884
63230,47107083.35394345
63231,47107387.279042095
63232,47107691.41058494
63233,47107995.74980837
63234,47108300.29584251
63235,47108605.050281815
63236,47108910.01134601
63237,47109215.17853525
63238,47109520.555492684
63239,47109826.13525978
63240,47110131.92567567
63241,47110437.922654964
63242,47110744.1259184
63243,47111050.53380881
63244,47111357.151748285
63245,47111663.97342211
63246,47111971.00575179
63247,47112278.23834567
63248,47112585.681658104
63249,47112893.3321857
63250,47113201.186572
63251,47113509.249332234
63252,47113817.5190474
63253,47114125.993636295
63254,47114434.67450619
63255,47114743.561807215
63256,47115052.652804784
63257,47115361.95494135
63258,47115671.459725015
63259,47115981.1715501
63260,47116291.08782791
63261,47116601.213477954
63262,47116911.54258065
63263,47117222.0758743
63264,47117532.817964
63265,47117843.76586051
63266,47118154.91641654
63267,47118466.27190627
63268,47118777.836524665
63269,47119089.60587609
63270,47119401.581947304
63271,47119713.758081034
63272,47120026.143927455
63273,47120338.73306648
63274,47120651.53029524
63275,47120964.52950364
63276,47121277.73271285
63277,47121591.14569474
63278,47121904.7616373
63279,47122218.5827652
63280,47122532.6081018
63281,47122846.83898388
63282,47123161.27342191
63283,47123475.9136096
63284,47123790.75822608
63285,47124105.80714549
63286,47124421.06208192
63287,47124736.52086849
63288,47125052.18298939
63289,47125368.050004594
63290,47125684.12127716
63291,47126000.398926705
63292,47126316.87807739
63293,47126633.563994996
63294,47126950.45291516
63295,47127267.54694177
63296,47127584.844443135
63297,47127902.34123789
63298,47128220.04928176
63299,47128537.956525035
63300,47128856.07281396
63301,47129174.38848761
63302,47129492.91030107
63303,47129811.63377461
63304,47130130.560209826
63305,47130449.692260966
63306,47130769.028335825
63307,47131088.56780224
63308,47131408.30952138
63309,47131728.25529136
63310,47132048.40377115
63311,47132368.75758687
63312,47132689.3121929
63313,47133010.07089485
63314,47133331.033099174
63315,47133652.19745174
63316,47133973.565633275
63317,47134295.13758321
63318,47134616.91194627
63319,47134938.88901641
63320,47135261.06775156
63321,47135583.450674675
63322,47135906.03529084
63323,47136228.82471907
63324,47136551.8136598
63325,47136875.00808385
63326,47137198.40453049
63327,47137522.00204755
63328,47137845.80292046
63329,47138169.805422425
63330,47138494.009239875
63331,47138818.41809033
63332,47139143.02869776
63333,47139467.840020806
63334,47139792.855366245
63335,47140118.06965053
63336,47140443.48742063
63337,47140769.11025435
63338,47141094.93135415
63339,47141420.9559715
63340,47141747.1808639
63341,47142073.60945751
63342,47142400.23945357
63343,47142727.070371024
63344,47143054.10073185
63345,47143381.33493313
63346,47143708.770986035
63347,47144036.40958073
63348,47144364.24483144
63349,47144692.28444088
63350,47145020.52733334
63351,47145348.96789913
63352,47145677.6124947
63353,47146006.45563866
63354,47146335.50202894
63355,47146664.74763182
63356,47146994.194561735
63357,47147323.844044134
63358,47147653.69187075
63359,47147983.743526354
63360,47148313.99357109
63361,47148644.44387544
63362,47148975.09761048
63363,47149305.9502537
63364,47149637.00082424
63365,47149968.25681166
63366,47150299.71099025
63367,47150631.36556961
63368,47150963.21848061
63369,47151295.27574849
63370,47151627.531223275
63371,47151959.98525481
63372,47152292.64039035
63373,47152625.49646796
63374,47152958.55324215
63375,47153291.80749673
63376,47153625.26290421
63377,47153958.92172964
63378,47154292.77479322
63379,47154626.82939863
63380,47154961.083640486
63381,47155295.53812568
63382,47155630.194172055
63383,47155965.046538316
63384,47156300.100937925
63385,47156635.351196334
63386,47156970.801472224
63387,47157306.4536414
63388,47157642.30412504
63389,47157978.35360773
63390,47158314.60112695
63391,47158651.05105288
63392,47158987.69471069
63393,47159324.54204898
63394,47159661.58609107
63395,47159998.829171754
63396,47160336.272599004
63397,47160673.91479626
63398,47161011.75386258
63399,47161349.79232837
63400,47161688.02725662
63401,47162026.465989254
63402,47162365.09897119
63403,47162703.93268451
63404,47163042.96425398
63405,47163382.193067
63406,47163721.61871658
63407,47164061.248227686
63408,47164401.07290597
63409,47164741.09434605
63410,47165081.313327655
63411,47165421.73384052
63412,47165762.348866925
63413,47166103.163548335
63414,47166444.17715359
63415,47166785.38676502
63416,47167126.79169303
63417,47167468.399895534
63418,47167810.20417425
63419,47168152.202532336
63420,47168494.403332405
63421,47168836.79664235
63422,47169179.39149889
63423,47169522.18304725
63424,47169865.170381576
63425,47170208.357224025
63426,47170551.7372724
63427,47170895.319318056
63428,47171239.095492676
63429,47171583.06859139
63430,47171927.240900174
63431,47172271.60836789
63432,47172616.17479994
63433,47172960.9356373
63434,47173305.8939974
63435,47173651.04818599
63436,47173996.40096894
63437,47174341.94884587
63438,47174687.694538504
63439,47175033.63755296
63440,47175379.77420156
63441,47175726.10763964
63442,47176072.64054346
63443,47176419.36810938
63444,47176766.29244138
63445,47177113.411448754
63446,47177460.72619255
63447,47177808.23869851
63448,47178155.94683991
63449,47178503.85088277
63450,47178851.94790334
63451,47179200.24560934
63452,47179548.73828748
63453,47179897.42630531
63454,47180246.30768071
63455,47180595.386668265
63456,47180944.661217734
63457,47181294.131244734
63458,47181643.79765345
63459,47181993.65692146
63460,47182343.714772746
63461,47182693.96690736
63462,47183044.41195367
63463,47183395.05399984
63464,47183745.891838804
63465,47184096.923460856
63466,47184448.15138559
63467,47184799.57243541
63468,47185151.19214323
63469,47185503.00522929
63470,47185855.01001343
63471,47186207.21094783
63472,47186559.61015469
63473,47186912.200132765
63474,47187264.9858239
63475,47187617.96687852
63476,47187971.140801996
63477,47188324.51198606
63478,47188678.07412474
63479,47189031.83243962
63480,47189385.784955345
63481,47189739.93308602
63482,47190094.27206215
63483,47190448.811048
63484,47190803.53774329
63485,47191158.45918207
63486,47191513.57738246
63487,47191868.89009744
63488,47192224.39575814
63489,47192580.093284786
63490,47192935.9856648
63491,47193292.0701973
63492,47193648.353000455
63493,47194004.82543243
63494,47194361.49208823
63495,47194718.35214545
63496,47195075.4064366
63497,47195432.65224315
63498,47195790.09442569
63499,47196147.727983266
63500,47196505.55397057
63501,47196863.57382557
63502,47197221.78505318
63503,47197580.19162314
63504,47197938.79301949
63505,47198297.58541627
63506,47198656.57048358
63507,47199015.74577732
63508,47199375.11988257
63509,47199734.68175249
63510,47200094.435984954
63511,47200454.38511579
63512,47200814.524181634
63513,47201174.85866584
63514,47201535.38564654
63515,47201896.10336298
63516,47202257.01554647
63517,47202618.11508256
63518,47202979.41140379
63519,47203340.897488005
63520,47203702.579352714
63521,47204064.4493099
63522,47204426.51225824
63523,47204788.767244786
63524,47205151.21349633
63525,47205513.854379095
63526,47205876.68391475
63527,47206239.70625308
63528,47206602.920499936
63529,47206966.32455456
63530,47207329.92444421
63531,47207693.71252924
63532,47208057.69085716
63533,47208421.86189227
63534,47208786.22544445
63535,47209150.77979192
63536,47209515.52548875
63537,47209880.46059403
63538,47210245.587384805
63539,47210610.90571688
63540,47210976.4130073
63541,47211342.11468683
63542,47211708.00657259
63543,47212074.08585709
63544,47212440.36095163
63545,47212806.823314056
63546,47213173.479699135
63547,47213540.322419174
63548,47213907.35755177
63549,47214274.5832634
63550,47214641.9993995
63551,47215009.60656224
63552,47215377.4020963
63553,47215745.38938521
63554,47216113.56727565
63555,47216481.933738366
63556,47216850.491720065
63557,47217219.237979636
63558,47217588.176106445
63559,47217957.30430824
63560,47218326.62070297
63561,47218696.12513204
63562,47219065.82420616
63563,47219435.7088335
63564,47219805.78503202
63565,47220176.05199499
63566,47220546.505600005
63567,47220917.14999038
63568,47221287.98503519
63569,47221659.007715374
63570,47222030.21928447
63571,47222401.62329407
63572,47222773.214731276
63573,47223144.9947841
63574,47223516.96218464
63575,47223889.121711016
63576,47224261.46798052
63577,47224634.00328241
63578,47225006.72872234
63579,47225379.640358075
63580,47225752.74455944
63581,47226126.03526444
63582,47226499.51666704
63583,47226873.18505074
63584,47227247.03987018
63585,47227621.0876376
63586,47227995.31984407
63587,47228369.74136058
63588,47228744.35089713
63589,47229119.15036682
63590,47229494.13767482
63591,47229869.31356569
63592,47230244.67527328
63593,47230620.22586855
63594,47230995.96550827
63595,47231371.891695015
63596,47231748.00450307
63597,47232124.30779398
63598,47232500.79759085
63599,47232877.47560691
63600,47233254.340471596
63601,47233631.392872706
63602,47234008.635361776
63603,47234386.06149801
63604,47234763.67703818
63605,47235141.47877693
63606,47235519.469300464
63607,47235897.6451865
63608,47236276.01018602
63609,47236654.55736695
63610,47237033.298390806
63611,47237412.223579444
63612,47237791.335566625
63613,47238170.632981196
63614,47238550.118947715
63615,47238929.790977806
63616,47239309.65154724
63617,47239689.69763468
63618,47240069.927330986
63619,47240450.34794154
63620,47240830.952093184
63621,47241211.74632965
63622,47241592.723114654
63623,47241973.886458576
63624,47242355.237165436
63625,47242736.77526139
63626,47243118.49680245
63627,47243500.403797284
63628,47243882.501946345
63629,47244264.782030195
63630,47244647.24735627
63631,47245029.90100129
63632,47245412.73806736
63633,47245795.76203713
63634,47246178.97221094
63635,47246562.368188396
63636,47246945.94885911
63637,47247329.71561379
63638,47247713.66686622
63639,47248097.80493243
63640,47248482.12760547
63641,47248866.633842036
63642,47249251.32606166
63643,47249636.20421864
63644,47250021.26555708
63645,47250406.51561446
63646,47250791.948057495
63647,47251177.56596183
63648,47251563.36947544
63649,47251949.355057515
63650,47252335.52935975
63651,47252721.88680618
63652,47253108.42675391
63653,47253495.1558972
63654,47253882.06574753
63655,47254269.16180793
63656,47254656.44055702
63657,47255043.9044246
63658,47255431.55380439
63659,47255819.38603613
63660,47256207.403262734
63661,47256595.60190184
63662,47256983.98598248
63663,47257372.55435938
63664,47257761.307210475
63665,47258150.24541004
63666,47258539.36781697
63667,47258928.67071543
63668,47259318.156842776
63669,47259707.82924579
63670,47260097.68296657
63671,47260487.721594915
63672,47260877.94308543
63673,47261268.348595425
63674,47261658.9389137
63675,47262049.711929664
63676,47262440.66681237
63677,47262831.805730775
63678,47263223.126678295
63679,47263614.63054295
63680,47264006.31773789
63681,47264398.18947165
63682,47264790.24073363
63683,47265182.478156194
63684,47265574.89709136
63685,47265967.50095397
63686,47266360.28281765
63687,47266753.25220641
63688,47267146.401283845
63689,47267539.73339547
63690,47267933.24704924
63691,47268326.9429377
63692,47268720.82409039
63693,47269114.88591183
63694,47269509.12914729
63695,47269903.5542603
63696,47270298.16109227
63697,47270692.95144628
63698,47271087.92431365
63699,47271483.076763906
63700,47271878.41212067
63701,47272273.9289444
63702,47272669.6299558
63703,47273065.51062706
63704,47273461.573563576
63705,47273857.81410767
63706,47274254.24275321
63707,47274650.84945315
63708,47275047.637676805
63709,47275444.60602787
63710,47275841.7568232
63711,47276239.088706106
63712,47276636.60059942
63713,47277034.294742554
63714,47277432.170958
63715,47277830.22656222
63716,47278228.46450778
63717,47278626.88125798
63718,47279025.478752494
63719,47279424.258130975
63720,47279823.21878986
63721,47280222.360883
63722,47280621.680792205
63723,47281021.18325455
63724,47281420.863359675
63725,47281820.72764227
63726,47282220.7702799
63727,47282620.9944489
63728,47283021.396625385
63729,47283421.980583444
63730,47283822.74519381
63731,47284223.68673463
63732,47284624.81163537
63733,47285026.113533676
63734,47285427.59602587
63735,47285829.25938526
63736,47286231.101645276
63737,47286633.12400476
63738,47287035.3258315
63739,47287437.707578525
63740,47287840.269557655
63741,47288243.007539764
63742,47288645.929292284
63743,47289049.02820037
63744,47289452.30779131
63745,47289855.763560556
63746,47290259.40171074
63747,47290663.21544622
63748,47291067.21059327
63749,47291471.385162935
63750,47291875.73794872
63751,47292280.26850785
63752,47292684.97920611
63753,47293089.86774802
63754,47293494.93629244
63755,47293900.18154344
63756,47294305.606197044
63757,47294711.21062284
63758,47295116.99147567
63759,47295522.95193048
63760,47295929.09206101
63761,47296335.40412164
63762,47296741.89980849
63763,47297148.572762534
63764,47297555.42375696
63765,47297962.4549602
63766,47298369.657743365
63767,47298777.045652986
63768,47299184.606227264
63769,47299592.34814258
63770,47300000.2664422
63771,47300408.36280413
63772,47300816.63493698
63773,47301225.08586415
63774,47301633.71229294
63775,47302042.522338614
63776,47302451.503432095
63777,47302860.66392316
63778,47303270.00214799
63779,47303679.51577024
63780,47304089.208136745
63781,47304499.07735616
63782,47304909.121086985
63783,47305319.34594655
63784,47305729.74721873
63785,47306140.323431745
63786,47306551.07651217
63787,47306962.00687995
63788,47307373.110333376
63789,47307784.394266
63790,47308195.8535919
63791,47308607.49416551
63792,47309019.30347617
63793,47309431.29071462
63794,47309843.45619878
63795,47310255.79879406
63796,47310668.314865515
63797,47311081.01173368
63798,47311493.88032707
63799,47311906.925496176
63800,47312320.14569105
63801,47312733.542840116
63802,47313147.11772174
63803,47313560.86645621
63804,47313974.789656356
63805,47314388.89112144
63806,47314803.1669141
63807,47315217.618987896
63808,47315632.24707487
63809,47316047.044981666
63810,47316462.02526894
63811,47316877.17643151
63812,47317292.50540321
63813,47317708.00809927
63814,47318123.68652857
63815,47318539.53785792
63816,47318955.56809562
63817,47319371.77008394
63818,47319788.14918375
63819,47320204.7019049
63820,47320621.42778082
63821,47321038.330416225
63822,47321455.40680246
63823,47321872.65824057
63824,47322290.08364055
63825,47322707.68109183
63826,47323125.45676434
63827,47323543.4036164
63828,47323961.52722925
63829,47324379.82418358
63830,47324798.29627063
63831,47325216.940522276
63832,47325635.759645514
63833,47326054.753782235
63834,47326473.92050512
63835,47326893.26054832
63836,47327312.77541171
63837,47327732.46338153
63838,47328152.326395735
63839,47328572.35947898
63840,47328992.567693636
63841,47329412.95084758
63842,47329833.50527098
63843,47330254.23474991
63844,47330675.13772264
63845,47331096.21211722
63846,47331517.460885175
63847,47331938.88240488
63848,47332360.47682418
63849,47332782.24369493
63850,47333204.18623102
63851,47333626.29984887
63852,47334048.585462175
63853,47334471.044195965
63854,47334893.67423023
63855,47335316.47880301
63856,47335739.45435846
63857,47336162.60398035
63858,47336585.92545289
63859,47337009.41784272
63860,47337433.08537344
63861,47337856.92294728
63862,47338280.93414259
63863,47338705.11614287
63864,47339129.471265316
63865,47339553.99813689
63866,47339978.69462413
63867,47340403.56585342
63868,47340828.60761659
63869,47341253.82326934
63870,47341679.209289
63871,47342104.7647464
63872,47342530.493772715
63873,47342956.39204874
63874,47343382.46540937
63875,47343808.70779888
63876,47344235.12367423
63877,47344661.707591586
63878,47345088.463685974
63879,47345515.390974104
63880,47345942.49136983
63881,47346369.76051745
63882,47346797.20308919
63883,47347224.81419374
63884,47347652.595964305
63885,47348080.54995222
63886,47348508.67502123
63887,47348936.96670328
63888,47349365.432383895
63889,47349794.07062563
63890,47350222.87404228
63891,47350651.851958096
63892,47351080.99930665
63893,47351510.31519097
63894,47351939.80318515
63895,47352369.45963098
63896,47352799.28924951
63897,47353229.284516096
63898,47353659.45148407
63899,47354089.790702075
63900,47354520.297730416
63901,47354950.974147394
63902,47355381.82071836
63903,47355812.8365238
63904,47356244.02220541
63905,47356675.377778776
63906,47357106.90360407
63907,47357538.59739216
63908,47357970.4597544
63909,47358402.49374867
63910,47358834.69609573
63911,47359267.06811111
63912,47359699.60827812
63913,47360132.31915644
63914,47360565.19480465
63915,47360998.24362678
63916,47361431.459842645
63917,47361864.84440391
63918,47362298.397465155
63919,47362732.11937523
63920,47363166.01091146
63921,47363600.06859286
63922,47364034.29735847
63923,47364468.693620294
63924,47364903.25976071
63925,47365337.992831394
63926,47365772.892307885
63927,47366207.96140982
63928,47366643.198692575
63929,47367078.60661079
63930,47367514.18000232
63931,47367949.92110583
63932,47368385.83118139
63933,47368821.90846838
63934,47369258.15043795
63935,47369694.5634441
63936,47370131.14463009
63937,47370567.88864237
63938,47371004.80618535
63939,47371441.88984932
63940,47371879.1383439
63941,47372316.55652319
63942,47372754.13812079
63943,47373191.89190347
63944,47373629.80976304
63945,47374067.89564705
63946,47374506.14755446
63947,47374944.569650784
63948,47375383.154526666
63949,47375821.90780413
63950,47376260.82965284
63951,47376699.913268894
63952,47377139.16754358
63953,47377578.58647722
63954,47378018.17266603
63955,47378457.92636065
63956,47378897.84478566
63957,47379337.93235541
63958,47379778.18370162
63959,47380218.59946902
63960,47380659.18190999
63961,47381099.93302427
63962,47381540.85020964
63963,47381981.93004201
63964,47382423.18015665
63965,47382864.59255113
63966,47383306.16994892
63967,47383747.91527867
63968,47384189.825845495
63969,47384631.90152764
63970,47385074.14263872
63971,47385516.55007806
63972,47385959.12249709
63973,47386401.86169451
63974,47386844.76358189
63975,47387287.83155666
63976,47387731.06442796
63977,47388174.461343974
63978,47388618.02632794
63979,47389061.75270337
63980,47389505.64561214
63981,47389949.7039278
63982,47390393.92837671
63983,47390838.31230454
63984,47391282.862835154
63985,47391727.58088753
63986,47392172.4618915
63987,47392617.50579566
63988,47393062.715008624
63989,47393508.087990336
63990,47393953.62748198
63991,47394399.331133485
63992,47394845.19704371
63993,47395291.22580902
63994,47395737.41924077
63995,47396183.778096385
63996,47396630.29929255
63997,47397076.984662354
63998,47397523.83487071
63999,47397970.84904689
64000,47398418.02423382
64001,47398865.36440606
64002,47399312.86799312
64003,47399760.536104724
64004,47400208.3665587
64005,47400656.358301625
64006,47401104.51608668
64007,47401552.8374053
64008,47402001.31908738
64009,47402449.96696141
64010,47402898.77536288
64011,47403347.74843757
64012,47403796.88120866
64013,47404246.17983095
64014,47404695.640178554
64015,47405145.263483435
64016,47405595.048300065
64017,47406044.99711775
64018,47406495.1058848
64019,47406945.37936106
64020,47407395.81315677
64021,47407846.41186616
64022,47408297.17097558
64023,47408748.093984514
64024,47409199.178538986
64025,47409650.42402604
64026,47410101.83209568
64027,47410553.401146926
64028,47411005.13246489
64029,47411457.02474166
64030,47411909.07899019
64031,47412361.296034396
64032,47412813.67507061
64033,47413266.21633766
64034,47413718.91532454
64035,47414171.77823243
64036,47414624.802393556
64037,47415077.989207394
64038,47415531.33411772
64039,47415984.841645606
64040,47416438.51033001
64041,47416892.34071319
64042,47417346.329727426
64043,47417800.47906652
64044,47418254.79294564
64045,47418709.266981065
64046,47419163.89957456
64047,47419618.69314876
64048,47420073.64783098
64049,47420528.76066301
64050,47420984.035962
64051,47421439.47462265
64052,47421895.071091786
64053,47422350.82547778
64054,47422806.74276137
64055,47423262.81974529
64056,47423719.057372615
64057,47424175.45218822
64058,47424632.00946511
64059,47425088.72701911
64060,47425545.6008195
64061,47426002.63695004
64062,47426459.83121216
64063,47426917.186278
64064,47427374.70274321
64065,47427832.37705088
64066,47428290.21040049
64067,47428748.20090999
64068,47429206.35370589
64069,47429664.66555655
64070,47430123.13310201
64071,47430581.76520507
64072,47431040.55500357
64073,47431499.5015758
64074,47431958.60422152
64075,47432417.87203427
64076,47432877.29560606
64077,47433336.87809864
64078,47433796.61899039
64079,47434256.51816809
64080,47434716.57427111
64081,47435176.79343553
64082,47435637.168641955
64083,47436097.700646594
64084,47436558.39388083
64085,47437019.2405709
64086,47437480.24817856
64087,47437941.41572122
64088,47438402.73866193
64089,47438864.22193356
64090,47439325.85999781
64091,47439787.659028694
64092,47440249.61191079
64093,47440711.72539096
64094,47441173.99346489
64095,47441636.42312133
64096,47442099.008430935
64097,47442561.75214529
64098,47443024.64933129
64099,47443487.7077305
64100,47443950.92383725
64101,47444414.29547587
64102,47444877.821632534
64103,47445341.50736332
64104,47445805.34887235
64105,47446269.34784819
64106,47446733.50579287
64107,47447197.818493634
64108,47447662.290839344
64109,47448126.91538145
64110,47448591.69763312
64111,47449056.637793064
64112,47449521.73388325
64113,47449986.98614371
64114,47450452.393557504
64115,47450917.95786992
64116,47451383.67881015
64117,47451849.555449754
64118,47452315.58786817
64119,47452781.77829771
64120,47453248.121821694
64121,47453714.62159822
64122,47454181.27900405
64123,47454648.091778964
64124,47455115.05732803
64125,47455582.18181456
64126,47456049.46009347
64127,47456516.89733807
64128,47456984.48488946
64129,47457452.23130958
64130,47457920.13021347
64131,47458388.18570185
64132,47458856.39582801
64133,47459324.76124415
64134,47459793.28196262
64135,47460261.95687476
64136,47460730.78787789
64137,47461199.771417916
64138,47461668.91309837
64139,47462138.206268735
64140,47462607.65671672
64141,47463077.26062673
64142,47463547.01987578
64143,47464016.93133253
64144,47464486.99764523
64145,47464957.21845196
64146,47465427.59517442
64147,47465898.123878896
64148,47466368.80682276
64149,47466839.64533752
64150,47467310.63488254
64151,47467781.78225577
64152,47468253.08064708
64153,47468724.53410287
64154,47469196.14310962
64155,47469667.90093534
64156,47470139.81606909
64157,47470611.88367504
64158,47471084.104248464
64159,47471556.47789155
64160,47472029.00382964
64161,47472501.68492921
64162,47472974.518216416
64163,47473447.505927056
64164,47473920.645864226
64165,47474393.93817935
64166,47474867.385426424
64167,47475340.983003244
64168,47475814.734517515
64169,47476288.63739527
64170,47476762.6957518
64171,47477236.90487544
64172,47477711.26616037
64173,47478185.78136836
64174,47478660.447704956
64175,47479135.26707813
64176,47479610.23826747
64177,47480085.3616681
64178,47480560.6380481
64179,47481036.06397659
64180,47481511.642346874
64181,47481987.374218404
64182,47482463.25744509
64183,47482939.291907124
64184,47483415.477004856
64185,47483891.818087414
64186,47484368.30780859
64187,47484844.95112236
64188,47485321.74394111
64189,47485798.68703553
64190,47486275.78250011
64191,47486753.027940184
64192,47487230.426975444
64193,47487707.9758058
64194,47488185.67625606
64195,47488663.526515655
64196,47489141.52979819
64197,47489619.68095832
64198,47490097.98909964
64199,47490576.44196948
64200,47491055.04696349
64201,47491533.80006413
64202,47492012.70594521
64203,47492491.76452403
64204,47492970.971018896
64205,47493450.330569595
64206,47493929.83700638
64207,47494409.49418597
64208,47494889.303681344
64209,47495369.26041713
64210,47495849.36849053
64211,47496329.62725679
64212,47496810.03335057
64213,47497290.592654064
64214,47497771.29953621
64215,47498252.15504538
64216,47498733.16451478
64217,47499214.31821814
64218,47499695.62262185
64219,47500177.07845478
64220,47500658.68250157
64221,47501140.437300354
64222,47501622.34149039
64223,47502104.39200917
64224,47502586.594301745
64225,47503068.943734184
64226,47503551.4388825
64227,47504034.09019303
64228,47504516.8852537
64229,47504999.83161846
64230,47505482.92498224
64231,47505966.17035734
64232,47506449.55906835
64233,47506933.09874056
64234,47507416.787156135
64235,47507900.62083992
64236,47508384.60792688
64237,47508868.7393388
64238,47509353.0197037
64239,47509837.45011903
64240,47510322.024710804
64241,47510806.751967676
64242,47511291.623563595
64243,47511776.64410916
64244,47512261.810182385
64245,47512747.129206516
64246,47513232.5920286
64247,47513718.20231713
64248,47514203.96032186
64249,47514689.86789055
64250,47515175.92064461
64251,47515662.120749936
64252,47516148.467398725
64253,47516634.963458955
64254,47517121.60522857
64255,47517608.39512339
64256,47518095.32835818
64257,47518582.411446914
64258,47519069.6435054
64259,47519557.017877266
64260,47520044.54072021
64261,47520532.21080595
64262,47521020.02754851
64263,47521507.986926995
64264,47521996.09901284
64265,47522484.351851776
64266,47522972.753478855
64267,47523461.30078265
64268,47523949.99584876
64269,47524438.83499138
64270,47524927.81955631
64271,47525416.95016193
64272,47525906.22848542
64273,47526395.65061511
64274,47526885.2217852
64275,47527374.9348074
64276,47527864.795557976
64277,47528354.80252372
64278,47528844.95329595
64279,47529335.24939126
64280,47529825.69004516
64281,47530316.278404854
64282,47530807.00938198
64283,47531297.88804065
64284,47531788.9086522
64285,47532280.0785559
64286,47532771.389846854
64287,47533262.84677475
64288,47533754.44909306
64289,47534246.19520746
64290,47534738.08665116
64291,47535230.12370634
64292,47535722.30380819
64293,47536214.628236674
64294,47536707.096917346
64295,47537199.70979203
64296,47537692.468858376
64297,47538185.36871824
64298,47538678.41735469
64299,47539171.606255285
64300,47539664.940661885
64301,47540158.41777995
64302,47540652.03884996
64303,47541145.805341184
64304,47541639.71209866
64305,47542133.76565553
64306,47542627.96234843
64307,47543122.300943434
64308,47543616.786167935
64309,47544111.41335728
64310,47544606.18022918
64311,47545101.094587505
64312,47545596.15104894
64313,47546091.35083969
64314,47546586.69368477
64315,47547082.17781098
64316,47547577.8071699
64317,47548073.57726778
64318,47548569.49027027
64319,47549065.547472805
64320,47549561.744955525
64321,47550058.08748031
64322,47550554.57154703
64323,47551051.197508946
64324,47551547.96937315
64325,47552044.8791365
64326,47552541.93122874
64327,47553039.12678206
64328,47553536.46426031
64329,47554033.94375233
64330,47554531.56600158
64331,47555029.328537926
64332,47555527.2305869
64333,47556025.28009131
64334,47556523.46676104
64335,47557021.7969703
64336,47557520.26995117
64337,47558018.880002394
64338,47558517.63785607
64339,47559016.53255276
64340,47559515.568906836
64341,47560014.74742223
64342,47560514.06686139
64343,47561013.52610134
64344,47561513.12779078
64345,47562012.86807963
64346,47562512.7527503
64347,47563012.7761928
64348,47563512.941370524
64349,47564013.245082796
64350,47564513.69075519
64351,47565014.27555995
64352,47565515.00294323
64353,47566015.87037326
64354,47566516.87757525
64355,47567018.025910296
64356,47567519.31213893
64357,47568020.73914879
64358,47568522.307377666
64359,47569024.01378984
64360,47569525.86307697
64361,47570027.84827283
64362,47570529.97551693
64363,47571032.24147503
64364,47571534.648866
64365,47572037.195196524
64366,47572539.88143982
64367,47573042.70436272
64368,47573545.66815901
64369,47574048.76893932
64370,47574552.014247954
64371,47575055.39559318
64372,47575558.916177236
64373,47576062.57724954
64374,47576566.37478989
64375,47577070.311176725
64376,47577574.38681637
64377,47578078.60140562
64378,47578582.95560095
64379,47579087.4484781
64380,47579592.076557145
64381,47580096.8475309
64382,47580601.75583444
64383,47581106.799662694
64384,47581611.9844151
64385,47582117.30565797
64386,47582622.764089726
64387,47583128.364169165
64388,47583634.10003191
64389,47584139.97588192
64390,47584645.98741518
64391,47585152.135468155
64392,47585658.42505651
64393,47586164.84935252
64394,47586671.410774946
64395,47587178.11123706
64396,47587684.94723984
64397,47588191.920334965
64398,47588699.03476398
64399,47589206.28238061
64400,47589713.669715814
64401,47590221.193608835
64402,47590728.8514975
64403,47591236.65081014
64404,47591744.58544213
64405,47592252.6533297
64406,47592760.86361864
64407,47593269.2089591
64408,47593777.68752518
64409,47594286.30574483
64410,47594795.05765864
64411,47595303.94960804
64412,47595812.97551873
64413,47596322.137774155
64414,47596831.436422855
64415,47597340.87145051
64416,47597850.4418053
64417,47598360.147659495
64418,47598869.99112818
64419,47599379.96968317
64420,47599890.08275358
64421,47600400.33368606
64422,47600910.719206914
64423,47601421.23975384
64424,47601931.89709677
64425,47602442.68919885
64426,47602953.61513583
64427,47603464.67839474
64428,47603975.87678735
64429,47604487.20761727
64430,47604998.67476136
64431,47605510.278258264
64432,47606022.01740959
64433,47606533.88894809
64434,47607045.89545769
64435,47607558.03995677
64436,47608070.31412831
64437,47608582.72631991
64438,47609095.27289985
64439,47609607.952927485
64440,47610120.7671204
64441,47610633.71476288
64442,47611146.79892883
64443,47611660.01546843
64444,47612173.36701593
64445,47612686.85313896
64446,47613200.46966703
64447,47613714.22420226
64448,47614228.11070945
64449,47614742.13198619
64450,47615256.28694916
64451,47615770.574631706
64452,47616284.994948134
64453,47616799.54818806
64454,47617314.23641326
64455,47617829.058911145
64456,47618344.01149289
64457,47618859.10030126
64458,47619374.320647545
64459,47619889.674085855
64460,47620405.16234314
64461,47620920.78260361
64462,47621436.53494901
64463,47621952.419747606
64464,47622468.437233984
64465,47622984.58762449
64466,47623500.87211953
64467,47624017.28630155
64468,47624533.834233984
64469,47625050.51547222
64470,47625567.32662287
64471,47626084.27241786
64472,47626601.34864797
64473,47627118.55739582
64474,47627635.89868298
64475,47628153.37245841
64476,47628670.976486996
64477,47629188.712974735
64478,47629706.58150686
64479,47630224.58106263
64480,47630742.71150592
64481,47631260.9749709
64482,47631779.36838992
64483,47632297.894484416
64484,47632816.5518492
64485,47633335.33929295
64486,47633854.25662367
64487,47634373.30753381
64488,47634892.489831105
64489,47635411.79910351
64490,47635931.24450895
64491,47636450.818160966
64492,47636970.52504021
64493,47637490.35780507
64494,47638010.322894484
64495,47638530.4202967
64496,47639050.645348124
64497,47639571.0026533
64498,47640091.4899069
64499,47640612.10784343
64500,47641132.853892654
64501,47641653.73329932
64502,47642174.73959655
64503,47642695.87977427
64504,47643217.143659875
64505,47643738.54166874
64506,47644260.067374416
64507,47644781.72900002
64508,47645303.511023015
64509,47645825.42873741
64510,47646347.47387393
64511,47646869.64678183
64512,47647391.95230263
64513,47647914.38353248
64514,47648436.94601928
64515,47648959.63659108
64516,47649482.45916085
64517,47650005.405817926
64518,47650528.48633249
64519,47651051.69278358
64520,47651575.03035352
64521,47652098.493010774
64522,47652622.08678741
64523,47653145.80793488
64524,47653669.65725644
64525,47654193.6367918
64526,47654717.742684364
64527,47655241.97807026
64528,47655766.339279495
64529,47656290.83186902
64530,47656815.45130278
64531,47657340.19652829
64532,47657865.072544694
64533,47658390.073695615
64534,47658915.20440547
64535,47659440.46416333
64536,47659965.85185538
64537,47660491.365294866
64538,47661017.0039338
64539,47661542.771496825
64540,47662068.66890225
64541,47662594.688744485
64542,47663120.84029287
64543,47663647.11699988
64544,47664173.521746695
64545,47664700.05425513
64546,47665226.70822903
64547,47665753.495884806
64548,47666280.40742324
64549,47666807.44520189
64550,47667334.61034328
64551,47667861.90189013
64552,47668389.319321945
64553,47668916.86130892
64554,47669444.532956384
64555,47669972.33219494
64556,47670500.252360925
64557,47671028.302646756
64558,47671556.47691937
64559,47672084.77927509
64560,47672613.20541094
64561,47673141.75902404
64562,47673670.437259145
64563,47674199.24067289
64564,47674728.168628514
64565,47675257.22532317
64566,47675786.40578084
64567,47676315.711965136
64568,47676845.14519714
64569,47677374.70348427
64570,47677904.38094046
64571,47678434.1889539
64572,47678964.12278381
64573,47679494.17935541
64574,47680024.362013325
64575,47680554.66828695
64576,47681085.101176076
64577,47681615.65663315
64578,47682146.33775206
64579,47682677.14324167
64580,47683208.070844606
64581,47683739.12683113
64582,47684270.30541517
64583,47684801.607209
64584,47685333.034159385
64585,47685864.58525091
64586,47686396.25979015
64587,47686928.058351204
64588,47687459.98483102
64589,47687992.03053938
64590,47688524.200007364
64591,47689056.49271275
64592,47689588.91252963
64593,47690121.45295644
64594,47690654.11796212
64595,47691186.90855431
64596,47691719.81970991
64597,47692252.8501984
64598,47692786.01085443
64599,47693319.291682705
64600,47693852.695930764
64601,47694386.22203492
64602,47694919.872499496
64603,47695453.64412148
64604,47695987.54171462
64605,47696521.55981687
64606,47697055.70118281
64607,47697589.96202724
64608,47698124.34878502
64609,47698658.85865643
64610,47699193.48634662
64611,47699728.23866078
64612,47700263.114786014
64613,47700798.11256167
64614,47701333.22966349
64615,47701868.4731487
64616,47702403.8330645
64617,47702939.319209866
64618,47703474.924181476
64619,47704010.6523615
64620,47704546.50321008
64621,47705082.47325689
64622,47705618.564472154
64623,47706154.7790921
64624,47706691.11581409
64625,47707227.57192151
64626,47707764.14983903
64627,47708300.84718577
64628,47708837.66641684
64629,47709374.607287414
64630,47709911.66885422
64631,47710448.85185269
64632,47710986.15373483
64633,47711523.579655506
64634,47712061.12335691
64635,47712598.78673501
64636,47713136.572594635
64637,47713674.47746282
64638,47714212.50404696
64639,47714750.64942622
64640,47715288.91861376
64641,47715827.30116431
64642,47716365.80777
64643,47716904.435014665
64644,47717443.18141508
64645,47717982.0472739
64646,47718521.033655
64647,47719060.13838181
64648,47719599.361785784
64649,47720138.70803139
64650,47720678.17128039
64651,47721217.75507038
64652,47721757.456042334
64653,47722297.27859193
64654,47722837.21542094
64655,47723377.277357996
64656,47723917.455616795
64657,47724457.75483018
64658,47724998.16982806
64659,47725538.70675045
64660,47726079.36046456
64661,47726620.13159466
64662,47727161.023515575
64663,47727702.032614246
64664,47728243.16090141
64665,47728784.40782279
64666,47729325.771294326
64667,47729867.25269754
64668,47730408.85579615
64669,47730950.57516063
64670,47731492.40924403
64671,47732034.365658015
64672,47732576.43733596
64673,47733118.629717276
64674,47733660.937772155
64675,47734203.36138326
64676,47734745.90401154
64677,47735288.566164196
64678,47735831.34278789
64679,47736374.2400447
64680,47736917.25158504
64681,47737460.383017525
64682,47738003.62985127
64683,47738546.99356329
64684,47739090.47317171
64685,47739634.06945521
64686,47740177.78335166
64687,47740721.61659185
64688,47741265.564484686
64689,47741809.62847801
64690,47742353.807797335
64691,47742898.10567522
64692,47743442.520266265
64693,47743987.04957023
64694,47744531.69562511
64695,47745076.45779618
64696,47745621.33706011
64697,47746166.33141853
64698,47746711.441154584
64699,47747256.66819824
64700,47747802.01042253
64701,47748347.468216315
64702,47748893.04022817
64703,47749438.72975939
64704,47749984.53444901
64705,47750530.45433682
64706,47751076.487994365
64707,47751622.63937157
64708,47752168.905881375
64709,47752715.28538979
64710,47753261.78208016
64711,47753808.39245249
64712,47754355.1175905
64713,47754901.959750496
64714,47755448.91337693
64715,47755995.98333913
64716,47756543.16754036
64717,47757090.46851354
64718,47757637.88189058
64719,47758185.409498885
64720,47758733.051385865
64721,47759280.80603502
64722,47759828.67703735
64723,47760376.661376
64724,47760924.76185466
64725,47761472.9757822
64726,47762021.30061925
64727,47762569.74190691
64728,47763118.29470323
64729,47763666.96222803
64730,47764215.742573425
64731,47764764.63851215
64732,47765313.64698737
64733,47765862.76865947
64734,47766412.00252305
64735,47766961.35064019
64736,47767510.81153913
64737,47768060.38525488
64738,47768610.07390795
64739,47769159.87125281
64740,47769709.784437515
64741,47770259.811291434
64742,47770809.94898637
64743,47771360.202386774
64744,47771910.56444438
64745,47772461.041822195
64746,47773011.63070594
64747,47773562.33024276
64748,47774113.14353903
64749,47774664.06964579
64750,47775215.10672811
64751,47775766.25299662
64752,47776317.515948996
64753,47776868.89004868
64754,47777420.37473382
64755,47777971.970240995
64756,47778523.67790092
64757,47779075.50018011
64758,47779627.43019747
64759,47780179.47381614
64760,47780731.62836853
64761,47781283.893624045
64762,47781836.26963378
64763,47782388.75840324
64764,47782941.35692963
64765,47783494.06911169
64766,47784046.88857071
64767,47784599.82267082
64768,47785152.86130448
64769,47785706.01553798
64770,47786259.27937387
64771,47786812.6532899
64772,47787366.13857919
64773,47787919.73371513
64774,47788473.438807935
64775,47789027.25742549
64776,47789581.18157018
64777,47790135.21870769
64778,47790689.364928216
64779,47791243.62147929
64780,47791797.98506379
64781,47792352.463114865
64782,47792907.04731012
64783,47793461.74461448
64784,47794016.547883004
64785,47794571.46049516
64786,47795126.48663172
64787,47795681.619620875
64788,47796236.8595451
64789,47796792.213170186
64790,47797347.67475601
64791,47797903.24342303
64792,47798458.92075214
64793,47799014.710433684
64794,47799570.6066276
64795,47800126.611036986
64796,47800682.72480556
64797,47801238.948542714
64798,47801795.27813086
64799,47802351.71887212
64800,47802908.267892316
64801,47803464.92455703
64802,47804021.687100984
64803,47804578.5587998
64804,47805135.54053615
64805,47805692.63093865
64806,47806249.82620785
64807,47806807.13273065
64808,47807364.54340264
64809,47807922.0638096
64810,47808479.69206463
64811,47809037.428627156
64812,47809595.26904392
64813,47810153.22127774
64814,47810711.27898067
64815,47811269.44272394
64816,47811827.71626943
64817,47812386.09505801
64818,47812944.580483146
64819,47813503.17489396
64820,47814061.87418159
64821,47814620.68166694
64822,47815179.59702389
64823,47815738.61634649
64824,47816297.744635984
64825,47816856.9772661
64826,47817416.316560626
64827,47817975.764482334
64828,47818535.31734581
64829,47819094.9745677
64830,47819654.742100686
64831,47820214.61373216
64832,47820774.59008893
64833,47821334.67272033
64834,47821894.86369014
64835,47822455.15703285
64836,47823015.557211354
64837,47823576.06486435
64838,47824136.67647248
64839,47824697.39061606
64840,47825258.21414158
64841,47825819.14315201
64842,47826380.17696938
64843,47826941.3129322
64844,47827502.5584663
64845,47828063.90564453
64846,47828625.36021215
64847,47829186.91725309
64848,47829748.57861729
64849,47830310.347038776
64850,47830872.22019815
64851,47831434.19782634
64852,47831996.28000866
64853,47832558.465525255
64854,47833120.75637646
64855,47833683.1505872
64856,47834245.649942234
64857,47834808.253869265
64858,47835370.9599685
64859,47835933.77154714
64860,47836496.68664613
64861,47837059.7045269
64862,47837622.825399
64863,47838186.053624585
64864,47838749.382481456
64865,47839312.81732793
64866,47839876.35459213
64867,47840439.993105575
64868,47841003.73696402
64869,47841567.58412992
64870,47842131.53246074
64871,47842695.58616866
64872,47843259.7404966
64873,47843824.001896545
64874,47844388.36419445
64875,47844952.82703706
64876,47845517.39331122
64877,47846082.06407218
64878,47846646.83482965
64879,47847211.71043326
64880,47847776.687610924
64881,47848341.766987115
64882,47848906.94945201
64883,47849472.233559445
64884,47850037.61912568
64885,47850603.10801588
64886,47851168.69745095
64887,47851734.388378665
64888,47852300.18236774
64889,47852866.07771319
64890,47853432.074368894
64891,47853998.1737839
64892,47854564.371153325
64893,47855130.67474016
64894,47855697.07777779
64895,47856263.582089365
64896,47856830.187806234
64897,47857396.89287487
64898,47857963.70119922
64899,47858530.60928856
64900,47859097.61813564
64901,47859664.72648053
64902,47860231.9396942
64903,47860799.250087485
64904,47861366.66170629
64905,47861934.173272505
64906,47862501.78488465
64907,47863069.50248273
64908,47863637.31441542
64909,47864205.226730354
64910,47864773.24043022
64911,47865341.35531468
64912,47865909.57027685
64913,47866477.883872576
64914,47867046.29751713
64915,47867614.80928682
64916,47868183.42300375
64917,47868752.135911435
64918,47869320.94784681
64919,47869889.86001001
64920,47870458.87196393
64921,47871027.98081614
64922,47871597.18944987
64923,47872166.49714835
64924,47872735.90640476
64925,47873305.412182346
64926,47873875.01879303
64927,47874444.72308464
64928,47875014.5273962
64929,47875584.42784017
64930,47876154.42848055
64931,47876724.52629705
64932,47877294.72290018
64933,47877865.02116327
64934,47878435.415352166
64935,47879005.90609589
64936,47879576.49492166
64937,47880147.1867172
64938,47880717.973040804
64939,47881288.8561515
64940,47881859.839595795
64941,47882430.91851157
64942,47883002.09648582
64943,47883573.36997328
64944,47884144.74568993
64945,47884716.21304521
64946,47885287.78423546
64947,47885859.44936177
64948,47886431.207242034
64949,47887003.07076767
64950,47887575.02546617
64951,47888147.07962511
64952,47888719.22821759
64953,47889291.476581745
64954,47889863.819774
64955,47890436.26091467
64956,47891008.800296724
64957,47891581.43398941
64958,47892154.16419533
64959,47892726.98961264
64960,47893299.912554145
64961,47893872.930927195
64962,47894446.04874949
64963,47895019.26158939
64964,47895592.56869958
64965,47896165.97079879
64966,47896739.47064248
64967,47897313.06555772
64968,47897886.75708449
64969,47898460.5444088
64970,47899034.42413919
64971,47899608.4016922
64972,47900182.47485043
64973,47900756.64333818
64974,47901330.90757663
64975,47901905.265425555
64976,47902479.71837433
64977,47903054.267136335
64978,47903628.91048721
64979,47904203.65010175
64980,47904778.48457258
64981,47905353.41199609
64982,47905928.434806295
64983,47906503.55037928
64984,47907078.76198797
64985,47907654.069436304
64986,47908229.4709245
64987,47908804.96518952
64988,47909380.55250708
64989,47909956.23840049
64990,47910532.01102394
64991,47911107.883966
64992,47911683.848785065
64993,47912259.90700376
64994,47912836.0599774
64995,47913412.305119656
64996,47913988.643251225
64997,47914565.077560246
64998,47915141.60411619
64999,47915718.22448958
65000,47916294.93786866
65001,47916871.74163839
65002,47917448.64330156
65003,47918025.63335246
65004,47918602.71835993
65005,47919179.89641096
65006,47919757.16560684
65007,47920334.53057931
65008,47920911.98838709
65009,47921489.53618111
65010,47922067.17703532
65011,47922644.91066173
65012,47923222.73739791
65013,47923800.653328896
65014,47924378.665349066
65015,47924956.76684077
65016,47925534.960333005
65017,47926113.24785957
65018,47926691.625618026
65019,47927270.09464775
65020,47927848.65601007
65021,47928427.30989746
65022,47929006.05462444
65023,47929584.89263263
65024,47930163.81886956
65025,47930742.83770146
65026,47931321.94943543
65027,47931901.15105241
65028,47932480.441354096
65029,47933059.82443411
65030,47933639.30061751
65031,47934218.86517404
65032,47934798.52089277
65033,47935378.2692329
65034,47935958.10531333
65035,47936538.03541669
65036,47937118.05193868
65037,47937698.16083806
65038,47938278.362009734
65039,47938858.64941126
65040,47939439.02788522
65041,47940019.49714155
65042,47940600.05727391
65043,47941180.707471445
65044,47941761.44749431
65045,47942342.27419784
65046,47942923.194517
65047,47943504.20422025
65048,47944085.30116949
65049,47944666.48968965
65050,47945247.76363534
65051,47945829.13103175
65052,47946410.58672172
65053,47946992.13164767
65054,47947573.76380901
65055,47948155.48763737
65056,47948737.29919377
65057,47949319.198944554
65058,47949901.18856833
65059,47950483.266179495
65060,47951065.43157637
65061,47951647.68697727
65062,47952230.0292384
65063,47952812.46071714
65064,47953394.982488945
65065,47953977.58858037
65066,47954560.286612734
65067,47955143.07171079
65068,47955725.943741515
65069,47956308.90624529
65070,47956891.9526507
65071,47957475.087870896
65072,47958058.31233673
65073,47958641.62160152
65074,47959225.02261686
65075,47959808.50725475
65076,47960392.082371585
65077,47960975.74245498
65078,47961559.49067637
65079,47962143.32462148
65080,47962727.24620586
65081,47963311.25533602
65082,47963895.35082548
65083,47964479.535017215
65084,47965063.804411545
65085,47965648.16226991
65086,47966232.603066474
65087,47966817.135640875
65088,47967401.74821903
65089,47967986.45043562
65090,47968571.23825635
65091,47969156.114332065
65092,47969741.07470113
65093,47970326.12165244
65094,47970911.254862934
65095,47971496.47401491
65096,47972081.7762409
65097,47972667.16753304
65098,47973252.64411752
65099,47973838.203484684
65100,47974423.854149565
65101,47975009.5859445
65102,47975595.401079535
65103,47976181.30285468
65104,47976767.29096708
65105,47977353.36526124
65106,47977939.52377032
65107,47978525.76433382
65108,47979112.09313956
65109,47979698.506922744
65110,47980285.00277951
65111,47980871.585919105
65112,47981458.25323064
65113,47982045.00369333
65114,47982631.83857144
65115,47983218.75915906
65116,47983805.763583004
65117,47984392.85031867
65118,47984980.02382828
65119,47985567.28005548
65120,47986154.620421365
65121,47986742.04418213
65122,47987329.55183379
65123,47987917.14302123
65124,47988504.81796211
65125,47989092.57760037
65126,47989680.41885167
65127,47990268.344927214
65128,47990856.35365324
65129,47991444.44415395
65130,47992032.61987467
65131,47992620.878301285
65132,47993209.2195877
65133,47993797.64397447
65134,47994386.15059708
65135,47994974.74008052
65136,47995563.411892
65137,47996152.168262675
65138,47996741.00494303
65139,47997329.924305856
65140,47997918.92620479
65141,47998508.01132615
65142,47999097.177724585
65143,47999686.42493786
65144,48000275.75627738
65145,48000865.1713395
65146,48001454.66505444
65147,48002044.24049671
65148,48002633.89894067
65149,48003223.63827464
65150,48003813.46000225
65151,48004403.364430144
65152,48004993.34751306
65153,48005583.414146684
65154,48006173.56181273
65155,48006763.78783484
65156,48007354.09607441
65157,48007944.48795768
65158,48008534.95779662
65159,48009125.5105678
65160,48009716.14346522
65161,48010306.85858379
65162,48010897.65110087
65163,48011488.52491488
65164,48012079.48105556
65165,48012670.51668745
65166,48013261.6328256
65167,48013852.8266733
65168,48014444.105010554
65169,48015035.46219836
65170,48015626.89736347
65171,48016218.41363919
65172,48016810.007679895
65173,48017401.68548318
65174,48017993.43867093
65175,48018585.27405666
65176,48019177.18809536
65177,48019769.18188028
65178,48020361.25571574
65179,48020953.4071057
65180,48021545.63931062
65181,48022137.94988425
65182,48022730.34229182
65183,48023322.811240956
65184,48023915.35991302
65185,48024507.98385174
65186,48025100.689224266
65187,48025693.47388845
65188,48026286.33432959
65189,48026879.27560416
65190,48027472.2943705
65191,48028065.39451876
65192,48028658.56878521
65193,48029251.8247831
65194,48029845.1555464
65195,48030438.56625099
65196,48031032.054248214
65197,48031625.62063561
65198,48032219.263756655
65199,48032812.986781
65200,48033406.784685224
65201,48034000.661864996
65202,48034594.615715936
65203,48035188.64607614
65204,48035782.75722089
65205,48036376.941221155
65206,48036971.20582253
65207,48037565.545944184
65208,48038159.96089879
65209,48038754.45630218
65210,48039349.02796814
65211,48039943.674748
65212,48040538.39922218
65213,48041133.200463735
65214,48041728.077271715
65215,48042323.03183085
65216,48042918.06168769
65217,48043513.1678856
65218,48044108.34973604
65219,48044703.60984312
65220,48045298.94178688
65221,48045894.35516453
65222,48046489.84149177
65223,48047085.40302731
65224,48047681.04052357
65225,48048276.75603358
65226,48048872.544620536
65227,48049468.40972902
65228,48050064.34786652
65229,48050660.36560525
65230,48051256.456724584
65231,48051852.621440396
65232,48052448.86157651
65233,48053045.17878042
65234,48053641.56884779
65235,48054238.035614215
65236,48054834.57514393
65237,48055431.188026965
65238,48056027.87746017
65239,48056624.643253095
65240,48057221.48300518
65241,48057818.39500345
65242,48058415.38320635
65243,48059012.44346574
65244,48059609.58171939
65245,48060206.78903333
65246,48060804.07301077
65247,48061401.42917915
65248,48061998.86091171
65249,48062596.366732225
65250,48063193.94473691
65251,48063791.594102725
65252,48064389.32296121
65253,48064987.12204574
65254,48065584.99445868
65255,48066182.940355316
65256,48066780.958121665
65257,48067379.05209844
65258,48067977.21469546
65259,48068575.44983538
65260,48069173.7628747
65261,48069772.14704202
65262,48070370.60049072
65263,48070969.130142346
65264,48071567.73268713
65265,48072166.40440806
65266,48072765.150590576
65267,48073363.969741315
65268,48073962.8580077
65269,48074561.82172402
65270,48075160.85524675
65271,48075759.96238968
65272,48076359.14121046
65273,48076958.3921462
65274,48077557.713226765
65275,48078157.10581372
65276,48078756.572596595
65277,48079356.10851104
65278,48079955.71384592
65279,48080555.39583287
65280,48081155.14550236
65281,48081754.96700218
65282,48082354.860897854
65283,48082954.82317005
65284,48083554.85884979
65285,48084154.96464841
65286,48084755.13960241
65287,48085355.386830285
65288,48085955.70451288
65289,48086556.092230305
65290,48087156.55103876
65291,48087757.07783897
65292,48088357.677247874
65293,48088958.34582731
65294,48089559.08808185
65295,48090159.894059956
65296,48090760.77634691
65297,48091361.72465907
65298,48091962.7422611
65299,48092563.83052581
65300,48093164.990048036
65301,48093766.21769899
65302,48094367.51562448
65303,48094968.87972273
65304,48095570.31773405
65305,48096171.82227321
65306,48096773.3987997
65307,48097375.041371666
65308,48097976.752879314
65309,48098578.53613731
65310,48099180.38443375
65311,48099782.303662494
65312,48100384.29159737
65313,48100986.34837888
65314,48101588.47212638
65315,48102190.66660115
65316,48102792.926186085
65317,48103395.255274355
65318,48103997.65569484
65319,48104600.11973487
65320,48105202.654605925
65321,48105805.2566831
65322,48106407.92775673
65323,48107010.6629125
65324,48107613.468968585
65325,48108216.34050433
65326,48108819.28118682
65327,48109422.288744636
65328,48110025.36555664
65329,48110628.508128986
65330,48111231.71728894
65331,48111834.992985934
65332,48112438.33700226
65333,48113041.74781203
65334,48113645.226619855
65335,48114248.769238554
65336,48114852.38170628
65337,48115456.058693185
65338,48116059.80503312
65339,48116663.61451438
65340,48117267.49484579
65341,48117871.43763775
65342,48118475.44644977
65343,48119079.523059554
65344,48119683.665301695
65345,48120287.872059286
65346,48120892.14836198
65347,48121496.48696962
65348,48122100.89199516
65349,48122705.36467774
65350,48123309.89998071
65351,48123914.50424015
65352,48124519.17184052
65353,48125123.90411208
65354,48125728.704253584
65355,48126333.567726776
65356,48126938.49553238
65357,48127543.49025344
65358,48128148.54718861
65359,48128753.67268396
65360,48129358.85918932
65361,48129964.11393567
65362,48130569.43227756
65363,48131174.81424865
65364,48131780.262245335
65365,48132385.771059036
65366,48132991.34771921
65367,48133596.98485257
65368,48134202.690282546
65369,48134808.45835597
65370,48135414.29206286
65371,48136020.18620053
65372,48136626.14667648
65373,48137232.168127574
65374,48137838.25561586
65375,48138444.40559578
65376,48139050.619408146
65377,48139656.89685062
65378,48140263.23785907
65379,48140869.64445482
65380,48141476.109453365
65381,48142082.63833821
65382,48142689.2323439
65383,48143295.88997874
65384,48143902.607189946
65385,48144509.391062886
65386,48145116.234961264
65387,48145723.14068511
65388,48146330.10968137
65389,48146937.14127317
65390,48147544.23665027
65391,48148151.39337269
65392,48148758.612982094
65393,48149365.89278638
65394,48149973.23488638
65395,48150580.64136255
65396,48151188.107415676
65397,48151795.634294346
65398,48152403.224980384
65399,48153010.87741982
65400,48153618.59029302
65401,48154226.3636605
65402,48154834.20089435
65403,48155442.09738137
65404,48156050.05666587
65405,48156658.07497342
65406,48157266.15609666
65407,48157874.30076288
65408,48158482.50079534
65409,48159090.765691385
65410,48159699.0885259
65411,48160307.47215855
65412,48160915.91754547
65413,48161524.423569016
65414,48162132.99263528
65415,48162741.6166953
65416,48163350.30377209
65417,48163959.051083416
65418,48164567.85778116
65419,48165176.724999174
65420,48165785.650367334
65421,48166394.63628672
65422,48167003.682841346
65423,48167612.788225204
65424,48168221.95478213
65425,48168831.17661371
65426,48169440.46551256
65427,48170049.80913693
65428,48170659.210613266
65429,48171268.672400996
65430,48171878.196578294
65431,48172487.77629098
65432,48173097.41426102
65433,48173707.111875154
65434,48174316.869376265
65435,48174926.68335956
65436,48175536.559148
65437,48176146.49021804
65438,48176756.480023034
65439,48177366.53094057
65440,48177976.6383446
65441,48178586.80695483
65442,48179197.03071184
65443,48179807.30982908
65444,48180417.650690705
65445,48181028.04783498
65446,48181638.505802795
65447,48182249.01530972
65448,48182859.58836913
65449,48183470.21748331
65450,48184080.90140621
65451,48184691.645085216
65452,48185302.446505636
65453,48185913.30193561
65454,48186524.21838618
65455,48187135.187943324
65456,48187746.21659145
65457,48188357.30460331
65458,48188968.44514042
65459,48189579.64534806
65460,48190190.8996765
65461,48190802.21336361
65462,48191413.580112524
65463,48192025.0081341
65464,48192636.48901469
65465,48193248.025176674
65466,48193859.617623284
65467,48194471.26903942
65468,48195082.97461092
65469,48195694.73603511
65470,48196306.55504322
65471,48196918.428339876
65472,48197530.3563261
65473,48198142.3417175
65474,48198754.377226055
65475,48199366.474919066
65476,48199978.625374705
65477,48200590.83229901
65478,48201203.0920137
65479,48201815.40882529
65480,48202427.77870613
65481,48203040.20432948
65482,48203652.68643586
65483,48204265.2209974
65484,48204877.81132163
65485,48205490.45435789
65486,48206103.15534581
65487,48206715.90706435
65488,48207328.717649356
65489,48207941.57771329
65490,48208554.49374585
65491,48209167.46531619
65492,48209780.48862802
65493,48210393.56756207
65494,48211006.698537216
65495,48211619.88528539
65496,48212233.12389296
65497,48212846.41781301
65498,48213459.764570415
65499,48214073.161722876
65500,48214686.61688471
65501,48215300.124825254
65502,48215913.68324874
65503,48216527.297788896
65504,48217140.96014321
65505,48217754.67996928
65506,48218368.45167544
65507,48218982.27489111
65508,48219596.15108373
65509,48220210.08397922
65510,48220824.06492759
65511,48221438.098782614
65512,48222052.185032666
65513,48222666.32414329
65514,48223280.51582446
65515,48223894.75992504
65516,48224509.05307208
65517,48225123.401108325
65518,48225737.79970102
65519,48226352.2498444
65520,48226966.75279713
65521,48227581.3077331
65522,48228195.9128373
65523,48228810.570214674
65524,48229425.27931107
65525,48230040.03940602
65526,48230654.851751976
65527,48231269.711816534
65528,48231884.62339266
65529,48232499.589010805
65530,48233114.60234022
65531,48233729.66747759
65532,48234344.785004064
65533,48234959.95260242
65534,48235575.16791068
65535,48236190.43659637
65536,48236805.75485644
65537,48237421.1218421
65538,48238036.53993833
65539,48238652.00865169
65540,48239267.53004089
65541,48239883.09694551
65542,48240498.71528323
65543,48241114.38451001
65544,48241730.103461385
65545,48242345.868572876
65546,48242961.684951395
65547,48243577.55485918
65548,48244193.46980038
65549,48244809.43339292
65550,48245425.44839932
65551,48246041.511317216
65552,48246657.62546839
65553,48247273.78730403
65554,48247889.99726403
65555,48248506.25585246
65556,48249122.56385011
65557,48249738.91912783
65558,48250355.32435135
65559,48250971.77817288
65560,48251588.27962384
65561,48252204.829913795
65562,48252821.42650439
65563,48253438.075324744
65564,48254054.76772263
65565,48254671.50898436
65566,48255288.30053827
65567,48255905.13897917
65568,48256522.02685067
65569,48257138.95759608
65570,48257755.939077094
65571,48258372.967417814
65572,48258990.04117609
65573,48259607.16546036
65574,48260224.3353734
65575,48260841.552908
65576,48261458.81746495
65577,48262076.12905799
65578,48262693.48538044
65579,48263310.891530976
65580,48263928.34182801
65581,48264545.83976946
65582,48265163.38708663
65583,48265780.97462303
65584,48266398.61338629
65585,48267016.29787302
65586,48267634.02699678
65587,48268251.803806454
65588,48268869.62440406
65589,48269487.491940126
65590,48270105.406813525
65591,48270723.36752331
65592,48271341.372580215
65593,48271959.42438233
65594,48272577.51884635
65595,48273195.66166718
65596,48273813.84950613
65597,48274432.08122432
65598,48275050.360143036
65599,48275668.68264861
65600,48276287.05137094
65601,48276905.46407311
65602,48277523.919693574
65603,48278142.42556118
65604,48278760.9691533
65605,48279379.56162248
65606,48279998.199476436
65607,48280616.88066903
65608,48281235.60527357
65609,48281854.374474086
65610,48282473.18858798
65611,48283092.046961784
65612,48283710.9470791
65613,48284329.89284536
65614,48284948.88268748
65615,48285567.9182422
65616,48286186.99435618
65617,48286806.11522513
65618,48287425.28043796
65619,48288044.487269536
65620,48288663.73763101
65621,48289283.03329897
65622,48289902.36822489
65623,48290521.7494933
65624,48291141.17449929
65625,48291760.63767214
65626,48292380.14844729
65627,48292999.70218271
65628,48293619.2963361
65629,48294238.93418327
65630,48294858.61171271
65631,48295478.3351838
65632,48296098.10142173
65633,48296717.90688659
65634,48297337.757813916
65635,48297957.648577645
65636,48298577.58043605
65637,48299197.557204336
65638,48299817.5747076
65639,48300437.63318508
65640,48301057.73390682
65641,48301677.87378457
65642,48302298.06142531
65643,48302918.28707753
65644,48303538.5521175
65645,48304158.85849799
65646,48304779.206848875
65647,48305399.59683508
65648,48306020.02897768
65649,48306640.50116342
65650,48307261.0121872
65651,48307881.56631552
65652,48308502.16176796
65653,48309122.795172274
65654,48309743.470656276
65655,48310364.18761215
65656,48310984.943479985
65657,48311605.739351854
65658,48312226.57392991
65659,48312847.45047978
65660,48313468.3673397
65661,48314089.32400974
65662,48314710.321037024
65663,48315331.35676643
65664,48315952.43240142
65665,48316573.54758938
65666,48317194.7017509
65667,48317815.8963606
65668,48318437.13277733
65669,48319058.4038091
65670,48319679.715056136
65671,48320301.06453771
65672,48320922.455041416
65673,48321543.88489074
65674,48322165.354017034
65675,48322786.859349936
65676,48323408.40445466
65677,48324029.989037886
65678,48324651.60913165
65679,48325273.272086196
65680,48325894.96919148
65681,48326516.70786133
65682,48327138.48365086
65683,48327760.29441589
65684,48328382.1466462
65685,48329004.03665456
65686,48329625.96260999
65687,48330247.92739667
65688,48330869.92965915
65689,48331491.96815796
65690,48332114.04851155
65691,48332736.16127008
65692,48333358.31212198
65693,48333980.504811004
65694,48334602.730738804
65695,48335224.99247836
65696,48335847.29539326
65697,48336469.63236688
65698,48337092.00589537
65699,48337714.41645318
65700,48338336.86422006
65701,48338959.34863372
65702,48339581.868184835
65703,48340204.427014776
65704,48340827.01966806
65705,48341449.64840105
65706,48342072.315826304
65707,48342695.01536769
65708,48343317.75475903
65709,48343940.526912704
65710,48344563.33657327
65711,48345186.18034497
65712,48345809.059355
65713,48346431.97774817
65714,48347054.92757215
65715,48347677.91500104
65716,48348300.937821046
65717,48348923.99442814
65718,48349547.08747148
65719,48350170.21516
65720,48350793.37588279
65721,48351416.574882396
65722,48352039.806008235
65723,48352663.07226792
65724,48353286.37264183
65725,48353909.708912045
65726,48354533.080744855
65727,48355156.48536438
65728,48355779.92470321
65729,48356403.39894061
65730,48357026.9057134
65731,48357650.44649315
65732,48358274.02174676
65733,48358897.62964232
65734,48359521.27227873
65735,48360144.9499764
65736,48360768.65856243
65737,48361392.40198974
65738,48362016.1797378
65739,48362639.98844514
65740,48363263.83198123
65741,48363887.70730824
65742,48364511.61783574
65743,48365135.56058739
65744,48365759.536167786
65745,48366383.54559578
65746,48367007.58485629
65747,48367631.66108438
65748,48368255.763831005
65749,48368879.90526596
65750,48369504.07665691
65751,48370128.280015595
65752,48370752.51612855
65753,48371376.78267171
65754,48372001.08404281
65755,48372625.41397657
65756,48373249.77782419
65757,48373874.17606498
65758,48374498.601453856
65759,48375123.061141066
65760,48375747.55114391
65761,48376372.0732907
65762,48376996.62385792
65763,48377621.21082635
65764,48378245.826258756
65765,48378870.474130265
65766,48379495.15031119
65767,48380119.86120099
65768,48380744.59856796
65769,48381369.36987007
65770,48381994.16998649
65771,48382619.00233778
65772,48383243.86580424
65773,48383868.75998499
65774,48384493.681826
65775,48385118.63395156
65776,48385743.616753936
65777,48386368.63326751
65778,48386993.675680146
65779,48387618.74948685
65780,48388243.85460441
65781,48388868.98666905
65782,48389494.14945532
65783,48390119.34245409
65784,48390744.56581645
65785,48391369.816048585
65786,48391995.09442827
65787,48392620.40581026
65788,48393245.74554677
65789,48393871.1149749
65790,48394496.51014088
65791,48395121.93771094
65792,48395747.392480195
65793,48396372.87731445
65794,48396998.38768755
65795,48397623.92980367
65796,48398249.500601485
65797,48398875.097793974
65798,48399500.72363034
65799,48400126.37708049
65800,48400752.0600411
65801,48401377.77032885
65802,48402003.509818
65803,48402629.27589017
65804,48403255.068935595
65805,48403880.893219665
65806,48404506.74221596
65807,48405132.61722327
65808,48405758.52227959
65809,48406384.45436871
65810,48407010.41453159
65811,48407636.39929345
65812,48408262.41293418
65813,48408888.45501074
65814,48409514.522162646
65815,48410140.61398427
65816,48410766.73769075
65817,48411392.88334542
65818,48412019.05857222
65819,48412645.259744264
65820,48413271.48697162
65821,48413897.740467295
65822,48414524.020013124
65823,48415150.327670425
65824,48415776.657739334
65825,48416403.01701689
65826,48417029.40245192
65827,48417655.81200111
65828,48418282.245906815
65829,48418908.70670889
65830,48419535.19446996
65831,48420161.705789864
65832,48420788.24587084
65833,48421414.8084476
65834,48422041.39688367
65835,48422668.01128103
65836,48423294.6502085
65837,48423921.313111454
65838,48424548.00107695
65839,48425174.71382676
65840,48425801.452124596
65841,48426428.2152603
65842,48427055.003101476
65843,48427681.81236932
65844,48428308.64858769
65845,48428935.50995456
65846,48429562.39229719
65847,48430189.30325793
65848,48430816.236624256
65849,48431443.19446666
65850,48432070.172590084
65851,48432697.17754066
65852,48433324.20456429
65853,48433951.25762493
65854,48434578.33056116
65855,48435205.429723024
65856,48435832.551751025
65857,48436459.69654809
65858,48437086.86357273
65859,48437714.05424222
65860,48438341.27090976
65861,48438968.50732729
65862,48439595.767168015
65863,48440223.05074447
65864,48440850.35611483
65865,48441477.68361636
65866,48442105.03436758
65867,48442732.40608019
65868,48443359.80232601
65869,48443987.21763721
65870,48444614.65878236
65871,48445242.12112138
65872,48445869.60323654
65873,48446497.10956263
65874,48447124.63698394
65875,48447752.184765995
65876,48448379.75738542
65877,48449007.34871589
65878,48449634.96031231
65879,48450262.597039126
65880,48450890.254643746
65881,48451517.930622965
65882,48452145.62852247
65883,48452773.34819792
65884,48453401.08908893
65885,48454028.84939422
65886,48454656.63413146
65887,48455284.43645431
65888,48455912.2600014
65889,48456540.10132099
65890,48457167.967273906
65891,48457795.852878556
65892,48458423.7557567
65893,48459051.6816964
65894,48459679.62581003
65895,48460307.592873804
65896,48460935.57685904
65897,48461563.581832126
65898,48462191.60537791
65899,48462819.652281225
65900,48463447.71456939
65901,48464075.79856748
65902,48464703.900803596
65903,48465332.02145387
65904,48465960.161878705
65905,48466588.323612705
65906,48467216.50423581
65907,48467844.69943975
65908,48468472.920505926
65909,48469101.15532197
65910,48469729.409305334
65911,48470357.682234675
65912,48470985.97496834
65913,48471614.283084854
65914,48472242.61329439
65915,48472870.95997078
65916,48473499.32644643
65917,48474127.70736563
65918,48474756.108860455
65919,48475384.527752854
65920,48476012.96413842
65921,48476641.42071538
65922,48477269.890503764
65923,48477898.37977512
65924,48478526.88883765
65925,48479155.41257024
65926,48479783.95556406
65927,48480412.51518564
65928,48481041.09108152
65929,48481669.68439692
65930,48482298.29271662
65931,48482926.9226249
65932,48483555.56634348
65933,48484184.228811756
65934,48484812.905487046
65935,48485441.596815534
65936,48486070.30975482
65937,48486699.03415348
65938,48487327.779321596
65939,48487956.53916558
65940,48488585.31490582
65941,48489214.10398571
65942,48489842.91236036
65943,48490471.735779405
65944,48491100.574112535
65945,48491729.4265123
65946,48492358.29846324
65947,48492987.18449943
65948,48493616.084960416
65949,48494245.00045829
65950,48494873.93270775
65951,48495502.880551554
65952,48496131.84184904
65953,48496760.81870285
65954,48497389.809660725
65955,48498018.81681118
65956,48498647.83547033
65957,48499276.87335478
65958,48499905.923383236
65959,48500534.98861329
65960,48501164.06660515
65961,48501793.16162318
65962,48502422.27084672
65963,48503051.39078617
65964,48503680.52655588
65965,48504309.67875718
65966,48504938.838891424
65967,48505568.01768595
65968,48506197.20979935
65969,48506826.412445545
65970,48507455.63180794
65971,48508084.86265644
65972,48508714.10627821
65973,48509343.36529347
65974,48509972.63668585
65975,48510601.92040968
65976,48511231.21674825
65977,48511860.528146535
65978,48512489.85007449
65979,48513119.18784305
65980,48513748.53621611
65981,48514377.89530459
65982,48515007.27003373
65983,48515636.65435314
65984,48516266.05336693
65985,48516895.463290855
65986,48517524.88678306
65987,48518154.319052026
65988,48518783.76796137
65989,48519413.22636446
65990,48520042.6949154
65991,48520672.175314575
65992,48521301.667757615
65993,48521931.17564087
65994,48522560.69264065
65995,48523190.21814102
65996,48523819.755617954
65997,48524449.305524364
65998,48525078.86870845
65999,48525708.43958459
66000,48526338.02122958
66001,48526967.61808869
66002,48527597.22114587
66003,48528226.83559416
66004,48528856.459977135
66005,48529486.0977236
66006,48530115.74368805
66007,48530745.39930613
66008,48531375.06730527
66009,48532004.74417765
66010,48532634.43034437
66011,48533264.12579857
66012,48533893.83264842
66013,48534523.54857147
66014,48535153.27764236
66015,48535783.01060629
66016,48536412.75735126
66017,48537042.5103898
66018,48537672.277654245
66019,48538302.04803703
66020,48538931.83190329
66021,48539561.6214582
66022,48540191.4243201
66023,48540821.2338475
66024,48541451.05089681
66025,48542080.877645716
66026,48542710.71398335
66027,48543340.55656493
66028,48543970.410719596
66029,48544600.27075026
66030,48545230.13798316
66031,48545860.018697575
66032,48546489.90243444
66033,48547119.79532945
66034,48547749.69718051
66035,48548379.60548723
66036,48549009.52299883
66037,48549639.44855553
66038,48550269.3806493
66039,48550899.320270374
66040,48551529.26614497
66041,48552159.22029944
66042,48552789.18319389
66043,48553419.15236674
66044,48554049.126710065
66045,48554679.11003092
66046,48555309.10034925
66047,48555939.096353605
66048,48556569.100806296
66049,48557199.10816059
66050,48557829.12436726
66051,48558459.14971267
66052,48559089.17838786
66053,48559719.21328515
66054,48560349.254467025
66055,48560979.3029729
66056,48561609.356399916
66057,48562239.41613934
66058,48562869.48123366
66059,48563499.553042695
66060,48564129.63028985
66061,48564759.71270931
66062,48565389.80017896
66063,48566019.89302925
66064,48566649.99209608
66065,48567280.09668508
66066,48567910.20430629
66067,48568540.31820376
66068,48569170.43794237
66069,48569800.56202925
66070,48570430.68981455
66071,48571060.82368404
66072,48571690.96031841
66073,48572321.10359219
66074,48572951.25203201
66075,48573581.40230666
66076,48574211.55652802
66077,48574841.71630664
66078,48575471.87930201
66079,48576102.04988808
66080,48576732.218894735
66081,48577362.39280298
66082,48577992.573098496
66083,48578622.757373706
66084,48579252.942974284
66085,48579883.13365844
66086,48580513.32708791
66087,48581143.522631526
66088,48581773.72204901
66089,48582403.9267091
66090,48583034.13195476
66091,48583664.33777928
66092,48584294.55057022
66093,48584924.76473204
66094,48585554.98346033
66095,48586185.20350735
66096,48586815.4253198
66097,48587445.649463825
66098,48588075.87804155
66099,48588706.106506035
66100,48589336.33659017
66101,48589966.57003485
66102,48590596.80547465
66103,48591227.0431315
66104,48591857.28255565
66105,48592487.523687
66106,48593117.76482715
66107,48593748.00820685
66108,48594378.25531738
66109,48595008.50247363
66110,48595638.751347914
66111,48596268.99921985
66112,48596899.248358905
66113,48597529.50098173
66114,48598159.75242303
66115,48598790.00426412
66116,48599420.259341046
66117,48600050.514109045
66118,48600680.77026576
66119,48601311.024390146
66120,48601941.279382974
66121,48602571.534495816
66122,48603201.791554995
66123,48603832.04834419
66124,48604462.30755196
66125,48605092.562218964
66126,48605722.81870952
66127,48606353.07606643
66128,48606983.33142291
66129,48607613.58601411
66130,48608243.842391424
66131,48608874.09495443
66132,48609504.34965238
66133,48610134.60109241
66134,48610764.85474744
66135,48611395.10671701
66136,48612025.356767125
66137,48612655.60589084
66138,48613285.85577764
66139,48613916.099243596
66140,48614546.343860745
66141,48615176.58901779
66142,48615806.829934485
66143,48616437.07030262
66144,48617067.310083345
66145,48617697.549407646
66146,48618327.78331122
66147,48618958.016212545
66148,48619588.245296
66149,48620218.4753213
66150,48620848.704102725
66151,48621478.926788494
66152,48622109.15121579
66153,48622739.36891719
66154,48623369.58516468
66155,48623999.79915668
66156,48624630.010782324
66157,48625260.21790529
66158,48625890.42588469
66159,48626520.62786434
66160,48627150.82654573
66161,48627781.022849694
66162,48628411.21662197
66163,48629041.40729636
66164,48629671.59276777
66165,48630301.7738184
66166,48630931.951545015
66167,48631562.125819564
66168,48632192.29862274
66169,48632822.4649376
66170,48633452.62908211
66171,48634082.78832053
66172,48634712.94365841
66173,48635343.0924018
66174,48635973.23894994
66175,48636603.38133009
66176,48637233.519167185
66177,48637863.65173744
66178,48638493.782021455
66179,48639123.90028164
66180,48639754.02185018
66181,48640384.13501093
66182,48641014.24117392
66183,48641644.34459026
66184,48642274.444545366
66185,48642904.53454234
66186,48643534.62151067
66187,48644164.70367045
66188,48644794.77989124
66189,48645424.85051046
66190,48646054.91490478
66191,48646684.97312584
66192,48647315.02295603
66193,48647945.07129447
66194,48648575.11233567
66195,48649205.14646522
66196,48649835.17286635
66197,48650465.19394714
66198,48651095.20878087
66199,48651725.21866117
66200,48652355.22085814
66201,48652985.21489151
66202,48653615.201733366
66203,48654245.184102945
66204,48654875.157069296
66205,48655505.12427126
66206,48656135.0844273
66207,48656765.036497094
66208,48657394.98128855
66209,48658024.921626136
66210,48658654.84829311
66211,48659284.77205114
66212,48659914.687157705
66213,48660544.59551253
66214,48661174.493581995
66215,48661804.3840116
66216,48662434.26647209
66217,48663064.14310647
66218,48663694.007635504
66219,48664323.8667846
66220,48664953.71609501
66221,48665583.55790645
66222,48666213.391541794
66223,48666843.21451405
66224,48667473.02872237
66225,48668102.836685896
66226,48668732.633776315
66227,48669362.421461076
66228,48669992.19957857
66229,48670621.968261614
66230,48671251.72707534
66231,48671881.48064518
66232,48672511.22269504
66233,48673140.95247735
66234,48673770.67644075
66235,48674400.388019234
66236,48675030.091554105
66237,48675659.78305749
66238,48676289.46554031
66239,48676919.138671
66240,48677548.79980598
66241,48678178.45388988
66242,48678808.094501406
66243,48679437.724407434
66244,48680067.34543651
66245,48680696.95648268
66246,48681326.55468287
66247,48681956.14394862
66248,48682585.719571725
66249,48683215.28660008
66250,48683844.84201652
66251,48684474.38833157
66252,48685103.91811076
66253,48685733.44082854
66254,48686362.95057705
66255,48686992.450208366
66256,48687621.936537534
66257,48688251.409706324
66258,48688880.87229505
66259,48689510.32319969
66260,48690139.76412916
66261,48690769.1921024
66262,48691398.60725652
66263,48692028.008615494
66264,48692657.39933556
66265,48693286.77869357
66266,48693916.14195342
66267,48694545.493074134
66268,48695174.83683023
66269,48695804.161849976
66270,48696433.477169715
66271,48697062.77939449
66272,48697692.06689197
66273,48698321.34370026
66274,48698950.60731754
66275,48699579.8525369
66276,48700209.08875798
66277,48700838.31040251
66278,48701467.518888
66279,48702096.712464556
66280,48702725.89313662
66281,48703355.06001607
66282,48703984.21308476
66283,48704613.35196291
66284,48705242.47463528
66285,48705871.58774154
66286,48706500.68355551
66287,48707129.76494421
66288,48707758.833074704
66289,48708387.88571909
66290,48709016.923404574
66291,48709645.94713426
66292,48710274.95502317
66293,48710903.94798291
66294,48711532.929637864
66295,48712161.89059455
66296,48712790.839569375
66297,48713419.77482402
66298,48714048.689358845
66299,48714677.59230972
66300,48715306.480695926
66301,48715935.347592555
66302,48716564.20571389
66303,48717193.04391481
66304,48717821.86658592
66305,48718450.67453449
66306,48719079.46542638
66307,48719708.24248466
66308,48720336.99974133
66309,48720965.742943496
66310,48721594.46775523
66311,48722223.17807583
66312,48722851.8702715
66313,48723480.545387454
66314,48724109.207461715
66315,48724737.84895098
66316,48725366.474837884
66317,48725995.08172692
66318,48726623.674864314
66319,48727252.24811787
66320,48727880.804427594
66321,48728509.344501406
66322,48729137.86481582
66323,48729766.370501414
66324,48730394.85490546
66325,48731023.32417193
66326,48731651.7738937
66327,48732280.2064047
66328,48732908.621751584
66329,48733537.018573254
66330,48734165.39756562
66331,48734793.75632401
66332,48735422.09909117
66333,48736050.421216175
66334,48736678.72547907
66335,48737307.0123553
66336,48737935.27816038
66337,48738563.528645754
66338,48739191.7564159
66339,48739819.964736864
66340,48740448.15697445
66341,48741076.32821444
66342,48741704.47967774
66343,48742332.615434125
66344,48742960.72902469
66345,48743588.82120737
66346,48744216.89696234
66347,48744844.95169006
66348,48745472.98551403
66349,48746101.00125517
66350,48746728.99534674
66351,48747356.97083056
66352,48747984.92293953
66353,48748612.858391285
66354,48749240.77219101
66355,48749868.66410439
66356,48750496.53690712
66357,48751124.38843709
66358,48751752.221376
66359,48752380.03136694
66360,48753007.8200703
66361,48753635.59111972
66362,48754263.33774217
66363,48754891.06286511
66364,48755518.768759385
66365,48756146.45191379
66366,48756774.11272442
66367,48757401.755145505
66368,48758029.37545638
66369,48758656.97244392
66370,48759284.54653141
66371,48759912.09947927
66372,48760539.63196672
66373,48761167.14107068
66374,48761794.62788782
66375,48762422.09484114
66376,48763049.535182044
66377,48763676.95668526
66378,48764304.35348512
66379,48764931.72847644
66380,48765559.07894696
66381,48766186.411163375
66382,48766813.71746689
66383,48767441.00040075
66384,48768068.261754766
66385,48768695.49847758
66386,48769322.71085176
66387,48769949.901921004
66388,48770577.070138946
66389,48771204.21229178
66390,48771831.33527524
66391,48772458.4304029
66392,48773085.50342734
66393,48773712.55109733
66394,48774339.57754041
66395,48774966.57750304
66396,48775593.55391851
66397,48776220.5080115
66398,48776847.43593322
66399,48777474.33897415
66400,48778101.21752168
66401,48778728.0712824
66402,48779354.90130335
66403,48779981.70626907
66404,48780608.48713561
66405,48781235.24188952
66406,48781861.97204047
66407,48782488.67857255
66408,48783115.35792818
66409,48783742.01043455
66410,48784368.64053261
66411,48784995.24297845
66412,48785621.822284125
66413,48786248.37585665
66414,48786874.900046214
66415,48787501.40180662
66416,48788127.8772922
66417,48788754.32416399
66418,48789380.74728502
66419,48790007.14477509
66420,48790633.51208274
66421,48791259.85553966
66422,48791886.17239863
66423,48792512.46488341
66424,48793138.7269299
66425,48793764.96555646
66426,48794391.17655876
66427,48795017.35779871
66428,48795643.5139289
66429,48796269.644470155
66430,48796895.745746166
66431,48797521.81793222
66432,48798147.869032554
66433,48798773.88777689
66434,48799399.878997326
66435,48800025.843448125
66436,48800651.781308964
66437,48801277.68946189
66438,48801903.57053034
66439,48802529.42356826
66440,48803155.24743096
66441,48803781.04451971
66442,48804406.81303036
66443,48805032.552414015
66444,48805658.26493284
66445,48806283.94806339
66446,48806909.60353379
66447,48807535.22661169
66448,48808160.824955456
66449,48808786.39325911
66450,48809411.93153961
66451,48810037.43974433
66452,48810662.92039178
66453,48811288.37339379
66454,48811913.79349013
66455,48812539.18598303
66456,48813164.54830852
66457,48813789.882706515
66458,48814415.18287447
66459,48815040.45810277
66460,48815665.701595105
66461,48816290.91782007
66462,48816916.10002482
66463,48817541.25296578
66464,48818166.37606222
66465,48818791.46761684
66466,48819416.532630056
66467,48820041.562650874
66468,48820666.56468651
66469,48821291.53380043
66470,48821916.47394272
66471,48822541.38172135
66472,48823166.26003136
66473,48823791.10787062
66474,48824415.922307104
66475,48825040.70667746
66476,48825665.4591084
66477,48826290.18196936
66478,48826914.8692738
66479,48827539.52807376
66480,48828164.154800266
66481,48828788.74820563
66482,48829413.3120156
66483,48830037.84261432
66484,48830662.34131172
66485,48831286.8077565
66486,48831911.24114385
66487,48832535.64201464
66488,48833160.01320213
66489,48833784.34897124
66490,48834408.65399308
66491,48835032.92484291
66492,48835657.16281092
66493,48836281.370456755
66494,48836905.54361455
66495,48837529.68375887
66496,48838153.788782746
66497,48838777.86258605
66498,48839401.902855515
66499,48840025.910066135
66500,48840649.88029592
66501,48841273.819958925
66502,48841897.728487745
66503,48842521.59728581
66504,48843145.43786888
66505,48843769.24228184
66506,48844393.01168176
66507,48845016.745640345
66508,48845640.447264254
66509,48846264.11526764
66510,48846887.749812126
66511,48847511.34801507
66512,48848134.910166875
66513,48848758.43716445
66514,48849381.933016166
66515,48850005.391854696
66516,48850628.816316776
66517,48851252.203801714
66518,48851875.559707984
66519,48852498.87671827
66520,48853122.15910977
66521,48853745.40985258
66522,48854368.624014884
66523,48854991.7981178
66524,48855614.93963632
66525,48856238.04636838
66526,48856861.116116114
66527,48857484.14856653
66528,48858107.14519621
66529,48858730.10851984
66530,48859353.03100736
66531,48859975.92042461
66532,48860598.77381578
66533,48861221.5874235
66534,48861844.368537515
66535,48862467.111746445
66536,48863089.817954026
66537,48863712.48467742
66538,48864335.11644705
66539,48864957.712360814
66540,48865580.2686351
66541,48866202.789308846
66542,48866825.27297135
66543,48867447.718629435
66544,48868070.124443546
66545,48868692.49567263
66546,48869314.827798575
66547,48869937.122969806
66548,48870559.38064758
66549,48871181.60070477
66550,48871803.781903595
66551,48872425.92282986
66552,48873048.02876079
66553,48873670.09455719
66554,48874292.12383489
66555,48874914.11282614
66556,48875536.06558499
66557,48876157.97633703
66558,48876779.8492348
66559,48877401.684069276
66560,48878023.47921136
66561,48878645.23766279
66562,48879266.95330452
66563,48879888.632175535
66564,48880510.27125937
66565,48881131.86913863
66566,48881753.42781468
66567,48882374.94935442
66568,48882996.43099642
66569,48883617.86940402
66570,48884239.2722182
66571,48884860.63370576
66572,48885481.95510212
66573,48886103.235085785
66574,48886724.475160286
66575,48887345.675184496
66576,48887966.83350181
66577,48888587.952963956
66578,48889209.03077775
66579,48889830.07048911
66580,48890451.06798199
66581,48891072.023909025
66582,48891692.93936015
66583,48892313.81406541
66584,48892934.645061195
66585,48893555.43829607
66586,48894176.18899604
66587,48894796.89737742
66588,48895417.563306935
66589,48896038.19039347
66590,48896658.77520205
66591,48897279.318369314
66592,48897899.8188883
66593,48898520.27944812
66594,48899140.69508228
66595,48899761.06858228
66596,48900381.40095507
66597,48901001.69200407
66598,48901621.93952191
66599,48902242.14351535
66600,48902862.30728091
66601,48903482.4243229
66602,48904102.50208127
66603,48904722.53929056
66604,48905342.52788272
66605,48905962.47502248
66606,48906582.380110234
66607,48907202.241789654
66608,48907822.06155346
66609,48908441.83554003
66610,48909061.56599709
66611,48909681.252136424
66612,48910300.897128016
66613,48910920.49817157
66614,48911540.05436216
66615,48912159.56800029
66616,48912779.03502707
66617,48913398.46030132
66618,48914017.83795397
66619,48914637.17453297
66620,48915256.46696055
66621,48915875.71502743
66622,48916494.91490713
66623,48917114.07327059
66624,48917733.186383076
66625,48918352.253726676
66626,48918971.27627857
66627,48919590.25287229
66628,48920209.18728964
66629,48920828.07175292
66630,48921446.91377049
66631,48922065.71344586
66632,48922684.46296449
66633,48923303.166781515
66634,48923921.82630357
66635,48924540.440188944
66636,48925159.01174535
66637,48925777.5317035
66638,48926396.00727754
66639,48927014.43927887
66640,48927632.82151052
66641,48928251.158203706
66642,48928869.45043539
66643,48929487.69429596
66644,48930105.89201149
66645,48930724.042151466
66646,48931342.14574364
66647,48931960.202961184
66648,48932578.214431435
66649,48933196.17762579
66650,48933814.09423252
66651,48934431.96220671
66652,48935049.78545283
66653,48935667.556955874
66654,48936285.285284966
66655,48936902.96292825
66656,48937520.59485951
66657,48938138.17764965
66658,48938755.71378197
66659,48939373.2006787
66660,48939990.64027646
66661,48940608.033606976
66662,48941225.374366
66663,48941842.67117259
66664,48942459.91770531
66665,48943077.11538711
66666,48943694.263814285
66667,48944311.36322273
66668,48944928.41444183
66669,48945545.41758621
66670,48946162.37138738
66671,48946779.2775554
66672,48947396.131417036
66673,48948012.938919544
66674,48948629.69611042
66675,48949246.40327
66676,48949863.061272815
66677,48950479.6711661
66678,48951096.22902049
66679,48951712.73804824
66680,48952329.195899904
66681,48952945.60599288
66682,48953561.96436801
66683,48954178.272958145
66684,48954794.530776575
66685,48955410.73946957
66686,48956026.89895937
66687,48956643.004534885
66688,48957259.06209135
66689,48957875.064225316
66690,48958491.021102324
66691,48959106.92586497
66692,48959722.77844951
66693,48960338.58050999
66694,48960954.3303603
66695,48961570.03144479
66696,48962185.67675613
66697,48962801.2748782
66698,48963416.82027888
66699,48964032.313073255
66700,48964647.75543839
66701,48965263.1433916
66702,48965878.48209593
66703,48966493.77069703
66704,48967109.003611654
66705,48967724.1847464
66706,48968339.3155859
66707,48968954.39310672
66708,48969569.41818355
66709,48970184.38659057
66710,48970799.30932194
66711,48971414.17350599
66712,48972028.98887126
66713,48972643.75016679
66714,48973258.459141836
66715,48973873.11287987
66716,48974487.71437572
66717,48975102.26166205
66718,48975716.75584066
66719,48976331.19822675
66720,48976945.588501796
66721,48977559.9214832
66722,48978174.20372587
66723,48978788.42812887
66724,48979402.60248921
66725,48980016.720713355
66726,48980630.78657527
66727,48981244.79559207
66728,48981858.75193272
66729,48982472.65513992
66730,48983086.49922191
66731,48983700.293991596
66732,48984314.03063977
66733,48984927.715688705
66734,48985541.34387469
66735,48986154.91854213
66736,48986768.43702719
66737,48987381.89978106
66738,48987995.3074036
66739,48988608.66144358
66740,48989221.96027979
66741,48989835.20012191
66742,48990448.386152595
66743,48991061.516700886
66744,48991674.592140496
66745,48992287.61295007
66746,48992900.5748936
66747,48993513.48323347
66748,48994126.3352555
66749,48994739.12763508
66750,48995351.869412854
66751,48995964.55211675
66752,48996577.178326294
66753,48997189.747125596
66754,48997802.260579705
66755,48998414.714146525
66756,48999027.113614075
66757,48999639.45449898
66758,49000251.74031369
66759,49000863.96755606
66760,49001476.13629843
66761,49002088.24968338
66762,49002700.308814526
66763,49003312.30547832
66764,49003924.24746926
66765,49004536.1285242
66766,49005147.95346503
66767,49005759.721670836
66768,49006371.431981936
66769,49006983.08397803
66770,49007594.67601861
66771,49008206.21149796
66772,49008817.6873862
66773,49009429.10725305
66774,49010040.46702568
66775,49010651.76592496
66776,49011263.00955516
66777,49011874.19185293
66778,49012485.31846383
66779,49013096.38308309
66780,49013707.38944899
66781,49014318.335822165
66782,49014929.22731636
66783,49015540.05546071
66784,49016150.82512504
66785,49016761.53579146
66786,49017372.18467125
66787,49017982.77528423
66788,49018593.30772504
66789,49019203.7794193
66790,49019814.189898886
66791,49020424.54200349
66792,49021034.831835434
66793,49021645.06239577
66794,49022255.23297551
66795,49022865.34174946
66796,49023475.39003575
66797,49024085.379970916
66798,49024695.30862434
66799,49025305.1742025
66800,49025914.97990849
66801,49026524.72585021
66802,49027134.41209033
66803,49027744.034254566
66804,49028353.59537016
66805,49028963.09490693
66806,49029572.535077766
66807,49030181.91237277
66808,49030791.22839439
66809,49031400.484466225
66810,49032009.67466133
66811,49032618.8037682
66812,49033227.871369466
66813,49033836.87839273
66814,49034445.82250658
66815,49035054.705524944
66816,49035663.523440145
66817,49036272.27996603
66818,49036880.975840956
66819,49037489.6063825
66820,49038098.176537834
66821,49038706.681244515
66822,49039315.124825224
66823,49039923.504907146
66824,49040531.822985634
66825,49041140.07631688
66826,49041748.26583476
66827,49042356.392963946
66828,49042964.45769124
66829,49043572.4567627
66830,49044180.394275844
66831,49044788.267707296
66832,49045396.07518612
66833,49046003.822199464
66834,49046611.503689796
66835,49047219.120225415
66836,49047826.672435045
66837,49048434.16050877
66838,49049041.58425188
66839,49049648.943819195
66840,49050256.23770173
66841,49050863.46846707
66842,49051470.634062156
66843,49052077.7351198
66844,49052684.76850553
66845,49053291.74088307
66846,49053898.64717793
66847,49054505.485732645
66848,49055112.2611281
66849,49055718.96886748
66850,49056325.61478968
66851,49056932.191633716
66852,49057538.7052827
66853,49058145.15272333
66854,49058751.533231765
66855,49059357.84877912
66856,49059964.09836694
66857,49060570.280859545
66858,49061176.39770507
66859,49061782.4460295
66860,49062388.431654155
66861,49062994.34698922
66862,49063600.19960415
66863,49064205.985932514
66864,49064811.70232756
66865,49065417.350379534
66866,49066022.93470408
66867,49066628.451443285
66868,49067233.9013374
66869,49067839.28364065
66870,49068444.59903377
66871,49069049.843627274
66872,49069655.024447836
66873,49070260.13449333
66874,49070865.180979304
66875,49071470.157569155
66876,49072075.065705426
66877,49072679.90695736
66878,49073284.67797838
66879,49073889.381880775
66880,49074494.01834327
66881,49075098.58739815
66882,49075703.0876211
66883,49076307.516190514
66884,49076911.87846776
66885,49077516.17264007
66886,49078120.40052381
66887,49078724.55226964
66888,49079328.64031559
66889,49079932.65670958
66890,49080536.60469436
66891,49081140.48296961
66892,49081744.29368472
66893,49082348.0350607
66894,49082951.70400509
66895,49083555.3059833
66896,49084158.83630132
66897,49084762.29816939
66898,49085365.68857603
66899,49085969.013891295
66900,49086572.26324892
66901,49087175.44377995
66902,49087778.55626315
66903,49088381.59535773
66904,49088984.565900624
66905,49089587.46642238
66906,49090190.29508465
66907,49090793.05045885
66908,49091395.738754585
66909,49091998.35621409
66910,49092600.899014056
66911,49093203.37386685
66912,49093805.776638135
66913,49094408.1089274
66914,49095010.36931648
66915,49095612.55825299
66916,49096214.67418352
66917,49096816.71837462
66918,49097418.69259945
66919,49098020.59356667
66920,49098622.42365207
66921,49099224.182699785
66922,49099825.86606699
66923,49100427.480222546
66924,49101029.022609055
66925,49101630.490923
66926,49102231.88544116
66927,49102833.208741024
66928,49103434.46191362
66929,49104035.6386178
66930,49104636.74244999
66931,49105237.77526431
66932,49105838.73536449
66933,49106439.61919429
66934,49107040.43172903
66935,49107641.17207286
66936,49108241.83626861
66937,49108842.42918414
66938,49109442.9480342
66939,49110043.39070704
66940,49110643.76453225
66941,49111244.06224476
66942,49111844.286770955
66943,49112444.43451889
66944,49113044.50781798
66945,49113644.50904207
66946,49114244.4376404
66947,49114844.288061336
66948,49115444.065934286
66949,49116043.76694937
66950,49116643.395208634
66951,49117242.94843066
66952,49117842.42757526
66953,49118441.82936953
66954,49119041.15843913
66955,49119640.41067691
66956,49120239.58701588
66957,49120838.69039524
66958,49121437.718196645
66959,49122036.668225385
66960,49122635.543357596
66961,49123234.34482437
66962,49123833.067659944
66963,49124431.7138202
66964,49125030.28681456
66965,49125628.7831501
66966,49126227.20268111
66967,49126825.5462124
66968,49127423.81239526
66969,49128022.00270681
66970,49128620.11670926
66971,49129218.15458791
66972,49129816.113436475
66973,49130413.99751286
66974,49131011.80434084
66975,49131609.53301417
66976,49132207.186332904
66977,49132804.7613038
66978,49133402.25664394
66979,49133999.6790856
66980,49134597.02329614
66981,49135194.28859829
66982,49135791.47531031
66983,49136388.58563429
66984,49136985.61606556
66985,49137582.570667565
66986,49138179.44607392
66987,49138776.24423068
66988,49139372.964806035
66989,49139969.60501732
66990,49140566.1662883
66991,49141162.652296215
66992,49141759.05642556
66993,49142355.38357514
66994,49142951.630624294
66995,49143547.800633445
66996,49144143.89033674
66997,49144739.90202445
66998,49145335.83216603
66999,49145931.68612261
67000,49146527.45587212
67001,49147123.15137632
67002,49147718.76477826
67003,49148314.30094953
67004,49148909.756326504
67005,49149505.13028076
67006,49150100.426649556
67007,49150695.63950981
67008,49151290.77376668
67009,49151885.8305762
67010,49152480.80541667
67011,49153075.6983604
67012,49153670.51360865
67013,49154265.24525646
67014,49154859.89744465
67015,49155454.46816023
67016,49156048.95798281
67017,49156643.36877388
67018,49157237.69934242
67019,49157831.9455471
67020,49158426.11134049
67021,49159020.19589043
67022,49159614.2009933
67023,49160208.12149124
67024,49160801.96354485
67025,49161395.721615426
67026,49161989.39892907
67027,49162582.99507647
67028,49163176.50676793
67029,49163769.9389539
67030,49164363.28650294
67031,49164956.55476031
67032,49165549.73988126
67033,49166142.842261486
67034,49166735.86217227
67035,49167328.7986538
67036,49167921.65184217
67037,49168514.421895996
67038,49169107.1132654
67039,49169699.717336595
67040,49170292.23892632
67041,49170884.681588694
67042,49171477.03574044
67043,49172069.30902068
67044,49172661.498044536
67045,49173253.603547916
67046,49173845.62528956
67047,49174437.56348261
67048,49175029.42086438
67049,49175621.187843665
67050,49176212.875527576
67051,49176804.47763391
67052,49177395.99741686
67053,49177987.430578426
67054,49178578.7802124
67055,49179170.04660494
67056,49179761.22858994
67057,49180352.321863145
67058,49180943.332435116
67059,49181534.2605032
67060,49182125.102800965
67061,49182715.8582463
67062,49183306.53047546
67063,49183897.11546505
67064,49184487.61927292
67065,49185078.03296706
67066,49185668.36185128
67067,49186258.60598493
67068,49186848.7657339
67069,49187438.83909639
67070,49188028.82421364
67071,49188618.726677746
67072,49189208.5425086
67073,49189798.27105948
67074,49190387.91407761
67075,49190977.47134759
67076,49191566.93673244
67077,49192156.32353454
67078,49192745.61783537
67079,49193334.8303157
67080,49193923.95504427
67081,49194512.99011849
67082,49195101.938839115
67083,49195690.80305725
67084,49196279.577668324
67085,49196868.26576014
67086,49197456.868423805
67087,49198045.378014594
67088,49198633.80460736
67089,49199222.1437159
67090,49199810.39493583
67091,49200398.55532148
67092,49200986.63053122
67093,49201574.61753592
67094,49202162.51602366
67095,49202750.32726084
67096,49203338.04862398
67097,49203925.683064744
67098,49204513.22649053
67099,49205100.684560545
67100,49205688.052524254
67101,49206275.33266542
67102,49206862.524838924
67103,49207449.62484507
67104,49208036.635734215
67105,49208623.56050632
67106,49209210.394051485
67107,49209797.13869189
67108,49210383.794037916
67109,49210970.36003533
67110,49211556.83594473
67111,49212143.22259371
67112,49212729.52157953
67113,49213315.727745734
67114,49213901.845510855
67115,49214487.87164192
67116,49215073.8101369
67117,49215659.655670375
67118,49216245.41152847
67119,49216831.08051285
67120,49217416.654720865
67121,49218002.13916728
67122,49218587.53355861
67123,49219172.83687474
67124,49219758.05032923
67125,49220343.16991641
67126,49220928.20021914
67127,49221513.14153714
67128,49222097.9878289
67129,49222682.74446523
67130,49223267.41263567
67131,49223851.98572781
67132,49224436.46794395
67133,49225020.8571288
67134,49225605.15830995
67135,49226189.364693016
67136,49226773.47709728
67137,49227357.50102593
67138,49227941.43121927
67139,49228525.26980117
67140,49229109.01678015
67141,49229692.668694876
67142,49230276.23088627
67143,49230859.69634919
67144,49231443.07289912
67145,49232026.35571124
67146,49232609.54524227
67147,49233192.64245504
67148,49233775.64612129
67149,49234358.5565183
67150,49234941.37419729
67151,49235524.09767318
67152,49236106.72557877
67153,49236689.26379113
67154,49237271.70591576
67155,49237854.05646706
67156,49238436.31220251
67157,49239018.4730549
67158,49239600.54137926
67159,49240182.513346724
67160,49240764.39248038
67161,49241346.17524952
67162,49241927.86616175
67163,49242509.462507606
67164,49243090.96313207
67165,49243672.36825742
67166,49244253.67978335
67167,49244834.89554763
67168,49245416.01940352
67169,49245997.04460343
67170,49246577.9777437
67171,49247158.81397702
67172,49247739.55430505
67173,49248320.199864805
67174,49248900.75033826
67175,49249481.2046895
67176,49250061.55980535
67177,49250641.82542138
67178,49251221.99197376
67179,49251802.06255046
67180,49252382.03739941
67181,49252961.915093586
67182,49253541.695212245
67183,49254121.3828287
67184,49254700.970962256
67185,49255280.463932715
67186,49255859.86279319
67187,49256439.16056962
67188,49257018.36393226
67189,49257597.46928219
67190,49258176.47920307
67191,49258755.38940419
67192,49259334.20298277
67193,49259912.92200442
67194,49260491.53956713
67195,49261070.06253147
67196,49261648.48707296
67197,49262226.81211377
67198,49262805.04328297
67199,49263383.17485626
67200,49263961.20554817
67201,49264539.14183755
67202,49265116.98012729
67203,49265694.71590154
67204,49266272.358561784
67205,49266849.89866395
67206,49267427.34305386
67207,49268004.688009545
67208,49268581.93318365
67209,49269159.080792814
67210,49269736.13007988
67211,49270313.080992416
67212,49270889.93048048
67213,49271466.67957175
67214,49272043.33362232
67215,49272619.88578428
67216,49273196.3382446
67217,49273772.69202927
67218,49274348.94691411
67219,49274925.0990625
67220,49275501.15438011
67221,49276077.1083555
67222,49276652.96316378
67223,49277228.718649045
67224,49277804.3725267
67225,49278379.92701555
67226,49278955.377572164
67227,49279530.73255874
67228,49280105.98515302
67229,49280681.13538797
67230,49281256.187345855
67231,49281831.138169385
67232,49282405.98772292
67233,49282980.73592292
67234,49283555.380646214
67235,49284129.927804224
67236,49284704.371403724
67237,49285278.71601498
67238,49285852.957172506
67239,49286427.096962884
67240,49287001.13904859
67241,49287575.071338125
67242,49288148.90700391
67243,49288722.6401581
67244,49289296.27063182
67245,49289869.79928875
67246,49290443.225250676
67247,49291016.54840526
67248,49291589.77014895
67249,49292162.88835277
67250,49292735.9045129
67251,49293308.817464836
67252,49293881.63028734
67253,49294454.33841556
67254,49295026.9415384
67255,49295599.4437705
67256,49296171.84398534
67257,49296744.13876687
67258,49297316.330423966
67259,49297888.41822527
67260,49298460.40219289
67261,49299032.28351854
67262,49299604.06173734
67263,49300175.73557055
67264,49300747.30386132
67265,49301318.7717494
67266,49301890.133465484
67267,49302461.39019474
67268,49303032.54394198
67269,49303603.591715775
67270,49304174.53549874
67271,49304745.37483759
67272,49305316.109352484
67273,49305886.739775196
67274,49306457.26398492
67275,49307027.68522873
67276,49307597.99937828
67277,49308168.20983441
67278,49308738.3167133
67279,49309308.316183984
67280,49309878.20825578
67281,49310447.99853507
67282,49311017.68003586
67283,49311587.25721355
67284,49312156.73072343
67285,49312726.0937976
67286,49313295.35267922
67287,49313864.50729581
67288,49314433.5546811
67289,49315002.49596511
67290,49315571.3293127
67291,49316140.05962649
67292,49316708.68286666
67293,49317277.19632666
67294,49317845.60412498
67295,49318413.90650849
67296,49318982.10048882
67297,49319550.18803066
67298,49320118.16834359
67299,49320686.04189496
67300,49321253.807223886
67301,49321821.46457599
67302,49322389.01914154
67303,49322956.46133673
67304,49323523.79595117
67305,49324091.025088415
67306,49324658.143836945
67307,49325225.15762871
67308,49325792.06223035
67309,49326358.85862514
67310,49326925.54603661
67311,49327492.12483139
67312,49328058.597183526
67313,49328624.95823619
67314,49329191.2131128
67315,49329757.35741547
67316,49330323.394915745
67317,49330889.32383824
67318,49331455.14179866
67319,49332020.85155979
67320,49332586.452200025
67321,49333151.94220806
67322,49333717.32324676
67323,49334282.594664074
67324,49334847.758294374
67325,49335412.812725425
67326,49335977.75408142
67327,49336542.589979604
67328,49337107.314073585
67329,49337671.925788075
67330,49338236.43190597
67331,49338800.824088186
67332,49339365.10607214
67333,49339929.27883394
67334,49340493.34281838
67335,49341057.29474056
67336,49341621.1357637
67337,49342184.86718557
67338,49342748.48573485
67339,49343311.99367698
67340,49343875.39148852
67341,49344438.6793156
67342,49345001.85231855
67343,49345564.91748966
67344,49346127.87002016
67345,49346690.711821854
67346,49347253.44030052
67347,49347816.05693452
67348,49348378.56400444
67349,49348940.958578154
67350,49349503.240077004
67351,49350065.411050454
67352,49350627.46650892
67353,49351189.41327107
67354,49351751.24670539
67355,49352312.96830683
67356,49352874.576739654
67357,49353436.071547374
67358,49353997.454128936
67359,49354558.724834725
67360,49355119.880759425
67361,49355680.92566734
67362,49356241.85789271
67363,49356802.675658435
67364,49357363.37934716
67365,49357923.97056113
67366,49358484.44841258
67367,49359044.81279227
67368,49359605.06432925
67369,49360165.202297084
67370,49360725.22549314
67371,49361285.132392034
67372,49361844.92876086
67373,49362404.60971016
67374,49362964.17642489
67375,49363523.627714336
67376,49364082.96602699
67377,49364642.190698415
67378,49365201.29896593
67379,49365760.29375774
67380,49366319.17219575
67381,49366877.93739406
67382,49367436.586262584
67383,49367995.1225187
67384,49368553.54141554
67385,49369111.84629666
67386,49369670.03459582
67387,49370228.10870034
67388,49370786.06824927
67389,49371343.90828338
67390,49371901.63595163
67391,49372459.245650396
67392,49373016.74113001
67393,49373574.12069669
67394,49374131.38338442
67395,49374688.53049153
67396,49375245.56118525
67397,49375802.47495671
67398,49376359.272816665
67399,49376915.95316174
67400,49377472.516626656
67401,49378028.96582307
67402,49378585.295475274
67403,49379141.510458246
67404,49379697.60539685
67405,49380253.58606996
67406,49380809.44830107
67407,49381365.19465034
67408,49381920.82155189
67409,49382476.33249677
67410,49383031.725168005
67411,49383587.00146589
67412,49384142.158267334
67413,49384697.1975808
67414,49385252.11884995
67415,49385806.92155135
67416,49386361.60678725
67417,49386916.17504974
67418,49387470.62213652
67419,49388024.95386691
67420,49388579.16584803
67421,49389133.2575549
67422,49389687.23342921
67423,49390241.08921297
67424,49390794.82811451
67425,49391348.44388854
67426,49391901.94351813
67427,49392455.322680324
67428,49393008.58281591
67429,49393561.72435179
67430,49394114.74358852
67431,49394667.646905616
67432,49395220.429596886
67433,49395773.09093957
67434,49396325.6346135
67435,49396878.05759035
67436,49397430.36014806
67437,49397982.54214042
67438,49398534.60478243
67439,49399086.547427274
67440,49399638.369954094
67441,49400190.07100231
67442,49400741.65186679
67443,49401293.11152552
67444,49401844.450240836
67445,49402395.669240564
67446,49402946.7662288
67447,49403497.74050227
67448,49404048.598845944
67449,49404599.33269557
67450,49405149.94696225
67451,49405700.43776442
67452,49406250.80738737
67453,49406801.05414001
67454,49407351.1826864
67455,49407901.186540425
67456,49408451.06888609
67457,49409000.82932232
67458,49409550.46823642
67459,49410099.98525168
67460,49410649.378835365
67461,49411198.65189758
67462,49411747.80124085
67463,49412296.82909552
67464,49412845.73262491
67465,49413394.5125871
67466,49413943.17290747
67467,49414491.707978256
67468,49415040.12138879
67469,49415588.41081372
67470,49416136.58042027
67471,49416684.62126958
67472,49417232.5422194
67473,49417780.337607265
67474,49418328.010524355
67475,49418875.559445634
67476,49419422.984632865
67477,49419970.286206916
67478,49420517.46486014
67479,49421064.51798713
67480,49421611.448801234
67481,49422158.25244703
67482,49422704.93326256
67483,49423251.4900338
67484,49423797.92254236
67485,49424344.22939125
67486,49424890.41326143
67487,49425436.47234218
67488,49425982.4035463
67489,49426528.2110866
67490,49427073.8916203
67491,49427619.45274983
67492,49428164.88507585
67493,49428710.19251268
67494,49429255.3734561
67495,49429800.42785097
67496,49430345.35834029
67497,49430890.1629916
67498,49431434.84311648
67499,49431979.39537302
67500,49432523.8239612
67501,49433068.12345503
67502,49433612.29842847
67503,49434156.34745515
67504,49434700.268764675
67505,49435244.06390841
67506,49435787.73200536
67507,49436331.27708522
67508,49436874.69081006
67509,49437417.9800718
67510,49437961.14186111
67511,49438504.17490776
67512,49439047.084858194
67513,49439589.86635104
67514,49440132.5189589
67515,49440675.04326126
67516,49441217.442821115
67517,49441759.71055928
67518,49442301.85595562
67519,49442843.86943269
67520,49443385.7582885
67521,49443927.51653522
67522,49444469.14640363
67523,49445010.65079832
67524,49445552.02523702
67525,49446093.271807015
67526,49446634.38865353
67527,49447175.37763158
67528,49447716.240130246
67529,49448256.97143638
67530,49448797.57524231
67531,49449338.04947596
67532,49449878.394872956
67533,49450418.611925304
67534,49450958.69745223
67535,49451498.653912775
67536,49452038.48241027
67537,49452578.18169115
67538,49453117.75141951
67539,49453657.19215004
67540,49454196.50043562
67541,49454735.68220907
67542,49455274.732305676
67543,49455813.650937796
67544,49456352.44097388
67545,49456891.0994949
67546,49457429.63092498
67547,49457968.02748367
67548,49458506.29769169
67549,49459044.43322493
67550,49459582.44197026
67551,49460120.31872848
67552,49460658.063924134
67553,49461195.67697425
67554,49461733.16052738
67555,49462270.5145273
67556,49462807.73341818
67557,49463344.823036276
67558,49463881.78315158
67559,49464418.6081852
67560,49464955.30316132
67561,49465491.868297964
67562,49466028.29723708
67563,49466564.59666081
67564,49467100.765074275
67565,49467636.80032945
67566,49468172.70272621
67567,49468708.475229934
67568,49469244.1129766
67569,49469779.61908799
67570,49470314.992511325
67571,49470850.23229857
67572,49471385.340599895
67573,49471920.315056756
67574,49472455.16005525
67575,49472989.868157566
67576,49473524.44525838
67577,49474058.88669564
67578,49474593.19785705
67579,49475127.37124224
67580,49475661.41647452
67581,49476195.324467525
67582,49476729.09850897
67583,49477262.738633014
67584,49477796.24963673
67585,49478329.62382887
67586,49478862.86253626
67587,49479395.96854975
67588,49479928.93960884
67589,49480461.77608351
67590,49480994.47940883
67591,49481527.04485598
67592,49482059.47968434
67593,49482591.77879588
67594,49483123.94137543
67595,49483655.97087295
67596,49484187.863229424
67597,49484719.62317121
67598,49485251.245870024
67599,49485782.73428155
67600,49486314.08819693
67601,49486845.30321498
67602,49487376.38566831
67603,49487907.33360399
67604,49488438.14308612
67605,49488968.81702207
67606,49489499.35677724
67607,49490029.757752016
67608,49490560.02412109
67609,49491090.15522912
67610,49491620.14915636
67611,49492150.005997404
67612,49492679.72741543
67613,49493209.31335171
67614,49493738.75962791
67615,49494268.06937217
67616,49494797.24452372
67617,49495326.27938227
67618,49495855.18304728
67619,49496383.94301997
67620,49496912.569928244
67621,49497441.058049425
67622,49497969.40782841
67623,49498497.62309316
67624,49499025.69940494
67625,49499553.634428
67626,49500081.43589764
67627,49500609.096296825
67628,49501136.62269786
67629,49501664.00863361
67630,49502191.25617707
67631,49502718.363022834
67632,49503245.335267425
67633,49503772.16793746
67634,49504298.86195764
67635,49504825.419307455
67636,49505351.83283729
67637,49505878.11285793
67638,49506404.25208886
67639,49506930.25048156
67640,49507456.11239728
67641,49507981.83381784
67642,49508507.41526987
67643,49509032.85938175
67644,49509558.1609993
67645,49510083.32627959
67646,49510608.34927681
67647,49511133.233000845
67648,49511657.97737537
67649,49512182.580522865
67650,49512707.04579318
67651,49513231.36911501
67652,49513755.554328
67653,49514279.598440364
67654,49514803.50103015
67655,49515327.26235644
67656,49515850.88466974
67657,49516374.3663529
67658,49516897.70672864
67659,49517420.90744727
67660,49517943.9648387
67661,49518466.88166925
67662,49518989.65773809
67663,49519512.29211162
67664,49520034.785904825
67665,49520557.13859242
67666,49521079.347571105
67667,49521601.41742891
67668,49522123.343894735
67669,49522645.13085704
67670,49523166.7726271
67671,49523688.2738153
67672,49524209.63165659
67673,49524730.85077787
67674,49525251.92430334
67675,49525772.85723162
67676,49526293.64524883
67677,49526814.29239738
67678,49527334.7953016
67679,49527855.160003364
67680,49528375.37713392
67681,49528895.45425196
67682,49529415.38461071
67683,49529935.17483384
67684,49530454.82150134
67685,49530974.32363582
67686,49531493.682327725
67687,49532012.898003675
67688,49532531.97031875
67689,49533050.9017995
67690,49533569.68315303
67691,49534088.322522
67692,49534606.82127415
67693,49535125.17389102
67694,49535643.381988145
67695,49536161.44583233
67696,49536679.365949035
67697,49537197.14019903
67698,49537714.77402529
67699,49538232.258558385
67700,49538749.59974259
67701,49539266.79713822
67702,49539783.85031677
67703,49540300.75368839
67704,49540817.51575
67705,49541334.132374495
67706,49541850.603075325
67707,49542366.92868933
67708,49542883.10859741
67709,49543399.141565
67710,49543915.031775296
67711,49544430.77328562
67712,49544946.37061602
67713,49545461.82191394
67714,49545977.12548441
67715,49546492.285364494
67716,49547007.29803154
67717,49547522.16164956
67718,49548036.88463361
67719,49548551.455566205
67720,49549065.88318143
67721,49549580.16423721
67722,49550094.29634452
67723,49550608.28280248
67724,49551122.121938944
67725,49551635.812304914
67726,49552149.356536135
67727,49552662.75547841
67728,49553176.005886376
67729,49553689.108914435
67730,49554202.063661635
67731,49554714.86979832
67732,49555227.530824386
67733,49555740.03964949
67734,49556252.40688774
67735,49556764.620554894
67736,49557276.68823285
67737,49557788.61110793
67738,49558300.379836015
67739,49558812.0022722
67740,49559323.475618824
67741,49559834.802860975
67742,49560345.98016626
67743,49560857.00719096
67744,49561367.884684294
67745,49561878.61877578
67746,49562389.198110685
67747,49562899.630178526
67748,49563409.913290545
67749,49563920.046009056
67750,49564430.03213493
67751,49564939.86609919
67752,49565449.55074336
67753,49565959.087727144
67754,49566468.47006211
67755,49566977.70747008
67756,49567486.78939941
67757,49567995.72759975
67758,49568504.51435571
67759,49569013.14590415
67760,49569521.63307588
67761,49570029.964054845
67762,49570538.150955364
67763,49571046.18119657
67764,49571554.062943086
67765,49572061.79432752
67766,49572569.375133514
67767,49573076.804153636
67768,49573584.08232911
67769,49574091.209551446
67770,49574598.185013145
67771,49575105.00890862
67772,49575611.68108592
67773,49576118.202985615
67774,49576624.57227169
67775,49577130.789779164
67776,49577636.855125256
67777,49578142.76813913
67778,49578648.530545786
67779,49579154.139675125
67780,49579659.59511472
67781,49580164.90306212
67782,49580670.054764554
67783,49581175.054392606
67784,49581679.90221834
67785,49582184.59549829
67786,49582689.13935742
67787,49583193.528041005
67788,49583697.761506304
67789,49584201.84477429
67790,49584705.77563042
67791,49585209.551467456
67792,49585713.17409161
67793,49586216.64396681
67794,49586719.95750876
67795,49587223.12065436
67796,49587726.129418015
67797,49588228.985381335
67798,49588731.68312399
67799,49589234.232085615
67800,49589736.62402807
67801,49590238.86333616
67802,49590740.94745943
67803,49591242.87790831
67804,49591744.65009422
67805,49592246.2709094
67806,49592747.73755409
67807,49593249.04990772
67808,49593750.20505126
67809,49594251.205866404
67810,49594752.053069055
67811,49595252.74237414
67812,49595753.27961725
67813,49596253.66051486
67814,49596753.88352093
67815,49597253.95148708
67816,49597753.86691971
67817,49598253.62643683
67818,49598753.22749208
67819,49599252.671922356
67820,49599751.96486837
67821,49600251.09859975
67822,49600750.07682307
67823,49601248.898694545
67824,49601747.562382735
67825,49602246.07287924
67826,49602744.42350871
67827,49603242.61865066
67828,49603740.65793224
67829,49604238.54153996
67830,49604736.26558754
67831,49605233.83559166
67832,49605731.246226095
67833,49606228.49956371
67834,49606725.59673679
67835,49607222.533243924
67836,49607719.316939324
67837,49608215.94052874
67838,49608712.404967144
67839,49609208.71402712
67840,49609704.865222126
67841,49610200.857860535
67842,49610696.69261352
67843,49611192.36848793
67844,49611687.88879167
67845,49612183.24594211
67846,49612678.44740057
67847,49613173.49056365
67848,49613668.37514914
67849,49614163.100633785
67850,49614657.66978013
67851,49615152.07529202
67852,49615646.324682444
67853,49616140.41330486
67854,49616634.344677135
67855,49617128.11704928
67856,49617621.729058765
67857,49618115.18182793
67858,49618608.472753175
67859,49619101.60633235
67860,49619594.581332564
67861,49620087.394160554
67862,49620580.04786113
67863,49621072.54222195
67864,49621564.8762185
67865,49622057.04789938
67866,49622549.061563015
67867,49623040.914214425
67868,49623532.60553849
67869,49624024.13839151
67870,49624515.50845535
67871,49625006.71911637
67872,49625497.76902897
67873,49625988.65694326
67874,49626479.383026436
67875,49626969.950206
67876,49627460.35498616
67877,49627950.597794145
67878,49628440.67956939
67879,49628930.60113925
67880,49629420.35852277
67881,49629909.95607512
67882,49630399.39127758
67883,49630888.66486795
67884,49631377.777127646
67885,49631866.72810913
67886,49632355.51492639
67887,49632844.14041899
67888,49633332.60130593
67889,49633820.90006624
67890,49634309.03908645
67891,49634797.0157704
67892,49635284.82646699
67893,49635772.476221696
67894,49636259.962483555
67895,49636747.286828324
67896,49637234.44727855
67897,49637721.44200711
67898,49638208.274931505
67899,49638694.94842574
67900,49639181.45447756
67901,49639667.79868165
67902,49640153.9774045
67903,49640639.99409421
67904,49641125.84546233
67905,49641611.53294456
67906,49642097.0572827
67907,49642582.41738121
67908,49643067.61379282
67909,49643552.64430992
67910,49644037.51028402
67911,49644522.21537585
67912,49645006.75176507
67913,49645491.12585109
67914,49645975.331634074
67915,49646459.37581612
67916,49646943.25461681
67917,49647426.968359634
67918,49647910.51391597
67919,49648393.89677982
67920,49648877.115449145
67921,49649360.168675646
67922,49649843.053926036
67923,49650325.775300175
67924,49650808.330571875
67925,49651290.718955785
67926,49651772.94458994
67927,49652254.99965632
67928,49652736.88960245
67929,49653218.61569828
67930,49653700.17456362
67931,49654181.567897215
67932,49654662.79379134
67933,49655143.85341863
67934,49655624.74730612
67935,49656105.47128563
67936,49656586.031074576
67937,49657066.42180656
67938,49657546.64751776
67939,49658026.70471786
67940,49658506.595523596
67941,49658986.31912023
67942,49659465.87579985
67943,49659945.26311174
67944,49660424.483852655
67945,49660903.53726695
67946,49661382.42308323
67947,49661861.13816127
67948,49662339.6891979
67949,49662818.06893407
67950,49663296.28471847
67951,49663774.328631565
67952,49664252.206048906
67953,49664729.91123949
67954,49665207.45227634
67955,49665684.82422198
67956,49666162.02693403
67957,49666639.05923714
67958,49667115.92290078
67959,49667592.618491694
67960,49668069.14405059
67961,49668545.50369117
67962,49669021.69072631
67963,49669497.70835986
67964,49669973.558071256
67965,49670449.236835495
67966,49670924.74640034
67967,49671400.08594553
67968,49671875.256112434
67969,49672350.25743699
67970,49672825.088272974
67971,49673299.7469278
67972,49673774.23628636
67973,49674248.5575293
67974,49674722.70574281
67975,49675196.68201418
67976,49675670.49152621
67977,49676144.12999391
67978,49676617.59524483
67979,49677090.8917169
67980,49677564.01508111
67981,49678036.969508514
67982,49678509.75126922
67983,49678982.362308726
67984,49679454.80262066
67985,49679927.072652034
67986,49680399.16906418
67987,49680871.09594118
67988,49681342.84681456
67989,49681814.430141896
67990,49682285.84078524
67991,49682757.077849835
67992,49683228.143579505
67993,49683699.03609019
67994,49684169.75744666
67995,49684640.30516663
67996,49685110.679821566
67997,49685580.88654381
67998,49686050.91657221
67999,49686520.77555202
68000,49686990.460755974
68001,49687459.97457735
68002,49687929.31369768
68003,49688398.48167801
68004,49688867.47300677
68005,49689336.29391235
68006,49689804.94014166
68007,49690273.413145214
68008,49690741.71288143
68009,49691209.840316765
68010,49691677.79170273
68011,49692145.5685988
68012,49692613.172678486
68013,49693080.60268629
68014,49693547.85961555
68015,49694014.93977348
68016,49694481.84852901
68017,49694948.58215313
68018,49695415.13955045
68019,49695881.52420631
68020,49696347.73361236
68021,49696813.765964195
68022,49697279.62741698
68023,49697745.311247244
68024,49698210.822967134
68025,49698676.15555593
68026,49699141.31340832
68027,49699606.296117425
68028,49700071.10603663
68029,49700535.73999518
68030,49701000.19504468
68031,49701464.477189384
68032,49701928.58301106
68033,49702392.51243237
68034,49702856.26519847
68035,49703319.84189321
68036,49703783.24343829
68037,49704246.467478916
68038,49704709.51606762
68039,49705172.38997926
68040,49705635.08472802
68041,49706097.603414655
68042,49706559.94438139
68043,49707022.111411795
68044,49707484.098148674
68045,49707945.909636386
68046,49708407.54465823
68047,49708868.999529645
68048,49709330.279053494
68049,49709791.38274298
68050,49710252.307034686
68051,49710713.05347329
68052,49711173.62016493
68053,49711634.01504562
68054,49712094.22669786
68055,49712554.26229349
68056,49713014.12016974
68057,49713473.79850598
68058,49713933.30200054
68059,49714392.623683445
68060,49714851.76849744
68061,49715310.7327746
68062,49715769.52165797
68063,49716228.13049491
68064,49716686.55738102
68065,49717144.80820599
68066,49717602.88019904
68067,49718060.77450682
68068,49718518.487152085
68069,49718976.021011874
68070,49719433.37617709
68071,49719890.55300506
68072,49720347.545028344
68073,49720804.362510175
68074,49721260.99604131
68075,49721717.45608017
68076,49722173.73318142
68077,49722629.82828029
68078,49723085.7456108
68079,49723541.4795783
68080,49723997.03744109
68081,49724452.414863914
68082,49724907.60697954
68083,49725362.62214338
68084,49725817.45481929
68085,49726272.10849414
68086,49726726.581467226
68087,49727180.8720392
68088,49727634.981364
68089,49728088.91022644
68090,49728542.65678215
68091,49728996.22530651
68092,49729449.60991505
68093,49729902.811267704
68094,49730355.83444275
68095,49730808.67337692
68096,49731261.332085155
68097,49731713.80969605
68098,49732166.10423131
68099,49732618.21623042
68100,49733070.14535338
68101,49733521.89392319
68102,49733973.458169326
68103,49734424.84272149
68104,49734876.04243143
68105,49735327.05981697
68106,49735777.894672915
68107,49736228.54836473
68108,49736679.016915396
68109,49737129.302916974
68110,49737579.406162426
68111,49738029.3254637
68112,49738479.06363335
68113,49738928.61712949
68114,49739377.98525809
68115,49739827.17199043
68116,49740276.17408094
68117,49740724.99583907
68118,49741173.63030775
68119,49741622.08190474
68120,49742070.34949559
68121,49742518.43125914
68122,49742966.32948132
68123,49743414.044141844
68124,49743861.573297665
68125,49744308.918632
68126,49744756.07991247
68127,49745203.05629332
68128,49745649.84630771
68129,49746096.453282684
68130,49746542.874831624
68131,49746989.11131106
68132,49747435.164627284
68133,49747881.02977451
68134,49748326.71069409
68135,49748772.20661353
68136,49749217.516870275
68137,49749662.64069948
68138,49750107.58036444
68139,49750552.33144261
68140,49750996.89837697
68141,49751441.27835825
68142,49751885.47176711
68143,49752329.48225916
68144,49752773.305290654
68145,49753216.93956584
68146,49753660.38922031
68147,49754103.65356294
68148,49754546.72878042
68149,49754989.61739528
68150,49755432.320019074
68151,49755874.83736783
68152,49756317.16529791
68153,49756759.30689116
68154,49757201.2600611
68155,49757643.02902587
68156,49758084.60930009
68157,49758526.00014152
68158,49758967.20557411
68159,49759408.221750215
68160,49759849.05198166
68161,49760289.693257615
68162,49760730.14580769
68163,49761170.40945214
68164,49761610.48803349
68165,49762050.37820412
68166,49762490.07945008
68167,49762929.5902549
68168,49763368.915991604
68169,49763808.05132915
68170,49764246.99702982
68171,49764685.75290635
68172,49765124.323586285
68173,49765562.70219783
68174,49766000.89293992
68175,49766438.89562566
68176,49766876.70799038
68177,49767314.331063606
68178,49767751.76487376
68179,49768189.008239694
68180,49768626.06130503
68181,49769062.92957838
68182,49769499.60203801
68183,49769936.086747885
68184,49770372.381282985
68185,49770808.487599194
68186,49771244.4022523
68187,49771680.12659183
68188,49772115.66233956
68189,49772551.00516921
68190,49772986.15660994
68191,49773421.12217294
68192,49773855.890316755
68193,49774290.47261771
68194,49774724.861980245
68195,49775159.06204053
68196,49775593.07015538
68197,49776026.88575211
68198,49776460.51256489
68199,49776893.94567363
68200,49777327.18941343
68201,49777760.23978413
68202,49778193.0976182
68203,49778625.76661789
68204,49779058.240536645
68205,49779490.52548054
68206,49779922.617012665
68207,49780354.51546829
68208,49780786.22126435
68209,49781217.73969093
68210,49781649.06117481
68211,49782080.190814614
68212,49782511.12825327
68213,49782941.873959295
68214,49783372.42713629
68215,49783802.78494389
68216,49784232.95052949
68217,49784662.92350657
68218,49785092.70348813
68219,49785522.28877584
68220,49785951.683679186
68221,49786380.88166431
68222,49786809.889770776
68223,49787238.7015917
68224,49787667.321950905
68225,49788095.74668228
68226,49788523.97726898
68227,49788952.01393621
68228,49789379.85966586
68229,49789807.50716926
68230,49790234.96379161
68231,49790662.221254155
68232,49791089.28821022
68233,49791516.15764194
68234,49791942.837437056
68235,49792369.31957303
68236,49792795.605356775
68237,49793221.69761467
68238,49793647.59517504
68239,49794073.29751249
68240,49794498.804183364
68241,49794924.117523015
68242,49795349.23228839
68243,49795774.151699096
68244,49796198.87860903
68245,49796623.407957345
68246,49797047.74101239
68247,49797471.88051148
68248,49797895.82045746
68249,49798319.56879166
68250,49798743.11827828
68251,49799166.471429005
68252,49799589.62821516
68253,49800012.58886133
68254,49800435.35567208
68255,49800857.92236585
68256,49801280.29217804
68257,49801702.46826007
68258,49802124.445544675
68259,49802546.22781497
68260,49802967.80951946
68261,49803389.197292805
68262,49803810.38523636
68263,49804231.37608227
68264,49804652.17211842
68265,49805072.769728824
68266,49805493.16867122
68267,49805913.36962731
68268,49806333.374062814
68269,49806753.1790984
68270,49807172.78689026
68271,49807592.19514085
68272,49808011.408463076
68273,49808430.423135445
68274,49808849.235014886
68275,49809267.851916075
68276,49809686.27093971
68277,49810104.4893181
68278,49810522.51204086
68279,49810940.33149485
68280,49811357.95685911
68281,49811775.38113656
68282,49812192.60564773
68283,49812609.63068201
68284,49813026.45758602
68285,49813443.08291343
68286,49813859.511879444
68287,49814275.73899371
68288,49814691.768843904
68289,49815107.597260386
68290,49815523.22450002
68291,49815938.65449297
68292,49816353.88334319
68293,49816768.911170065
68294,49817183.740153186
68295,49817598.36882879
68296,49818012.79565422
68297,49818427.02253335
68298,49818841.05037725
68299,49819254.8776922
68300,49819668.50135225
68301,49820081.92559258
68302,49820495.14864339
68303,49820908.173035935
68304,49821320.99407694
68305,49821733.613144726
68306,49822146.031273544
68307,49822558.24862234
68308,49822970.2644171
68309,49823382.07903561
68310,49823793.6915347
68311,49824205.102141574
68312,49824616.312904
68313,49825027.32031569
68314,49825438.12252246
68315,49825848.72576894
68316,49826259.12587547
68317,49826669.32528691
68318,49827079.32034308
68319,49827489.112843424
68320,49827898.70610213
68321,49828308.09280425
68322,49828717.27640316
68323,49829126.26106184
68324,49829535.037594706
68325,49829943.61546376
68326,49830351.99020362
68327,49830760.15732728
68328,49831168.12348644
68329,49831575.88680972
68330,49831983.44819352
68331,49832390.80313611
68332,49832797.95318177
68333,49833204.902075894
68334,49833611.64692879
68335,49834018.18580724
68336,49834424.52123821
68337,49834830.65539852
68338,49835236.58248654
68339,49835642.305583954
68340,49836047.825193465
68341,49836453.137203455
68342,49836858.24772737
68343,49837263.15546323
68344,49837667.85342187
68345,49838072.34858204
68346,49838476.63813783
68347,49838880.72115448
68348,49839284.60193445
68349,49839688.27812341
68350,49840091.74573383
68351,49840495.0096872
68352,49840898.06815325
68353,49841300.91922049
68354,49841703.565488786
68355,49842106.00747831
68356,49842508.24189322
68357,49842910.27122584
68358,49843312.09216878
68359,49843713.70944443
68360,49844115.12073025
68361,49844516.32664047
68362,49844917.32096601
68363,49845318.11207588
68364,49845718.69576478
68365,49846119.07266426
68366,49846519.24327542
68367,49846919.20489375
68368,49847318.961698756
68369,49847718.51136096
68370,49848117.851959124
68371,49848516.98784023
68372,49848915.91254638
68373,49849314.63481305
68374,49849713.14577827
68375,49850111.450848
68376,49850509.54758092
68377,49850907.436536446
68378,49851305.11595837
68379,49851702.58644722
68380,49852099.85074538
68381,49852496.90731135
68382,49852893.757016316
68383,49853290.39416587
68384,49853686.82608476
68385,49854083.04801486
68386,49854479.06219733
68387,49854874.8671401
68388,49855270.462204784
68389,49855665.84960094
68390,49856061.02529976
68391,49856455.99584208
68392,49856850.75410089
68393,49857245.30451222
68394,49857639.64356123
68395,49858033.77280378
68396,49858427.696654364
68397,49858821.40724523
68398,49859214.91016382
68399,49859608.201038286
68400,49860001.28521159
68401,49860394.155070394
68402,49860786.81489502
68403,49861179.264614716
68404,49861571.50600384
68405,49861963.53614077
68406,49862355.35619559
68407,49862746.96557239
68408,49863138.36424714
68409,49863529.5526936
68410,49863920.52690476
68411,49864311.29181706
68412,49864701.848348096
68413,49865092.19195023
68414,49865482.32192546
68415,49865872.2438599
68416,49866261.95250451
68417,49866651.44736166
68418,49867040.734097436
68419,49867429.80815728
68420,49867818.67266637
68421,49868207.32128156
68422,49868595.75832407
68423,49868983.98405196
68424,49869371.996875696
68425,49869759.800891
68426,49870147.38919018
68427,49870534.76588206
68428,49870921.92785123
68429,49871308.881060734
68430,49871695.61849676
68431,49872082.14354719
68432,49872468.457364365
68433,49872854.55517339
68434,49873240.44292782
68435,49873626.115619555
68436,49874011.57676256
68437,49874396.822963625
68438,49874781.85502875
68439,49875166.67447734
68440,49875551.28035373
68441,49875935.67151285
68442,49876319.84858701
68443,49876703.81282842
68444,49877087.56192902
68445,49877471.09975292
68446,49877854.42065078
68447,49878237.52691053
68448,49878620.41925277
68449,49879003.09832908
68450,49879385.56017399
68451,49879767.8092995
68452,49880149.84432468
68453,49880531.66586422
68454,49880913.267965116
68455,49881294.65670623
68456,49881675.82918499
68457,49882056.78799203
68458,49882437.5334931
68459,49882818.05943701
68460,49883198.37219001
68461,49883578.469297886
68462,49883958.34914693
68463,49884338.014102414
68464,49884717.46201861
68465,49885096.69565894
68466,49885475.71449903
68467,49885854.514325134
68468,49886233.1000057
68469,49886611.465955965
68470,49886989.62009363
68471,49887367.55443016
68472,49887745.27154064
68473,49888122.775944
68474,49888500.0583816
68475,49888877.12891707
68476,49889253.97884489
68477,49889630.61191502
68478,49890007.03139061
68479,49890383.22939105
68480,49890759.212262206
68481,49891134.976067886
68482,49891510.52244083
68483,49891885.851150736
68484,49892260.96345468
68485,49892635.85757203
68486,49893010.534064285
68487,49893384.99066803
68488,49893759.231270716
68489,49894133.25392214
68490,49894507.05558699
68491,49894880.63826154
68492,49895254.00657573
68493,49895627.15416195
68494,49896000.08319066
68495,49896372.79202076
68496,49896745.285339475
68497,49897117.5570329
68498,49897489.61092438
68499,49897861.44631451
68500,49898233.059671134
68501,49898604.4561841
68502,49898975.6324839
68503,49899346.589423925
68504,49899717.326461636
68505,49900087.844151296
68506,49900458.144080505
68507,49900828.219983235
68508,49901198.07872219
68509,49901567.71655459
68510,49901937.13438157
68511,49902306.33241719
68512,49902675.30860945
68513,49903044.067534804
68514,49903412.60159793
68515,49903780.918139875
68516,49904149.012214206
68517,49904516.88861241
68518,49904884.54023518
68519,49905251.974387646
68520,49905619.18531519
68521,49905986.175495796
68522,49906352.94546439
68523,49906719.49143961
68524,49907085.81978275
68525,49907451.92268723
68526,49907817.80665048
68527,49908183.46747332
68528,49908548.90794045
68529,49908914.12409373
68530,49909279.12100196
68531,49909643.89464471
68532,49910008.4466358
68533,49910372.77592829
68534,49910736.8816434
68535,49911100.76835774
68536,49911464.42901617
68537,49911827.86920929
68538,49912191.08391422
68539,49912554.07865625
68540,49912916.85115314
68541,49913279.399729565
68542,49913641.72346264
68543,49914003.82472697
68544,49914365.702270605
68545,49914727.35929726
68546,49915088.79053126
68547,49915449.99606219
68548,49915810.981247686
68549,49916171.744178444
68550,49916532.2800346
68551,49916892.59296521
68552,49917252.683046326
68553,49917612.54855523
68554,49917972.19052848
68555,49918331.60489941
68556,49918690.79841247
68557,49919049.76475941
68558,49919408.50855806
68559,49919767.02787556
68560,49920125.321447074
68561,49920483.389319606
68562,49920841.23538169
68563,49921198.85479179
68564,49921556.25050029
68565,49921913.41727004
68566,49922270.36085402
68567,49922627.07924914
68568,49922983.5703892
68569,49923339.83771548
68570,49923695.88054499
68571,49924051.69421427
68572,49924407.28543988
68573,49924762.65021635
68574,49925117.789858595
68575,49925472.70114595
68576,49925827.38521496
68577,49926181.84625675
68578,49926536.080070995
68579,49926890.08692706
68580,49927243.86742708
68581,49927597.42110008
68582,49927950.74725273
68583,49928303.84711945
68584,49928656.719891764
68585,49929009.36651425
68586,49929361.783790946
68587,49929713.97608415
68588,49930065.94001022
68589,49930417.678184114
68590,49930769.18706104
68591,49931120.47033957
68592,49931471.52373001
68593,49931822.35134701
68594,49932172.94694052
68595,49932523.3191712
68596,49932873.46364816
68597,49933223.37743749
68598,49933573.064976975
68599,49933922.52238132
68600,49934271.75101982
68601,49934620.75509283
68602,49934969.52541275
68603,49935318.0694471
68604,49935666.38637726
68605,49936014.47116785
68606,49936362.328373194
68607,49936709.957460016
68608,49937057.35849182
68609,49937404.530046545
68610,49937751.46884711
68611,49938098.179661915
68612,49938444.66368179
68613,49938790.91431882
68614,49939136.93731144
68615,49939482.73123674
68616,49939828.29517773
68617,49940173.62738404
68618,49940518.73020485
68619,49940863.60600464
68620,49941208.245923035
68621,49941552.65863952
68622,49941896.84102026
68623,49942240.79368162
68624,49942584.51380642
68625,49942928.005563855
68626,49943271.26440649
68627,49943614.292998254
68628,49943957.09067036
68629,49944299.658087105
68630,49944641.99431271
68631,49944984.09836608
68632,49945325.971860304
68633,49945667.6126789
68634,49946009.023072794
68635,49946350.20253596
68636,49946691.14973821
68637,49947031.864979014
68638,49947372.34779701
68639,49947712.59996857
68640,49948052.6193905
68641,49948392.406583115
68642,49948731.961169854
68643,49949071.285146475
68644,49949410.37501675
68645,49949749.23218466
68646,49950087.85813004
68647,49950426.25031499
68648,49950764.41077505
68649,49951102.33921452
68650,49951440.03199758
68651,49951777.49307248
68652,49952114.72218339
68653,49952451.71569376
68654,49952788.47720447
68655,49953125.00485635
68656,49953461.29877073
68657,49953797.36045799
68658,49954133.188886344
68659,49954468.77926639
68660,49954804.13967059
68661,49955139.26486193
68662,49955474.156516165
68663,49955808.81588762
68664,49956143.23768582
68665,49956477.427429065
68666,49956811.38049202
68667,49957145.1004671
68668,49957478.58545593
68669,49957811.83859811
68670,49958144.85383426
68671,49958477.63305037
68672,49958810.18132938
68673,49959142.49096735
68674,49959474.567582235
68675,49959806.40784964
68676,49960138.01171994
68677,49960469.38227205
68678,49960800.51889531
68679,49961131.417329505
68680,49961462.07853365
68681,49961792.50715363
68682,49962122.698255524
68683,49962452.65517992
68684,49962782.37335317
68685,49963111.85617115
68686,49963441.10482793
68687,49963770.116110764
68688,49964098.88973435
68689,49964427.427829385
68690,49964755.72738494
68691,49965083.79194042
68692,49965411.61973105
68693,49965739.21312806
68694,49966066.5657288
68695,49966393.683932714
68696,49966720.56235727
68697,49967047.20556386
68698,49967373.61007242
68699,49967699.7784382
68700,49968025.70744081
68701,49968351.401623495
68702,49968676.85664119
68703,49969002.072682515
68704,49969327.054265894
68705,49969651.795921676
68706,49969976.29814327
68707,49970300.56291881
68708,49970624.59294307
68709,49970948.380236536
68710,49971271.92795625
68711,49971595.24176122
68712,49971918.31479771
68713,49972241.14929926
68714,49972563.74691713
68715,49972886.10301219
68716,49973208.22137196
68717,49973530.09952852
68718,49973851.740311116
68719,49974173.13964653
68720,49974494.30149467
68721,49974815.22358025
68722,49975135.90479949
68723,49975456.34606284
68724,49975776.54952008
68725,49976096.51680499
68726,49976416.23855926
68727,49976735.72206582
68728,49977054.96620235
68729,49977373.96693213
68730,49977692.73038116
68731,49978011.25273049
68732,49978329.53851247
68733,49978647.57697864
68734,49978965.38046063
68735,49979282.9390959
68736,49979600.25961636
68737,49979917.33971477
68738,49980234.17669031
68739,49980550.77318823
68740,49980867.13136885
68741,49981183.24182153
68742,49981499.115949996
68743,49981814.74841614
68744,49982130.140104
68745,49982445.28730171
68746,49982760.19583969
68747,49983074.85844657
68748,49983389.28475399
68749,49983703.465985045
68750,49984017.40346092
68751,49984331.10181323
68752,49984644.55666746
68753,49984957.77016281
68754,49985270.741245516
68755,49985583.46727833
68756,49985895.95362265
68757,49986208.19611469
68758,49986520.19584349
68759,49986831.95416628
68760,49987143.466916285
68761,49987454.73654737
68762,49987765.766378105
68763,49988076.551899746
68764,49988387.09178747
68765,49988697.39094778
68766,49989007.443633676
68767,49989317.25534304
68768,49989626.8205698
68769,49989936.144963846
68770,49990245.22533044
68771,49990554.06147595
68772,49990862.65285318
68773,49991171.001182646
68774,49991479.10164393
68775,49991786.96360767
68776,49992094.57599308
68777,49992401.945560485
68778,49992709.073331326
68779,49993015.95201962
68780,49993322.59062536
68781,49993628.97826092
68782,49993935.12597969
68783,49994241.028875485
68784,49994546.68481395
68785,49994852.09244044
68786,49995157.26004316
68787,49995462.17923242
68788,49995766.855846435
68789,49996071.28494694
68790,49996375.468173556
68791,49996679.40608737
68792,49996983.09702226
68793,49997286.54338594
68794,49997589.745158926
68795,49997892.69746059
68796,49998195.40503217
68797,49998497.86810188
68798,49998800.080756254
68799,49999102.05191211
68800,49999403.77392854
68801,49999705.246623114
68802,50000006.47708747
68803,50000307.45569584
68804,50000608.1927233
68805,50000908.67935897
68806,50001208.92151083
68807,50001508.914759964
68808,50001808.66031947
68809,50002108.15827517
68810,50002407.41158842
68811,50002706.41438321
68812,50003005.16980071
68813,50003303.678348415
68814,50003601.939289436
68815,50003899.95188845
68816,50004197.71688951
68817,50004495.2340263
68818,50004792.50241751
68819,50005089.52116163
68820,50005386.29345932
68821,50005682.816017896
68822,50005979.09206404
68823,50006275.11670783
68824,50006570.89421821
68825,50006866.42250565
68826,50007161.70251368
68827,50007456.7332021
68828,50007751.5153803
68829,50008046.047447726
68830,50008340.32924687
68831,50008634.362764016
68832,50008928.14673148
68833,50009221.68256989
68834,50009514.966777906
68835,50009808.00424068
68836,50010100.787147276
68837,50010393.324259385
68838,50010685.60980031
68839,50010977.645220876
68840,50011269.428659946
68841,50011560.96391223
68842,50011852.24848619
68843,50012143.28432819
68844,50012434.0660754
68845,50012724.59899263
68846,50013014.882594615
68847,50013304.912097216
68848,50013594.69482154
68849,50013884.22255485
68850,50014173.501851216
68851,50014462.53081933
68852,50014751.30525323
68853,50015039.830914706
68854,50015328.10518009
68855,50015616.124669924
68856,50015903.89620314
68857,50016191.41519219
68858,50016478.67984484
68859,50016765.69506045
68860,50017052.46057141
68861,50017338.96860109
68862,50017625.22803323
68863,50017911.23275676
68864,50018196.98804076
68865,50018482.491230935
68866,50018767.74052581
68867,50019052.736867785
68868,50019337.4798504
68869,50019621.96983582
68870,50019906.20947461
68871,50020190.193804376
68872,50020473.924767315
68873,50020757.40538877
68874,50021040.63237928
68875,50021323.60464384
68876,50021606.323720485
68877,50021888.78835051
68878,50022170.99902821
68879,50022452.95877057
68880,50022734.66278587
68881,50023016.11296479
68882,50023297.31052175
68883,50023578.25290102
68884,50023858.94027989
68885,50024139.37446532
68886,50024419.553897426
68887,50024699.48082225
68888,50024979.15249516
68889,50025258.56743625
68890,50025537.72872856
68891,50025816.6373027
68892,50026095.29053061
68893,50026373.68815248
68894,50026651.82985647
68895,50026929.7153491
68896,50027207.34634384
68897,50027484.724397354
68898,50027761.84487343
68899,50028038.71041876
68900,50028315.32262224
68901,50028591.676550895
68902,50028867.77449639
68903,50029143.61661781
68904,50029419.203647494
68905,50029694.53300272
68906,50029969.61039123
68907,50030244.429242715
68908,50030518.98949336
68909,50030793.295564726
68910,50031067.34663561
68911,50031341.13824686
68912,50031614.675971255
68913,50031887.95358187
68914,50032160.97675437
68915,50032433.743371725
68916,50032706.25131135
68917,50032978.50294073
68918,50033250.497421145
68919,50033522.23574911
68920,50033793.715882435
68921,50034064.93782462
68922,50034335.901503965
68923,50034606.61080676
68924,50034877.05920966
68925,50035147.25170888
68926,50035417.18317125
68927,50035686.861441314
68928,50035956.27763381
68929,50036225.437126316
68930,50036494.33927744
68931,50036762.97977637
68932,50037031.3666933
68933,50037299.4920553
68934,50037567.361117475
68935,50037834.96863923
68936,50038102.31724307
68937,50038369.40841761
68938,50038636.23876651
68939,50038902.81659722
68940,50039169.12545237
68941,50039435.18196049
68942,50039700.97845375
68943,50039966.51496875
68944,50040231.79158215
68945,50040496.806353495
68946,50040761.563939646
68947,50041026.060335755
68948,50041290.29641938
68949,50041554.27430489
68950,50041817.99096004
68951,50042081.45018099
68952,50042344.64648363
68953,50042607.583282486
68954,50042870.26038021
68955,50043132.67569786
68956,50043394.83127034
68957,50043656.72690281
68958,50043918.358016804
68959,50044179.7298042
68960,50044440.84302174
68961,50044701.69428818
68962,50044962.28470227
68963,50045222.6135523
68964,50045482.679025516
68965,50045742.4847506
68966,50046002.03172248
68967,50046261.31350399
68968,50046520.3347092
68969,50046779.094044685
68970,50047037.59151739
68971,50047295.826809496
68972,50047553.79997575
68973,50047811.51169286
68974,50048068.963753685
68975,50048326.150465615
68976,50048583.07429113
68977,50048839.735539556
68978,50049096.13586545
68979,50049352.2709309
68980,50049608.147678986
68981,50049863.757952616
68982,50050119.106812574
68983,50050374.192504294
68984,50050629.01475184
68985,50050883.57508561
68986,50051137.87196495
68987,50051391.90396337
68988,50051645.672467545
68989,50051899.177100554
68990,50052152.42035174
68991,50052405.39867203
68992,50052658.11421327
68993,50052910.56349696
68994,50053162.7500304
68995,50053414.67392881
68996,50053666.333108686
68997,50053917.726656005
68998,50054168.85745202
68999,50054419.72077106
69000,50054670.3235714
69001,50054920.65826751
69002,50055170.73397975
69003,50055420.53963874
69004,50055670.0808019
69005,50055919.355976336
69006,50056168.36832392
69007,50056417.11857952
69008,50056665.59728894
69009,50056913.815397486
69010,50057161.76777078
69011,50057409.45161388
69012,50057656.87029483
69013,50057904.02402876
69014,50058150.91474454
69015,50058397.53596987
69016,50058643.89385376
69017,50058889.98354027
69018,50059135.80864593
69019,50059381.36711839
69020,50059626.659576744
69021,50059871.68486856
69022,50060116.445196636
69023,50060360.93865502
69024,50060605.16339749
69025,50060849.123383746
69026,50061092.814729154
69027,50061336.2397258
69028,50061579.400322475
69029,50061822.2923376
69030,50062064.91390239
69031,50062307.27281466
69032,50062549.36307135
69033,50062791.18521589
69034,50063032.739089385
69035,50063274.02685667
69036,50063515.04715282
69037,50063755.79698303
69038,50063996.28312437
69039,50064236.495929666
69040,50064476.445896074
69041,50064716.12457684
69042,50064955.535287715
69043,50065194.67690667
69044,50065433.554462194
69045,50065672.158350244
69046,50065910.496666744
69047,50066148.565891474
69048,50066386.36774598
69049,50066623.89609127
69050,50066861.15862328
69051,50067098.15206811
69052,50067334.875719965
69053,50067571.329570845
69054,50067807.51723634
69055,50068043.43131067
69056,50068279.078773364
69057,50068514.45504627
69058,50068749.56195094
69059,50068984.401145644
69060,50069218.96805939
69061,50069453.263380855
69062,50069687.29361286
69063,50069921.050330326
69064,50070154.536814846
69065,50070387.756521724
69066,50070620.70158982
69067,50070853.378941976
69068,50071085.78537516
69069,50071317.91934951
69070,50071549.78425217
69071,50071781.37691288
69072,50072012.70138553
69073,50072243.75179449
69074,50072474.53312641
69075,50072705.04353666
69076,50072935.278363094
69077,50073165.24636526
69078,50073394.94227755
69079,50073624.36645338
69080,50073853.51920353
69081,50074082.40036987
69082,50074311.00717458
69083,50074539.34461081
69084,50074767.410859875
69085,50074995.20294629
69086,50075222.72163403
69087,50075449.97004542
69088,50075676.9475131
69089,50075903.65231833
69090,50076130.08356625
69091,50076356.240820386
69092,50076582.12838337
69093,50076807.74121508
69094,50077033.08027396
69095,50077258.14820642
69096,50077482.94128784
69097,50077707.463349715
69098,50077931.710760385
69099,50078155.68590774
69100,50078379.39056279
69101,50078602.81644255
69102,50078825.96946975
69103,50079048.85241698
69104,50079271.45930797
69105,50079493.79240769
69106,50079715.8506269
69107,50079937.637408465
69108,50080159.146885544
69109,50080380.385798335
69110,50080601.34864609
69111,50080822.03610121
69112,50081042.448663965
69113,50081262.59036432
69114,50081482.453794196
69115,50081702.04476224
69116,50081921.36049467
69117,50082140.39942794
69118,50082359.16784653
69119,50082577.656061456
69120,50082795.87069217
69121,50083013.812384754
69122,50083231.477634326
69123,50083448.8633054
69124,50083665.97777897
69125,50083882.81658468
69126,50084099.38199784
69127,50084315.66616534
69128,50084531.67907303
69129,50084747.412739635
69130,50084962.87000801
69131,50085178.05516105
69132,50085392.96121472
69133,50085607.59035998
69134,50085821.94450497
69135,50086036.021590486
69136,50086249.82293263
69137,50086463.348487854
69138,50086676.59446445
69139,50086889.56616984
69140,50087102.260207325
69141,50087314.67664944
69142,50087526.81481336
69143,50087738.679729395
69144,50087950.263105065
69145,50088161.57163586
69146,50088372.60225362
69147,50088583.35565924
69148,50088793.83115105
69149,50089004.02940291
69150,50089213.948277965
69151,50089423.58936826
69152,50089632.95570191
69153,50089842.040190235
69154,50090050.848241374
69155,50090259.37703134
69156,50090467.62845512
69157,50090675.603646666
69158,50090883.29521959
69159,50091090.71117693
69160,50091297.84908259
69161,50091504.70824694
69162,50091711.28650065
69163,50091917.58649677
69164,50092123.608440846
69165,50092329.351723775
69166,50092534.81442112
69167,50092740.00164334
69168,50092944.90602873
69169,50093149.53037903
69170,50093353.875209376
69171,50093557.94119558
69172,50093761.72840057
69173,50093965.23365966
69174,50094168.459257245
69175,50094371.408769354
69176,50094574.07371262
69177,50094776.46091975
69178,50094978.56735849
69179,50095180.38951628
69180,50095381.9357415
69181,50095583.20120619
69182,50095784.18611385
69183,50095984.89004445
69184,50096185.311803654
69185,50096385.45503473
69186,50096585.31527503
69187,50096784.89514719
69188,50096984.19303088
69189,50097183.211166486
69190,50097381.947400495
69191,50097580.40290539
69192,50097778.57399887
69193,50097976.467826605
69194,50098174.075633615
69195,50098371.404841885
69196,50098568.452890016
69197,50098765.21611568
69198,50098961.69964938
69199,50099157.899278276
69200,50099353.81919783
69201,50099549.45477899
69202,50099744.80848627
69203,50099939.88094909
69204,50100134.66907583
69205,50100329.175346166
69206,50100523.39945097
69207,50100717.34025212
69208,50100910.995909765
69209,50101104.37245004
69210,50101297.46394583
69211,50101490.27348232
69212,50101682.79631269
69213,50101875.0390217
69214,50102066.998224296
69215,50102258.675041854
69216,50102450.064991266
69217,50102641.17320956
69218,50102831.99678628
69219,50103022.53863261
69220,50103212.794974595
69221,50103402.766188264
69222,50103592.454017684
69223,50103781.859974556
69224,50103970.97957286
69225,50104159.81389661
69226,50104348.36629786
69227,50104536.632746086
69228,50104724.615212195
69229,50104912.31198956
69230,50105099.723162025
69231,50105286.85020762
69232,50105473.69547625
69233,50105660.25037449
69234,50105846.52132954
69235,50106032.50899269
69236,50106218.20988392
69237,50106403.62942961
69238,50106588.76082599
69239,50106773.604462534
69240,50106958.16214178
69241,50107142.43871744
69242,50107326.425901875
69243,50107510.1286504
69244,50107693.543968394
69245,50107876.6718411
69246,50108059.51753603
69247,50108242.07268226
69248,50108424.34445505
69249,50108606.33078913
69250,50108788.02872157
69251,50108969.43814069
69252,50109150.562569916
69253,50109331.40155199
69254,50109511.95444858
69255,50109692.21694268
69256,50109872.19560047
69257,50110051.88279152
69258,50110231.286303006
69259,50110410.40023553
69260,50110589.2274642
69261,50110767.76751957
69262,50110946.02143832
69263,50111123.98731308
69264,50111301.662857816
69265,50111479.05391769
69266,50111656.155697584
69267,50111832.96807655
69268,50112009.49276225
69269,50112185.728789076
69270,50112361.679496884
69271,50112537.33741126
69272,50112712.711053886
69273,50112887.7925015
69274,50113062.58743961
69275,50113237.09441765
69276,50113411.31235348
69277,50113585.24092637
69278,50113758.879212245
69279,50113932.22900507
69280,50114105.28968762
69281,50114278.0629866
69282,50114450.54542382
69283,50114622.73799559
69284,50114794.64166857
69285,50114966.256923534
69286,50115137.58061284
69287,50115308.61268754
69288,50115479.359642595
69289,50115649.814847186
69290,50115819.97732901
69291,50115989.85366458
69292,50116159.44008781
69293,50116328.731641516
69294,50116497.73462507
69295,50116666.44799921
69296,50116834.8709213
69297,50117003.00126712
69298,50117170.84255236
69299,50117338.39496824
69300,50117505.65427476
69301,50117672.62362923
69302,50117839.300256625
69303,50118005.68703807
69304,50118171.78307921
69305,50118337.58369577
69306,50118503.09748179
69307,50118668.31879765
69308,50118833.24849542
69309,50118997.8848929
69310,50119162.23129405
69311,50119326.286944285
69312,50119490.04881552
69313,50119653.515639976
69314,50119816.696179196
69315,50119979.582037196
69316,50120142.17475796
69317,50120304.47665057
69318,50120466.485850096
69319,50120628.20229399
69320,50120789.62517187
69321,50120950.75649265
69322,50121111.59382882
69323,50121272.13661553
69324,50121432.39087271
69325,50121592.34882103
69326,50121752.016057566
69327,50121911.38838235
69328,50122070.46770877
69329,50122229.25302729
69330,50122387.74589776
69331,50122545.945453145
69332,50122703.849413805
69333,50122861.461132154
69334,50123018.77758553
69335,50123175.803274125
69336,50123332.53136134
69337,50123488.968207
69338,50123645.11023994
69339,50123800.95788564
69340,50123956.50901348
69341,50124111.768233694
69342,50124266.73134269
69343,50124421.398599446
69344,50124575.77340149
69345,50124729.85535896
69346,50124883.64041446
69347,50125037.12691842
69348,50125190.32410028
69349,50125343.2236271
69350,50125495.826923124
69351,50125648.13599083
69352,50125800.149387255
69353,50125951.866700396
69354,50126103.290176146
69355,50126254.418879375
69356,50126405.24904368
69357,50126555.78551124
69358,50126706.022244714
69359,50126855.96815362
69360,50127005.61587265
69361,50127154.963689774
69362,50127304.02072475
69363,50127452.78019849
69364,50127601.243328705
69365,50127749.40629974
69366,50127897.27811472
69367,50128044.84952444
69368,50128192.12366468
69369,50128339.10437901
69370,50128485.787458904
69371,50128632.16955532
69372,50128778.25708611
69373,50128924.04695803
69374,50129069.54286072
69375,50129214.73602556
69376,50129359.63405299
69377,50129504.23511257
69378,50129648.53820116
69379,50129792.543587886
69380,50129936.25091991
69381,50130079.66063898
69382,50130222.7731621
69383,50130365.58796406
69384,50130508.10106339
69385,50130650.317953125
69386,50130792.238456264
69387,50130933.85912441
69388,50131075.18209538
69389,50131216.20534173
69390,50131356.92705558
69391,50131497.35259451
69392,50131637.48226648
69393,50131777.31042002
69394,50131916.84052932
69395,50132056.06950567
69396,50132194.99942959
69397,50132333.632638946
69398,50132471.9628039
69399,50132609.99866013
69400,50132747.73020053
69401,50132885.1628498
69402,50133022.29665786
69403,50133159.13190913
69404,50133295.66593025
69405,50133431.90020996
69406,50133567.83332804
69407,50133703.46863693
69408,50133838.803569004
69409,50133973.83562824
69410,50134108.569891624
69411,50134243.003532276
69412,50134377.13526132
69413,50134510.964993104
69414,50134644.49736465
69415,50134777.72853096
69416,50134910.65668279
69417,50135043.285496265
69418,50135175.61235197
69419,50135307.63612887
69420,50135439.363696516
69421,50135570.78648731
69422,50135701.90685009
69423,50135832.72882533
69424,50135963.24620898
69425,50136093.46338008
69426,50136223.37794782
69427,50136352.99133317
69428,50136482.30411186
69429,50136611.31328662
69430,50136740.01952709
69431,50136868.4266502
69432,50136996.52982217
69433,50137124.330262475
69434,50137251.82846016
69435,50137379.02425309
69436,50137505.91707072
69437,50137632.50761011
69438,50137758.79533565
69439,50137884.77894039
69440,50138010.45999672
69441,50138135.84027472
69442,50138260.91566976
69443,50138385.688318804
69444,50138510.15805057
69445,50138634.322538026
69446,50138758.184627816
69447,50138881.743860215
69448,50139004.99735959
69449,50139127.94968184
69450,50139250.59698389
69451,50139372.94150968
69452,50139494.97973701
69453,50139616.71577878
69454,50139738.146869175
69455,50139859.27163343
69456,50139980.09636265
69457,50140100.61524038
69458,50140220.82821846
69459,50140340.73826641
69460,50140460.344338536
69461,50140579.64382081
69462,50140698.63601092
69463,50140817.32873221
69464,50140935.713620916
69465,50141053.792958066
69466,50141171.565518916
69467,50141289.03819375
69468,50141406.20117895
69469,50141523.06058049
69470,50141639.61264248
69471,50141755.860502526
69472,50141871.80412421
69473,50141987.4409772
69474,50142102.76923224
69475,50142217.79552978
69476,50142332.511913404
69477,50142446.92410929
69478,50142561.02913762
69479,50142674.830770135
69480,50142788.32342178
69481,50142901.51036432
69482,50143014.39046654
69483,50143126.96356873
69484,50143239.23218681
69485,50143351.191701666
69486,50143462.84588904
69487,50143574.19048588
69488,50143685.23096403
69489,50143795.96501772
69490,50143906.38710084
69491,50144016.50494963
69492,50144126.31516549
69493,50144235.817367524
69494,50144345.01525141
69495,50144453.89882431
69496,50144562.47970483
69497,50144670.753375575
69498,50144778.71625259
69499,50144886.37303819
69500,50144993.72105107
69501,50145100.761428595
69502,50145207.49262048
69503,50145313.91542754
69504,50145420.03080885
69505,50145525.83686475
69506,50145631.3365172
69507,50145736.52335725
69508,50145841.404844336
69509,50145945.97671956
69510,50146050.2370776
69511,50146154.19087041
69512,50146257.838404514
69513,50146361.17110863
69514,50146464.19784636
69515,50146566.91436059
69516,50146669.32176325
69517,50146771.41917831
69518,50146873.20781805
69519,50146974.68534297
69520,50147075.854618385
69521,50147176.7117002
69522,50147277.262442395
69523,50147377.50175415
69524,50147477.43112773
69525,50147577.049868934
69526,50147676.3566159
69527,50147775.355740026
69528,50147874.04120402
69529,50147972.418758415
69530,50148070.48719734
69531,50148168.24135518
69532,50148265.68621263
69533,50148362.81973447
69534,50148459.6447561
69535,50148556.15534948
69536,50148652.35710704
69537,50148748.24462123
69538,50148843.82253445
69539,50148939.08965353
69540,50149034.04649341
69541,50149128.69140646
69542,50149223.022768095
69543,50149317.04343438
69544,50149410.75146431
69545,50149504.146863356
69546,50149597.23503094
69547,50149690.00648478
69548,50149782.467013806
69549,50149874.61580677
69550,50149966.44934967
69551,50150057.97429668
69552,50150149.18667298
69553,50150240.084594026
69554,50150330.670700416
69555,50150420.94536202
69556,50150510.904682726
69557,50150600.55452514
69558,50150689.88670021
69559,50150778.90906781
69560,50150867.617112264
69561,50150956.011178315
69562,50151044.0925207
69563,50151131.86197823
69564,50151219.31875692
69565,50151306.45775969
69566,50151393.28632625
69567,50151479.79945715
69568,50151566.000011265
69569,50151651.88709135
69570,50151737.45822372
69571,50151822.715568475
69572,50151907.661696136
69573,50151992.28913842
69574,50152076.60573597
69575,50152160.60446294
69576,50152244.29362685
69577,50152327.666745216
69578,50152410.72123762
69579,50152493.46260409
69580,50152575.8919204
69581,50152658.00383952
69582,50152739.803474724
69583,50152821.28322318
69584,50152902.449795045
69585,50152983.30348165
69586,50153063.84045917
69587,50153144.0603728
69588,50153223.967851974
69589,50153303.55709682
69590,50153382.83123503
69591,50153461.79074693
69592,50153540.43275831
69593,50153618.75921788
69594,50153696.769225135
69595,50153774.465003
69596,50153851.846707106
69597,50153928.9065676
69598,50154005.65147671
69599,50154082.08328166
69600,50154158.19496377
69601,50154233.99168951
69602,50154309.47136544
69603,50154384.63549289
69604,50154459.478734255
69605,50154534.01063256
69606,50154608.2219995
69607,50154682.11629981
69608,50154755.69313975
69609,50154828.954237185
69610,50154901.897651814
69611,50154974.525095
69612,50155046.83286536
69613,50155118.82157019
69614,50155190.49679442
69615,50155261.85077884
69616,50155332.88747391
69617,50155403.60594404
69618,50155474.00683487
69619,50155544.091021836
69620,50155613.85572662
69621,50155683.30152858
69622,50155752.431238264
69623,50155821.240037926
69624,50155889.73150401
69625,50155957.90474774
69626,50156025.75838432
69627,50156093.291030705
69628,50156160.50963136
69629,50156227.40615889
69630,50156293.98390407
69631,50156360.24349865
69632,50156426.18302707
69633,50156491.804054365
69634,50156557.10512523
69635,50156622.087592304
69636,50156686.74758817
69637,50156751.09189211
69638,50156815.11455737
69639,50156878.81992099
69640,50156942.1989177
69641,50157005.26504089
69642,50157068.00775102
69643,50157130.43115415
69644,50157192.53279832
69645,50157254.31612694
69646,50157315.77813546
69647,50157376.92324562
69648,50157437.74057329
69649,50157498.24064043
69650,50157558.423255816
69651,50157618.2806309
69652,50157677.81895259
69653,50157737.03675307
69654,50157795.931842834
69655,50157854.506355844
69656,50157912.760701776
69657,50157970.69222489
69658,50158028.302728325
69659,50158085.59298788
69660,50158142.55957098
69661,50158199.20803866
69662,50158255.5326583
69663,50158311.53671856
69664,50158367.217318855
69665,50158422.57616019
69666,50158477.61453807
69667,50158532.3278725
69668,50158586.71989374
69669,50158640.788891286
69670,50158694.53947696
69671,50158747.964967385
69672,50158801.06930919
69673,50158853.84756035
69674,50158906.30685078
69675,50158958.438492194
69676,50159010.25166886
69677,50159061.742379524
69678,50159112.9086652
69679,50159163.74916503
69680,50159214.26966386
69681,50159264.46683988
69682,50159314.339655004
69683,50159363.88978893
69684,50159413.11609871
69685,50159462.01622057
69686,50159510.59654263
69687,50159558.850182176
69688,50159606.78216055
69689,50159654.38831846
69690,50159701.672776
69691,50159748.6310709
69692,50159795.26406776
69693,50159841.573655106
69694,50159887.56242182
69695,50159933.22196351
69696,50159978.55896021
69697,50160023.57256885
69698,50160068.25835781
69699,50160112.622340724
69700,50160156.66004387
69701,50160200.37286796
69702,50160243.76202637
69703,50160286.8240529
69704,50160329.5621131
69705,50160371.973139785
69706,50160414.059546605
69707,50160455.82273318
69708,50160497.257006854
69709,50160538.367961
69710,50160579.1528146
69711,50160619.61038602
69712,50160659.74328177
69713,50160699.55071433
69714,50160739.03262995
69715,50160778.18701139
69716,50160817.01388793
69717,50160855.51948376
69718,50160893.69383159
69719,50160931.542496674
69720,50160969.06570181
69721,50161006.26192877
69722,50161043.13141501
69723,50161079.67578618
69724,50161115.89296432
69725,50161151.779094025
69726,50161187.34113684
69727,50161222.5763779
69728,50161257.48276842
69729,50161292.065070406
69730,50161326.317764625
69731,50161360.24331789
69732,50161393.83937841
69733,50161427.10942235
69734,50161460.0540768
69735,50161492.6700906
69736,50161524.95477757
69737,50161556.91663681
69738,50161588.54660076
69739,50161619.84913184
69740,50161650.82491213
69741,50161681.47012829
69742,50161711.78713103
69743,50161741.78068288
69744,50161771.44071631
69745,50161800.77273071
69746,50161829.77687755
69747,50161858.45191746
69748,50161886.798727795
69749,50161914.816424966
69750,50161942.505667925
69751,50161969.86363134
69752,50161996.89343759
69753,50162023.594865695
69754,50162049.96942873
69755,50162076.00925852
69756,50162101.7221299
69757,50162127.10451305
69758,50162152.15986532
69759,50162176.88260026
69760,50162201.274470344
69761,50162225.33951868
69762,50162249.072821364
69763,50162272.47738152
69764,50162295.55156146
69765,50162318.292686656
69766,50162340.70728137
69767,50162362.78871338
69768,50162384.54303853
69769,50162405.96411112
69770,50162427.05201606
69771,50162447.812996924
69772,50162468.24207188
69773,50162488.341737986
69774,50162508.10949473
69775,50162527.546305954
69776,50162546.65043536
69777,50162565.42432838
69778,50162583.867505774
69779,50162601.981581256
69780,50162619.75664216
69781,50162637.20443827
69782,50162654.32229422
69783,50162671.106894724
69784,50162687.55984667
69785,50162703.68164925
69786,50162719.46959227
69787,50162734.92721003
69788,50162750.05241324
69789,50162764.84511666
69790,50162779.30562222
69791,50162793.433603
69792,50162807.22846586
69793,50162820.69198845
69794,50162833.822576046
69795,50162846.621164486
69796,50162859.08354993
69797,50162871.21700333
69798,50162883.01613118
69799,50162894.48209599
69800,50162905.61496371
69801,50162916.41303378
69802,50162926.880833924
69803,50162937.013735026
69804,50162946.81368113
69805,50162956.27893701
69806,50162965.41091804
69807,50162974.211115435
69808,50162982.67377325
69809,50162990.80463291
69810,50162998.601838715
69811,50163006.06647284
69812,50163013.19434418
69813,50163019.98970755
69814,50163026.451685496
69815,50163032.57525161
69816,50163038.366422385
69817,50163043.82613278
69818,50163048.947050214
69819,50163053.73461522
69820,50163058.188820586
69821,50163062.30703561
69822,50163066.08973302
69823,50163069.539530866
69824,50163072.65146986
69825,50163075.42953497
69826,50163077.871353514
69827,50163079.978290886
69828,50163081.75309436
69829,50163083.18815343
69830,50163084.290359974
69831,50163085.05781941
69832,50163085.48599546
69833,50163085.579374105
69834,50163085.337681875
69835,50163084.761341214
69836,50163083.84315643
69837,50163082.594616935
69838,50163081.0097074
69839,50163079.085709095
69840,50163076.82738049
69841,50163074.229850516
69842,50163071.29696952
69843,50163068.03123746
69844,50163064.423788324
69845,50163060.482125506
69846,50163056.20289221
69847,50163051.587024026
69848,50163046.63273474
69849,50163041.34234764
69850,50163035.71486886
69851,50163029.74880242
69852,50163023.44819652
69853,50163016.80682482
69854,50163009.83121975
69855,50163002.51601072
69856,50162994.86041581
69857,50162986.8730583
69858,50162978.544256076
69859,50162969.87918733
69860,50162960.87539609
69861,50162951.53148166
69862,50162941.85125181
69863,50162931.830870524
69864,50162921.47489825
69865,50162910.78120805
69866,50162899.74552951
69867,50162888.37384379
69868,50162876.66161068
69869,50162864.61147967
69870,50162852.2233017
69871,50162839.49203105
69872,50162826.42853546
69873,50162813.020058066
69874,50162799.27721068
69875,50162785.1922047
69876,50162770.76831143
69877,50162756.007970005
69878,50162740.90515463
69879,50162725.46165849
69880,50162709.68272795
69881,50162693.55995327
69882,50162677.0976045
69883,50162660.29479055
69884,50162643.1555264
69885,50162625.67389088
69886,50162607.85282668
69887,50162589.69225785
69888,50162571.189478725
69889,50162552.349317044
69890,50162533.1649007
69891,50162513.64130782
69892,50162493.7792626
69893,50162473.57417085
69894,50162453.02986163
69895,50162432.14312615
69896,50162410.91457431
69897,50162389.348255366
69898,50162367.43792969
69899,50162345.18868768
69900,50162322.59638384
69901,50162299.6638727
69902,50162276.38979262
69903,50162252.77464897
69904,50162228.81594279
69905,50162204.51461631
69906,50162179.875612885
69907,50162154.89403798
69908,50162129.570511304
69909,50162103.90306409
69910,50162077.89512389
69911,50162051.54349791
69912,50162024.850537926
69913,50161997.814744316
69914,50161970.43830846
69915,50161942.71870327
69916,50161914.65333566
69917,50161886.24913226
69918,50161857.49960649
69919,50161828.4115637
69920,50161798.97627944
69921,50161769.19934655
69922,50161739.07844706
69923,50161708.616460025
69924,50161677.81050968
69925,50161646.6601306
69926,50161615.16861391
69927,50161583.331421025
69928,50161551.15300909
69929,50161518.62828039
69930,50161485.762432635
69931,50161452.55132732
69932,50161418.99722387
69933,50161385.09856507
69934,50161350.85596627
69935,50161316.26851854
69936,50161281.3390331
69937,50161246.06374111
69938,50161210.444739014
69939,50161174.48031768
69940,50161138.171917245
69941,50161101.518267855
69942,50161064.52115998
69943,50161027.179156974
69944,50160989.49359243
69945,50160951.45949818
69946,50160913.08254556
69947,50160874.36190694
69948,50160835.29417388
69949,50160795.88231019
69950,50160756.124714956
69951,50160716.021614835
69952,50160675.57312286
69953,50160634.77906316
69954,50160593.64012292
69955,50160552.15383594
69956,50160510.324938044
69957,50160468.146630116
69958,50160425.62521757
69959,50160382.75534259
69960,50160339.54218441
69961,50160295.98015976
69962,50160252.07176268
69963,50160207.821724206
69964,50160163.218782365
69965,50160118.2721245
69966,50160072.979100585
69967,50160027.34024152
69968,50159981.351912305
69969,50159935.020209074
69970,50159888.33820291
69971,50159841.312656
69972,50159793.93964465
69973,50159746.21661836
69974,50159698.14950238
69975,50159649.73109374
69976,50159600.96891673
69977,50159551.85763602
69978,50159502.40255761
69979,50159452.5944176
69980,50159402.44065799
69981,50159351.939760886
69982,50159301.09088278
69983,50159249.89342995
69984,50159198.347522266
69985,50159146.45688288
69986,50159094.21526967
69987,50159041.62491065
69988,50158988.68692153
69989,50158935.400509626
69990,50158881.76499879
69991,50158827.78148022
69992,50158773.45157848
69993,50158718.76981793
69994,50158663.73826088
69995,50158608.36064674
69996,50158552.634123825
69997,50158496.55749226
69998,50158440.1320111
69999,50158383.35514699
70000,50158326.23281427
70001,50158268.76010236
70002,50158210.93452646
70003,50158152.76528843
70004,50158094.24178882
70005,50158035.36979137
70006,50157976.14718656
70007,50157916.576111674
70008,50157856.65505575
70009,50157796.38268687
70010,50157735.76239262
70011,50157674.7902457
70012,50157613.470007285
70013,50157551.79414125
70014,50157489.77440056
70015,50157427.40065773
70016,50157364.67804396
70017,50157301.60616971
70018,50157238.18054373
70019,50157174.40262805
70020,50157110.27631131
70021,50157045.79807353
70022,50156980.97013655
70023,50156915.79128166
70024,50156850.25829259
70025,50156784.37895702
70026,50156718.1447327
70027,50156651.55968166
70028,50156584.62267094
70029,50156517.33326849
70030,50156449.69539438
70031,50156381.70252
70032,50156313.35777659
70033,50156244.66425875
70034,50156175.61574368
70035,50156106.21695125
70036,50156036.46676758
70037,50155966.36221745
70038,50155895.90626833
70039,50155825.09905608
70040,50155753.93474753
70041,50155682.42469932
70042,50155610.55766842
70043,50155538.33869478
70044,50155465.767186604
70045,50155392.84346267
70046,50155319.56650653
70047,50155245.93488185
70048,50155171.95152268
70049,50155097.61562611
70050,50155022.923022225
70051,50154947.88178833
70052,50154872.48573646
70053,50154796.734601974
70054,50154720.63058005
70055,50154644.17385726
70056,50154567.36232408
70057,50154490.19775233
70058,50154412.67872529
70059,50154334.807990074
70060,50154256.578472525
70061,50154177.99950414
70062,50154099.062934145
70063,50154019.77441498
70064,50153940.1309409
70065,50153860.13358699
70066,50153779.77969132
70067,50153699.07154402
70068,50153618.00996965
70069,50153536.59502834
70070,50153454.82164304
70071,50153372.6936263
70072,50153290.21301143
70073,50153207.37637356
70074,50153124.185748965
70075,50153040.636803076
70076,50152956.735214256
70077,50152872.47824477
70078,50152787.86459346
70079,50152702.89626219
70080,50152617.57199225
70081,50152531.89202981
70082,50152445.85507773
70083,50152359.465131536
70084,50152272.71618921
70085,50152185.61308606
70086,50152098.152162954
70087,50152010.33751724
70088,50151922.16551681
70089,50151833.63688029
70090,50151744.751170695
70091,50151655.511696875
70092,50151565.9132027
70093,50151475.957884565
70094,50151385.64655484
70095,50151294.97784105
70096,50151203.952950895
70097,50151112.573064834
70098,50151020.832245216
70099,50150928.73924575
70100,50150836.28200481
70101,50150743.47294175
70102,50150650.30485504
70103,50150556.779289976
70104,50150462.89477705
70105,50150368.65452555
70106,50150274.05795368
70107,50150179.100850776
70108,50150083.789377615
70109,50149988.11633697
70110,50149892.087228656
70111,50149795.69928788
70112,50149698.953478426
70113,50149601.851071075
70114,50149504.38834536
70115,50149406.566754796
70116,50149308.388165444
70117,50149209.85102576
70118,50149110.953011036
70119,50149011.69712586
70120,50148912.085543364
70121,50148812.1137051
70122,50148711.77929438
70123,50148611.089955635
70124,50148510.04079823
70125,50148408.631381445
70126,50148306.86431205
70127,50148204.73612628
70128,50148102.25031598
70129,50147999.40526384
70130,50147896.196880385
70131,50147792.63266212
70132,50147688.710177064
70133,50147584.42323705
70134,50147479.776891485
70135,50147374.77515565
70136,50147269.41039182
70137,50147163.68600652
70138,50147057.60113923
70139,50146951.1573319
70140,50146844.35000881
70141,50146737.18486874
70142,50146629.658300295
70143,50146521.772621706
70144,50146413.52529915
70145,50146304.91675638
70146,50146195.9496083
70147,50146086.61820857
70148,50145976.928163424
70149,50145866.87425074
70150,50145756.4615623
70151,50145645.69018411
70152,50145534.55153414
70153,50145423.05700335
70154,50145311.19945517
70155,50145198.97978458
70156,50145086.395884156
70157,50144973.4543512
70158,50144860.15082115
70159,50144746.48463452
70160,50144632.45569596
70161,50144518.064862534
70162,50144403.31310232
70163,50144288.198460564
70164,50144172.72134723
70165,50144056.88353255
70166,50143940.684575364
70167,50143824.118916914
70168,50143707.19165029
70169,50143589.9041917
70170,50143472.2550081
70171,50143354.23768161
70172,50143235.862455316
70173,50143117.12348544
70174,50142998.01893027
70175,50142878.55454019
70176,50142758.72459137
70177,50142638.532233715
70178,50142517.978759035
70179,50142397.06128098
70180,50142275.7769595
70181,50142154.132305644
70182,50142032.12299922
70183,50141909.74981488
70184,50141787.01233493
70185,50141663.91157313
70186,50141540.44745462
70187,50141416.61976363
70188,50141292.42716151
70189,50141167.86994062
70190,50141042.950186625
70191,50140917.664773986
70192,50140792.016623095
70193,50140666.001892745
70194,50140539.62482901
70195,50140412.88132314
70196,50140285.77303432
70197,50140158.30105719
70198,50140030.46395003
70199,50139902.26221353
70200,50139773.695391044
70201,50139644.76250562
70202,50139515.46550929
70203,50139385.803443015
70204,50139255.772664
70205,50139125.3831013
70206,50138994.62307908
70207,50138863.49970856
70208,50138732.009688295
70209,50138600.15580827
70210,50138467.93502765
70211,50138335.34700565
70212,50138202.39422855
70213,50138069.07551681
70214,50137935.39070855
70215,50137801.34075761
70216,50137666.9255861
70217,50137532.13893263
70218,50137396.989834756
70219,50137261.47213703
70220,50137125.589424856
70221,50136989.33975812
70222,50136852.72604108
70223,50136715.74257651
70224,50136578.39183052
70225,50136440.67586508
70226,50136302.59287079
70227,50136164.14269693
70228,50136025.32416779
70229,50135886.138896346
70230,50135746.58787854
70231,50135606.665844426
70232,50135466.377970815
70233,50135325.7265731
70234,50135184.7026948
70235,50135043.31463419
70236,50134901.557619214
70237,50134759.43212867
70238,50134616.933933504
70239,50134474.076436676
70240,50134330.84575923
70241,50134187.248113975
70242,50134043.283425584
70243,50133898.94842665
70244,50133754.247438
70245,50133609.17720468
70246,50133463.736358404
70247,50133317.929002374
70248,50133171.75159773
70249,50133025.20718879
70250,50132878.2939792
70251,50132731.00991272
70252,50132583.357347555
70253,50132435.33768754
70254,50132286.94575055
70255,50132138.18634923
70256,50131989.05735813
70257,50131839.558385134
70258,50131689.691589385
70259,50131539.455487624
70260,50131388.8490562
70261,50131237.871588506
70262,50131086.526033446
70263,50130934.808820605
70264,50130782.727175325
70265,50130630.27075914
70266,50130477.44283373
70267,50130324.24782059
70268,50130170.68073715
70269,50130016.74629873
70270,50129862.439222485
70271,50129707.76014149
70272,50129552.7128529
70273,50129397.29554738
70274,50129241.508133665
70275,50129085.34676882
70276,50128928.81804402
70277,50128771.9157497
70278,50128614.64234599
70279,50128456.999461696
70280,50128298.98609853
70281,50128140.600702554
70282,50127981.84392151
70283,50127822.71498887
70284,50127663.21558612
70285,50127503.346267
70286,50127343.103715956
70287,50127182.48700704
70288,50127021.49911866
70289,50126860.14314328
70290,50126698.413381234
70291,50126536.31030237
70292,50126373.83796096
70293,50126210.99095921
70294,50126047.77436857
70295,50125884.18431868
70296,50125720.22165069
70297,50125555.88710523
70298,50125391.17909388
70299,50125226.09936203
70300,50125060.64717862
70301,50124894.82004657
70302,50124728.62215908
70303,50124562.050898895
70304,50124395.106521115
70305,50124227.789965264
70306,50124060.10100503
70307,50123892.037637115
70308,50123723.598713234
70309,50123554.79230225
70310,50123385.60821919
70311,50123216.05091538
70312,50123046.11907676
70313,50122875.81542157
70314,50122705.14056191
70315,50122534.08874274
70316,50122362.66369791
70317,50122190.86334361
70318,50122018.6916901
70319,50121846.14184573
70320,50121673.2206628
70321,50121499.92735912
70322,50121326.25558478
70323,50121152.212236576
70324,50120977.791822106
70325,50120802.997544274
70326,50120627.83155398
70327,50120452.28970355
70328,50120276.3719086
70329,50120100.08137381
70330,50119923.41477735
70331,50119746.37240745
70332,50119568.95361392
70333,50119391.1631352
70334,50119212.99401358
70335,50119034.454452306
70336,50118855.5346255
70337,50118676.240273535
70338,50118496.57222471
70339,50118316.527796656
70340,50118136.1081315
70341,50117955.30959494
70342,50117774.139033996
70343,50117592.592571765
70344,50117410.66926652
70345,50117228.372117855
70346,50117045.69447236
70347,50116862.640463516
70348,50116679.21472101
70349,50116495.40898228
70350,50116311.228810295
70351,50116126.670462616
70352,50115941.73742041
70353,50115756.426413864
70354,50115570.738515854
70355,50115384.673367746
70356,50115198.23234165
70357,50115011.41386989
70358,50114824.21976648
70359,50114636.648878336
70360,50114448.699116565
70361,50114260.37128392
70362,50114071.66923456
70363,50113882.58590675
70364,50113693.128765404
70365,50113503.29363683
70366,50113313.07725866
70367,50113122.48710686
70368,50112931.516973004
70369,50112740.17219412
70370,50112548.44779329
70371,50112356.34308572
70372,50112163.86232932
70373,50111971.003597066
70374,50111777.76555935
70375,50111584.14824389
70376,50111390.15452955
70377,50111195.78198883
70378,50111001.02965894
70379,50110805.902730376
70380,50110610.39219628
70381,50110414.5072321
70382,50110218.23981735
70383,50110021.59557302
70384,50109824.572640136
70385,50109627.170857154
70386,50109429.388332725
70387,50109231.2262904
70388,50109032.686055765
70389,50108833.76525645
70390,50108634.46800104
70391,50108434.78872557
70392,50108234.72975838
70393,50108034.293711394
70394,50107833.476885304
70395,50107632.27803454
70396,50107430.700536504
70397,50107228.74347164
70398,50107026.40739241
70399,50106823.68865481
70400,50106620.59262012
70401,50106417.11460243
70402,50106213.2576696
70403,50106009.01951909
70404,50105804.399130404
70405,50105599.40170514
70406,50105394.021673314
70407,50105188.26052253
70408,50104982.119025104
70409,50104775.59694388
70410,50104568.69420658
70411,50104361.40947723
70412,50104153.74470224
70413,50103945.69944185
70414,50103737.27131544
70415,50103528.46413882
70416,50103319.273152806
70417,50103109.70140813
70418,50102899.74931468
70419,50102689.41410424
70420,50102478.69761005
70421,50102267.6002097
70422,50102056.118867196
70423,50101844.257430546
70424,50101632.0150284
70425,50101419.38928369
70426,50101206.38356331
70427,50100992.99444187
70428,50100779.221534364
70429,50100565.06502508
70430,50100350.5288347
70431,50100135.61145359
70432,50099920.30925295
70433,50099704.62327738
70434,50099488.55729992
70435,50099272.10734567
70436,50099055.2773066
70437,50098838.06107577
70438,50098620.46162167
70439,50098402.48062034
70440,50098184.115889505
70441,50097965.36797081
70442,50097746.23858793
70443,50097526.72368753
70444,50097306.82589487
70445,50097086.54329191
70446,50096865.87764045
70447,50096644.828106746
70448,50096423.39599945
70449,50096201.5818604
70450,50095979.379554
70451,50095756.796687275
70452,50095533.82750278
70453,50095310.47672065
70454,50095086.73952174
70455,50094862.620773405
70456,50094638.11507928
70457,50094413.22534175
70458,50094187.95156175
70459,50093962.29448545
70460,50093736.2516284
70461,50093509.82357015
70462,50093283.01159401
70463,50093055.81438039
70464,50092828.230753124
70465,50092600.26597583
70466,50092371.91249202
70467,50092143.17607025
70468,50091914.05499138
70469,50091684.54687336
70470,50091454.65573925
70471,50091224.3750945
70472,50090993.711669974
70473,50090762.662867986
70474,50090531.2276548
70475,50090299.40801397
70476,50090067.20109542
70477,50089834.609473705
70478,50089601.62816757
70479,50089368.26626165
70480,50089134.51410675
70481,50088900.378992856
70482,50088665.8555384
70483,50088430.946028024
70484,50088195.65245226
70485,50087959.96771608
70486,50087723.902802065
70487,50087487.44662292
70488,50087250.604497135
70489,50087013.37577599
70490,50086775.76033759
70491,50086537.75907399
70492,50086299.368149534
70493,50086060.590375006
70494,50085821.43033275
70495,50085581.87912068
70496,50085341.94131756
70497,50085101.61569917
70498,50084860.906121284
70499,50084619.80690779
70500,50084378.31766034
70501,50084136.44256277
70502,50083894.180456325
70503,50083651.529946655
70504,50083408.490775265
70505,50083165.06630973
70506,50082921.25204642
70507,50082677.04941713
70508,50082432.460082375
70509,50082187.48050541
70510,50081942.112225585
70511,50081696.35776227
70512,50081450.21500237
70513,50081203.680894904
70514,50080956.760989524
70515,50080709.450353846
70516,50080461.75590919
70517,50080213.66747855
70518,50079965.19198142
70519,50079716.325257555
70520,50079467.07425327
70521,50079217.43074905
70522,50078967.39678493
70523,50078716.97796114
70524,50078466.16615051
70525,50078214.9674389
70526,50077963.37894656
70527,50077711.39968457
70528,50077459.0293532
70529,50077206.27350849
70530,50076953.12640915
70531,50076699.587863
70532,50076445.661206394
70533,50076191.343898594
70534,50075936.63399562
70535,50075681.53982078
70536,50075426.050394535
70537,50075170.17237086
70538,50074913.904226445
70539,50074657.247590125
70540,50074400.19881126
70541,50074142.758254975
70542,50073884.92714092
70543,50073626.70969248
70544,50073368.09517622
70545,50073109.09212925
70546,50072849.700498454
70547,50072589.91507654
70548,50072329.74197137
70549,50072069.172604665
70550,50071808.21565481
70551,50071546.86849503
70552,50071285.12724651
70553,50071022.994855456
70554,50070760.47114734
70555,50070497.556304514
70556,50070234.249896295
70557,50069970.55422113
70558,50069706.46432857
70559,50069441.98252064
70560,50069177.10744192
70561,50068911.8428216
70562,50068646.1859507
70563,50068380.137271
70564,50068113.694558725
70565,50067846.86024633
70566,50067579.63276011
70567,50067312.0157489
70568,50067044.0032405
70569,50066775.59822129
70570,50066506.80222709
70571,50066237.61457202
70572,50065968.032605544
70573,50065698.05436144
70574,50065427.68918385
70575,50065156.92722349
70576,50064885.77508829
70577,50064614.22832108
70578,50064342.286490336
70579,50064069.954125494
70580,50063797.22815058
70581,50063524.10811253
70582,50063250.59252152
70583,50062976.687155396
70584,50062702.38540353
70585,50062427.69000906
70586,50062152.601984635
70587,50061877.12059191
70588,50061601.244363144
70589,50061324.97427608
70590,50061048.30841261
70591,50060771.25088233
70592,50060493.79777566
70593,50060215.95129755
70594,50059937.70928942
70595,50059659.075663716
70596,50059380.043835305
70597,50059100.61891696
70598,50058820.80005652
70599,50058540.586559564
70600,50058259.97654423
70601,50057978.97237371
70602,50057697.57483004
70603,50057415.78193045
70604,50057133.592782155
70605,50056851.00640156
70606,50056568.028962925
70607,50056284.653632894
70608,50056000.88512673
70609,50055716.72040166
70610,50055432.155403815
70611,50055147.201422125
70612,50054861.848933935
70613,50054576.10094073
70614,50054289.957197055
70615,50054003.41827795
70616,50053716.48310467
70617,50053429.15170582
70618,50053141.4226185
70619,50052853.301202804
70620,50052564.782343104
70621,50052275.864650294
70622,50051986.55112262
70623,50051696.843980536
70624,50051406.73955993
70625,50051116.23669208
70626,50050825.3371943
70627,50050534.04153762
70628,50050242.351166084
70629,50049950.26123793
70630,50049657.775025785
70631,50049364.89200668
70632,50049071.61282555
70633,50048777.9355657
70634,50048483.86112648
70635,50048189.388439745
70636,50047894.5193495
70637,50047599.25326106
70638,50047303.59023424
70639,50047007.52895033
70640,50046711.070677325
70641,50046414.21146596
70642,50046116.95833111
70643,50045819.30332852
70644,50045521.25491004
70645,50045222.80455667
70646,50044923.95827956
70647,50044624.71554952
70648,50044325.0720256
70649,50044025.03034544
70650,50043724.58970083
70651,50043423.75346793
70652,50043122.51669014
70653,50042820.88226144
70654,50042518.84609463
70655,50042216.41603248
70656,50041913.58366826
70657,50041610.35444583
70658,50041306.72511144
70659,50041002.696346685
70660,50040698.26974338
70661,50040393.44309831
70662,50040088.21806212
70663,50039782.59301132
70664,50039476.57030532
70665,50039170.1456068
70666,50038863.32409617
70667,50038556.104313955
70668,50038248.47866836
70669,50037940.45551705
70670,50037632.03760278
70671,50037323.214402735
70672,50037013.99256317
70673,50036704.370972335
70674,50036394.348892525
70675,50036083.92807464
70676,50035773.10590498
70677,50035461.88391733
70678,50035150.26293806
70679,50034838.24057795
70680,50034525.81615531
70681,50034212.993106715
70682,50033899.77030279
70683,50033586.142277285
70684,50033272.11563277
70685,50032957.69141535
70686,50032642.86226167
70687,50032327.63390736
70688,50032012.00495322
70689,50031695.975350365
70690,50031379.542338595
70691,50031062.70692922
70692,50030745.47492261
70693,50030427.838915795
70694,50030109.8004777
70695,50029791.36075285
70696,50029472.52158326
70697,50029153.27749577
70698,50028833.634098075
70699,50028513.58880228
70700,50028193.14128114
70701,50027872.29383543
70702,50027551.041199654
70703,50027229.38799477
70704,50026907.33198136
70705,50026584.872122854
70706,50026262.01267715
70707,50025938.75021279
70708,50025615.08505898
70709,50025291.01790255
70710,50024966.54799086
70711,50024641.6744183
70712,50024316.4000633
70713,50023990.72019363
70714,50023664.6378046
70715,50023338.15526737
70716,50023011.26539837
70717,50022683.976707034
70718,50022356.28242813
70719,50022028.18490595
70720,50021699.68586977
70721,50021370.781911924
70722,50021041.47345926
70723,50020711.76509754
70724,50020381.64992048
70725,50020051.1334755
70726,50019720.211917415
70727,50019388.88738796
70728,50019057.15574947
70729,50018725.02417719
70730,50018392.48843371
70731,50018059.550309554
70732,50017726.20253815
70733,50017392.452734776
70734,50017058.30055638
70735,50016723.74126586
70736,50016388.78005274
70737,50016053.412961274
70738,50015717.64272459
70739,50015381.46644215
70740,50015044.88474414
70741,50014707.898409426
70742,50014370.50870614
70743,50014032.71504174
70744,50013694.51470002
70745,50013355.90975265
70746,50013016.89985046
70747,50012677.483476356
70748,50012337.663648084
70749,50011997.43788871
70750,50011656.805226654
70751,50011315.76936823
70752,50010974.32816752
70753,50010632.48068224
70754,50010290.22572434
70755,50009947.567852676
70756,50009604.50176281
70757,50009261.03065561
70758,50008917.15666651
70759,50008572.87155762
70760,50008228.181639716
70761,50007883.08767456
70762,50007537.58663121
70763,50007191.6803126
70764,50006845.36519167
70765,50006498.645658836
70766,50006151.519582875
70767,50005803.98461686
70768,50005456.04554282
70769,50005107.69854279
70770,50004758.9454178
70771,50004409.78504422
70772,50004060.21793486
70773,50003710.24337427
70774,50003359.862512514
70775,50003009.073929496
70776,50002657.8810667
70777,50002306.27662316
70778,50001954.26598297
70779,50001601.84821663
70780,50001249.024649166
70781,50000895.7904443
70782,50000542.14996952
70783,50000188.102222875
70784,49999833.64947349
70785,49999478.78621346
70786,49999123.51404804
70787,49998767.83430763
70788,49998411.747288674
70789,49998055.25477211
70790,49997698.349383965
70791,49997341.03834647
70792,49996983.31780718
70793,49996625.19022762
70794,49996266.65398261
70795,49995907.71038722
70796,49995548.354910195
70797,49995188.59330113
70798,49994828.42151692
70799,49994467.84238388
70800,49994106.85402805
70801,49993745.456066415
70802,49993383.65012024
70803,49993021.43374549
70804,49992658.81041908
70805,49992295.77625536
70806,49991932.33268376
70807,49991568.48083958
70808,49991204.220601246
70809,49990839.548073284
70810,49990474.46796825
70811,49990108.97773838
70812,49989743.07800817
70813,49989376.7667117
70814,49989010.04737371
70815,49988642.91838947
70816,49988275.38054116
70817,49987907.43099213
70818,49987539.07166866
70819,49987170.30192532
70820,49986801.12110479
70821,49986431.53193809
70822,49986061.53251599
70823,49985691.12148962
70824,49985320.30071473
70825,49984949.06730707
70826,49984577.42656329
70827,49984205.371517316
70828,49983832.90857592
70829,49983460.03436315
70830,49983086.748057306
70831,49982713.05270669
70832,49982338.94636799
70833,49981964.42874634
70834,49981589.49737192
70835,49981214.156347916
70836,49980838.404683426
70837,49980462.24096836
70838,49980085.66522184
70839,49979708.68027215
70840,49979331.28136146
70841,49978953.47128332
70842,49978575.24995333
70843,49978196.61967842
70844,49977817.57306413
70845,49977438.115001366
70846,49977058.24397722
70847,49976677.963735424
70848,49976297.27243714
70849,49975916.166788496
70850,49975534.64840506
70851,49975152.71958469
70852,49974770.37674498
70853,49974387.62216732
70854,49974004.45543183
70855,49973620.87479571
70856,49973236.88197499
70857,49972852.47682956
70858,49972467.65980862
70859,49972082.427799165
70860,49971696.78781208
70861,49971310.729798146
70862,49970924.25976281
70863,49970537.37520403
70864,49970150.07908712
70865,49969762.36909783
70866,49969374.24959573
70867,49968985.712941155
70868,49968596.76263994
70869,49968207.3986782
70870,49967817.62163688
70871,49967427.43208338
70872,49967036.828986675
70873,49966645.810034595
70874,49966254.37640567
70875,49965862.53093531
70876,49965470.2723417
70877,49965077.59710334
70878,49964684.50944332
70879,49964291.00915831
70880,49963897.09078626
70881,49963502.75862888
70882,49963108.01777836
70883,49962712.85618509
70884,49962317.2806879
70885,49961921.291780375
70886,49961524.886011705
70887,49961128.069343135
70888,49960730.835769646
70889,49960333.18850191
70890,49959935.12696746
70891,49959536.647693545
70892,49959137.756108105
70893,49958738.44434958
70894,49958338.720647745
70895,49957938.584585294
70896,49957538.02924241
70897,49957137.05997555
70898,49956735.674358696
70899,49956333.8738985
70900,49955931.65808225
70901,49955529.0256442
70902,49955125.977056235
70903,49954722.516365826
70904,49954318.63464293
70905,49953914.338899836
70906,49953509.62727533
70907,49953104.50038696
70908,49952698.95606561
70909,49952292.99431081
70910,49951886.619820364
70911,49951479.826361686
70912,49951072.6186517
70913,49950664.99279541
70914,49950256.950037986
70915,49949848.49288724
70916,49949439.61642139
70917,49949030.323895246
70918,49948620.61485781
70919,49948210.48888391
70920,49947799.94685765
70921,49947388.98562096
70922,49946977.60942055
70923,49946565.81462973
70924,49946153.60304104
70925,49945740.97540718
70926,49945327.92788334
70927,49944914.465789765
70928,49944500.58452912
70929,49944086.2869307
70930,49943671.56759497
70931,49943256.436423644
70932,49942840.883386105
70933,49942424.912351854
70934,49942008.5260316
70935,49941591.72178732
70936,49941174.49774147
70937,49940756.857627615
70938,49940338.79622803
70939,49939920.318586975
70940,49939501.42219065
70941,49939082.10674376
70942,49938662.37469436
70943,49938242.22296342
70944,49937821.65316498
70945,49937400.66440027
70946,49936979.256908715
70947,49936557.43080558
70948,49936135.186780505
70949,49935712.52077847
70950,49935289.43814456
70951,49934865.93836817
70952,49934442.01720944
70953,49934017.676023304
70954,49933592.918385856
70955,49933167.73815356
70956,49932742.14148112
70957,49932316.123582646
70958,49931889.68677304
70959,49931462.82746046
70960,49931035.55311524
70961,49930607.85651034
70962,49930179.73964429
70963,49929751.20688385
70964,49929322.251417324
70965,49928892.874797076
70966,49928463.079021946
70967,49928032.864307
70968,49927602.226889595
70969,49927171.17159191
70970,49926739.69658847
70971,49926307.80110036
70972,49925875.48347812
70973,49925442.74580231
70974,49925009.58767496
70975,49924576.0124701
70976,49924142.00980461
70977,49923707.58914983
70978,49923272.74968769
70979,49922837.489187434
70980,49922401.8062387
70981,49921965.70182948
70982,49921529.17814568
70983,49921092.23329264
70984,49920654.86540946
70985,49920217.077106796
70986,49919778.86751775
70987,49919340.23561655
70988,49918901.184342295
70989,49918461.710928075
70990,49918021.81562904
70991,49917581.49742861
70992,49917140.7580017
70993,49916699.59905209
70994,49916258.014618695
70995,49915816.00940633
70996,49915373.58259691
70997,49914930.73381582
70998,49914487.46332218
70999,49914043.77276479
71000,49913599.654835686
71001,49913155.11954916
71002,49912710.157857366
71003,49912264.77668999
71004,49911818.96963411
71005,49911372.743173696
71006,49910926.09140277
71007,49910479.0201516
71008,49910031.5252447
71009,49909583.60690546
71010,49909135.26450227
71011,49908686.49973826
71012,49908237.312730126
71013,49907787.7015084
71014,49907337.667770386
71015,49906887.210959576
71016,49906436.33131501
71017,49905985.028872795
71018,49905533.30165002
71019,49905081.14944656
71020,49904628.5747986
71021,49904175.57709931
71022,49903722.15487529
71023,49903268.311843686
71024,49902814.04065757
71025,49902359.346837536
71026,49901904.23291233
71027,49901448.69193559
71028,49900992.72514966
71029,49900536.337362245
71030,49900079.52235373
71031,49899622.28590621
71032,49899164.62434739
71033,49898706.53825569
71034,49898248.02705553
71035,49897789.08932121
71036,49897329.7314675
71037,49896869.94862506
71038,49896409.73737984
71039,49895949.10134408
71040,49895488.04289554
71041,49895026.55904004
71042,49894564.648170695
71043,49894102.316493526
71044,49893639.556808114
71045,49893176.3724309
71046,49892712.76293152
71047,49892248.72733636
71048,49891784.26853199
71049,49891319.382030845
71050,49890854.06996977
71051,49890388.33402726
71052,49889922.171373926
71053,49889455.58179237
71054,49888988.56853145
71055,49888521.12865059
71056,49888053.26245937
71057,49887584.96994183
71058,49887116.2529061
71059,49886647.11091782
71060,49886177.538972385
71061,49885707.544266574
71062,49885237.120790266
71063,49884766.2720985
71064,49884294.995394856
71065,49883823.29598959
71066,49883351.16854648
71067,49882878.61083837
71068,49882405.63121553
71069,49881932.22027915
71070,49881458.386327416
71071,49880984.12317395
71072,49880509.43575649
71073,49880034.31921142
71074,49879558.77634038
71075,49879082.80755384
71076,49878606.4101468
71077,49878129.58413905
71078,49877652.33350873
71079,49877174.65426016
71080,49876696.54748143
71081,49876218.01227164
71082,49875739.050632
71083,49875259.66055676
71084,49874779.84601074
71085,49874299.599145286
71086,49873818.92590281
71087,49873337.82583189
71088,49872856.29698516
71089,49872374.342137724
71090,49871891.95532814
71091,49871409.14323945
71092,49870925.90126305
71093,49870442.230324775
71094,49869958.134300545
71095,49869473.60903251
71096,49868988.65372424
71097,49868503.26930655
71098,49868017.46032406
71099,49867531.217162594
71100,49867044.54846665
71101,49866557.45021172
71102,49866069.92354378
71103,49865581.968950585
71104,49865093.58486063
71105,49864604.76996158
71106,49864115.52830264
71107,49863625.85652445
71108,49863135.754207015
71109,49862645.22250263
71110,49862154.26564704
71111,49861662.87415164
71112,49861171.05381016
71113,49860678.80727448
71114,49860186.13027209
71115,49859693.02276491
71116,49859199.483491674
71117,49858705.51556818
71118,49858211.120638356
71119,49857716.29382881
71120,49857221.03740956
71121,49856725.35021135
71122,49856229.23214467
71123,49855732.68367916
71124,49855235.706461355
71125,49854738.29873018
71126,49854240.45970656
71127,49853742.19290789
71128,49853243.4935526
71129,49852744.36125609
71130,49852244.8018238
71131,49851744.81300389
71132,49851244.39014038
71133,49850743.536377646
71134,49850242.25361027
71135,49849740.539538324
71136,49849238.392344624
71137,49848735.81417735
71138,49848232.80853826
71139,49847729.36953114
71140,49847225.49728875
71141,49846721.19690029
71142,49846216.46280183
71143,49845711.2974447
71144,49845205.70328818
71145,49844699.676915765
71146,49844193.21653597
71147,49843686.32543476
71148,49843179.001197204
71149,49842671.24859601
71150,49842163.06095497
71151,49841654.44231123
71152,49841145.393529065
71153,49840635.90890286
71154,49840125.995229356
71155,49839615.6474042
71156,49839104.86908868
71157,49838593.65569444
71158,49838082.014526226
71159,49837569.93800948
71160,49837057.43090461
71161,49836544.48748961
71162,49836031.11221285
71163,49835517.30725989
71164,49835003.06761303
71165,49834488.39548663
71166,49833973.28685218
71167,49833457.74977943
71168,49832941.778212346
71169,49832425.37619703
71170,49831908.537868984
71171,49831391.26737273
71172,49830873.56105743
71173,49830355.424833626
71174,49829836.85222846
71175,49829317.848441646
71176,49828798.411826596
71177,49828278.54049221
71178,49827758.23557718
71179,49827237.495730124
71180,49826716.324223325
71181,49826194.71737845
71182,49825672.67861568
71183,49825150.202324376
71184,49824627.2925928
71185,49824103.95262924
71186,49823580.1757797
71187,49823055.96376938
71188,49822531.31926961
71189,49822006.24038625
71190,49821480.72600606
71191,49820954.77700283
71192,49820428.39511369
71193,49819901.578807995
71194,49819374.32552017
71195,49818846.63933736
71196,49818318.517411314
71197,49817789.95998615
71198,49817260.96984238
71199,49816731.54326789
71200,49816201.683210865
71201,49815671.38733949
71202,49815140.65548818
71203,49814609.48716209
71204,49814077.88475163
71205,49813545.847082235
71206,49813013.376049064
71207,49812480.46699453
71208,49811947.122893095
71209,49811413.34668646
71210,49810879.13028371
71211,49810344.479498856
71212,49809809.39304467
71213,49809273.87214132
71214,49808737.91222632
71215,49808201.51892666
71216,49807664.68911064
71217,49807127.42388444
71218,49806589.71970385
71219,49806051.58241592
71220,49805513.004564464
71221,49804973.997395694
71222,49804434.54819833
71223,49803894.66457879
71224,49803354.34207596
71225,49802813.58497453
71226,49802272.39200537
71227,49801730.76230329
71228,49801188.69490281
71229,49800646.19080135
71230,49800103.250187054
71231,49799559.87027902
71232,49799016.058265254
71233,49798471.805827826
71234,49797927.11798
71235,49797381.99039503
71236,49796836.4270902
71237,49796290.42689933
71238,49795743.989330545
71239,49795197.114267275
71240,49794649.800049484
71241,49794102.04993412
71242,49793553.86133459
71243,49793005.235122755
71244,49792456.169867076
71245,49791906.670564696
71246,49791356.73015246
71247,49790806.35471191
71248,49790255.53776358
71249,49789704.284805164
71250,49789152.59318302
71251,49788600.464998335
71252,49788047.89638948
71253,49787494.89119474
71254,49786941.44353491
71255,49786387.56536181
71256,49785833.241042435
71257,49785278.48296808
71258,49784723.28424629
71259,49784167.6473442
71260,49783611.56997902
71261,49783055.055839255
71262,49782498.103113964
71263,49781940.71035193
71264,49781382.878104925
71265,49780824.60922681
71266,49780265.90148832
71267,49779706.75018499
71268,49779147.163287
71269,49778587.13594792
71270,49778026.66893861
71271,49777465.7643123
71272,49776904.41904162
71273,49776342.632927716
71274,49775780.41056363
71275,49775217.745158255
71276,49774654.64254316
71277,49774091.09837408
71278,49773527.11481294
71279,49772962.691629365
71280,49772397.82923812
71281,49771832.52438539
71282,49771266.782718584
71283,49770700.600397184
71284,49770133.97615444
71285,49769566.91021049
71286,49768999.40658338
71287,49768431.46363179
71288,49767863.07804288
71289,49767294.254452586
71290,49766724.98727524
71291,49766155.28188029
71292,49765585.13618016
71293,49765014.54644758
71294,49764443.51680787
71295,49763872.04876158
71296,49763300.1382849
71297,49762727.786918715
71298,49762154.995672755
71299,49761581.75966378
71300,49761008.087243415
71301,49760433.96982018
71302,49759859.41471739
71303,49759284.41279273
71304,49758708.977331206
71305,49758133.09356244
71306,49757556.76984247
71307,49756980.00760639
71308,49756402.80122281
71309,49755825.15348278
71310,49755247.064523466
71311,49754668.53238022
71312,49754089.55892675
71313,49753510.14300069
71314,49752930.28699219
71315,49752349.98748564
71316,49751769.24676472
71317,49751188.063486904
71318,49750606.43947704
71319,49750024.369062774
71320,49749441.85938422
71321,49748858.906389706
71322,49748275.51024686
71323,49747691.676850714
71324,49747107.39269693
71325,49746522.67104131
71326,49745937.50669597
71327,49745351.89530505
71328,49744765.84613434
71329,49744179.34953798
71330,49743592.4131394
71331,49743005.03435308
71332,49742417.21029466
71333,49741828.94566345
71334,49741240.23478511
71335,49740651.08237161
71336,49740061.48504135
71337,49739471.44520016
71338,49738880.9621574
71339,49738290.03596054
71340,49737698.666230425
71341,49737106.8545005
71342,49736514.59649326
71343,49735921.89382756
71344,49735328.749918014
71345,49734735.16167386
71346,49734141.13210206
71347,49733546.65267213
71348,49732951.732583135
71349,49732356.36651465
71350,49731760.55945712
71351,49731164.307138935
71352,49730567.608362734
71353,49729970.46755771
71354,49729372.88156056
71355,49728774.85065214
71356,49728176.376966745
71357,49727577.4554061
71358,49726978.091238394
71359,49726378.28333804
71360,49725778.02944133
71361,49725177.32858295
71362,49724576.187582344
71363,49723974.598082975
71364,49723372.56681274
71365,49722770.08972856
71366,49722167.165853955
71367,49721563.797561005
71368,49720959.9836839
71369,49720355.72518799
71370,49719751.02360389
71371,49719145.87083624
71372,49718540.27613202
71373,49717934.234726235
71374,49717327.74756201
71375,49716720.81797658
71376,49716113.441399485
71377,49715505.61939685
71378,49714897.34789164
71379,49714288.63295686
71380,49713679.47336377
71381,49713069.8673692
71382,49712459.81160755
71383,49711849.31459285
71384,49711238.3706809
71385,49710626.97730978
71386,49710015.13882832
71387,49709402.85686265
71388,49708790.12442736
71389,49708176.95020421
71390,49707563.327732444
71391,49706949.25539762
71392,49706334.74108109
71393,49705719.776890285
71394,49705104.367732875
71395,49704488.50897813
71396,49703872.206667125
71397,49703255.455777474
71398,49702638.25725858
71399,49702020.61315982
71400,49701402.52245554
71401,49700783.98196362
71402,49700164.99587924
71403,49699545.562520094
71404,49698925.68240388
71405,49698305.35545564
71406,49697684.579201445
71407,49697063.35801477
71408,49696441.68475406
71409,49695819.56854579
71410,49695197.00181541
71411,49694573.98848404
71412,49693950.52787794
71413,49693326.61530387
71414,49692702.258627035
71415,49692077.45555189
71416,49691452.202206835
71417,49690826.49972273
71418,49690200.35372603
71419,49689573.752922475
71420,49688946.707640976
71421,49688319.215089306
71422,49687691.270645715
71423,49687062.87939195
71424,49686434.04108712
71425,49685804.75183426
71426,49685175.016234525
71427,49684544.83093993
71428,49683914.19666012
71429,49683283.11452253
71430,49682651.581171095
71431,49682019.600358896
71432,49681387.17111811
71433,49680754.28969122
71434,49680120.964970656
71435,49679487.187523946
71436,49678852.96213554
71437,49678218.28550106
71438,49677583.16307393
71439,49676947.58748118
71440,49676311.565055996
71441,49675675.09075781
71442,49675038.16923237
71443,49674400.795108594
71444,49673762.97270523
71445,49673124.70321499
71446,49672485.98214631
71447,49671846.810981415
71448,49671207.18980847
71449,49670567.11876742
71450,49669926.598909244
71451,49669285.62901853
71452,49668644.20870103
71453,49668002.3359077
71454,49667360.010988146
71455,49666717.24249469
71456,49666074.020297796
71457,49665430.346564956
71458,49664786.22453182
71459,49664141.65037888
71460,49663496.625835784
71461,49662851.151295856
71462,49662205.224983364
71463,49661558.84743787
71464,49660912.02032839
71465,49660264.74518141
71466,49659617.014370374
71467,49658968.83401418
71468,49658320.20309979
71469,49657671.122180566
71470,49657021.59102327
71471,49656371.60499944
71472,49655721.16807988
71473,49655070.28403102
71474,49654418.94452894
71475,49653767.15406625
71476,49653114.91360901
71477,49652462.22028901
71478,49651809.07509972
71479,49651155.4791388
71480,49650501.43058877
71481,49649846.931710556
71482,49649191.98162262
71483,49648536.57820766
71484,49647880.72178446
71485,49647224.4144374
71486,49646567.654140025
71487,49645910.444012955
71488,49645252.778492354
71489,49644594.66472439
71490,49643936.09602963
71491,49643277.074708566
71492,49642617.60235946
71493,49641957.67606369
71494,49641297.29854824
71495,49640636.46794598
71496,49639975.18562937
71497,49639313.44898711
71498,49638651.26082763
71499,49637988.6186432
71500,49637325.52379672
71501,49636661.97704899
71502,49635997.976578735
71503,49635333.52253498
71504,49634668.61505701
71505,49634003.25636031
71506,49633337.44356352
71507,49632671.17859511
71508,49632004.4586011
71509,49631337.285102844
71510,49630669.65956637
71511,49630001.57973567
71512,49629333.045916125
71513,49628664.06147743
71514,49627994.61933982
71515,49627324.72453362
71516,49626654.37568988
71517,49625983.575637154
71518,49625312.32037989
71519,49624640.609580256
71520,49623968.44674384
71521,49623295.82782921
71522,49622622.756897196
71523,49621949.2322498
71524,49621275.25074647
71525,49620600.81587051
71526,49619925.92905553
71527,49619250.58471726
71528,49618574.786373556
71529,49617898.53386336
71530,49617221.82687115
71531,49616544.66712057
71532,49615867.05146097
71533,49615188.979964614
71534,49614510.45425077
71535,49613831.474680305
71536,49613152.03741885
71537,49612472.1487035
71538,49611791.803425476
71539,49611111.0035374
71540,49610429.748194054
71541,49609748.03672136
71542,49609065.873163834
71543,49608383.24911475
71544,49607700.17326687
71545,49607016.64274344
71546,49606332.65393472
71547,49605648.21185151
71548,49604963.312808484
71549,49604277.95892517
71550,49603592.14831623
71551,49602905.884928614
71552,49602219.163715184
71553,49601531.98662742
71554,49600844.35242996
71555,49600156.264242664
71556,49599467.72094108
71557,49598778.71820008
71558,49598089.25959049
71559,49597399.346546635
71560,49596708.97691493
71561,49596018.15325839
71562,49595326.87010352
71563,49594635.129501686
71564,49593942.93728424
71565,49593250.28493723
71566,49592557.17636233
71567,49591863.61289517
71568,49591169.589655906
71569,49590475.11301567
71570,49589780.174419075
71571,49589084.78402138
71572,49588388.936767206
71573,49587692.63191466
71574,49586995.866264276
71575,49586298.647238895
71576,49585600.97087197
71577,49584902.835633755
71578,49584204.24494054
71579,49583505.19812493
71580,49582805.68950258
71581,49582105.7268825
71582,49581405.306527145
71583,49580704.42833789
71584,49580003.091057986
71585,49579301.298171386
71586,49578599.04680847
71587,49577896.33841693
71588,49577193.17016356
71589,49576489.54799385
71590,49575785.46446437
71591,49575080.92480346
71592,49574375.92468624
71593,49573670.46749453
71594,49572964.553098574
71595,49572258.181918316
71596,49571551.34971251
71597,49570844.05918541
71598,49570136.313298956
71599,49569428.10671737
71600,49568719.442214034
71601,49568010.317767024
71602,49567300.73637797
71603,49566590.69713575
71604,49565880.19788517
71605,49565169.240649715
71606,49564457.8256806
71607,49563745.948580936
71608,49563033.61464946
71609,49562320.82199669
71610,49561607.5695328
71611,49560893.85920228
71612,49560179.69026131
71613,49559465.05960199
71614,49558749.97158867
71615,49558034.42118093
71616,49557318.41643129
71617,49556601.95129471
71618,49555885.02395326
71619,49555167.63853171
71620,49554449.793695524
71621,49553731.49038787
71622,49553012.72593255
71623,49552293.499610186
71624,49551573.81812836
71625,49550853.67478108
71626,49550133.06830549
71627,49549412.00672926
71628,49548690.48393889
71629,49547968.49729141
71630,49547246.05600391
71631,49546523.152420655
71632,49545799.78874886
71633,49545075.96644734
71634,49544351.681051835
71635,49543626.936877966
71636,49542901.73148316
71637,49542176.0683331
71638,49541449.94081287
71639,49540723.35317646
71640,49539996.30567947
71641,49539268.7973143
71642,49538540.82836871
71643,49537812.39868587
71644,49537083.51056132
71645,49536354.157482386
71646,49535624.34686518
71647,49534894.072559096
71648,49534163.33809062
71649,49533432.14317641
71650,49532700.48879528
71651,49531968.372315675
71652,49531235.78991021
71653,49530502.74948738
71654,49529769.24918574
71655,49529035.28523104
71656,49528300.859781355
71657,49527565.974736646
71658,49526830.62722576
71659,49526094.81677787
71660,49525358.54565917
71661,49524621.814679414
71662,49523884.6174231
71663,49523146.96111591
71664,49522408.84268427
71665,49521670.26436199
71666,49520931.2181741
71667,49520191.71637897
71668,49519451.748797335
71669,49518711.32172151
71670,49517970.42910219
71671,49517229.07313752
71672,49516487.261093095
71673,49515744.98103511
71674,49515002.23856336
71675,49514259.03702153
71676,49513515.371722445
71677,49512771.24227971
71678,49512026.65076969
71679,49511281.59884625
71680,49510536.08077747
71681,49509790.101636626
71682,49509043.661777526
71683,49508296.754910424
71684,49507549.38585432
71685,49506801.55496311
71686,49506053.26193528
71687,49505304.50451162
71688,49504555.28409293
71689,49503805.600312755
71690,49503055.452613905
71691,49502304.84229766
71692,49501553.76720776
71693,49500802.22909044
71694,49500050.23056939
71695,49499297.76551989
71696,49498544.8361585
71697,49497791.44389497
71698,49497037.59123093
71699,49496283.26863884
71700,49495528.48652923
71701,49494773.23849757
71702,49494017.52767677
71703,49493261.352259174
71704,49492504.71171519
71705,49491747.611035064
71706,49490990.04391006
71707,49490232.010986954
71708,49489473.51839332
71709,49488714.555890135
71710,49487955.131225444
71711,49487195.242475376
71712,49486434.88805182
71713,49485674.06969695
71714,49484912.78736369
71715,49484151.040398516
71716,49483388.82963818
71717,49482626.15209651
71718,49481863.0116999
71719,49481099.40358411
71720,49480335.333070874
71721,49479570.79692483
71722,49478805.792741895
71723,49478040.32997024
71724,49477274.398154795
71725,49476508.00325617
71726,49475741.141928315
71727,49474973.81292957
71728,49474206.02190374
71729,49473437.763321504
71730,49472669.04195817
71731,49471899.85250703
71732,49471130.198696144
71733,49470360.079472855
71734,49469589.49480615
71735,49468818.4437246
71736,49468046.92747854
71737,49467274.945434205
71738,49466502.49637455
71739,49465729.58137411
71740,49464956.20076813
71741,49464182.355571836
71742,49463408.04447816
71743,49462633.26469011
71744,49461858.02281604
71745,49461082.310157545
71746,49460306.13430662
71747,49459529.49280001
71748,49458752.38168648
71749,49457974.804910615
71750,49457196.761163525
71751,49456418.25523582
71752,49455639.27972882
71753,49454859.837964825
71754,49454079.928801164
71755,49453299.55272827
71756,49452518.71028052
71757,49451737.40208438
71758,49450955.62713012
71759,49450173.380348265
71760,49449390.6744321
71761,49448607.4963551
71762,49447823.8525451
71763,49447039.742337406
71764,49446255.16321239
71765,49445470.118109494
71766,49444684.60345828
71767,49443898.62467937
71768,49443112.177932486
71769,49442325.262056634
71770,49441537.87964031
71771,49440750.030109406
71772,49439961.712748244
71773,49439172.92855726
71774,49438383.674488895
71775,49437593.954658255
71776,49436803.76465945
71777,49436013.10597837
71778,49435221.98359876
71779,49434430.3909346
71780,49433638.33138603
71781,49432845.802767515
71782,49432052.80687559
71783,49431259.34129783
71784,49430465.409320965
71785,49429671.00834203
71786,49428876.13855339
71787,49428080.799227715
71788,49427284.995333925
71789,49426488.72033392
71790,49425691.976270646
71791,49424894.76282114
71792,49424097.08447599
71793,49423298.93450803
71794,49422500.31661744
71795,49421701.230437815
71796,49420901.67648743
71797,49420101.65081101
71798,49419301.15725018
71799,49418500.19455003
71800,49417698.76377609
71801,49416896.86332918
71802,49416094.49437961
71803,49415291.65450126
71804,49414488.34623599
71805,49413684.56932853
71806,49412880.32306507
71807,49412075.607117906
71808,49411270.421672046
71809,49410464.76573822
71810,49409658.64214507
71811,49408852.04881863
71812,49408044.98566419
71813,49407237.45193489
71814,49406429.44769927
71815,49405620.9746115
71816,49404812.03317219
71817,49404002.61907747
71818,49403192.737361014
71819,49402382.383769
71820,49401571.55865008
71821,49400760.26886092
71822,49399948.50615671
71823,49399136.27165136
71824,49398323.56735587
71825,49397510.39626282
71826,49396696.75046731
71827,49395882.63573478
71828,49395068.051535666
71829,49394252.998323984
71830,49393437.47001471
71831,49392621.473043546
71832,49391805.00561116
71833,49390988.06916265
71834,49390170.65924366
71835,49389352.779978454
71836,49388534.42895697
71837,49387715.60781718
71838,49386896.31467087
71839,49386076.5517759
71840,49385256.31651701
71841,49384435.61118063
71842,49383614.43550356
71843,49382792.786422625
71844,49381970.66810852
71845,49381148.07715063
71846,49380325.01457283
71847,49379501.482691705
71848,49378677.47854477
71849,49377853.0002477
71850,49377028.0544038
71851,49376202.63330004
71852,49375376.744729206
71853,49374550.381187655
71854,49373723.544790804
71855,49372896.24063308
71856,49372068.46097961
71857,49371240.210529
71858,49370411.49015674
71859,49369582.29657155
71860,49368752.62971021
71861,49367922.49062095
71862,49367091.88076067
71863,49366260.79739758
71864,49365429.24293436
71865,49364597.21633649
71866,49363764.71496273
71867,49362931.74488735
71868,49362098.29862219
71869,49361264.381846644
71870,49360429.99430241
71871,49359595.13072556
71872,49358759.79584296
71873,49357923.98909662
71874,49357087.70860325
71875,49356250.95642322
71876,49355413.73050901
71877,49354576.03058705
71878,49353737.85814635
71879,49352899.21493611
71880,49352060.098468706
71881,49351220.50642973
71882,49350380.44212423
71883,49349539.90697785
71884,49348698.89552602
71885,49347857.40927251
71886,49347015.45359954
71887,49346173.02358229
71888,49345330.118325345
71889,49344486.741637714
71890,49343642.8909443
71891,49342798.56609713
71892,49341953.766864255
71893,49341108.49760464
71894,49340262.750722826
71895,49339416.53012532
71896,49338569.838549055
71897,49337722.67039125
71898,49336875.03032509
71899,49336026.91410303
71900,49335178.323568955
71901,49334329.26073048
71902,49333479.72555724
71903,49332629.71388441
71904,49331779.22572583
71905,49330928.26837084
71906,49330076.833596475
71907,49329224.92315084
71908,49328372.540493935
71909,49327519.68067993
71910,49326666.349967584
71911,49325812.54366879
71912,49324958.26277887
71913,49324103.50627191
71914,49323248.27572453
71915,49322392.56904699
71916,49321536.38995108
71917,49320679.73605643
71918,49319822.60464419
71919,49318964.999106795
71920,49318106.91818872
71921,49317248.36336869
71922,49316389.33210015
71923,49315529.826496154
71924,49314669.84719525
71925,49313809.39188881
71926,49312948.459244914
71927,49312087.05471106
71928,49311225.17096941
71929,49310362.81400704
71930,49309499.98211254
71931,49308636.672379084
71932,49307772.889251575
71933,49306908.629486844
71934,49306043.89284045
71935,49305178.68172933
71936,49304312.99667418
71937,49303446.83401251
71938,49302580.19467586
71939,49301713.07860921
71940,49300845.48979266
71941,49299977.42206587
71942,49299108.8784193
71943,49298239.86027162
71944,49297370.365733005
71945,49296500.39587176
71946,49295629.946543075
71947,49294759.022624284
71948,49293887.62298758
71949,49293015.746816725
71950,49292143.394619785
71951,49291270.56501737
71952,49290397.25614159
71953,49289523.47537572
71954,49288649.21654405
71955,49287774.47953868
71956,49286899.2668701
71957,49286023.578721225
71958,49285147.41238287
71959,49284270.76823452
71960,49283393.64858696
71961,49282516.05143505
71962,49281637.97562779
71963,49280759.424311906
71964,49279880.39654322
71965,49279000.89060736
71966,49278120.90784266
71967,49277240.448210604
71968,49276359.510760315
71969,49275478.093469955
71970,49274596.20388922
71971,49273713.83384197
71972,49272830.98710945
71973,49271947.66147484
71974,49271063.85910693
71975,49270179.57932559
71976,49269294.82305809
71977,49268409.58609848
71978,49267523.87435661
71979,49266637.68311095
71980,49265751.012793645
71981,49264863.865681976
71982,49263976.24079317
71983,49263088.138169885
71984,49262199.55672051
71985,49261310.49885413
71986,49260420.96013813
71987,49259530.94609143
71988,49258640.450472414
71989,49257749.47759881
71990,49256858.026968
71991,49255966.09931416
71992,49255073.6916797
71993,49254180.805763565
71994,49253287.44317755
71995,49252393.598443374
71996,49251499.27554481
71997,49250604.47771868
71998,49249709.19939472
71999,49248813.44062726
72000,49247917.20279327
72001,49247020.4880412
72002,49246123.292545885
72003,49245225.61888358
72004,49244327.46714316
72005,49243428.83570209
72006,49242529.724860534
72007,49241630.13687835
72008,49240730.06618509
72009,49239829.51878321
72010,49238928.49243535
72011,49238026.982761994
72012,49237124.99702153
72013,49236222.531886056
72014,49235319.58589928
72015,49234416.160673715
72016,49233512.258886635
72017,49232607.873706
72018,49231703.006696
72019,49230797.666724175
72020,49229891.84376876
72021,49228985.540351376
72022,49228078.75703372
72023,49227171.49505411
72024,49226263.751652434
72025,49225355.52861527
72026,49224446.82539121
72027,49223537.64131316
72028,49222627.9780008
72029,49221717.83694975
72030,49220807.21350346
72031,49219896.10899916
72032,49218984.524154395
72033,49218072.459479615
72034,49217159.915429205
72035,49216246.8912119
72036,49215333.386957794
72037,49214419.398348734
72038,49213504.93171334
72039,49212589.984956
72040,49211674.55547683
72041,49210758.646879956
72042,49209842.25751776
72043,49208925.38715018
72044,49208008.03457653
72045,49207090.20159179
72046,49206171.888856284
72047,49205253.0925186
72048,49204333.819011115
72049,49203414.06297776
72050,49202493.826048605
72051,49201573.106314644
72052,49200651.90261785
72053,49199730.225078024
72054,49198808.062318034
72055,49197885.41571216
72056,49196962.29058479
72057,49196038.68530236
72058,49195114.59527614
72059,49194190.02442412
72060,49193264.972439304
72061,49192339.44234684
72062,49191413.425317876
72063,49190486.92732094
72064,49189559.95030284
72065,49188632.4882184
72066,49187704.54706876
72067,49186776.1220559
72068,49185847.21477659
72069,49184917.8272317
72070,49183987.9568224
72071,49183057.60452145
72072,49182126.770627186
72073,49181195.45428452
72074,49180263.65330813
72075,49179331.36951821
72076,49178398.60849173
72077,49177465.3611574
72078,49176531.631098986
72079,49175597.42237653
72080,49174662.72849924
72081,49173727.55106126
72082,49172791.891875744
72083,49171855.752994955
72084,49170919.12794007
72085,49169982.01972997
72086,49169044.43147754
72087,49168106.35785076
72088,49167167.8033885
72089,49166228.76480232
72090,49165289.240594834
72091,49164349.23892021
72092,49163408.7512345
72093,49162467.78014147
72094,49161526.3259449
72095,49160584.39012016
72096,49159641.969870254
72097,49158699.06747143
72098,49157755.67993862
72099,49156811.810058
72100,49155867.45675918
72101,49154922.61896293
72102,49153977.29791261
72103,49153031.49704702
72104,49152085.20707829
72105,49151138.43562141
72106,49150191.18222858
72107,49149243.44394939
72108,49148295.22097397
72109,49147346.51277809
72110,49146397.32328535
72111,49145447.649377145
72112,49144497.49292423
72113,49143546.848998055
72114,49142595.722883984
72115,49141644.11115429
72116,49140692.01652226
72117,49139739.44055946
72118,49138786.37675153
72119,49137832.82978211
72120,49136878.79902169
72121,49135924.283053346
72122,49134969.282771036
72123,49134013.798084304
72124,49133057.8284927
72125,49132101.37493101
72126,49131144.43742359
72127,49130187.01272852
72128,49129229.10510509
72129,49128270.714010924
72130,49127311.83709283
72131,49126352.4758793
72132,49125392.62829605
72133,49124432.296212256
72134,49123471.4811278
72135,49122510.180428535
72136,49121548.39297868
72137,49120586.11962326
72138,49119623.364704
72139,49118660.120692
72140,49117696.3955769
72141,49116732.18135844
72142,49115767.48540007
72143,49114802.30347087
72144,49113836.63442786
72145,49112870.48219532
72146,49111903.842134975
72147,49110936.71615364
72148,49109969.10798763
72149,49109001.011990264
72150,49108032.43114959
72151,49107063.36347702
72152,49106093.81040177
72153,49105123.77033281
72154,49104153.2477185
72155,49103182.236480266
72156,49102210.74125242
72157,49101238.7605506
72158,49100266.29141234
72159,49099293.33634306
72160,49098319.89590742
72161,49097345.96907254
72162,49096371.55466007
72163,49095396.658315346
72164,49094421.27279046
72165,49093445.40236753
72166,49092469.043933295
72167,49091492.20069374
72168,49090514.87131755
72169,49089537.05335933
72170,49088558.7487364
72171,49087579.959057376
72172,49086600.684046626
72173,49085620.920935676
72174,49084640.669453174
72175,49083659.93371073
72176,49082678.71128774
72177,49081697.00193334
72178,49080714.80336113
72179,49079732.11905716
72180,49078748.948014386
72181,49077765.29066807
72182,49076781.14702492
72183,49075796.51381838
72184,49074811.3950952
72185,49073825.78693588
72186,49072839.69651194
72187,49071853.115569115
72188,49070866.04596251
72189,49069878.49084933
72190,49068890.44945386
72191,49067901.92112341
72192,49066912.898936935
72193,49065923.395051256
72194,49064933.40256272
72195,49063942.923803896
72196,49062951.95529173
72197,49061960.4989251
72198,49060968.55480419
72199,49059976.12625484
72200,49058983.20626376
72201,49057989.798681274
72202,49056995.90464401
72203,49056001.52245738
72204,49055006.65216555
72205,49054011.29298787
72206,49053015.44650875
72207,49052019.1153176
72208,49051022.29054093
72209,49050024.97887707
72210,49049027.18051465
72211,49048028.89287407
72212,49047030.11606986
72213,49046030.85096777
72214,49045031.09986034
72215,49044030.85927546
72216,49043030.12993167
72217,49042028.9102671
72218,49041027.20806763
72219,49040025.01286866
72220,49039022.32713626
72221,49038019.15424714
72222,49037015.49244963
72223,49036011.343606025
72224,49035006.70410156
72225,49034001.577797666
72226,49032995.96088017
72227,49031989.853587575
72228,49030983.259231895
72229,49029976.17733793
72230,49028968.60443677
72231,49027960.540885784
72232,49026951.990639865
72233,49025942.95083992
72234,49024933.42161102
72235,49023923.402944826
72236,49022912.89595787
72237,49021901.89787741
72238,49020890.411074534
72239,49019878.4340465
72240,49018865.96928566
72241,49017853.01386774
72242,49016839.56861664
72243,49015825.633525774
72244,49014811.21187138
72245,49013796.298588514
72246,49012780.89352217
72247,49011765.00139396
72248,49010748.61704175
72249,49009731.74240767
72250,49008714.38116489
72251,49007696.52764131
72252,49006678.18557747
72253,49005659.353756025
72254,49004640.02868357
72255,49003620.216462575
72256,49002599.913659275
72257,49001579.12067215
72258,49000557.83657883
72259,48999536.060466975
72260,48998513.79612702
72261,48997491.0433002
72262,48996467.79703236
72263,48995444.0608629
72264,48994419.8369717
72265,48993395.118815675
72266,48992369.91364191
72267,48991344.213780046
72268,48990318.025024265
72269,48989291.34655754
72270,48988264.17749012
72271,48987236.51635264
72272,48986208.36645588
72273,48985179.722375765
72274,48984150.58876212
72275,48983120.966235526
72276,48982090.850121394
72277,48981060.24288356
72278,48980029.14623667
72279,48978997.55780624
72280,48977965.47782059
72281,48976932.90745344
72282,48975899.84399437
72283,48974866.29166208
72284,48973832.2478696
72285,48972797.71097366
72286,48971762.683276236
72287,48970727.165354595
72288,48969691.1546706
72289,48968654.65204923
72290,48967617.65874132
72291,48966580.175511815
72292,48965542.198617265
72293,48964503.73058048
72294,48963464.76998371
72295,48962425.317020275
72296,48961385.37410566
72297,48960344.93925808
72298,48959304.01272989
72299,48958262.59133187
72300,48957220.67958831
72301,48956178.28015928
72302,48955135.38407037
72303,48954091.995269276
72304,48953048.11645384
72305,48952003.74464014
72306,48950958.881513394
72307,48949913.52462751
72308,48948867.67560615
72309,48947821.336532
72310,48946774.50477283
72311,48945727.177991435
72312,48944679.35958712
72313,48943631.04885507
72314,48942582.24530439
72315,48941532.9501358
72316,48940483.16277199
72317,48939432.88274919
72318,48938382.10928184
72319,48937330.84197397
72320,48936279.08296944
72321,48935226.830999285
72322,48934174.086827725
72323,48933120.84871964
72324,48932067.11821597
72325,48931012.893796355
72326,48929958.177262686
72327,48928902.96789083
72328,48927847.26616238
72329,48926791.06982164
72330,48925734.38374141
72331,48924677.19936328
72332,48923619.525108024
72333,48922561.356289476
72334,48921502.693162814
72335,48920443.53725673
72336,48919383.887544274
72337,48918323.745533586
72338,48917263.111174755
72339,48916201.981270015
72340,48915140.35745126
72341,48914078.24136722
72342,48913015.63173311
72343,48911952.52756581
72344,48910888.92970902
72345,48909824.838527665
72346,48908760.25099188
72347,48907695.174400665
72348,48906629.60040976
72349,48905563.534988195
72350,48904496.97394681
72351,48903429.91974166
72352,48902362.37088445
72353,48901294.32889226
72354,48900225.78810966
72355,48899156.75872153
72356,48898087.23135708
72357,48897017.214194074
72358,48895946.699558705
72359,48894875.69095464
72360,48893804.18903011
72361,48892732.19064675
72362,48891659.70204353
72363,48890586.71396778
72364,48889513.23378644
72365,48888439.2585212
72366,48887364.78991495
72367,48886289.823496945
72368,48885214.366558775
72369,48884138.41152913
72370,48883061.963101774
72371,48881985.0212625
72372,48880907.58205515
72373,48879829.65000704
72374,48878751.222186506
72375,48877672.29841746
72376,48876592.88122511
72377,48875512.96770786
72378,48874432.56030707
72379,48873351.657831535
72380,48872270.2582899
72381,48871188.366394505
72382,48870105.977759495
72383,48869023.092181675
72384,48867939.71385603
72385,48866855.83950592
72386,48865771.469973385
72387,48864686.604268804
72388,48863601.24551863
72389,48862515.38950413
72390,48861429.03599037
72391,48860342.188390926
72392,48859254.84669213
72393,48858167.00955109
72394,48857078.676207006
72395,48855989.84348822
72396,48854900.51623738
72397,48853810.69557564
72398,48852720.37799413
72399,48851629.567031264
72400,48850538.25763574
72401,48849446.4527269
72402,48848354.15261646
72403,48847261.35607126
72404,48846168.06216982
72405,48845074.27284108
72406,48843979.98526712
72407,48842885.2046859
72408,48841789.92881246
72409,48840694.15285279
72410,48839597.8841864
72411,48838501.11654799
72412,48837403.8541789
72413,48836306.09308414
72414,48835207.838830665
72415,48834109.08505271
72416,48833009.83702253
72417,48831910.09129974
72418,48830809.85045701
72419,48829709.11139438
72420,48828607.87341727
72421,48827506.142278634
72422,48826403.913606726
72423,48825301.189297654
72424,48824197.965645656
72425,48823094.24572084
72426,48821990.02921093
72427,48820885.31812686
72428,48819780.10517062
72429,48818674.401126966
72430,48817568.19455788
72431,48816461.494077735
72432,48815354.29490757
72433,48814246.59953992
72434,48813138.40741342
72435,48812029.71743503
72436,48810920.52867995
72437,48809810.84515755
72438,48808700.66364728
72439,48807589.9846002
72440,48806478.805247635
72441,48805367.1325011
72442,48804254.959110975
72443,48803142.29129821
72444,48802029.12443781
72445,48800915.46094175
72446,48799801.29907559
72447,48798686.6371778
72448,48797571.48086186
72449,48796455.82582396
72450,48795339.671219364
72451,48794223.02169566
72452,48793105.872136556
72453,48791988.22488947
72454,48790870.08051439
72455,48789751.43601227
72456,48788632.29692583
72457,48787512.65706839
72458,48786392.52097078
72459,48785271.88542572
72460,48784150.7528343
72461,48783029.12224003
72462,48781906.99142826
72463,48780784.36426854
72464,48779661.23588903
72465,48778537.61362955
72466,48777413.488070115
72467,48776288.866282746
72468,48775163.74724409
72469,48774038.128549814
72470,48772912.01034345
72471,48771785.39514782
72472,48770658.27841386
72473,48769530.66773494
72474,48768402.55681318
72475,48767273.9486219
72476,48766144.83873962
72477,48765015.23044343
72478,48763885.12554087
72479,48762754.515964374
72480,48761623.4131594
72481,48760491.811785325
72482,48759359.70678137
72483,48758227.104979195
72484,48757094.00608553
72485,48755960.405079246
72486,48754826.308133215
72487,48753691.70977696
72488,48752556.61162384
72489,48751421.01642467
72490,48750284.919562906
72491,48749148.32497378
72492,48748011.231120884
72493,48746873.636456266
72494,48745735.54524574
72495,48744596.951238245
72496,48743457.859397665
72497,48742318.266202204
72498,48741178.17571916
72499,48740037.58577022
72500,48738896.49608201
72501,48737754.90655846
72502,48736612.81430721
72503,48735470.225017756
72504,48734327.135309115
72505,48733183.547909275
72506,48732039.45985176
72507,48730894.86941338
72508,48729749.78083682
72509,48728604.19215642
72510,48727458.102802545
72511,48726311.51326463
72512,48725164.42669083
72513,48724016.83682498
72514,48722868.74702136
72515,48721720.16129683
72516,48720571.06879845
72517,48719421.47735062
72518,48718271.38969493
72519,48717120.79685639
72520,48715969.70846643
72521,48714818.11735146
72522,48713666.02677691
72523,48712513.43241753
72524,48711360.34065131
72525,48710206.74786767
72526,48709052.65522554
72527,48707898.06061268
72528,48706742.96587612
72529,48705587.37107968
72530,48704431.273431644
72531,48703274.67816328
72532,48702117.5788775
72533,48700959.98130964
72534,48699801.88051481
72535,48698643.28131392
72536,48697484.18066272
72537,48696324.576250106
72538,48695164.47511063
72539,48694003.87015061
72540,48692842.76675196
72541,48691681.15809237
72542,48690519.051158234
72543,48689356.442047805
72544,48688193.33300142
72545,48687029.71905056
72546,48685865.60744389
72547,48684700.99583371
72548,48683535.8801578
72549,48682370.261714295
72550,48681204.145255454
72551,48680037.526218794
72552,48678870.40536408
72553,48677702.78449884
72554,48676534.66098732
72555,48675366.03206752
72556,48674196.90713624
72557,48673027.27866085
72558,48671857.146663204
72559,48670686.51726714
72560,48669515.38249097
72561,48668343.74727851
72562,48667171.60845753
72563,48665998.96873235
72564,48664825.82764779
72565,48663652.18487639
72566,48662478.03935894
72567,48661303.39348209
72568,48660128.24599432
72569,48658952.59258747
72570,48657776.43662487
72571,48656599.78315036
72572,48655422.624052204
72573,48654244.964864105
72574,48653066.80302047
72575,48651888.138299584
72576,48650708.9707101
72577,48649529.30310303
72578,48648349.129038185
72579,48647168.45745034
72580,48645987.27974029
72581,48644805.60201168
72582,48643623.41895689
72583,48642440.7365455
72584,48641257.55111331
72585,48640073.859938726
72586,48638889.66805537
72587,48637704.97455025
72588,48636519.77704759
72589,48635334.07541248
72590,48634147.87506434
72591,48632961.169099
72592,48631773.961042255
72593,48630586.248879
72594,48629398.03586273
72595,48628209.314778924
72596,48627020.097853065
72597,48625830.37258388
72598,48624640.14600767
72599,48623449.41631436
72600,48622258.184880815
72601,48621066.449346006
72602,48619874.2090517
72603,48618681.46752794
72604,48617488.22448498
72605,48616294.472214654
72606,48615100.22031647
72607,48613905.4665865
72608,48612710.20464252
72609,48611514.44407658
72610,48610318.17555785
72611,48609121.407230474
72612,48607924.13451784
72613,48606726.35835722
72614,48605528.07790649
72615,48604329.295635514
72616,48603130.00944244
72617,48601930.21898367
72618,48600729.9210776
72619,48599529.12422492
72620,48598327.82228814
72621,48597126.01494415
72622,48595923.70540224
72623,48594720.89111805
72624,48593517.57314125
72625,48592313.74999797
72626,48591109.42278652
72627,48589904.594438404
72628,48588699.25995439
72629,48587493.42227194
72630,48586287.08120111
72631,48585080.23519331
72632,48583872.88322139
72633,48582665.0269617
72634,48581456.668560386
72635,48580247.80467723
72636,48579038.43773637
72637,48577828.5649384
72638,48576618.18969762
72639,48575407.306900844
72640,48574195.92441724
72641,48572984.03074466
72642,48571771.637971446
72643,48570558.73693644
72644,48569345.335875966
72645,48568131.426522925
72646,48566917.01366404
72647,48565702.09484474
72648,48564486.67438038
72649,48563270.74672584
72650,48562054.31352941
72651,48560837.377220914
72652,48559619.93464785
72653,48558401.98797523
72654,48557183.53680824
72655,48555964.58066906
72656,48554745.11947209
72657,48553525.15292871
72658,48552304.6805533
72659,48551083.70553339
72660,48549862.224097595
72661,48548640.23700101
72662,48547417.74468601
72663,48546194.74415044
72664,48544971.243076034
72665,48543747.23472381
72666,48542522.721260965
72667,48541297.70565045
72668,48540072.18229386
72669,48538846.15128546
72670,48537619.61698322
72671,48536392.57590923
72672,48535165.03168531
72673,48533936.979501024
72674,48532708.42183126
72675,48531479.36044073
72676,48530249.79158467
72677,48529019.71817972
72678,48527789.139193326
72679,48526558.05704197
72680,48525326.46408397
72681,48524094.36566575
72682,48522861.76196411
72683,48521628.65217669
72684,48520395.04134725
72685,48519160.92089012
72686,48517926.29289226
72687,48516691.1611935
72688,48515455.523229
72689,48514219.37930237
72690,48512982.72996561
72691,48511745.570494786
72692,48510507.909810424
72693,48509269.74051505
72694,48508031.0647344
72695,48506791.88475655
72696,48505552.196269974
72697,48504312.00242623
72698,48503071.30260823
72699,48501830.095255256
72700,48500588.38338595
72701,48499346.16292058
72702,48498103.43913097
72703,48496860.20529724
72704,48495616.46550062
72705,48494372.22102353
72706,48493127.46965932
72707,48491882.20842932
72708,48490636.445954576
72709,48489390.17302779
72710,48488143.39394295
72711,48486896.107827306
72712,48485648.316624284
72713,48484400.016349226
72714,48483151.20936029
72715,48481901.897882804
72716,48480652.0786683
72717,48479401.75296649
72718,48478150.91858354
72719,48476899.57711165
72720,48475647.73002443
72721,48474395.37607826
72722,48473142.51498768
72723,48471889.1463212
72724,48470635.26816239
72725,48469380.88641144
72726,48468125.99675852
72727,48466870.597494155
72728,48465614.69527675
72729,48464358.280787535
72730,48463101.362772755
72731,48461843.93554929
72732,48460585.99987951
72733,48459327.55886569
72734,48458068.6110383
72735,48456809.152473584
72736,48455549.18900509
72737,48454288.715589985
72738,48453027.73814282
72739,48451766.25045556
72740,48450504.25681941
72741,48449241.75321479
72742,48447978.74444013
72743,48446715.22609851
72744,48445451.198375866
72745,48444186.66787283
72746,48442921.62799312
72747,48441656.076728016
72748,48440390.02038738
72749,48439123.45764937
72750,48437856.38422707
72751,48436588.8027122
72752,48435320.71470128
72753,48434052.11710768
72754,48432783.015466005
72755,48431513.401045665
72756,48430243.28090483
72757,48428972.650167875
72758,48427701.511494696
72759,48426429.86774697
72760,48425157.7147263
72761,48423885.05271822
72762,48422611.87937559
72763,48421338.202579215
72764,48420064.01370668
72765,48418789.3192579
72766,48417514.116540834
72767,48416238.40494086
72768,48414962.182998605
72769,48413685.452277794
72770,48412408.21612717
72771,48411130.46820222
72772,48409852.2136793
72773,48408573.45034404
72774,48407294.177199475
72775,48406014.397425495
72776,48404734.107735425
72777,48403453.30944976
72778,48402172.00250037
72779,48400890.1847707
72780,48399607.85868141
72781,48398325.024898335
72782,48397041.6849812
72783,48395757.83314548
72784,48394473.472190164
72785,48393188.600595824
72786,48391903.22417759
72787,48390617.33457699
72788,48389330.938266635
72789,48388044.03281704
72790,48386756.61817989
72791,48385468.69321945
72792,48384180.26061502
72793,48382891.31658795
72794,48381601.864450134
72795,48380311.90312536
72796,48379021.431774214
72797,48377730.45025915
72798,48376438.96485941
72799,48375146.96494214
72800,48373854.45784603
72801,48372561.44016728
72802,48371267.912703425
72803,48369973.87694739
72804,48368679.33098414
72805,48367384.27329386
72806,48366088.7105056
72807,48364792.63492936
72808,48363496.04861799
72809,48362198.95458035
72810,48360901.35000111
72811,48359603.238135815
72812,48358304.61381583
72813,48357005.47817649
72814,48355705.83695488
72815,48354405.68410243
72816,48353105.02166874
72817,48351803.8471805
72818,48350502.166041136
72819,48349199.974649474
72820,48347897.27055091
72821,48346594.05813063
72822,48345290.336215496
72823,48343986.101573505
72824,48342681.35843365
72825,48341376.10564557
72826,48340070.34097564
72827,48338764.067516565
72828,48337457.28228511
72829,48336149.99245975
72830,48334842.18655488
72831,48333533.87000684
72832,48332225.04685689
72833,48330915.70952433
72834,48329605.864492
72835,48328295.50814241
72836,48326984.64082429
72837,48325673.263156146
72838,48324361.37735513
72839,48323048.97785966
72840,48321736.070508495
72841,48320422.64823164
72842,48319108.718612306
72843,48317794.27819042
72844,48316479.3278006
72845,48315163.86365178
72846,48313847.89201009
72847,48312531.408005774
72848,48311214.41451366
72849,48309896.90817587
72850,48308578.88961661
72851,48307260.36324854
72852,48305941.325235225
72853,48304621.77674084
72854,48303301.7185435
72855,48301981.14598265
72856,48300660.064286456
72857,48299338.47097852
72858,48298016.36761374
72859,48296693.75111648
72860,48295370.625295594
72861,48294046.98774792
72862,48292722.83913335
72863,48291398.17869353
72864,48290073.00673322
72865,48288747.326536015
72866,48287421.1317209
72867,48286094.4278709
72868,48284767.21077075
72869,48283439.48297103
72870,48282111.2443409
72871,48280782.49512334
72872,48279453.23167839
72873,48278123.457616895
72874,48276793.171857774
72875,48275462.376111224
72876,48274131.06581741
72877,48272799.24725759
72878,48271466.91642894
72879,48270134.07292588
72880,48268800.71703466
72881,48267466.85099214
72882,48266132.47189464
72883,48264797.58137684
72884,48263462.181724146
72885,48262126.266147435
72886,48260789.84060009
72887,48259452.90320912
72888,48258115.453619674
72889,48256777.49234855
72890,48255439.01815057
72891,48254100.03314428
72892,48252760.53731531
72893,48251420.52874003
72894,48250080.00532045
72895,48248738.973801866
72896,48247397.429410085
72897,48246055.37001926
72898,48244712.79969536
72899,48243369.71862167
72900,48242026.124974735
72901,48240682.017419785
72902,48239337.40017879
72903,48237992.26863858
72904,48236646.62651364
72905,48235300.4673578
72906,48233953.799500845
72907,48232606.61995766
72908,48231258.92606431
72909,48229910.72354174
72910,48228562.0042758
72911,48227212.77327246
72912,48225863.03217322
72913,48224512.77536075
72914,48223162.006712906
72915,48221810.72537239
72916,48220458.93329448
72917,48219106.62717158
72918,48217753.80854155
72919,48216400.47714979
72920,48215046.63352533
72921,48213692.27419901
72922,48212337.407410845
72923,48210982.02428987
72924,48209626.12866533
72925,48208269.71831669
72926,48206912.79647401
72927,48205555.36302239
72928,48204197.41596854
72929,48202838.95632228
72930,48201479.98206706
72931,48200120.496879116
72932,48198760.49627116
72933,48197399.984235585
72934,48196038.95936246
72935,48194677.42006985
72936,48193315.367411576
72937,48191952.80212977
72938,48190589.72582039
72939,48189226.133728474
72940,48187862.02982422
72941,48186497.4114887
72942,48185132.278644845
72943,48183766.63516666
72944,48182400.476370975
72945,48181033.80436282
72946,48179666.62215797
72947,48178298.923433706
72948,48176930.709840566
72949,48175561.98293968
72950,48174192.74438229
72951,48172822.991836
72952,48171452.72713004
72953,48170081.94703294
72954,48168710.65303959
72955,48167338.848465584
72956,48165966.52533604
72957,48164593.6932898
72958,48163220.344525725
72959,48161846.48217091
72960,48160472.10513791
72961,48159097.21810375
72962,48157721.81522263
72963,48156345.89637837
72964,48154969.466399536
72965,48153592.52035175
72966,48152215.06292717
72967,48150837.08768436
72968,48149458.602849364
72969,48148079.59856039
72970,48146700.08509508
72971,48145320.05633286
72972,48143939.51445063
72973,48142558.456489295
72974,48141176.88530018
72975,48139794.80064234
72976,48138412.20115657
72977,48137029.08638598
72978,48135645.45821859
72979,48134261.316475876
72980,48132876.66181224
72981,48131491.49262382
72982,48130105.806291565
72983,48128719.604963854
72984,48127332.89184566
72985,48125945.66313063
72986,48124557.92026201
72987,48123169.663332954
72988,48121780.891839474
72989,48120391.603651464
72990,48119001.80408545
72991,48117611.48941654
72992,48116220.66202058
72993,48114829.31584884
72994,48113437.45726317
72995,48112045.08234994
72996,48110652.19552344
72997,48109258.79129379
72998,48107864.87403681
72999,48106470.440840125
73000,48105075.49389875
73001,48103680.03075659
73002,48102284.05612706
73003,48100887.56203604
73004,48099490.554920465
73005,48098093.03448803
73006,48096694.999742255
73007,48095296.44578613
73008,48093897.379923135
73009,48092497.799005985
73010,48091097.701058
73011,48089697.08960134
73012,48088295.96563569
73013,48086894.32303426
73014,48085492.165237606
73015,48084089.49419035
73016,48082686.30699383
73017,48081282.60542939
73018,48079878.38828179
73019,48078473.65337214
73020,48077068.40903768
73021,48075662.64468469
73022,48074256.36558005
73023,48072849.573387
73024,48071442.26240538
73025,48070034.43869212
73026,48068626.09796205
73027,48067217.244677365
73028,48065807.87443937
73029,48064397.98747783
73030,48062987.585264
73031,48061576.66702463
73032,48060165.23515476
73033,48058753.28759681
73034,48057340.82296099
73035,48055927.84364529
73036,48054514.34791354
73037,48053100.33757545
73038,48051685.81045942
73039,48050270.77011071
73040,48048855.212069556
73041,48047439.138554335
73042,48046022.54877046
73043,48044605.44341949
73044,48043187.82277615
73045,48041769.68587318
73046,48040351.03381668
73047,48038931.86697577
73048,48037512.18052529
73049,48036091.97976341
73050,48034671.26379324
73051,48033250.03126058
73052,48031828.282967255
73053,48030406.018567055
73054,48028983.2394787
73055,48027559.94303961
73056,48026136.13075228
73057,48024711.80233215
73058,48023286.95608455
73059,48021861.593952656
73060,48020435.72037852
73061,48019009.32283469
73062,48017582.4152056
73063,48016154.98832494
73064,48014727.04808508
73065,48013298.58836001
73066,48011869.615764335
73067,48010440.12383968
73068,48009010.11772913
73069,48007579.59254341
73070,48006148.55341613
73071,48004716.99455483
73072,48003284.923554994
73073,48001852.33288802
73074,48000419.2272151
73075,47998985.60533778
73076,47997551.46568609
73077,47996116.8088323
73078,47994681.63686848
73079,47993245.94742473
73080,47991809.743689284
73081,47990373.02046463
73082,47988935.781520694
73083,47987498.02663146
73084,47986059.75392985
73085,47984620.966329485
73086,47983181.66017361
73087,47981741.83755125
73088,47980301.497042745
73089,47978860.64196522
73090,47977419.26870202
73091,47975977.37704928
73092,47974534.97118813
73093,47973092.04751155
73094,47971648.60848485
73095,47970204.64891207
73096,47968760.175171
73097,47967315.18433848
73098,47965869.673434496
73099,47964423.64890461
73100,47962977.10785268
73101,47961530.04435174
73102,47960082.468297355
73103,47958634.375022545
73104,47957185.76379947
73105,47955736.63509652
73106,47954286.98978561
73107,47952836.82757689
73108,47951386.14619981
73109,47949934.948633134
73110,47948483.23457433
73111,47947031.00393116
73112,47945578.25317024
73113,47944124.98688443
73114,47942671.20017244
73115,47941216.9000695
73116,47939762.08012083
73117,47938306.744995855
73118,47936850.89259307
73119,47935394.51857786
73120,47933937.63280708
73121,47932480.224741146
73122,47931022.30176875
73123,47929563.86046809
73124,47928104.902410164
73125,47926645.424361855
73126,47925185.42864478
73127,47923724.91861355
73128,47922263.88534268
73129,47920802.33982445
73130,47919340.27515532
73131,47917877.69090083
73132,47916414.59420085
73133,47914950.97558073
73134,47913486.83863919
73135,47912022.185285285
73136,47910557.01294922
73137,47909091.32386338
73138,47907625.11679666
73139,47906158.38872039
73140,47904691.14779104
73141,47903223.38677003
73142,47901755.1058508
73143,47900286.30902534
73144,47898816.993290305
73145,47897347.1611592
73146,47895876.80997408
73147,47894405.94044651
73148,47892934.55206321
73149,47891462.64867151
73150,47889990.22305854
73151,47888517.282383725
73152,47887043.822639905
73153,47885569.841969445
73154,47884095.34763421
73155,47882620.333939716
73156,47881144.79980683
73157,47879668.7495825
73158,47878192.17857547
73159,47876715.092564896
73160,47875237.48429775
73161,47873759.36098361
73162,47872280.7194376
73163,47870801.5581858
73164,47869321.87609619
73165,47867841.67913751
73166,47866360.96225369
73167,47864879.72906034
73168,47863397.974339426
73169,47861915.70258126
73170,47860432.9123996
73171,47858949.60163452
73172,47857465.7755039
73173,47855981.42795719
73174,47854496.56362614
73175,47853011.18018708
73176,47851525.27897555
73177,47850038.856886245
73178,47848551.917698786
73179,47847064.46027854
73180,47845576.484388225
73181,47844087.98773645
73182,47842598.97395315
73183,47841109.43743045
73184,47839619.38890989
73185,47838128.81570664
73186,47836637.72619368
73187,47835146.120112225
73188,47833653.990819454
73189,47832161.34346845
73190,47830668.178246886
73191,47829174.49316754
73192,47827680.29128969
73193,47826185.56867628
73194,47824690.328412496
73195,47823194.5691669
73196,47821698.286853775
73197,47820201.49029878
73198,47818704.17068106
73199,47817206.33605746
73200,47815707.97873544
73201,47814209.10370687
73202,47812709.71358807
73203,47811209.79998962
73204,47809709.364739016
73205,47808208.41573633
73206,47806706.94294477
73207,47805204.95150747
73208,47803702.44414657
73209,47802199.41577096
73210,47800695.86758565
73211,47799191.7978227
73212,47797687.21169767
73213,47796182.10773627
73214,47794676.480216555
73215,47793170.33754898
73216,47791663.67190328
73217,47790156.48691185
73218,47788648.78406358
73219,47787140.56318006
73220,47785631.8210697
73221,47784122.56045146
73222,47782612.77769248
73223,47781102.4766986
73224,47779591.658344716
73225,47778080.31576237
73226,47776568.45675986
73227,47775056.07832754
73228,47773543.17811631
73229,47772029.760949105
73230,47770515.82231016
73231,47769001.36553846
73232,47767486.38635884
73233,47765970.888769045
73234,47764454.87419686
73235,47762938.33622043
73236,47761421.27974883
73237,47759903.70297582
73238,47758385.60511011
73239,47756866.988615915
73240,47755347.85254772
73241,47753828.1969539
73242,47752308.02285533
73243,47750787.3258304
73244,47749266.11105393
73245,47747744.37523414
73246,47746222.120331064
73247,47744699.34385081
73248,47743176.047567844
73249,47741652.23032871
73250,47740127.89779018
73251,47738603.041066125
73252,47737077.664491214
73253,47735551.76824059
73254,47734025.35008595
73255,47732498.41598645
73256,47730970.95857419
73257,47729442.98082855
73258,47727914.485154614
73259,47726385.46883883
73260,47724855.93170124
73261,47723325.87263273
73262,47721795.29466789
73263,47720264.19766417
73264,47718732.58017516
73265,47717200.4401319
73266,47715667.78146614
73267,47714134.60273254
73268,47712600.90198794
73269,47711066.68067877
73270,47709531.942468725
73271,47707996.67946197
73272,47706460.90015036
73273,47704924.597754024
73274,47703387.77542723
73275,47701850.43174286
73276,47700312.56919509
73277,47698774.184803985
73278,47697235.28414315
73279,47695695.855543844
73280,47694155.91186146
73281,47692615.44413848
73282,47691074.45821599
73283,47689532.95062104
73284,47687990.92244292
73285,47686448.37374362
73286,47684905.30484031
73287,47683361.71592488
73288,47681817.602659166
73289,47680272.97053354
73290,47678727.819235146
73291,47677182.147192806
73292,47675635.952987224
73293,47674089.240245104
73294,47672542.00472799
73295,47670994.24662705
73296,47669445.971551634
73297,47667897.17248729
73298,47666347.85251589
73299,47664798.01340458
73300,47663247.6526955
73301,47661696.7705853
73302,47660145.36817159
73303,47658593.445776284
73304,47657041.000462815
73305,47655488.03511977
73306,47653934.54872072
73307,47652380.54125415
73308,47650826.01379007
73309,47649270.96242611
73310,47647715.39278603
73311,47646159.299249046
73312,47644602.687334076
73313,47643045.55251279
73314,47641487.90025726
73315,47639929.72243048
73316,47638371.024350196
73317,47636811.80432433
73318,47635252.06479677
73319,47633691.8058362
73320,47632131.02294512
73321,47630569.7174967
73322,47629007.89257379
73323,47627445.54963972
73324,47625882.68162183
73325,47624319.29171395
73326,47622755.38134784
73327,47621190.9495223
73328,47619625.995520726
73329,47618060.52333999
73330,47616494.526583135
73331,47614928.01038973
73332,47613360.970701925
73333,47611793.411466196
73334,47610225.329154305
73335,47608656.72675423
73336,47607087.60303523
73337,47605517.955743045
73338,47603947.790810004
73339,47602377.099180676
73340,47600805.889303714
73341,47599234.158382855
73342,47597661.90469391
73343,47596089.128347665
73344,47594515.83116427
73345,47592942.0123422
73346,47591367.673354864
73347,47589792.811013
73348,47588217.42751925
73349,47586641.522739224
73350,47585065.09452377
73351,47583488.14489045
73352,47581910.67513572
73353,47580332.68256757
73354,47578754.16827421
73355,47577175.132220455
73356,47575595.57552844
73357,47574015.49615353
73358,47572434.89351937
73359,47570853.771379806
73360,47569272.127669595
73361,47567689.95840123
73362,47566107.27172215
73363,47564524.05877292
73364,47562940.327377036
73365,47561356.07066207
73366,47559771.296554305
73367,47558185.997194424
73368,47556600.175185405
73369,47555013.83397363
73370,47553426.971710294
73371,47551839.58398328
73372,47550251.67495076
73373,47548663.24473299
73374,47547074.29250314
73375,47545484.81821871
73376,47543894.819502205
73377,47542304.30136599
73378,47540713.26009539
73379,47539121.696426764
73380,47537529.610671505
73381,47535937.004823446
73382,47534343.873653054
73383,47532750.220137745
73384,47531156.04419555
73385,47529561.35156573
73386,47527966.13144374
73387,47526370.39072138
73388,47524774.12800363
73389,47523177.34448714
73390,47521580.03550477
73391,47519982.203728795
73392,47518383.85215638
73393,47516784.975944884
73394,47515185.58007985
73395,47513585.658865236
73396,47511985.21786144
73397,47510384.253480524
73398,47508782.76537958
73399,47507180.756576
73400,47505578.22327616
73401,47503975.17089629
73402,47502371.59574082
73403,47500767.497484684
73404,47499162.875334986
73405,47497557.729298264
73406,47495952.062986955
73407,47494345.87368789
73408,47492739.161756426
73409,47491131.928574964
73410,47489524.17009796
73411,47487915.89255096
73412,47486307.08907305
73413,47484697.76297711
73414,47483087.91661394
73415,47481477.547104076
73416,47479866.65484795
73417,47478255.23918979
73418,47476643.29998894
73419,47475030.83894785
73420,47473417.85763596
73421,47471804.34963575
73422,47470190.319430515
73423,47468575.768171474
73424,47466960.69221191
73425,47465345.095173255
73426,47463728.976098105
73427,47462112.33284241
73428,47460495.16713297
73429,47458877.479929075
73430,47457259.2685169
73431,47455640.5320936
73432,47454021.27788361
73433,47452401.49593173
73434,47450781.19276998
73435,47449160.36598031
73436,47447539.01754801
73437,47445917.14800598
73438,47444294.750064984
73439,47442671.83360934
73440,47441048.39200944
73441,47439424.42695316
73442,47437799.94042599
73443,47436174.93274698
73444,47434549.39755045
73445,47432923.342124715
73446,47431296.76520485
73447,47429669.6630316
73448,47428042.03724781
73449,47426413.88776866
73450,47424785.21640842
73451,47423156.021782935
73452,47421526.30535072
73453,47419896.06535111
73454,47418265.30034685
73455,47416634.01453984
73456,47415002.20495961
73457,47413369.87023302
73458,47411737.01186652
73459,47410103.633256815
73460,47408469.73133598
73461,47406835.302911356
73462,47405200.3531802
73463,47403564.88199714
73464,47401928.883151814
73465,47400292.36521577
73466,47398655.32151592
73467,47397017.75549142
73468,47395379.66808061
73469,47393741.05299942
73470,47392101.91734302
73471,47390462.25861984
73472,47388822.073286965
73473,47387181.368987426
73474,47385540.13787541
73475,47383898.3837931
73476,47382256.1078963
73477,47380613.30832
73478,47378969.984908774
73479,47377326.13686042
73480,47375681.766852126
73481,47374036.87164031
73482,47372391.45478459
73483,47370745.51307219
73484,47369099.04976745
73485,47367452.06088084
73486,47365804.55211195
73487,47364156.51517468
73488,47362507.95434399
73489,47360858.87281479
73490,47359209.268255085
73491,47357559.13817797
73492,47355908.48312062
73493,47354257.307028785
73494,47352605.60793829
73495,47350953.38348825
73496,47349300.63584694
73497,47347647.363464676
73498,47345993.56767087
73499,47344339.24833165
73500,47342684.40792373
73501,47341029.04255893
73502,47339373.150797136
73503,47337716.737613
73504,47336059.798276424
73505,47334402.3376826
73506,47332744.35248725
73507,47331085.84398943
73508,47329426.81093284
73509,47327767.25706828
73510,47326107.17470123
73511,47324446.570974424
73512,47322785.4418717
73513,47321123.787542
73514,47319461.61431352
73515,47317798.91527711
73516,47316135.69200033
73517,47314471.94306235
73518,47312807.67030369
73519,47311142.87613491
73520,47309477.55572465
73521,47307811.71526632
73522,47306145.34728131
73523,47304478.455196194
73524,47302811.04135405
73525,47301143.102995984
73526,47299474.63922675
73527,47297805.65334837
73528,47296136.13934893
73529,47294466.10606241
73530,47292795.54444393
73531,47291124.464558706
73532,47289452.85609236
73533,47287780.723617405
73534,47286108.067378625
73535,47284434.88844436
73536,47282761.18507081
73537,47281086.95777817
73538,47279412.20565213
73539,47277736.92900792
73540,47276061.13062619
73541,47274384.80344137
73542,47272707.957220316
73543,47271030.58416338
73544,47269352.68711557
73545,47267674.26670161
73546,47265995.32014662
73547,47264315.85057139
73548,47262635.85735227
73549,47260955.33917977
73550,47259274.29728782
73551,47257592.73180715
73552,47255910.640493914
73553,47254228.02543371
73554,47252544.88636993
73555,47250861.2222476
73556,47249177.035614975
73557,47247492.323095486
73558,47245807.0860291
73559,47244121.32404986
73560,47242435.04130615
73561,47240748.231121674
73562,47239060.897120856
73563,47237373.03997627
73564,47235684.65631282
73565,47233995.748516545
73566,47232306.31660016
73567,47230616.36069533
73568,47228925.88123371
73569,47227234.877207235
73570,47225543.3480611
73571,47223851.29209584
73572,47222158.71633538
73573,47220465.612580866
73574,47218771.98527777
73575,47217077.83473437
73576,47215383.15916227
73577,47213687.9566424
73578,47211992.23307961
73579,47210295.98170394
73580,47208599.21004726
73581,47206901.90953404
73582,47205204.08767164
73583,47203505.73939157
73584,47201806.866895646
73585,47200107.468595415
73586,47198407.547739506
73587,47196707.10301004
73588,47195006.13149659
73589,47193304.636835665
73590,47191602.61647214
73591,47189900.07245364
73592,47188197.002362564
73593,47186493.40927124
73594,47184789.291004345
73595,47183084.648159936
73596,47181379.47848795
73597,47179673.787862316
73598,47177967.56950441
73599,47176260.82735395
73600,47174553.56334484
73601,47172845.771517724
73602,47171137.45528658
73603,47169428.61372636
73604,47167719.24783351
73605,47166009.35961597
73606,47164298.94321666
73607,47162588.002366334
73608,47160876.537675746
73609,47159164.54960063
73610,47157452.034765586
73611,47155738.99716784
73612,47154025.43241648
73613,47152311.34253384
73614,47150596.73215768
73615,47148881.59100238
73616,47147165.927683026
73617,47145449.74085082
73618,47143733.028569855
73619,47142015.78950535
73620,47140298.02852449
73621,47138579.73987496
73622,47136860.930460565
73623,47135141.59109518
73624,47133421.727514505
73625,47131701.34081729
73626,47129980.4300109
73627,47128258.99177039
73628,47126537.0306309
73629,47124814.54585378
73630,47123091.532744974
73631,47121367.99595779
73632,47119643.93563355
73633,47117919.34619849
73634,47116194.23526214
73635,47114468.59830262
73636,47112742.436304905
73637,47111015.74999221
73638,47109288.53809091
73639,47107560.80116328
73640,47105832.539768755
73641,47104103.75261338
73642,47102374.44174831
73643,47100644.60357176
73644,47098914.24358395
73645,47097183.35626435
73646,47095451.94387977
73647,47093720.005786486
73648,47091987.54400982
73649,47090254.55646291
73650,47088521.04413174
73651,47086787.005169876
73652,47085052.44389789
73653,47083317.3562758
73654,47081581.7444181
73655,47079845.60384926
73656,47078108.94040454
73657,47076371.75415206
73658,47074634.038072824
73659,47072895.80228763
73660,47071157.03808609
73661,47069417.74837206
73662,47067677.93197137
73663,47065937.593830146
73664,47064196.729234345
73665,47062455.33966283
73666,47060713.424796864
73667,47058970.98313899
73668,47057228.01936398
73669,47055484.52800046
73670,47053740.51192355
73671,47051995.96987171
73672,47050250.90390801
73673,47048505.3095378
73674,47046759.19496847
73675,47045012.5538418
73676,47043265.38529444
73677,47041517.69221714
73678,47039769.474068895
73679,47038020.73094538
73680,47036271.46066764
73681,47034521.667667165
73682,47032771.34763245
73683,47031020.50240421
73684,47029269.13352053
73685,47027517.23597155
73686,47025764.81515171
73687,47024011.86723365
73688,47022258.39709079
73689,47020504.40064362
73690,47018749.87872596
73691,47016994.83153945
73692,47015239.25890246
73693,47013483.15823276
73694,47011726.53581669
73695,47009969.38546687
73696,47008211.71045537
73697,47006453.51203136
73698,47004694.78631088
73699,47002935.5357793
73700,47001175.75951105
73701,46999415.45665741
73702,46997654.630999565
73703,46995893.276303664
73704,46994131.398029126
73705,46992368.995885596
73706,46990606.066639
73707,46988842.611080214
73708,46987078.63104603
73709,46985314.12676497
73710,46983549.09565351
73711,46981783.53788984
73712,46980017.45631072
73713,46978250.848564014
73714,46976483.714366205
73715,46974716.05934609
73716,46972947.8741954
73717,46971179.16556436
73718,46969409.92901792
73719,46967640.16773237
73720,46965869.881668806
73721,46964099.069959655
73722,46962327.73305539
73723,46960555.86920796
73724,46958783.48198776
73725,46957010.5678507
73726,46955237.12977637
73727,46953463.16434015
73728,46951688.67273705
73729,46949913.65732399
73730,46948138.11388809
73731,46946362.046257794
73732,46944585.45436074
73733,46942808.335883364
73734,46941030.69135458
73735,46939252.52294649
73736,46937473.82675129
73737,46935694.605945066
73738,46933914.857571
73739,46932134.5860342
73740,46930353.786594
73741,46928572.46319596
73742,46926790.61489739
73743,46925008.23866025
73744,46923225.338082165
73745,46921441.9129632
73746,46919657.959758535
73747,46917873.48380098
73748,46916088.47926274
73749,46914302.95025994
73750,46912516.89595275
73751,46910730.315144256
73752,46908943.209440604
73753,46907155.57642479
73754,46905367.417098396
73755,46903578.73517534
73756,46901789.52718861
73757,46899999.79347307
73758,46898209.534758605
73759,46896418.74589869
73760,46894627.43399992
73761,46892835.59741966
73762,46891043.2339948
73763,46889250.34497762
73764,46887456.92966916
73765,46885662.98739718
73766,46883868.52327436
73767,46882073.53097078
73768,46880278.01160905
73769,46878481.97019345
73770,46876685.4009864
73771,46874888.30568596
73772,46873090.6838153
73773,46871292.53775653
73774,46869493.86416654
73775,46867694.665419444
73776,46865894.94265447
73777,46864094.69140419
73778,46862293.91712645
73779,46860492.61575873
73780,46858690.787737615
73781,46856888.4374302
73782,46855085.5560115
73783,46853282.15212624
73784,46851478.221206486
73785,46849673.765996486
73786,46847868.78255471
73787,46846063.273623876
73788,46844257.24147349
73789,46842450.67988613
73790,46840643.595030606
73791,46838835.98401442
73792,46837027.84685111
73793,46835219.18392588
73794,46833409.99494148
73795,46831600.28073178
73796,46829790.039305255
73797,46827979.2739362
73798,46826167.980309814
73799,46824356.16166365
73800,46822543.817711264
73801,46820730.94846595
73802,46818917.55400537
73803,46817103.63128311
73804,46815289.18324247
73805,46813474.21016933
73806,46811658.70961671
73807,46809842.68384518
73808,46808026.13339403
73809,46806209.05626543
73810,46804391.456745714
73811,46802573.32739742
73812,46800754.67261076
73813,46798935.488798544
73814,46797115.78517401
73815,46795295.5501978
73816,46793474.79413031
73817,46791653.5085807
73818,46789831.69688521
73819,46788009.36334494
73820,46786186.50119107
73821,46784363.11047363
73822,46782539.197887525
73823,46780714.75571949
73824,46778889.79142059
73825,46777064.29964939
73826,46775238.28191022
73827,46773411.74027084
73828,46771584.66771877
73829,46769757.07327998
73830,46767928.952759266
73831,46766100.30323924
73832,46764271.13026825
73833,46762441.4329094
73834,46760611.20782479
73835,46758780.45477335
73836,46756949.178830154
73837,46755117.37633274
73838,46753285.045207456
73839,46751452.19127844
73840,46749618.80896779
73841,46747784.90097095
73842,46745950.46928947
73843,46744115.51002924
73844,46742280.02435951
73845,46740444.01398204
73846,46738607.47715088
73847,46736770.4147321
73848,46734932.82658665
73849,46733094.71169774
73850,46731256.06969516
73851,46729416.902372554
73852,46727577.21140884
73853,46725736.99112891
73854,46723896.24579987
73855,46722054.97574285
73856,46720213.17692845
73857,46718370.85547073
73858,46716528.00659244
73859,46714684.63153156
73860,46712840.73189321
73861,46710996.30578209
73862,46709151.35358665
73863,46707305.872584954
73864,46705459.86798029
73865,46703613.336760536
73866,46701766.281149074
73867,46699918.69590676
73868,46698070.588539794
73869,46696221.95436577
73870,46694372.79258593
73871,46692523.10590334
73872,46690672.8944346
73873,46688822.15448405
73874,46686970.890819
73875,46685119.10033009
73876,46683266.78227611
73877,46681413.93849072
73878,46679560.57138188
73879,46677706.672274314
73880,46675852.25223112
73881,46673997.30751557
73882,46672141.83616193
73883,46670285.83529187
73884,46668429.30969463
73885,46666572.25792205
73886,46664714.6818011
73887,46662856.57923654
73888,46660997.94963746
73889,46659138.79373811
73890,46657279.113471255
73891,46655418.90548074
73892,46653558.17239883
73893,46651696.91354755
73894,46649835.12630522
73895,46647972.815853775
73896,46646109.978600904
73897,46644246.6138711
73898,46642382.724540524
73899,46640518.30953646
73900,46638653.36970942
73901,46636787.90095091
73902,46634921.90772866
73903,46633055.38833255
73904,46631188.343054
73905,46629320.77129598
73906,46627452.673207656
73907,46625584.04932068
73908,46623714.90084608
73909,46621845.223524824
73910,46619975.02361797
73911,46618104.29390121
73912,46616233.040377
73913,46614361.26153217
73914,46612488.95732729
73915,46610616.12113917
73916,46608742.76603021
73917,46606868.881701946
73918,46604994.47081742
73919,46603119.535648085
73920,46601244.07208357
73921,46599368.08446491
73922,46597491.5716375
73923,46595614.53013179
73924,46593736.96520117
73925,46591858.87227651
73926,46589980.254357964
73927,46588101.111739546
73928,46586221.43933309
73929,46584341.24428181
73930,46582460.52259514
73931,46580579.27416013
73932,46578697.499081105
73933,46576815.19979486
73934,46574932.37214367
73935,46573049.02041814
73936,46571165.144216254
73937,46569280.73897532
73938,46567395.80803979
73939,46565510.35218002
73940,46563624.368609704
73941,46561737.861377105
73942,46559850.82631935
73943,46557963.265861966
73944,46556075.17998664
73945,46554186.56717646
73946,46552297.42958606
73947,46550407.76552962
73948,46548517.57451093
73949,46546626.85560642
73950,46544735.615268975
73951,46542843.84674186
73952,46540951.553887635
73953,46539058.73249087
73954,46537165.38643362
73955,46535271.51550039
73956,46533377.11562021
73957,46531482.19235904
73958,46529586.74131079
73959,46527690.765248515
73960,46525794.262367256
73961,46523897.23484264
73962,46521999.68172842
73963,46520101.60013777
73964,46518202.99429649
73965,46516303.86514019
73966,46514404.205175765
73967,46512504.02125895
73968,46510603.31033025
73969,46508702.07607097
73970,46506800.31434439
73971,46504898.02468543
73972,46502995.21255233
73973,46501091.873061076
73974,46499188.00393623
73975,46497283.61519735
73976,46495378.695956565
73977,46493473.254482105
73978,46491567.28284675
73979,46489660.788802266
73980,46487753.765043035
73981,46485846.22058706
73982,46483938.14627789
73983,46482029.5482949
73984,46480120.42115486
73985,46478210.77102342
73986,46476300.59534156
73987,46474389.89088482
73988,46472478.66250673
73989,46470566.908023775
73990,46468654.625103176
73991,46466741.819550835
73992,46464828.48871511
73993,46462914.62712602
73994,46461000.245982096
73995,46459085.334062055
73996,46457169.90059217
73997,46455253.936961755
73998,46453337.44781721
73999,46451420.43579749
74000,46449502.896561995
74001,46447584.83015697
74002,46445666.23764697
74003,46443747.12219041
74004,46441827.47660435
74005,46439907.30951105
74006,46437986.61106538
74007,46436065.39275662
74008,46434143.645380124
74009,46432221.37200256
74010,46430298.57625675
74011,46428375.2485251
74012,46426451.40192332
74013,46424527.02302381
74014,46422602.12378015
74015,46420676.694274224
74016,46418750.739586264
74017,46416824.261736766
74018,46414897.25756942
74019,46412969.72509315
74020,46411041.66941099
74021,46409113.08717649
74022,46407183.97949592
74023,46405254.34376608
74024,46403324.18475591
74025,46401393.49851757
74026,46399462.28584869
74027,46397530.54955891
74028,46395598.285978526
74029,46393665.49579646
74030,46391732.18176341
74031,46389798.340621956
74032,46387863.97441548
74033,46385929.08348788
74034,46383993.66276312
74035,46382057.720012575
74036,46380121.25021124
74037,46378184.255627714
74038,46376246.73328668
74039,46374308.68631537
74040,46372370.11420874
74041,46370431.01639177
74042,46368491.39135946
74043,46366551.23932238
74044,46364610.565449655
74045,46362669.366509944
74046,46360727.63960902
74047,46358785.38480966
74048,46356842.60862869
74049,46354899.3023157
74050,46352955.47120846
74051,46351011.116833
74052,46349066.236558914
74053,46347120.828266
74054,46345174.89674004
74055,46343228.43802124
74056,46341281.45340225
74057,46339333.9447206
74058,46337385.90975481
74059,46335437.34761919
74060,46333488.26127406
74061,46331538.64681439
74062,46329588.51159337
74063,46327637.84594883
74064,46325686.656254075
74065,46323734.94299501
74066,46321782.701080546
74067,46319829.9344943
74068,46317876.642992444
74069,46315922.824545495
74070,46313968.481915236
74071,46312013.614888795
74072,46310058.22067166
74073,46308102.299608745
74074,46306145.853304274
74075,46304188.883246064
74076,46302231.38419762
74077,46300273.36494511
74078,46298314.815808065
74079,46296355.741375744
74080,46294396.144863516
74081,46292436.018824615
74082,46290475.36820593
74083,46288514.19498171
74084,46286552.491161875
74085,46284590.265651695
74086,46282627.51327812
74087,46280664.23389059
74088,46278700.43122855
74089,46276736.102228835
74090,46274771.24631471
74091,46272805.86621159
74092,46270839.96059309
74093,46268873.53141716
74094,46266906.57448212
74095,46264939.092668295
74096,46262971.08582575
74097,46261002.553424135
74098,46259033.49481513
74099,46257063.91066965
74100,46255093.80409692
74101,46253123.16730735
74102,46251152.008406095
74103,46249180.32063307
74104,46247208.11223546
74105,46245235.37395709
74106,46243262.11549321
74107,46241288.3241525
74108,46239314.01176295
74109,46237339.17460579
74110,46235363.81100938
74111,46233387.92137249
74112,46231411.509817466
74113,46229434.57013439
74114,46227457.10347732
74115,46225479.11451575
74116,46223500.599259175
74117,46221521.556807384
74118,46219541.989782564
74119,46217561.90003116
74120,46215581.2828407
74121,46213600.13810125
74122,46211618.47309175
74123,46209636.27766459
74124,46207653.56076704
74125,46205670.3159761
74126,46203686.54806797
74127,46201702.253845535
74128,46199717.43650897
74129,46197732.0879295
74130,46195746.21878974
74131,46193759.82384508
74132,46191772.90413746
74133,46189785.457749635
74134,46187797.484878436
74135,46185808.99159675
74136,46183819.97075354
74137,46181830.423192814
74138,46179840.350434825
74139,46177849.75402358
74140,46175858.63033329
74141,46173866.98515338
74142,46171874.81194958
74143,46169882.11310345
74144,46167888.89073601
74145,46165895.14354184
74146,46163900.87037815
74147,46161906.07069643
74148,46159910.74933566
74149,46157914.899844065
74150,46155918.52516681
74151,46153921.62528965
74152,46151924.20125699
74153,46149926.252657995
74154,46147927.77808806
74155,46145928.780553035
74156,46143929.25349066
74157,46141929.205436856
74158,46139928.62836878
74159,46137927.531130925
74160,46135925.90696007
74161,46133923.75782207
74162,46131921.081050485
74163,46129917.88116482
74164,46127914.15811731
74165,46125909.90849638
74166,46123905.13227967
74167,46121899.83075862
74168,46119894.006884515
74169,46117887.65809789
74170,46115880.782049134
74171,46113873.38451053
74172,46111865.45836969
74173,46109857.009484425
74174,46107848.03612807
74175,46105838.535947576
74176,46103828.513149366
74177,46101817.963314354
74178,46099806.88668413
74179,46097795.289225355
74180,46095783.16480617
74181,46093770.51698089
74182,46091757.34258562
74183,46089743.64296743
74184,46087729.420493044
74185,46085714.671350986
74186,46083699.397938564
74187,46081683.600508615
74188,46079667.27808271
74189,46077650.4315355
74190,46075633.05733593
74191,46073615.15871791
74192,46071596.73845277
74193,46069577.7921435
74194,46067558.32053746
74195,46065538.32380886
74196,46063517.803967945
74197,46061496.757543504
74198,46059475.18731299
74199,46057453.08962666
74200,46055430.4713274
74201,46053407.326692015
74202,46051383.6591468
74203,46049359.46329914
74204,46047334.74400732
74205,46045309.500539556
74206,46043283.73416644
74207,46041257.43988268
74208,46039230.62224229
74209,46037203.28200936
74210,46035175.41485663
74211,46033147.022984415
74212,46031118.10604205
74213,46029088.66747543
74214,46027058.70271148
74215,46025028.211315736
74216,46022997.1984491
74217,46020965.659238815
74218,46018933.595160216
74219,46016901.007763915
74220,46014867.89579342
74221,46012834.2576327
74222,46010800.09812023
74223,46008765.41093472
74224,46006730.20057733
74225,46004694.4668729
74226,46002658.20656056
74227,46000621.422979996
74228,45998584.11481808
74229,45996546.28143254
74230,45994507.924539395
74231,45992469.043464966
74232,45990429.63747792
74233,45988389.7076266
74234,45986349.25288238
74235,45984308.27435675
74236,45982266.76808408
74237,45980224.74259136
74238,45978182.18907137
74239,45976139.11345951
74240,45974095.51219581
74241,45972051.3860105
74242,45970006.738525376
74243,45967961.56388077
74244,45965915.86536133
74245,45963869.64466907
74246,45961822.89477052
74247,45959775.62477364
74248,45957727.83006289
74249,45955679.50894466
74250,45953630.66562797
74251,45951581.29934858
74252,45949531.405705884
74253,45947480.99072537
74254,45945430.048686646
74255,45943378.58662117
74256,45941326.593376145
74257,45939274.0836886
74258,45937221.04574628
74259,45935167.48264513
74260,45933113.39850898
74261,45931058.787248306
74262,45929003.65586747
74263,45926947.9971669
74264,45924891.813981876
74265,45922835.11019552
74266,45920777.88021401
74267,45918720.12816775
74268,45916661.84884365
74269,45914603.04355736
74270,45912543.719331115
74271,45910483.87087543
74272,45908423.49406295
74273,45906362.59685611
74274,45904301.17559767
74275,45902239.22907747
74276,45900176.7612591
74277,45898113.76597759
74278,45896050.24802968
74279,45893986.20536853
74280,45891921.63956988
74281,45889856.55127321
74282,45887790.93770702
74283,45885724.79932093
74284,45883658.13966717
74285,45881590.95454146
74286,45879523.24539435
74287,45877455.01429264
74288,45875386.25667624
74289,45873316.97624147
74290,45871247.17361591
74291,45869176.84456502
74292,45867105.99278361
74293,45865034.61673374
74294,45862962.71894485
74295,45860890.29707046
74296,45858817.34926021
74297,45856743.87818436
74298,45854669.886670545
74299,45852595.36917712
74300,45850520.32751247
74301,45848444.76216987
74302,45846368.67399776
74303,45844292.05990122
74304,45842214.925124854
74305,45840137.26703243
74306,45838059.083751515
74307,45835980.377790876
74308,45833901.14832827
74309,45831821.39190884
74310,45829741.116432846
74311,45827660.31496447
74312,45825578.990530536
74313,45823497.14569613
74314,45821414.77040692
74315,45819331.877066225
74316,45817248.45881366
74317,45815164.51744275
74318,45813080.05032365
74319,45810995.06278466
74320,45808909.55186562
74321,45806823.515066534
74322,45804736.958667226
74323,45802649.87616481
74324,45800562.26850186
74325,45798474.141007915
74326,45796385.48942122
74327,45794296.31214832
74328,45792206.613109246
74329,45790116.39158867
74330,45788025.64980335
74331,45785934.37950294
74332,45783842.58582893
74333,45781750.26988469
74334,45779657.43193117
74335,45777564.072595134
74336,45775470.188211724
74337,45773375.77727328
74338,45771280.847118914
74339,45769185.39209677
74340,45767089.41602263
74341,45764992.912906975
74342,45762895.89109732
74343,45760798.341777846
74344,45758700.273960955
74345,45756601.678966984
74346,45754502.56323038
74347,45752402.923562884
74348,45750302.763782755
74349,45748202.07739247
74350,45746100.867541
74351,45743999.135672435
74352,45741896.88336019
74353,45739794.10121596
74354,45737690.80469327
74355,45735586.97990063
74356,45733482.63681964
74357,45731377.76807547
74358,45729272.37324222
74359,45727166.4578145
74360,45725060.02033193
74361,45722953.05885576
74362,45720845.575040035
74363,45718737.56958376
74364,45716629.0406595
74365,45714519.98804148
74366,45712410.413270876
74367,45710300.31463505
74368,45708189.69384927
74369,45706078.550597794
74370,45703966.886328764
74371,45701854.696923286
74372,45699741.985617936
74373,45697628.75163069
74374,45695514.99441927
74375,45693400.71510234
74376,45691285.91415013
74377,45689170.58884994
74378,45687054.74049206
74379,45684938.37017101
74380,45682821.47905122
74381,45680704.06315408
74382,45678586.12474206
74383,45676467.66343349
74384,45674348.683554456
74385,45672229.175344594
74386,45670109.14885773
74387,45667988.60000552
74388,45665867.52496623
74389,45663745.929924235
74390,45661623.81303573
74391,45659501.17076632
74392,45657378.00764706
74393,45655254.32391241
74394,45653130.11691296
74395,45651005.38708982
74396,45648880.13626624
74397,45646754.35938738
74398,45644628.06334481
74399,45642501.245836996
74400,45640373.90259458
74401,45638246.04111878
74402,45636117.65288902
74403,45633988.74416815
74404,45631859.31432479
74405,45629729.361903585
74406,45627598.88630633
74407,45625467.889999114
74408,45623336.370159805
74409,45621204.33012677
74410,45619071.7657696
74411,45616938.67954845
74412,45614805.07138446
74413,45612670.942570165
74414,45610536.28978366
74415,45608401.11521968
74416,45606265.418819
74417,45604129.2020777
74418,45601992.460724875
74419,45599855.19871275
74420,45597717.41539596
74421,45595579.10977346
74422,45593440.28120342
74423,45591300.93142867
74424,45589161.05933099
74425,45587020.66476937
74426,45584879.749405354
74427,45582738.31321281
74428,45580596.351709604
74429,45578453.869490534
74430,45576310.86490896
74431,45574167.344414696
74432,45572023.29771133
74433,45569878.72621512
74434,45567733.63820779
74435,45565588.02592695
74436,45563441.89178166
74437,45561295.23617935
74438,45559148.0577736
74439,45557000.359812394
74440,45554852.13953546
74441,45552703.397117704
74442,45550554.133226454
74443,45548404.34920421
74444,45546254.04194833
74445,45544103.21325861
74446,45541951.86320818
74447,45539799.99085303
74448,45537647.598611064
74449,45535494.68155853
74450,45533341.24664505
74451,45531187.289626434
74452,45529032.81034596
74453,45526877.8096191
74454,45524722.28818921
74455,45522566.24531298
74456,45520409.67802751
74457,45518252.59323711
74458,45516094.98470388
74459,45513936.8576467
74460,45511778.20712927
74461,45509619.033959195
74462,45507459.34215976
74463,45505299.12663251
74464,45503138.39379824
74465,45500977.135792315
74466,45498815.35746004
74467,45496653.05930674
74468,45494490.24011568
74469,45492326.89853326
74470,45490163.03532423
74471,45487998.652145684
74472,45485833.747283936
74473,45483668.320872225
74474,45481502.373094484
74475,45479335.907048486
74476,45477168.918693535
74477,45475001.40812269
74478,45472833.379213035
74479,45470664.82460435
74480,45468495.752225384
74481,45466326.15886869
74482,45464156.04400479
74483,45461985.40757387
74484,45459814.25114341
74485,45457642.573602475
74486,45455470.375995725
74487,45453297.65540075
74488,45451124.413619906
74489,45448950.65486146
74490,45446776.375254616
74491,45444601.57195975
74492,45442426.246429294
74493,45440250.40477868
74494,45438074.03970221
74495,45435897.15381208
74496,45433719.74712348
74497,45431541.82074252
74498,45429363.37370911
74499,45427184.40819426
74500,45425004.91848453
74501,45422824.90803452
74502,45420644.378534496
74503,45418463.32882305
74504,45416281.75768149
74505,45414099.66687359
74506,45411917.054963015
74507,45409733.922983594
74508,45407550.26821089
74509,45405366.097896755
74510,45403181.403006844
74511,45400996.19054641
74512,45398810.457529515
74513,45396624.19921475
74514,45394437.425759144
74515,45392250.1299122
74516,45390062.31509613
74517,45387873.976679556
74518,45385685.122250125
74519,45383495.745366134
74520,45381305.85116252
74521,45379115.43453902
74522,45376924.495350756
74523,45374733.03727893
74524,45372541.06022856
74525,45370348.56361818
74526,45368155.54458032
74527,45365962.00881317
74528,45363767.95033988
74529,45361573.37308357
74530,45359378.27528133
74531,45357182.65841442
74532,45354986.51982599
74533,45352789.861667484
74534,45350592.683854714
74535,45348394.98392534
74536,45346196.76846822
74537,45343998.03139252
74538,45341798.7732774
74539,45339598.99782838
74540,45337398.6976094
74541,45335197.88147263
74542,45332996.54490131
74543,45330794.689096294
74544,45328592.3122375
74545,45326389.41570701
74546,45324186.00094204
74547,45321982.06696976
74548,45319777.61169341
74549,45317572.63557582
74550,45315367.141596526
74551,45313161.12727924
74552,45310954.59329067
74553,45308747.541902885
74554,45306539.96756765
74555,45304331.877353825
74556,45302123.26684173
74557,45299914.134241335
74558,45297704.483861946
74559,45295494.31375846
74560,45293283.623172626
74561,45291072.41512116
74562,45288860.68676697
74563,45286648.43816617
74564,45284435.669268176
74565,45282222.384404615
74566,45280008.57887503
74567,45277794.25540003
74568,45275579.4092402
74569,45273364.04916923
74570,45271148.16628681
74571,45268931.76387014
74572,45266714.84129027
74573,45264497.39954738
74574,45262279.44314781
74575,45260060.96314283
74576,45257841.96715975
74577,45255622.45038267
74578,45253402.41369944
74579,45251181.85824755
74580,45248960.785974525
74581,45246739.19155008
74582,45244517.08176738
74583,45242294.45137845
74584,45240071.30074774
74585,45237847.63150138
74586,45235623.44735004
74587,45233398.739045486
74588,45231173.51439462
74589,45228947.771899454
74590,45226721.50765212
74591,45224494.72609912
74592,45222267.42876054
74593,45220039.60717879
74594,45217811.27158247
74595,45215582.41428769
74596,45213353.03937234
74597,45211123.14519824
74598,45208892.73335001
74599,45206661.80458398
74600,45204430.35432373
74601,45202198.38422382
74602,45199965.89818174
74603,45197732.89463319
74604,45195499.37147871
74605,45193265.32973116
74606,45191030.768569164
74607,45188795.689057276
74608,45186560.09195882
74609,45184323.974954106
74610,45182087.3450201
74611,45179850.1885577
74612,45177612.5204366
74613,45175374.330110855
74614,45173135.624237925
74615,45170896.400096744
74616,45168656.65371285
74617,45166416.39463414
74618,45164175.61526096
74619,45161934.31592867
74620,45159692.502912804
74621,45157450.16364989
74622,45155207.31182002
74623,45152963.94280705
74624,45150720.05436686
74625,45148475.64828865
74626,45146230.72463481
74627,45143985.280013636
74628,45141739.31952819
74629,45139492.841885306
74630,45137245.84740393
74631,45134998.33309834
74632,45132750.30028082
74633,45130501.75007248
74634,45128252.68285118
74635,45126003.098004
74636,45123752.9946174
74637,45121502.37224832
74638,45119251.233601704
74639,45116999.5785528
74640,45114747.40559971
74641,45112494.71223245
74642,45110241.50449765
74643,45107987.775500566
74644,45105733.53298463
74645,45103478.77020541
74646,45101223.48944313
74647,45098967.694028884
74648,45096711.37887403
74649,45094454.547966436
74650,45092197.199328296
74651,45089939.33263622
74652,45087680.94608073
74653,45085422.04714987
74654,45083162.62816708
74655,45080902.6911961
74656,45078642.236927226
74657,45076381.26709739
74658,45074119.78118478
74659,45071857.77502027
74660,45069595.25305267
74661,45067332.21157782
74662,45065068.65537531
74663,45062804.58083048
74664,45060539.99058451
74665,45058274.8846574
74666,45056009.25785069
74667,45053743.115586974
74668,45051476.45749092
74669,45049209.28067805
74670,45046941.588394314
74671,45044673.37785501
74672,45042404.65183438
74673,45040135.40760525
74674,45037865.64635592
74675,45035595.37118766
74676,45033324.57780719
74677,45031053.26556277
74678,45028781.435884714
74679,45026509.09274952
74680,45024236.232108444
74681,45021962.85238365
74682,45019688.95908226
74683,45017414.547132514
74684,45015139.619820215
74685,45012864.176921174
74686,45010588.21570793
74687,45008311.73730704
74688,45006034.74447365
74689,45003757.23383606
74690,45001479.208283156
74691,44999200.6620977
74692,44996921.60379633
74693,44994642.0300401
74694,44992361.93498902
74695,44990081.32637258
74696,44987800.20193192
74697,44985518.56243591
74698,44983236.40403282
74699,44980953.72880337
74700,44978670.53981386
74701,44976386.833401814
74702,44974102.61190667
74703,44971817.87299219
74704,44969532.618707135
74705,44967246.84759082
74706,44964960.56258734
74707,44962673.75855094
74708,44960386.4392985
74709,44958098.60634449
74710,44955810.255287305
74711,44953521.38727954
74712,44951232.00184731
74713,44948942.10805714
74714,44946651.69296784
74715,44944360.763516426
74716,44942069.318936035
74717,44939777.35531612
74718,44937484.87792118
74719,44935191.884714484
74720,44932898.379692554
74721,44930604.35439956
74722,44928309.81396453
74723,44926014.7558437
74724,44923719.18524355
74725,44921423.10071197
74726,44919126.49822463
74727,44916829.37986313
74728,44914531.7456193
74729,44912233.5994142
74730,44909934.93611596
74731,44907635.755331986
74732,44905336.05933745
74733,44903035.85147519
74734,44900735.12466112
74735,44898433.88537489
74736,44896132.127376944
74737,44893829.85855128
74738,44891527.069586106
74739,44889223.76773657
74740,44886919.95243544
74741,44884615.61961308
74742,44882310.77305255
74743,44880005.409551114
74744,44877699.53242628
74745,44875393.14088273
74746,44873086.234466635
74747,44870778.811208606
74748,44868470.87599516
74749,44866162.42284657
74750,44863853.4578049
74751,44861543.97333214
74752,44859233.97818361
74753,44856923.46695511
74754,44854612.44064675
74755,44852300.899458945
74756,44849988.84476717
74757,44847676.27240388
74758,44845363.18897705
74759,44843049.58812487
74760,44840735.474339396
74761,44838420.84641214
74762,44836105.70376236
74763,44833790.0435842
74764,44831473.87425344
74765,44829157.18677842
74766,44826839.98454948
74767,44824522.267752856
74768,44822204.040275864
74769,44819885.2947762
74770,44817566.036010414
74771,44815246.26180249
74772,44812925.975329965
74773,44810605.17291755
74774,44808283.85894725
74775,44805962.0289686
74776,44803639.683408804
74777,44801316.824675724
74778,44798993.453644074
74779,44796669.567017585
74780,44794345.16466296
74781,44792020.250979014
74782,44789694.82491155
74783,44787368.88019362
74784,44785042.423983425
74785,44782715.45393194
74786,44780387.96858752
74787,44778059.97182095
74788,44775731.45951896
74789,44773402.434558704
74790,44771072.89227604
74791,44768742.841107115
74792,44766412.27404721
74793,44764081.19182591
74794,44761749.5987325
74795,44759417.49152827
74796,44757084.86972737
74797,44754751.73463279
74798,44752418.08608931
74799,44750083.923579454
74800,44747749.250515595
74801,44745414.05985685
74802,44743078.35743896
74803,44740742.14001398
74804,44738405.41187854
74805,44736068.16918783
74806,44733730.41390773
74807,44731392.144567385
74808,44729053.36197968
74809,44726714.06686406
74810,44724374.25732159
74811,44722033.937157735
74812,44719693.10240126
74813,44717351.75403312
74814,44715009.89326432
74815,44712667.51903191
74816,44710324.6297937
74817,44707981.23242595
74818,44705637.318711065
74819,44703292.88992441
74820,44700947.95217824
74821,44698602.49995289
74822,44696256.53703943
74823,44693910.05869367
74824,44691563.069106355
74825,44689215.56793389
74826,44686867.55205314
74827,44684519.0213829
74828,44682169.98188293
74829,44679820.429719076
74830,44677470.360856876
74831,44675119.784062356
74832,44672768.691722006
74833,44670417.08724881
74834,44668064.973536864
74835,44665712.34299147
74836,44663359.20226215
74837,44661005.548673436
74838,44658651.38435368
74839,44656296.70624152
74840,44653941.514190316
74841,44651585.8124693
74842,44649229.597920746
74843,44646872.87153423
74844,44644515.63079671
74845,44642157.881502055
74846,44639799.61754955
74847,44637440.84033194
74848,44635081.55427477
74849,44632721.75478058
74850,44630361.44210714
74851,44628000.61982218
74852,44625639.28406304
74853,44623277.43531093
74854,44620915.07457547
74855,44618552.208928406
74856,44616188.824072875
74857,44613824.92986359
74858,44611460.52255991
74859,44609095.60512216
74860,44606730.17835775
74861,44604364.237442136
74862,44601997.78040095
74863,44599630.81797454
74864,44597263.343906045
74865,44594895.35484822
74866,44592526.856469914
74867,44590157.84530626
74868,44587788.32426722
74869,44585418.29209138
74870,44583047.74671073
74871,44580676.68919761
74872,44578305.12271966
74873,44575933.04580529
74874,44573560.45542187
74875,44571187.35421051
74876,44568813.74177166
74877,44566439.618842795
74878,44564064.98500615
74879,44561689.840995565
74880,44559314.1838069
74881,44556938.01728727
74882,44554561.33908413
74883,44552184.15057671
74884,44549806.44896327
74885,44547428.24050763
74886,44545049.5153989
74887,44542670.28429185
74888,44540290.54087761
74889,44537910.28645508
74890,44535529.52027315
74891,44533148.24824579
74892,44530766.46177164
74893,44528384.16473836
74894,44526001.35623054
74895,44523618.03862096
74896,44521234.2104453
74897,44518849.8717145
74898,44516465.023472525
74899,44514079.66248925
74900,44511693.79204948
74901,44509307.41262392
74902,44506920.52177264
74903,44504533.12120082
74904,44502145.21080077
74905,44499756.78750008
74906,44497367.85714759
74907,44494978.41451239
74908,44492588.46342884
74909,44490198.00158338
74910,44487807.0274864
74911,44485415.548094556
74912,44483023.55417962
74913,44480631.05078006
74914,44478238.03879585
74915,44475844.51952739
74916,44473450.48763337
74917,44471055.94585917
74918,44468660.89287715
74919,44466265.33194618
74920,44463869.2599247
74921,44461472.68070203
74922,44459075.5910043
74923,44456677.9925536
74924,44454279.88141149
74925,44451881.262434065
74926,44449482.13461915
74927,44447082.49725725
74928,44444682.35058512
74929,44442281.69154118
74930,44439880.525894456
74931,44437478.85067755
74932,44435076.66543405
74933,44432673.970957875
74934,44430270.767952085
74935,44427867.05440805
74936,44425462.83325799
74937,44423058.10172394
74938,44420652.862951115
74939,44418247.11345265
74940,44415840.85516165
74941,44413434.08857794
74942,44411026.80996982
74943,44408619.02706812
74944,44406210.733616725
74945,44403801.931563616
74946,44401392.619528666
74947,44398982.79971953
74948,44396572.467778325
74949,44394161.63228892
74950,44391750.28487432
74951,44389338.428709075
74952,44386926.06539661
74953,44384513.19586333
74954,44382099.81177405
74955,44379685.922076404
74956,44377271.52473386
74957,44374856.61708091
74958,44372441.20151368
74959,44370025.28033283
74960,44367608.84576336
74961,44365191.90720631
74962,44362774.45878033
74963,44360356.50145073
74964,44357938.0361965
74965,44355519.06444459
74966,44353099.58385848
74967,44350679.59535776
74968,44348259.09628989
74969,44345838.090996504
74970,44343416.580030695
74971,44340994.55679971
74972,44338572.0277717
74973,44336148.9922728
74974,44333725.4445025
74975,44331301.39222355
74976,44328876.83431055
74977,44326451.76406376
74978,44324026.188166946
74979,44321600.10461138
74980,44319173.51346162
74981,44316746.41443962
74982,44314318.80859047
74983,44311890.69571814
74984,44309462.072183326
74985,44307032.94345736
74986,44304603.30771831
74987,44302173.16550792
74988,44299742.512539364
74989,44297311.353518955
74990,44294879.6867025
74991,44292447.515021965
74992,44290014.83476966
74993,44287581.647129655
74994,44285147.9539416
74995,44282713.75206078
74996,44280279.04514113
74997,44277843.82829732
74998,44275408.10646915
74999,44272971.87571643
75000,44270535.13852137
75001,44268097.89665258
75002,44265660.1446971
75003,44263221.889970705
75004,44260783.12428464
75005,44258343.85526063
75006,44255904.07768987
75007,44253463.79247819
75008,44251023.004174754
75009,44248581.70781579
75010,44246139.90153043
75011,44243697.59149982
75012,44241254.775625035
75013,44238811.45339029
75014,44236367.624315076
75015,44233923.286939025
75016,44231478.445317835
75017,44229033.09642409
75018,44226587.241709426
75019,44224140.880725175
75020,44221694.01285286
75021,44219246.641902015
75022,44216798.7618633
75023,44214350.377947465
75024,44211901.48588136
75025,44209452.08730513
75026,44207002.18326266
75027,44204551.77705805
75028,44202100.85840463
75029,44199649.43883735
75030,44197197.5121302
75031,44194745.079325825
75032,44192292.14091496
75033,44189838.69665331
75034,44187384.74761002
75035,44184930.293136254
75036,44182475.332773745
75037,44180019.865690514
75038,44177563.89393775
75039,44175107.41622097
75040,44172650.434807636
75041,44170192.9466843
75042,44167734.95366961
75043,44165276.454098694
75044,44162817.44981344
75045,44160357.94156146
75046,44157897.92776964
75047,44155437.40687955
75048,44152976.3825447
75049,44150514.85227984
75050,44148052.81763011
75051,44145590.27855633
75052,44143127.23360528
75053,44140663.68567161
75054,44138199.63044573
75055,44135735.072384045
75056,44133270.00829461
75057,44130804.43817139
75058,44128338.362564206
75059,44125871.786692485
75060,44123404.704517275
75061,44120937.116476655
75062,44118469.02409515
75063,44116000.426870815
75064,44113531.32482246
75065,44111061.72105625
75066,44108591.61025328
75067,44106120.99640556
75068,44103649.87681733
75069,44101178.2564204
75070,44098706.12742159
75071,44096233.495348565
75072,44093760.35896167
75073,44091286.718932286
75074,44088812.57708734
75075,44086337.927962504
75076,44083862.77615486
75077,44081387.12014358
75078,44078910.95973736
75079,44076434.2967832
75080,44073957.12951461
75081,44071479.457017004
75082,44069001.28314152
75083,44066522.6026323
75084,44064043.4207614
75085,44061563.73525374
75086,44059083.54494259
75087,44056602.849802375
75088,44054121.651605204
75089,44051639.95440672
75090,44049157.7505191
75091,44046675.042836174
75092,44044191.83136277
75093,44041708.117194645
75094,44039223.89989043
75095,44036739.179878935
75096,44034253.95523941
75097,44031768.228649154
75098,44029281.9993552
75099,44026795.26374382
75100,44024308.02814001
75101,44021820.288066834
75102,44019332.04615739
75103,44016843.30114205
75104,44014354.05216335
75105,44011864.30036682
75106,44009374.04682119
75107,44006883.29193789
75108,44004392.0314634
75109,44001900.26986207
75110,43999408.005431905
75111,43996915.23898509
75112,43994421.9679241
75113,43991928.19606029
75114,43989433.91980471
75115,43986939.143457
75116,43984443.86292072
75117,43981948.08167821
75118,43979451.79755014
75119,43976955.010514766
75120,43974457.721416935
75121,43971959.931006454
75122,43969461.63707898
75123,43966962.841702074
75124,43964463.54362799
75125,43961963.745723546
75126,43959463.44372634
75127,43956962.63989535
75128,43954461.33404004
75129,43951959.53025833
75130,43949457.215928435
75131,43946954.40743302
75132,43944451.095219836
75133,43941947.28244004
75134,43939442.9653707
75135,43936938.14842351
75136,43934432.828789055
75137,43931927.01053724
75138,43929420.687068954
75139,43926913.862562194
75140,43924406.53905621
75141,43921898.71188843
75142,43919390.38643147
75143,43916881.55715324
75144,43914372.2260634
75145,43911862.39431234
75146,43909352.06154926
75147,43906841.22959931
75148,43904329.895642206
75149,43901818.058354646
75150,43899305.72257702
75151,43896792.88518278
75152,43894279.54722768
75153,43891765.70637302
75154,43889251.3676058
75155,43886736.52865513
75156,43884221.18503861
75157,43881705.34325269
75158,43879189.00040218
75159,43876672.157212056
75160,43874154.811590225
75161,43871636.970381424
75162,43869118.62356
75163,43866599.77871415
75164,43864080.43259367
75165,43861560.58745465
75166,43859040.239728205
75167,43856519.392397925
75168,43853998.046862416
75169,43851476.20057714
75170,43848953.85275562
75171,43846431.00536537
75172,43843907.65929331
75173,43841383.81094258
75174,43838859.46583554
75175,43836334.61763431
75176,43833809.27168267
75177,43831283.42345461
75178,43828757.07963531
75179,43826230.2326964
75180,43823702.88711019
75181,43821175.03984224
75182,43818646.69543074
75183,43816117.851882145
75184,43813588.506602235
75185,43811058.66360329
75186,43808528.322118044
75187,43805997.47852145
75188,43803466.13794126
75189,43800934.29590054
75190,43798401.95725301
75191,43795869.116264395
75192,43793335.779565394
75193,43790801.94361864
75194,43788267.604345754
75195,43785732.768631324
75196,43783197.435874835
75197,43780661.60131872
75198,43778125.26772283
75199,43775588.43803513
75200,43773051.107925236
75201,43770513.278343126
75202,43767974.95087078
75203,43765436.1263206
75204,43762896.79976269
75205,43760356.976112634
75206,43757816.654919356
75207,43755275.8362947
75208,43752734.51647112
75209,43750192.69908548
75210,43747650.384157404
75211,43745107.57099356
75212,43742564.260070264
75213,43740020.4487105
75214,43737476.141983405
75215,43734931.33430381
75216,43732386.02875437
75217,43729840.22739867
75218,43727293.926621616
75219,43724747.128690764
75220,43722199.83192212
75221,43719652.03711378
75222,43717103.74453729
75223,43714554.955420904
75224,43712005.66636704
75225,43709455.88259003
75226,43706905.59886399
75227,43704354.82022501
75228,43701803.54280275
75229,43699251.76701019
75230,43696699.493828565
75231,43694146.723618865
75232,43691593.457680546
75233,43689039.69274999
75234,43686485.42874093
75235,43683930.67089708
75236,43681375.41465391
75237,43678819.660703436
75238,43676263.40906322
75239,43673706.66088043
75240,43671149.41864596
75241,43668591.67539823
75242,43666033.43831092
75243,43663474.704434045
75244,43660915.47229922
75245,43658355.742685616
75246,43655795.51888843
75247,43653234.79658836
75248,43650673.57704891
75249,43648111.86398496
75250,43645549.65137689
75251,43642986.9420814
75252,43640423.736372426
75253,43637860.03785342
75254,43635295.84001535
75255,43632731.147165775
75256,43630165.95731351
75257,43627600.269585475
75258,43625034.0896001
75259,43622467.410820805
75260,43619900.237415805
75261,43617332.56736269
75262,43614764.40208769
75263,43612195.740517326
75264,43609626.583031856
75265,43607056.92673223
75266,43604486.781365186
75267,43601916.13342757
75268,43599344.99451101
75269,43596773.35755776
75270,43594201.2269886
75271,43591628.59766273
75272,43589055.47838092
75273,43586481.85839983
75274,43583907.745823175
75275,43581333.1357693
75276,43578758.034210004
75277,43576182.431936026
75278,43573606.336264014
75279,43571029.750720784
75280,43568452.66356876
75281,43565875.085034356
75282,43563297.01204236
75283,43560718.440527335
75284,43558139.37675857
75285,43555559.81804435
75286,43552979.7632044
75287,43550399.21568268
75288,43547818.17160489
75289,43545236.63188281
75290,43542654.6007937
75291,43540072.07276918
75292,43537489.05102073
75293,43534905.53518328
75294,43532321.52517459
75295,43529737.01834592
75296,43527152.021368764
75297,43524566.527811065
75298,43521980.53823656
75299,43519394.058776416
75300,43516807.08088915
75301,43514219.61161965
75302,43511631.6465747
75303,43509043.1898831
75304,43506454.236738354
75305,43503864.791604415
75306,43501274.849278316
75307,43498684.41811785
75308,43496093.49100677
75309,43493502.0690019
75310,43490910.157371596
75311,43488317.74836536
75312,43485724.84556836
75313,43483131.45316052
75314,43480537.565407604
75315,43477943.18257928
75316,43475348.306285866
75317,43472752.93772935
75318,43470157.07699205
75319,43467560.72282581
75320,43464963.877689674
75321,43462366.535035536
75322,43459768.70021218
75323,43457170.37415026
75324,43454571.55620177
75325,43451972.243187845
75326,43449372.43736657
75327,43446772.139074445
75328,43444171.348456055
75329,43441570.065154046
75330,43438968.28873655
75331,43436366.02040275
75332,43433763.258857355
75333,43431160.00469784
75334,43428556.25927407
75335,43425952.0214911
75336,43423347.289746344
75337,43420742.067948416
75338,43418136.3532017
75339,43415530.145399615
75340,43412923.445075855
75341,43410316.254255995
75342,43407708.57083033
75343,43405100.39543828
75344,43402491.72938736
75345,43399882.56754475
75346,43397272.91791354
75347,43394662.774559714
75348,43392052.139267966
75349,43389441.01316106
75350,43386829.39760473
75351,43384217.286085784
75352,43381604.68705675
75353,43378991.59471453
75354,43376378.01015827
75355,43373763.93694548
75356,43371149.36873229
75357,43368534.31193197
75358,43365918.76277131
75359,43363302.72487509
75360,43360686.19445908
75361,43358069.171659015
75362,43355451.66110569
75363,43352833.65524128
75364,43350215.160781726
75365,43347596.1756869
75366,43344976.697767645
75367,43342356.73188871
75368,43339736.272886634
75369,43337115.324293576
75370,43334493.88789904
75371,43331871.95664121
75372,43329249.53790038
75373,43326626.62916809
75374,43324003.22519109
75375,43321379.336817294
75376,43318754.955059
75377,43316130.08372847
75378,43313504.72243226
75379,43310878.87087223
75380,43308252.52982105
75381,43305625.69670288
75382,43302998.37677908
75383,43300370.56379095
75384,43297742.26583576
75385,43295113.472664714
75386,43292484.19226436
75387,43289854.423501275
75388,43287224.16098468
75389,43284593.41221303
75390,43281962.17176852
75391,43279330.44370512
75392,43276698.22534357
75393,43274065.52030668
75394,43271432.32352081
75395,43268798.63671225
75396,43266164.4616493
75397,43263529.798995204
75398,43260894.644803226
75399,43258259.00169364
75400,43255622.87240889
75401,43252986.251045
75402,43250349.142843805
75403,43247711.54440151
75404,43245073.459807366
75405,43242434.88221318
75406,43239795.816446275
75407,43237156.265659735
75408,43234516.22503865
75409,43231875.69562267
75410,43229234.67792216
75411,43226593.17009695
75412,43223951.17747407
75413,43221308.6938293
75414,43218665.72172591
75415,43216022.26146187
75416,43213378.31652933
75417,43210733.879715
75418,43208088.954871245
75419,43205443.54519084
75420,43202797.644536465
75421,43200151.25850928
75422,43197504.38105189
75423,43194857.01885508
75424,43192209.16991833
75425,43189560.829723194
75426,43186912.00442394
75427,43184262.68870932
75428,43181612.89116812
75429,43178962.60381293
75430,43176311.82628919
75431,43173660.56491372
75432,43171008.81393957
75433,43168356.57579974
75434,43165703.85268082
75435,43163050.64105284
75436,43160396.943355374
75437,43157742.75755726
75438,43155088.08692515
75439,43152432.92589998
75440,43149777.28039848
75441,43147121.14809352
75442,43144464.52844033
75443,43141807.421959944
75444,43139149.829973236
75445,43136491.75135096
75446,43133833.18616289
75447,43131174.13117355
75448,43128514.59547022
75449,43125854.56966214
75450,43123194.06062424
75451,43120533.06334068
75452,43117871.58014445
75453,43115209.60936996
75454,43112547.1532761
75455,43109884.21469185
75456,43107220.78743404
75457,43104556.87125453
75458,43101892.47583139
75459,43099227.59027037
75460,43096562.2198243
75461,43093896.36302053
75462,43091230.02343824
75463,43088563.19503151
75464,43085895.882637754
75465,43083228.08317681
75466,43080559.80143589
75467,43077891.03276777
75468,43075221.77803239
75469,43072552.04284412
75470,43069881.8172195
75471,43067211.10691765
75472,43064539.91337544
75473,43061868.23480812
75474,43059196.070953056
75475,43056523.42367811
75476,43053850.28916122
75477,43051176.6713641
75478,43048502.568174705
75479,43045827.98217267
75480,43043152.91041128
75481,43040477.352434605
75482,43037801.31072508
75483,43035124.78629032
75484,43032447.7737014
75485,43029770.28327712
75486,43027092.30355475
75487,43024413.84249859
75488,43021734.89691038
75489,43019055.46555859
75490,43016375.55140938
75491,43013695.15391119
75492,43011014.27104482
75493,43008332.906679176
75494,43005651.05693986
75495,43002968.723464444
75496,43000285.90537316
75497,42997602.6061174
75498,42994918.820833854
75499,42992234.554072805
75500,42989549.80071633
75501,42986864.57036831
75502,42984178.853522256
75503,42981492.65138807
75504,42978805.96579166
75505,42976118.80026597
75506,42973431.15062414
75507,42970743.01765616
75508,42968054.404344246
75509,42965365.3028567
75510,42962675.72101535
75511,42959985.65749939
75512,42957295.11024836
75513,42954604.08006632
75514,42951912.566907465
75515,42949220.574742705
75516,42946528.09603392
75517,42943835.136385344
75518,42941141.6947392
75519,42938447.76997076
75520,42935753.3657542
75521,42933058.47712864
75522,42930363.10620573
75523,42927667.254096255
75524,42924970.91920907
75525,42922274.102836095
75526,42919576.8056829
75527,42916879.02464911
75528,42914180.761910394
75529,42911482.01718621
75530,42908782.79128704
75531,42906083.0843239
75532,42903382.89872731
75533,42900682.22747759
75534,42897981.076986305
75535,42895279.44350219
75536,42892577.33294577
75537,42889874.73402609
75538,42887171.659899235
75539,42884468.102257535
75540,42881764.06446711
75541,42879059.5449981
75542,42876354.54439491
75543,42873649.06329368
75544,42870943.10480396
75545,42868236.660080075
75546,42865529.73768169
75547,42862822.33210665
75548,42860114.447405025
75549,42857406.08418755
75550,42854697.24066092
75551,42851987.914381966
75552,42849278.10808244
75553,42846567.8230847
75554,42843857.055961624
75555,42841145.81163119
75556,42838434.08536105
75557,42835721.8770628
75558,42833009.19062828
75559,42830296.02522641
75560,42827582.379811645
75561,42824868.253448494
75562,42822153.64941887
75563,42819438.56366353
75564,42816722.99994725
75565,42814006.95369496
75566,42811290.43074162
75567,42808573.429004624
75568,42805855.946343444
75569,42803137.984665215
75570,42800419.54370128
75571,42797700.624541305
75572,42794981.2270456
75573,42792261.34576121
75574,42789540.99082354
75575,42786820.155186266
75576,42784098.83970259
75577,42781377.047367275
75578,42778654.77391719
75579,42775932.02436797
75580,42773208.79550351
75581,42770485.08807321
75582,42767760.90380873
75583,42765036.23658364
75584,42762311.09321493
75585,42759585.474407144
75586,42756859.36962591
75587,42754132.796004534
75588,42751405.740755886
75589,42748678.20658441
75590,42745950.195923336
75591,42743221.705973774
75592,42740492.73765887
75593,42737763.29503349
75594,42735033.37238696
75595,42732302.97042019
75596,42729572.09296949
75597,42726840.73995854
75598,42724108.90569441
75599,42721376.59500454
75600,42718643.80905813
75601,42715910.54099655
75602,42713176.798567325
75603,42710442.58161692
75604,42707707.886071146
75605,42704972.71029587
75606,42702237.06054059
75607,42699500.93558844
75608,42696764.329783425
75609,42694027.250068575
75610,42691289.69323623
75611,42688551.6600589
75612,42685813.148315296
75613,42683074.16213554
75614,42680334.69699267
75615,42677594.75904174
75616,42674854.34146035
75617,42672113.44866426
75618,42669372.08360957
75619,42666630.23876171
75620,42663887.91641909
75621,42661145.121173665
75622,42658401.84673679
75623,42655658.098507434
75624,42652913.874257006
75625,42650169.17358405
75626,42647423.99655536
75627,42644678.34739498
75628,42641932.22227871
75629,42639185.619056284
75630,42636438.541995704
75631,42633690.98863657
75632,42630942.9591853
75633,42628194.45685968
75634,42625445.477714635
75635,42622696.02334098
75636,42619946.09666547
75637,42617195.690834194
75638,42614444.81299022
75639,42611693.46255714
75640,42608941.632979214
75641,42606189.329772055
75642,42603436.549980044
75643,42600683.30010457
75644,42597929.572634846
75645,42595175.37287168
75646,42592420.69754853
75647,42589665.54737602
75648,42586909.92566904
75649,42584153.827551164
75650,42581397.2534717
75651,42578640.21014044
75652,42575882.68741868
75653,42573124.69633357
75654,42570366.226724505
75655,42567607.28503205
75656,42564847.87171586
75657,42562087.981220186
75658,42559327.62006876
75659,42556566.78175248
75660,42553805.47372637
75661,42551043.6914449
75662,42548281.43613367
75663,42545518.70637765
75664,42542755.50326541
75665,42539991.82814345
75666,42537227.67835185
75667,42534463.058120646
75668,42531697.96352497
75669,42528932.39496112
75670,42526166.35578041
75671,42523399.84364149
75672,42520632.85988814
75673,42517865.40063189
75674,42515097.469168425
75675,42512329.06628732
75676,42509560.19054578
75677,42506790.843187176
75678,42504021.02400042
75679,42501250.73195481
75680,42498479.9669954
75681,42495708.72982402
75682,42492937.022585124
75683,42490164.84193958
75684,42487392.18970393
75685,42484619.067907654
75686,42481845.47232753
75687,42479071.4041169
75688,42476296.86620355
75689,42473521.85683358
75690,42470746.37535737
75691,42467970.4227542
75692,42465193.99747801
75693,42462417.103301585
75694,42459639.73644549
75695,42456861.89972888
75696,42454083.5914782
75697,42451304.81392961
75698,42448525.561826006
75699,42445745.83944574
75700,42442965.647340894
75701,42440184.983825915
75702,42437403.85062644
75703,42434622.248046115
75704,42431840.17384377
75705,42429057.63158269
75706,42426274.61321087
75707,42423491.127875075
75708,42420707.17352961
75709,42417922.74722214
75710,42415137.852504104
75711,42412352.486041576
75712,42409566.65071072
75713,42406780.34605621
75714,42403993.56990895
75715,42401206.32525246
75716,42398418.611635976
75717,42395630.42707465
75718,42392841.77280497
75719,42390052.6499446
75720,42387263.05908558
75721,42384472.99667421
75722,42381682.46509701
75723,42378891.46626233
75724,42376099.996683784
75725,42373308.05943638
75726,42370515.65185392
75727,42367722.77614361
75728,42364929.42983839
75729,42362135.615753375
75730,42359341.33521031
75731,42356546.58441816
75732,42353751.364203244
75733,42350955.67547827
75734,42348159.52065523
75735,42345362.89624657
75736,42342565.80176374
75737,42339768.24258305
75738,42336970.21434114
75739,42334171.71482319
75740,42331372.75164819
75741,42328573.31951745
75742,42325773.4188447
75743,42322973.04710965
75744,42320172.21390201
75745,42317370.9087203
75746,42314569.13728359
75747,42311766.90143588
75748,42308964.192955464
75749,42306161.01883782
75750,42303357.37924884
75751,42300553.272179596
75752,42297748.6955979
75753,42294943.65277922
75754,42292138.1443215
75755,42289332.169338815
75756,42286525.72512664
75757,42283718.81696215
75758,42280911.43947768
75759,42278103.59489772
75760,42275295.28886463
75761,42272486.511802234
75762,42269677.27024478
75763,42266867.56089035
75764,42264057.38576789
75765,42261246.745427504
75766,42258435.63738584
75767,42255624.06616369
75768,42252812.025163904
75769,42249999.52196263
75770,42247186.549875855
75771,42244373.110267535
75772,42241559.20935865
75773,42238744.84329288
75774,42235930.00808664
75775,42233114.70875043
75776,42230298.94710481
75777,42227482.714631416
75778,42224666.02215397
75779,42221848.860999465
75780,42219031.23695487
75781,42216213.146384895
75782,42213394.588959575
75783,42210575.57075414
75784,42207756.08605586
75785,42204936.13720797
75786,42202115.722957164
75787,42199294.843647406
75788,42196473.49949968
75789,42193651.693416685
75790,42190829.42174257
75791,42188006.68484536
75792,42185183.483719066
75793,42182359.8188463
75794,42179535.68950525
75795,42176711.09787905
75796,42173886.04110537
75797,42171060.521181695
75798,42168234.53537719
75799,42165408.08807053
75800,42162581.174956925
75801,42159753.80069977
75802,42156925.961762175
75803,42154097.66125882
75804,42151268.89645153
75805,42148439.66485368
75806,42145609.975037806
75807,42142779.81980024
75808,42139949.20052403
75809,42137118.11931295
75810,42134286.57540466
75811,42131454.569083385
75812,42128622.0996555
75813,42125789.167751536
75814,42122955.772695735
75815,42120121.91679898
75816,42117287.59684989
75817,42114452.814151764
75818,42111617.56948005
75819,42108781.86293358
75820,42105945.695279315
75821,42103109.064173445
75822,42100271.97160369
75823,42097434.41763727
75824,42094596.40025997
75825,42091757.92345671
75826,42088918.98016867
75827,42086079.579328135
75828,42083239.7193888
75829,42080399.392655134
75830,42077558.607437834
75831,42074717.3611735
75832,42071875.651808314
75833,42069033.48276439
75834,42066190.85177087
75835,42063347.760435484
75836,42060504.20731242
75837,42057660.19406278
75838,42054815.71848559
75839,42051970.7846202
75840,42049125.38846227
75841,42046279.532271385
75842,42043433.21406168
75843,42040586.438304454
75844,42037739.20125644
75845,42034891.50536704
75846,42032043.345785126
75847,42029194.728509404
75848,42026345.651749775
75849,42023496.111347176
75850,42020646.114551574
75851,42017795.658380136
75852,42014944.742828704
75853,42012093.36160342
75854,42009241.52714725
75855,42006389.23209306
75856,42003536.47710755
75857,42000683.26399277
75858,41997829.587337494
75859,41994975.45481686
75860,41992120.86140342
75861,41989265.81212731
75862,41986410.302543394
75863,41983554.335300565
75864,41980697.90730937
75865,41977841.02081678
75866,41974983.673676655
75867,41972125.87132345
75868,41969267.6093433
75869,41966408.889087915
75870,41963549.709932595
75871,41960690.07422608
75872,41957829.97770314
75873,41954969.42527425
75874,41952108.415283985
75875,41949246.94694875
75876,41946385.017087735
75877,41943522.63382347
75878,41940659.7913973
75879,41937796.49222498
75880,41934932.73517169
75881,41932068.51828692
75882,41929203.84625524
75883,41926338.71682127
75884,41923473.13042961
75885,41920607.08684518
75886,41917740.584653795
75887,41914873.62891942
75888,41912006.21036792
75889,41909138.339318335
75890,41906270.01269541
75891,41903401.22683771
75892,41900531.98476845
75893,41897662.28812419
75894,41894792.133384585
75895,41891921.522885084
75896,41889050.45340024
75897,41886178.93186422
75898,41883306.952364825
75899,41880434.515041426
75900,41877561.62462922
75901,41874688.2782345
75902,41871814.475498214
75903,41868940.2151941
75904,41866065.499801695
75905,41863190.33244686
75906,41860314.70550342
75907,41857438.62273863
75908,41854562.08824739
75909,41851685.09825472
75910,41848807.64939356
75911,41845929.74915743
75912,41843051.3921573
75913,41840172.580988936
75914,41837293.31431017
75915,41834413.59422844
75916,41831533.417821154
75917,41828652.7884395
75918,41825771.70265526
75919,41822890.16496382
75920,41820008.17034386
75921,41817125.721353576
75922,41814242.81976016
75923,41811359.463420264
75924,41808475.65342692
75925,41805591.38923369
75926,41802706.67163032
75927,41799821.501112305
75928,41796935.87657104
75929,41794049.79558977
75930,41791163.26372414
75931,41788276.27947654
75932,41785388.83930016
75933,41782500.94525365
75934,41779612.601312585
75935,41776723.80283265
75936,41773834.55094822
75937,41770944.84809291
75938,41768054.687438466
75939,41765164.0788504
75940,41762273.01458067
75941,41759381.49930656
75942,41756489.529880844
75943,41753597.10909665
75944,41750704.235381626
75945,41747810.909735635
75946,41744917.1342368
75947,41742022.9032648
75948,41739128.2245381
75949,41736233.08775024
75950,41733337.503249325
75951,41730441.46518934
75952,41727544.97415434
75953,41724648.03384984
75954,41721750.64135562
75955,41718852.800542325
75956,41715954.505199656
75957,41713055.759360194
75958,41710156.55753049
75959,41707256.90957041
75960,41704356.81168731
75961,41701456.25949525
75962,41698555.259258375
75963,41695653.805624895
75964,41692751.90231708
75965,41689849.54721582
75966,41686946.744078055
75967,41684043.4901887
75968,41681139.78361724
75969,41678235.6291693
75970,41675331.02234147
75971,41672425.96677792
75972,41669520.46097205
75973,41666614.50631146
75974,41663708.10100411
75975,41660801.2464969
75976,41657893.940249234
75977,41654986.18502773
75978,41652077.98210037
75979,41649169.32681366
75980,41646260.224004105
75981,41643350.67191849
75982,41640440.66951472
75983,41637530.21854339
75984,41634619.31869209
75985,41631707.969594516
75986,41628796.172126785
75987,41625883.92737235
75988,41622971.230218366
75989,41620058.08786021
75990,41617144.49559402
75991,41614230.45366129
75992,41611315.967052385
75993,41608401.027750105
75994,41605485.64304361
75995,41602569.81032166
75996,41599653.53051717
75997,41596736.80025561
75998,41593819.6229267
75999,41590901.99910793
76000,41587983.92497786
76001,41585065.40715786
76002,41582146.438098356
76003,41579227.02276749
76004,41576307.158566594
76005,41573386.851845354
76006,41570466.094775856
76007,41567544.89033455
76008,41564623.239406824
76009,41561701.14440269
76010,41558778.59727923
76011,41555855.60740803
76012,41552932.16945985
76013,41550008.285949536
76014,41547083.95273148
76015,41544159.17836295
76016,41541233.95605779
76017,41538308.283141255
76018,41535382.168585874
76019,41532455.6085829
76020,41529528.60044706
76021,41526601.14799108
76022,41523673.249041125
76023,41520744.9038495
76024,41517816.115144774
76025,41514886.87840952
76026,41511957.19521183
76027,41509027.07081187
76028,41506096.49843309
76029,41503165.48223674
76030,41500234.02103778
76031,41497302.1147105
76032,41494369.76153795
76033,41491436.96587202
76034,41488503.72284292
76035,41485570.03774693
76036,41482635.90742159
76037,41479701.3343669
76038,41476766.31607192
76039,41473830.85429771
76040,41470894.94457401
76041,41467958.59337063
76042,41465021.795067735
76043,41462084.55566895
76044,41459146.873442695
76045,41456208.74619678
76046,41453270.17747627
76047,41450331.16467707
76048,41447391.70548189
76049,41444451.803984694
76050,41441511.46084703
76051,41438570.67254412
76052,41435629.442351535
76053,41432687.769330144
76054,41429745.653632715
76055,41426803.092475966
76056,41423860.090279415
76057,41420916.64697384
76058,41417972.761328064
76059,41415028.43005076
76060,41412083.661288366
76061,41409138.446162164
76062,41406192.78964355
76063,41403246.691391945
76064,41400300.150514334
76065,41397353.16822469
76066,41394405.7447591
76067,41391457.87857619
76068,41388509.570286036
76069,41385560.82275953
76070,41382611.630295604
76071,41379661.99776761
76072,41376711.9234571
76073,41373761.40973966
76074,41370810.45608119
76075,41367859.05824764
76076,41364907.22124112
76077,41361954.94249098
76078,41359002.22211522
76079,41356049.063288815
76080,41353095.462443665
76081,41350141.42207726
76082,41347186.94048436
76083,41344232.020430446
76084,41341276.65914559
76085,41338320.85665296
76086,41335364.61290492
76087,41332407.931902125
76088,41329450.8124365
76089,41326493.24983843
76090,41323535.249002516
76091,41320576.80944063
76092,41317617.92874335
76093,41314658.60820359
76094,41311698.85092397
76095,41308738.65378875
76096,41305778.01689516
76097,41302816.94241445
76098,41299855.427163914
76099,41296893.47364611
76100,41293931.08262204
76101,41290968.24911867
76102,41288004.98292667
76103,41285041.27525912
76104,41282077.12739339
76105,41279112.542766154
76106,41276147.5219935
76107,41273182.05981368
76108,41270216.161886066
76109,41267249.825387776
76110,41264283.051390685
76111,41261315.83790235
76112,41258348.18994479
76113,41255380.10162169
76114,41252411.57749324
76115,41249442.61729247
76116,41246473.21690948
76117,41243503.3806951
76118,41240533.108422145
76119,41237562.399509475
76120,41234591.253665775
76121,41231619.668748766
76122,41228647.64842298
76123,41225675.19039357
76124,41222702.29963127
76125,41219728.96754986
76126,41216755.20131472
76127,41213780.99954654
76128,41210806.36115088
76129,41207831.285299
76130,41204855.77574067
76131,41201879.830837
76132,41198903.447974294
76133,41195926.63210217
76134,41192949.37866025
76135,41189971.69130452
76136,41186993.56665692
76137,41184015.00843981
76138,41181036.012183875
76139,41178056.58337913
76140,41175076.72022928
76141,41172096.42253426
76142,41169115.687875286
76143,41166134.521155745
76144,41163152.9180199
76145,41160170.879909605
76146,41157188.40895346
76147,41154205.5023688
76148,41151222.16302919
76149,41148238.388019346
76150,41145254.1807525
76151,41142269.53964986
76152,41139284.46118991
76153,41136298.95216794
76154,41133313.00904225
76155,41130326.63333233
76156,41127339.82377454
76157,41124352.577799715
76158,41121364.902741544
76159,41118376.79321941
76160,41115388.25131655
76161,41112399.2738567
76162,41109409.866971806
76163,41106420.02529335
76164,41103429.75289882
76165,41100439.0469065
76166,41097447.90665716
76167,41094456.33440798
76168,41091464.33172219
76169,41088471.896229796
76170,41085479.028543144
76171,41082485.728854075
76172,41079491.9975322
76173,41076497.83485699
76174,41073503.24115774
76175,41070508.21074383
76176,41067512.75598574
76177,41064516.8655978
76178,41061520.54417256
76179,41058523.79195193
76180,41055526.61088132
76181,41052528.996916145
76182,41049530.95123559
76183,41046532.47694627
76184,41043533.572003745
76185,41040534.235934526
76186,41037534.46745159
76187,41034534.27001374
76188,41031533.642800316
76189,41028532.585452974
76190,41025531.09650316
76191,41022529.17872243
76192,41019526.83014536
76193,41016524.052778825
76194,41013520.84501146
76195,41010517.20774228
76196,41007513.14121956
76197,41004508.64582786
76198,41001503.72074221
76199,40998498.36777274
76200,40995492.584640265
76201,40992486.37150757
76202,40989479.72994259
76203,40986472.66300483
76204,40983465.161801375
76205,40980457.23445696
76206,40977448.87780377
76207,40974440.09583966
76208,40971430.88480742
76209,40968421.24228768
76210,40965411.1735347
76211,40962400.67758747
76212,40959389.75317023
76213,40956378.398142636
76214,40953366.621386155
76215,40950354.415139705
76216,40947341.77837359
76217,40944328.71589009
76218,40941315.227204084
76219,40938301.31032674
76220,40935286.9659976
76221,40932272.19580516
76222,40929256.99819558
76223,40926241.37178209
76224,40923225.320725575
76225,40920208.842942506
76226,40917191.9386227
76227,40914174.610493794
76228,40911156.85378979
76229,40908138.67056714
76230,40905120.06287487
76231,40902101.02605155
76232,40899081.564972445
76233,40896061.6793459
76234,40893041.36828681
76235,40890020.628938675
76236,40886999.46842232
76237,40883977.878028095
76238,40880955.865003794
76239,40877933.42591903
76240,40874910.56160249
76241,40871887.2742333
76242,40868863.55635525
76243,40865839.42128576
76244,40862814.85960402
76245,40859789.8700349
76246,40856764.45906076
76247,40853738.623244
76248,40850712.36318678
76249,40847685.67860194
76250,40844658.56988485
76251,40841631.03864703
76252,40838603.083557546
76253,40835574.70349176
76254,40832545.900920935
76255,40829516.67300987
76256,40826487.02442184
76257,40823456.94857925
76258,40820426.45470309
76259,40817395.53496995
76260,40814364.1898395
76261,40811332.426582865
76262,40808300.23794888
76263,40805267.62729697
76264,40802234.59426977
76265,40799201.13796245
76266,40796167.26158094
76267,40793132.96049431
76268,40790098.237106234
76269,40787063.09393195
76270,40784027.52733737
76271,40780991.54047821
76272,40777955.12891198
76273,40774918.301014684
76274,40771881.04644256
76275,40768843.37102707
76276,40765805.27673963
76277,40762766.75998005
76278,40759727.82213755
76279,40756688.46488233
76280,40753648.687373534
76281,40750608.48696537
76282,40747567.86462366
76283,40744526.82244795
76284,40741485.361901
76285,40738443.48044452
76286,40735401.17779483
76287,40732358.456127025
76288,40729315.31362958
76289,40726271.75139369
76290,40723227.76804289
76291,40720183.367612384
76292,40717138.54857798
76293,40714093.30662904
76294,40711047.64743517
76295,40708001.56916798
76296,40704955.06773716
76297,40701908.15425262
76298,40698860.81644869
76299,40695813.06165226
76300,40692764.886135
76301,40689716.29525237
76302,40686667.282966
76303,40683617.85478
76304,40680568.007562235
76305,40677517.741421975
76306,40674467.059195064
76307,40671415.95596511
76308,40668364.435078286
76309,40665312.49972582
76310,40662260.146484286
76311,40659207.3754386
76312,40656154.18464971
76313,40653100.57746047
76314,40650046.55189155
76315,40646992.11337645
76316,40643937.253595114
76317,40640881.97861609
76318,40637826.286756426
76319,40634770.176568024
76320,40631713.653180376
76321,40628656.70999347
76322,40625599.354617804
76323,40622541.580270305
76324,40619483.38935579
76325,40616424.785187766
76326,40613365.76190691
76327,40610306.32437468
76328,40607246.472036526
76329,40604186.202740334
76330,40601125.518813476
76331,40598064.42011678
76332,40595002.90364136
76333,40591940.97375327
76334,40588878.629551984
76335,40585815.87005274
76336,40582752.6963217
76337,40579689.10852929
76338,40576625.1029074
76339,40573560.684914775
76340,40570495.85183213
76341,40567430.60510373
76342,40564364.94584583
76343,40561298.870509915
76344,40558232.3831418
76345,40555165.48069
76346,40552098.164422914
76347,40549030.43255052
76348,40545962.29172063
76349,40542893.73380821
76350,40539824.763356216
76351,40536755.38286185
76352,40533685.58841515
76353,40530615.37931299
76354,40527544.75650344
76355,40524473.726317726
76356,40521402.27793863
76357,40518330.41745788
76358,40515258.145121224
76359,40512185.463631704
76360,40509112.36645659
76361,40506038.860002816
76362,40502964.94008616
76363,40499890.610037625
76364,40496815.86763049
76365,40493740.71314275
76366,40490665.15076217
76367,40487589.17142686
76368,40484512.78491313
76369,40481435.98505875
76370,40478358.7742337
76371,40475281.153074205
76372,40472203.123289034
76373,40469124.678675555
76374,40466045.826360285
76375,40462966.56323669
76376,40459886.89057437
76377,40456806.80605626
76378,40453726.31432538
76379,40450645.41095974
76380,40447564.09585068
76381,40444482.374081045
76382,40441400.24011483
76383,40438317.69906603
76384,40435234.74863526
76385,40432151.386907
76386,40429067.61691267
76387,40425983.44051001
76388,40422898.85089287
76389,40419813.85322059
76390,40416728.448010154
76391,40413642.63752918
76392,40410556.412395194
76393,40407469.78200293
76394,40404382.744097866
76395,40401295.29808362
76396,40398207.44142176
76397,40395119.17984004
76398,40392030.50849515
76399,40388941.4317794
76400,40385851.94734353
76401,40382762.053470805
76402,40379671.755617894
76403,40376581.045571275
76404,40373489.93236496
76405,40370398.41225985
76406,40367306.48395952
76407,40364214.15090102
76408,40361121.40731655
76409,40358028.258375786
76410,40354934.70529295
76411,40351840.74408713
76412,40348746.37865684
76413,40345651.607393295
76414,40342556.42860945
76415,40339460.843808725
76416,40336364.85359126
76417,40333268.45945087
76418,40330171.659103274
76419,40327074.45148547
76420,40323976.84072231
76421,40320878.82540782
76422,40317780.40339416
76423,40314681.577133566
76424,40311582.34744126
76425,40308482.71380919
76426,40305382.674028724
76427,40302282.229646474
76428,40299181.3811025
76429,40296080.13025653
76430,40292978.47407369
76431,40289876.415009074
76432,40286773.94752239
76433,40283671.08093266
76434,40280567.81275865
76435,40277464.13805193
76436,40274360.06100606
76437,40271255.57852818
76438,40268150.69535416
76439,40265045.40788282
76440,40261939.7174565
76441,40258833.627896205
76442,40255727.13459113
76443,40252620.23600045
76444,40249512.93613827
76445,40246405.234235615
76446,40243297.132904164
76447,40240188.626361355
76448,40237079.71906677
76449,40233970.408462815
76450,40230860.698367625
76451,40227750.58793442
76452,40224640.073246576
76453,40221529.1584738
76454,40218417.84588754
76455,40215306.126721546
76456,40212194.00889614
76457,40209081.49061312
76458,40205968.57113655
76459,40202855.25231455
76460,40199741.53452802
76461,40196627.41295192
76462,40193512.89076622
76463,40190397.97174084
76464,40187282.652214624
76465,40184166.93077406
76466,40181050.81234236
76467,40177934.29286123
76468,40174817.37504263
76469,40171700.05785231
76470,40168582.341673866
76471,40165464.22398634
76472,40162345.710314386
76473,40159226.79655012
76474,40156107.48447519
76475,40152987.773157425
76476,40149867.664797395
76477,40146747.15791635
76478,40143626.25044176
76479,40140504.94992926
76480,40137383.24758976
76481,40134261.14572419
76482,40131138.651723504
76483,40128015.75721985
76484,40124892.46320594
76485,40121768.774616525
76486,40118644.688026056
76487,40115520.20302976
76488,40112395.32497681
76489,40109270.04480705
76490,40106144.37303508
76491,40103018.30381589
76492,40099891.8336302
76493,40096764.97179049
76494,40093637.71380651
76495,40090510.057595395
76496,40087382.00662124
76497,40084253.55788854
76498,40081124.71474169
76499,40077995.47703326
76500,40074865.843617894
76501,40071735.814766854
76502,40068605.39024615
76503,40065474.57136088
76504,40062343.35615022
76505,40059211.74583655
76506,40056079.74170225
76507,40052947.345438376
76508,40049814.55288434
76509,40046681.36675012
76510,40043547.785930954
76511,40040413.809163
76512,40037279.43932175
76513,40034144.67550704
76514,40031009.518360734
76515,40027873.969069615
76516,40024738.025254585
76517,40021601.69033666
76518,40018464.95893204
76519,40015327.835000396
76520,40012190.31832971
76521,40009052.41095115
76522,40005914.109112546
76523,40002775.41456014
76524,39999636.32796934
76525,39996496.85058436
76526,39993356.97887029
76527,39990216.71618734
76528,39987076.06137833
76529,39983935.018296875
76530,39980793.577595346
76531,39977651.74709326
76532,39974509.524454996
76533,39971366.91325971
76534,39968223.91136952
76535,39965080.51913821
76536,39961936.73465806
76537,39958792.556337446
76538,39955647.99054979
76539,39952503.033164866
76540,39949357.68659413
76541,39946211.94850036
76542,39943065.82070839
76543,39939919.30318607
76544,39936772.397312246
76545,39933625.1009762
76546,39930477.412737176
76547,39927329.33799869
76548,39924180.872214735
76549,39921032.01729438
76550,39917882.77493624
76551,39914733.14327991
76552,39911583.120005056
76553,39908432.71075754
76554,39905281.91428253
76555,39902130.7261241
76556,39898979.15046913
76557,39895827.18840807
76558,39892674.837229565
76559,39889522.09939881
76560,39886368.97169256
76561,39883215.4575214
76562,39880061.5558087
76563,39876907.267022565
76564,39873752.59216304
76565,39870597.5280917
76566,39867442.07610556
76567,39864286.24040355
76568,39861130.016766585
76569,39857973.40655345
76570,39854816.40804245
76571,39851659.02673602
76572,39848501.25694363
76573,39845343.10092307
76574,39842184.56265823
76575,39839025.63444806
76576,39835866.32212979
76577,39832706.62546471
76578,39829546.54244388
76579,39826386.07279316
76580,39823225.21961188
76581,39820063.98016483
76582,39816902.35701032
76583,39813740.35134726
76584,39810577.95764461
76585,39807415.18170539
76586,39804252.019427106
76587,39801088.47472412
76588,39797924.543260895
76589,39794760.23268915
76590,39791595.53488094
76591,39788430.45391345
76592,39785264.99101224
76593,39782099.14403902
76594,39778932.91209742
76595,39775766.29769607
76596,39772599.304012924
76597,39769431.92278818
76598,39766264.15907777
76599,39763096.01603973
76600,39759927.489983395
76601,39756758.580266975
76602,39753589.28891327
76603,39750419.6153982
76604,39747249.56018696
76605,39744079.122474074
76606,39740908.3040205
76607,39737737.10580674
76608,39734565.52549237
76609,39731393.5616363
76610,39728221.219915785
76611,39725048.49535083
76612,39721875.38908292
76613,39718701.90419331
76614,39715528.03789991
76615,39712353.790412456
76616,39709179.16205543
76617,39706004.157573655
76618,39702828.771421514
76619,39699653.00365254
76620,39696476.86003773
76621,39693300.33336365
76622,39690123.425773256
76623,39686946.142717555
76624,39683768.478628606
76625,39680590.43668517
76626,39677412.016457155
76627,39674233.21560589
76628,39671054.03678508
76629,39667874.48052865
76630,39664694.5459937
76631,39661514.23264194
76632,39658333.54116342
76633,39655152.47271094
76634,39651971.024318784
76635,39648789.199531615
76636,39645606.997775145
76637,39642424.417852834
76638,39639241.46139427
76639,39636058.129503615
76640,39632874.41924575
76641,39629690.32867216
76642,39626505.868553594
76643,39623321.02702991
76644,39620135.8103094
76645,39616950.21792838
76646,39613764.24826019
76647,39610577.90471527
76648,39607391.18639361
76649,39604204.08690177
76650,39601016.617554635
76651,39597828.77105489
76652,39594640.5486043
76653,39591451.95243755
76654,39588262.97984751
76655,39585073.6327209
76656,39581883.91163562
76657,39578693.815642156
76658,39575503.34400092
76659,39572312.500469446
76660,39569121.28098437
76661,39565929.687415
76662,39562737.724292584
76663,39559545.38196634
76664,39556352.67017886
76665,39553159.58282383
76666,39549966.12138381
76667,39546772.28842189
76668,39543578.083583474
76669,39540383.50478734
76670,39537188.55256994
76671,39533993.227422014
76672,39530797.533507876
76673,39527601.46126678
76674,39524405.02395687
76675,39521208.2122321
76676,39518011.02495779
76677,39514813.47103593
76678,39511615.54306622
76679,39508417.24486832
76680,39505218.57566805
76681,39502019.53229831
76682,39498820.12145814
76683,39495620.33878059
76684,39492420.18363132
76685,39489219.66230497
76686,39486018.76917232
76687,39482817.503832966
76688,39479615.86886201
76689,39476413.865284525
76690,39473211.48971187
76691,39470008.74572107
76692,39466805.63394485
76693,39463602.15116737
76694,39460398.29958409
76695,39457194.077713445
76696,39453989.487486035
76697,39450784.52963313
76698,39447579.20290971
76699,39444373.506366864
76700,39441167.4452306
76701,39437961.01166193
76702,39434754.211797774
76703,39431547.045213595
76704,39428339.509191684
76705,39425131.60557835
76706,39421923.33533076
76707,39418714.69970604
76708,39415505.694084786
76709,39412296.32118403
76710,39409086.58560347
76711,39405876.47820738
76712,39402666.00768872
76713,39399455.16890822
76714,39396243.96473695
76715,39393032.39419623
76716,39389820.456395045
76717,39386608.15782683
76718,39383395.48699022
76719,39380182.45525214
76720,39376969.054968655
76721,39373755.29079234
76722,39370541.16436032
76723,39367326.67074518
76724,39364111.81109286
76725,39360896.588299885
76726,39357680.99864466
76727,39354465.04866646
76728,39351248.73261613
76729,39348032.05236773
76730,39344815.00968984
76731,39341597.59817903
76732,39338379.82914872
76733,39335161.69628142
76734,39331943.19591172
76735,39328724.33680239
76736,39325505.11185071
76737,39322285.52581431
76738,39319065.57541464
76739,39315845.2669888
76740,39312624.58949188
76741,39309403.55423246
76742,39306182.15578892
76743,39302960.396921955
76744,39299738.27398202
76745,39296515.78881755
76746,39293292.944802105
76747,39290069.737055846
76748,39286846.17193702
76749,39283622.245317414
76750,39280397.95418765
76751,39277173.304908596
76752,39273948.2953361
76753,39270722.92284513
76754,39267497.19372708
76755,39264271.10357397
76756,39261044.64901695
76757,39257817.84130784
76758,39254590.66847016
76759,39251363.13951619
76760,39248135.25247049
76761,39244907.003573224
76762,39241678.395721905
76763,39238449.432515904
76764,39235220.105379924
76765,39231990.42371397
76766,39228760.380854785
76767,39225529.981950164
76768,39222299.224260494
76769,39219068.10822384
76770,39215836.63335376
76771,39212604.80408718
76772,39209372.614832565
76773,39206140.06927554
76774,39202907.167523034
76775,39199673.90768083
76776,39196440.28981337
76777,39193206.317541525
76778,39189971.9875972
76779,39186737.30062182
76780,39183502.25840046
76781,39180266.86009995
76782,39177031.10667983
76783,39173794.99647276
76784,39170558.53150868
76785,39167321.709535375
76786,39164084.53410757
76787,39160847.002955884
76788,39157609.11721705
76789,39154370.877419546
76790,39151132.28146221
76791,39147893.330288514
76792,39144654.02443764
76793,39141414.36704136
76794,39138174.35600757
76795,39134933.98873222
76796,39131693.267557226
76797,39128452.19512183
76798,39125210.76801266
76799,39121968.98970263
76800,39118726.85477857
76801,39115484.369814344
76802,39112241.531406246
76803,39108998.33823527
76804,39105754.7950824
76805,39102510.89950981
76806,39099266.65210042
76807,39096022.051469505
76808,39092777.0990261
76809,39089531.79612735
76810,39086286.14336306
76811,39083040.13849914
76812,39079793.77961267
76813,39076547.072302625
76814,39073300.01269159
76815,39070052.603507504
76816,39066804.84353983
76817,39063556.73314641
76818,39060308.27233424
76819,39057059.461633295
76820,39053810.30076027
76821,39050560.791691415
76822,39047310.93196252
76823,39044060.72187909
76824,39040810.16591908
76825,39037559.25863817
76826,39034308.00189003
76827,39031056.398221135
76828,39027804.44457595
76829,39024552.141835034
76830,39021299.49067061
76831,39018046.492794156
76832,39014793.150172554
76833,39011539.45542187
76834,39008285.41405562
76835,39005031.0253418
76836,39001776.29040306
76837,38998521.20851864
76838,38995265.77714631
76839,38992010.00166209
76840,38988753.8812523
76841,38985497.411018334
76842,38982240.59132705
76843,38978983.43001056
76844,38975725.92597312
76845,38972468.07164509
76846,38969209.87178761
76847,38965951.32782142
76848,38962692.437268525
76849,38959433.20211113
76850,38956173.623765014
76851,38952913.698426455
76852,38949653.43027334
76853,38946392.81530804
76854,38943131.85874593
76855,38939870.55641578
76856,38936608.90890047
76857,38933346.92206761
76858,38930084.58593711
76859,38926821.91198745
76860,38923558.89114961
76861,38920295.52826715
76862,38917031.82112584
76863,38913767.77246987
76864,38910503.38145752
76865,38907238.646342084
76866,38903973.57211338
76867,38900708.15298453
76868,38897442.39109324
76869,38894176.293204114
76870,38890909.84808697
76871,38887643.06322224
76872,38884375.93601862
76873,38881108.469761595
76874,38877840.66195988
76875,38874572.510809176
76876,38871304.02331876
76877,38868035.19168996
76878,38864766.02124831
76879,38861496.51136043
76880,38858226.664137915
76881,38854956.47287684
76882,38851685.94256162
76883,38848415.07536691
76884,38845143.86459691
76885,38841872.31728739
76886,38838600.43130253
76887,38835328.20928229
76888,38832055.64490959
76889,38828782.741483845
76890,38825509.50165944
76891,38822235.92464981
76892,38818962.007383615
76893,38815687.75479628
76894,38812413.16291626
76895,38809138.23542499
76896,38805862.97071556
76897,38802587.36904211
76898,38799311.42629838
76899,38796035.152365595
76900,38792758.539855115
76901,38789481.59003963
76902,38786204.30462762
76903,38782926.68360305
76904,38779648.725520834
76905,38776370.4357035
76906,38773091.80625769
76907,38769812.842171006
76908,38766533.54587382
76909,38763253.912643
76910,38759973.945195965
76911,38756693.643600985
76912,38753413.0048472
76913,38750132.033294335
76914,38746850.72792719
76915,38743569.08885991
76916,38740287.1155394
76917,38737004.809427775
76918,38733722.16936122
76919,38730439.1960762
76920,38727155.892870866
76921,38723872.25370102
76922,38720588.27897145
76923,38717303.97718427
76924,38714019.3405228
76925,38710734.37231903
76926,38707449.070350714
76927,38704163.43779923
76928,38700877.475830324
76929,38697591.18032488
76930,38694304.553701624
76931,38691017.59652437
76932,38687730.30891217
76933,38684442.690053046
76934,38681154.73850529
76935,38677866.45854637
76936,38674577.849341735
76937,38671288.910160765
76938,38667999.63863606
76939,38664710.03925093
76940,38661420.10852095
76941,38658129.849167936
76942,38654839.26603484
76943,38651548.347414665
76944,38648257.100771666
76945,38644965.52571512
76946,38641673.62696582
76947,38638381.394012086
76948,38635088.83540024
76949,38631795.949150905
76950,38628502.7358394
76951,38625209.19466751
76952,38621915.324728124
76953,38618621.12783078
76954,38615326.60806106
76955,38612031.755369134
76956,38608736.57936243
76957,38605441.07491645
76958,38602145.24781749
76959,38598849.09308727
76960,38595552.6100108
76961,38592255.80220481
76962,38588958.67131823
76963,38585661.21591326
76964,38582363.43053777
76965,38579065.32589839
76966,38575766.8902005
76967,38572468.13172254
76968,38569169.051396236
76969,38565869.64414982
76970,38562569.91535446
76971,38559269.862629846
76972,38555969.48426124
76973,38552668.78479314
76974,38549367.7587927
76975,38546066.410328224
76976,38542764.74149696
76977,38539462.747952
76978,38536160.432233825
76979,38532857.79273132
76980,38529554.83379407
76981,38526251.5523957
76982,38522947.94531666
76983,38519644.01867277
76984,38516339.77150435
76985,38513035.20418359
76986,38509730.3126519
76987,38506425.10370242
76988,38503119.5721034
76989,38499813.719925314
76990,38496507.549584195
76991,38493201.05237901
76992,38489894.239785194
76993,38486587.110203706
76994,38483279.6572617
76995,38479971.886238575
76996,38476663.79215638
76997,38473355.38287613
76998,38470046.656372055
76999,38466737.60768982
77000,38463428.24312857
77001,38460118.557036206
77002,38456808.55474907
77003,38453498.2368165
77004,38450187.5952959
77005,38446876.64132098
77006,38443565.36587878
77007,38440253.77625642
77008,38436941.87053571
77009,38433629.64424755
77010,38430317.105780184
77011,38427004.24749096
77012,38423691.07330027
77013,38420377.58467808
77014,38417063.77884418
77015,38413749.65768864
77016,38410435.22139073
77017,38407120.46868369
77018,38403805.401400685
77019,38400490.0192098
77020,38397174.3252902
77021,38393858.31413754
77022,38390541.98748905
77023,38387225.34858105
77024,38383908.39656524
77025,38380591.12725662
77026,38377273.546743155
77027,38373955.654693276
77028,38370637.44569574
77029,38367318.92576741
77030,38364000.09231961
77031,38360680.94624832
77032,38357361.4867295
77033,38354041.715965055
77034,38350721.63506071
77035,38347401.240515314
77036,38344080.534180626
77037,38340759.5167416
77038,38337438.18691693
77039,38334116.54668294
77040,38330794.59642535
77041,38327472.33552574
77042,38324149.763314426
77043,38320826.88331917
77044,38317503.6909729
77045,38314180.18819447
77046,38310856.37670117
77047,38307532.25281423
77048,38304207.82413812
77049,38300883.08357684
77050,38297558.03441943
77051,38294232.67713676
77052,38290907.01115619
77053,38287581.036718234
77054,38284254.75401315
77055,38280928.16287576
77056,38277601.26448561
77057,38274274.0607515
77058,38270946.54447986
77059,38267618.72901896
77060,38264290.59927839
77061,38260962.16416657
77062,38257633.42599234
77063,38254304.378474265
77064,38250975.02463481
77065,38247645.36601334
77066,38244315.40173358
77067,38240985.1325711
77068,38237654.553134024
77069,38234323.67521615
77070,38230992.49068804
77071,38227660.99759737
77072,38224329.203954875
77073,38220997.10429705
77074,38217664.70175019
77075,38214331.99237096
77076,38210998.98133154
77077,38207665.666609935
77078,38204332.047703885
77079,38200998.12456165
77080,38197663.90012093
77081,38194329.3737398
77082,38190994.544392236
77083,38187659.4115457
77084,38184323.97568651
77085,38180988.240026616
77086,38177652.20067008
77087,38174315.86286841
77088,38170979.22312369
77089,38167642.27937769
77090,38164305.03364754
77091,38160967.49170871
77092,38157629.6470411
77093,38154291.50163185
77094,38150953.05508198
77095,38147614.31263156
77096,38144275.26839195
77097,38140935.92232096
77098,38137596.27874493
77099,38134256.33663254
77100,38130916.09708595
77101,38127575.55473967
77102,38124234.71542853
77103,38120893.57866256
77104,38117552.14441001
77105,38114210.408684045
77106,38110868.37966381
77107,38107526.0512544
77108,38104183.42592471
77109,38100840.502697825
77110,38097497.28255972
77111,38094153.768662654
77112,38090809.953281246
77113,38087465.84782979
77114,38084121.44172148
77115,38080776.74133385
77116,38077431.744372435
77117,38074086.4537295
77118,38070740.866122395
77119,38067394.98492652
77120,38064048.80771248
77121,38060702.336646155
77122,38057355.569101065
77123,38054008.509556934
77124,38050661.156118706
77125,38047313.50852314
77126,38043965.56797326
77127,38040617.3321974
77128,38037268.8053702
77129,38033919.9855229
77130,38030570.86979962
77131,38027221.467101224
77132,38023871.7701392
77133,38020521.77715948
77134,38017171.49767669
77135,38013820.92289826
77136,38010470.056824245
77137,38007118.902350426
77138,38003767.45626131
77139,38000415.71591541
77140,37997063.68665861
77141,37993711.366518386
77142,37990358.75947008
77143,37987005.860686064
77144,37983652.67350386
77145,37980299.19518831
77146,37976945.42498742
77147,37973591.36967835
77148,37970237.02205101
77149,37966882.3889304
77150,37963527.46592124
77151,37960172.25412077
77152,37956816.75578845
77153,37953460.96984419
77154,37950104.89558459
77155,37946748.53243991
77156,37943391.8834189
77157,37940034.94562706
77158,37936677.724955514
77159,37933320.21510143
77160,37929962.41964768
77161,37926604.33752933
77162,37923245.96945201
77163,37919887.31625158
77164,37916528.37772252
77165,37913169.153113425
77166,37909809.645756185
77167,37906449.85225046
77168,37903089.77319511
77169,37899729.41078768
77170,37896368.76351221
77171,37893007.83408526
77172,37889646.61848659
77173,37886285.12070647
77174,37882923.33995355
77175,37879561.2747908
77176,37876198.929034665
77177,37872836.29718509
77178,37869473.387384206
77179,37866110.1910895
77180,37862746.71430099
77181,37859382.95531111
77182,37856018.9181566
77183,37852654.59602376
77184,37849289.994556375
77185,37845925.11183747
77186,37842559.94761253
77187,37839194.50527922
77188,37835828.78056895
77189,37832462.775194556
77190,37829096.490879945
77191,37825729.929650344
77192,37822363.08596225
77193,37818995.96514676
77194,37815628.56357842
77195,37812260.884775594
77196,37808892.927683234
77197,37805524.68949272
77198,37802156.17882125
77199,37798787.38590035
77200,37795418.31434211
77201,37792048.97129139
77202,37788679.34740861
77203,37785309.44585045
77204,37781939.270424634
77205,37778568.81497137
77206,37775198.0858785
77207,37771827.08279431
77208,37768455.79967937
77209,37765084.243444055
77210,37761712.41109707
77211,37758340.30175906
77212,37754967.92147873
77213,37751595.264818266
77214,37748222.33485125
77215,37744849.1300703
77216,37741475.65083947
77217,37738101.89636039
77218,37734727.86921087
77219,37731353.57172015
77220,37727978.99869009
77221,37724604.152498856
77222,37721229.035068035
77223,37717853.64558881
77224,37714477.98368799
77225,37711102.04878295
77226,37707725.84358834
77227,37704349.36638169
77228,37700972.618394345
77229,37697595.59785247
77230,37694218.30811289
77231,37690840.749646015
77232,37687462.91725866
77233,37684084.8171786
77234,37680706.444863565
77235,37677327.80707431
77236,37673948.897499874
77237,37670569.717996776
77238,37667190.269552805
77239,37663810.55255043
77240,37660430.57166368
77241,37657050.31620152
77242,37653669.79443804
77243,37650289.00681963
77244,37646907.951872475
77245,37643526.62702809
77246,37640145.03746584
77247,37636763.17960797
77248,37633381.058930114
77249,37629998.66752133
77250,37626616.01018229
77251,37623233.08891252
77252,37619849.901727244
77253,37616466.449571826
77254,37613082.73066497
77255,37609698.7483257
77256,37606314.500489585
77257,37602929.98768367
77258,37599545.2119917
77259,37596160.17195067
77260,37592774.86758369
77261,37589389.2999418
77262,37586003.47011073
77263,37582617.377866074
77264,37579231.020361215
77265,37575844.39828318
77266,37572457.521120325
77267,37569070.3759857
77268,37565682.97284781
77269,37562295.305348285
77270,37558907.37600574
77271,37555519.186765775
77272,37552130.735584915
77273,37548742.02649768
77274,37545353.056178
77275,37541963.82238404
77276,37538574.33113144
77277,37535184.58264538
77278,37531794.57024954
77279,37528404.29892509
77280,37525013.77040615
77281,37521622.98607113
77282,37518231.93895422
77283,37514840.63330219
77284,37511449.07256138
77285,37508057.25150501
77286,37504665.17301346
77287,37501272.83991011
77288,37497880.24853678
77289,37494487.398479
77290,37491094.29374323
77291,37487700.93264899
77292,37484307.31603676
77293,37480913.44314359
77294,37477519.31277307
77295,37474124.9295059
77296,37470730.290404886
77297,37467335.39508529
77298,37463940.24839958
77299,37460544.84577289
77300,37457149.18838389
77301,37453753.275786065
77302,37450357.11312713
77303,37446960.694480605
77304,37443564.024494566
77305,37440167.10004429
77306,37436769.92330238
77307,37433372.49374942
77308,37429974.81389287
77309,37426576.87880958
77310,37423178.69406434
77311,37419780.26205176
77312,37416381.5702031
77313,37412982.632892676
77314,37409583.44617686
77315,37406184.0046347
77316,37402784.31773514
77317,37399384.379059896
77318,37395984.19036025
77319,37392583.75085827
77320,37389183.06224213
77321,37385782.12622035
77322,37382380.94346588
77323,37378979.50699784
77324,37375577.82819774
77325,37372175.8963757
77326,37368773.72084759
77327,37365371.29588027
77328,37361968.624473505
77329,37358565.70777653
77330,37355162.54077141
77331,37351759.13083826
77332,37348355.471423
77333,37344951.56886703
77334,37341547.419307984
77335,37338143.02351428
77336,37334738.383864
77337,37331333.50040779
77338,37327928.37111603
77339,37324522.99866293
77340,37321117.37849994
77341,37317711.51804179
77342,37314305.41421844
77343,37310899.06511333
77344,37307492.47239502
77345,37304085.63986569
77346,37300678.563434675
77347,37297271.242349416
77348,37293863.683012575
77349,37290455.87834215
77350,37287047.83392589
77351,37283639.54780164
77352,37280231.02236648
77353,37276822.25343097
77354,37273413.246090375
77355,37270003.99629488
77356,37266594.50860107
77357,37263184.77887293
77358,37259774.81319608
77359,37256364.604898125
77360,37252954.16049856
77361,37249543.4745362
77362,37246132.551577725
77363,37242721.392476745
77364,37239309.99171901
77365,37235898.354287356
77366,37232486.4785897
77367,37229074.367627785
77368,37225662.020862125
77369,37222249.43481914
77370,37218836.6136627
77371,37215423.555411234
77372,37212010.263689965
77373,37208596.73461132
77374,37205182.97113588
77375,37201768.9725337
77376,37198354.73783759
77377,37194940.26779325
77378,37191525.56477949
77379,37188110.63036001
77380,37184695.459364
77381,37181280.057151355
77382,37177864.41838792
77383,37174448.54667042
77384,37171032.44450435
77385,37167616.109995484
77386,37164199.54533182
77387,37160782.74573982
77388,37157365.71341741
77389,37153948.45181129
77390,37150530.95763001
77391,37147113.23378642
77392,37143695.28196405
77393,37140277.097186685
77394,37136858.68137721
77395,37133440.03917912
77396,37130021.163997054
77397,37126602.0608139
77398,37123182.72894103
77399,37119763.16713442
77400,37116343.38023409
77401,37112923.363226414
77402,37109503.11766082
77403,37106082.64387923
77404,37102661.94636631
77405,37099241.01672977
77406,37095819.86425378
77407,37092398.485621385
77408,37088976.878434174
77409,37085555.045713864
77410,37082132.9902812
77411,37078710.706828505
77412,37075288.19843722
77413,37071865.46452918
77414,37068442.506482266
77415,37065019.326133385
77416,37061595.91975036
77417,37058172.28839612
77418,37054748.43787716
77419,37051324.35852117
77420,37047900.059581995
77421,37044475.53848222
77422,37041050.79297928
77423,37037625.82575566
77424,37034200.63798637
77425,37030775.22763292
77426,37027349.5942664
77427,37023923.74516133
77428,37020497.67057581
77429,37017071.37664471
77430,37013644.86543163
77431,37010218.131148756
77432,37006791.17838452
77433,37003364.0051821
77434,36999936.61408397
77435,36996509.00333712
77436,36993081.17406086
77437,36989653.12867777
77438,36986224.86336615
77439,36982796.38233135
77440,36979367.678481966
77441,36975938.764911205
77442,36972509.62954703
77443,36969080.27912362
77444,36965650.71361348
77445,36962220.929595515
77446,36958790.93180346
77447,36955360.71921369
77448,36951930.289329745
77449,36948499.645567134
77450,36945068.78741875
77451,36941637.71606025
77452,36938206.42810031
77453,36934774.92995306
77454,36931343.21778664
77455,36927911.28901385
77456,36924479.14993587
77457,36921046.79769121
77458,36917614.23213992
77459,36914181.45704414
77460,36910748.46889726
77461,36907315.27097316
77462,36903881.85884135
77463,36900448.23838037
77464,36897014.40555243
77465,36893580.36232633
77466,36890146.10937722
77467,36886711.64890068
77468,36883276.9779742
77469,36879842.09662613
77470,36876407.00675199
77471,36872971.71091979
77472,36869536.202946514
77473,36866100.48814812
77474,36862664.567474104
77475,36859228.43847325
77476,36855792.10142444
77477,36852355.55903162
77478,36848918.807880975
77479,36845481.854234606
77480,36842044.69106856
77481,36838607.324409574
77482,36835169.7514452
77483,36831731.97580421
77484,36828293.99162297
77485,36824855.804143
77486,36821417.415966675
77487,36817978.82068437
77488,36814540.02115725
77489,36811101.01902617
77490,36807661.8127487
77491,36804222.40715301
77492,36800782.7964794
77493,36797342.983419076
77494,36793902.970326535
77495,36790462.754335724
77496,36787022.3366731
77497,36783581.722034104
77498,36780140.900703065
77499,36776699.88619369
77500,36773258.66531341
77501,36769817.24773736
77502,36766375.630143665
77503,36762933.81180838
77504,36759491.796939775
77505,36756049.58286354
77506,36752607.169938184
77507,36749164.56121775
77508,36745721.75097142
77509,36742278.747042544
77510,36738835.5427593
77511,36735392.14559829
77512,36731948.549983405
77513,36728504.7600428
77514,36725060.77001024
77515,36721616.587416455
77516,36718172.209079914
77517,36714727.637811266
77518,36711282.86774321
77519,36707837.90641612
77520,36704392.74975549
77521,36700947.400045514
77522,36697501.85695137
77523,36694056.12168045
77524,36690610.192882515
77525,36687164.06839664
77526,36683717.75673668
77527,36680271.25150207
77528,36676824.55330604
77529,36673377.665602595
77530,36669930.58366239
77531,36666483.315259635
77532,36663035.85549557
77533,36659588.20307467
77534,36656140.36214543
77535,36652692.334883206
77536,36649244.114514194
77537,36645795.70675102
77538,36642347.109347455
77539,36638898.326428585
77540,36635449.35408351
77541,36632000.19325519
77542,36628550.8474951
77543,36625101.31534524
77544,36621651.593950674
77545,36618201.68510005
77546,36614751.59424767
77547,36611301.316009186
77548,36607850.85142785
77549,36604400.20225957
77550,36600949.36771521
77551,36597498.35069595
77552,36594047.148502044
77553,36590595.762020655
77554,36587144.1938069
77555,36583692.43899059
77556,36580240.502155244
77557,36576788.38683891
77558,36573336.082740344
77559,36569883.60177151
77560,36566430.937181115
77561,36562978.092640154
77562,36559525.066271275
77563,36556071.85845898
77564,36552618.47315071
77565,36549164.90459469
77566,36545711.15889101
77567,36542257.23006074
77568,36538803.12464192
77569,36535348.84036029
77570,36531894.3793039
77571,36528439.73974335
77572,36524984.91911632
77573,36521529.921064556
77574,36518074.75066553
77575,36514619.400844485
77576,36511163.87263207
77577,36507708.17153782
77578,36504252.29323066
77579,36500796.23628285
77580,36497340.010147706
77581,36493883.606020555
77582,36490427.02577791
77583,36486970.27373387
77584,36483513.34815011
77585,36480056.245008275
77586,36476598.973050386
77587,36473141.52541611
77588,36469683.90469532
77589,36466226.11238749
77590,36462768.151338086
77591,36459310.01407991
77592,36455851.70981271
77593,36452393.229135
77594,36448934.58328703
77595,36445475.76430767
77596,36442016.777795166
77597,36438557.61816281
77598,36435098.29102643
77599,36431638.793446645
77600,36428179.128479406
77601,36424719.29613769
77602,36421259.29350629
77603,36417799.12328356
77604,36414338.78869455
77605,36410878.28556216
77606,36407417.61500353
77607,36403956.77804972
77608,36400495.77370228
77609,36397034.60452889
77610,36393573.27048192
77611,36390111.77148542
77612,36386650.10912377
77613,36383188.28304754
77614,36379726.28765006
77615,36376264.13365261
77616,36372801.81428657
77617,36369339.331376635
77618,36365876.68755505
77619,36362413.88200147
77620,36358950.91182594
77621,36355487.78143346
77622,36352024.48974084
77623,36348561.035920024
77624,36345097.42136024
77625,36341633.64769658
77626,36338169.71240153
77627,36334705.61976099
77628,36331241.36674444
77629,36327776.95588794
77630,36324312.38356466
77631,36320847.654593185
77632,36317382.76648176
77633,36313917.72411844
77634,36310452.52020757
77635,36306987.1624622
77636,36303521.64695176
77637,36300055.97701599
77638,36296590.14918127
77639,36293124.16641692
77640,36289658.02846266
77641,36286191.733821325
77642,36282725.286017574
77643,36279258.68345137
77644,36275791.92968351
77645,36272325.01971057
77646,36268857.95874394
77647,36265390.74446156
77648,36261923.376795486
77649,36258455.85645287
77650,36254988.185127005
77651,36251520.36235486
77652,36248052.390750214
77653,36244584.26359913
77654,36241115.98946065
77655,36237647.5643936
77656,36234178.98932745
77657,36230710.26595971
77658,36227241.39363976
77659,36223772.371093586
77660,36220303.204338826
77661,36216833.8859254
77662,36213364.42124894
77663,36209894.80775469
77664,36206425.04851587
77665,36202955.143035024
77666,36199485.09083292
77667,36196014.89532378
77668,36192544.55248369
77669,36189074.06362284
77670,36185603.432035446
77671,36182132.6556312
77672,36178661.73396812
77673,36175190.66688379
77674,36171719.45686735
77675,36168248.10902077
77676,36164776.61511234
77677,36161304.97897519
77678,36157833.20094656
77679,36154361.283331014
77680,36150889.22008436
77681,36147417.022020824
77682,36143944.68064789
77683,36140472.19741677
77684,36136999.57619077
77685,36133526.81400882
77686,36130053.91649641
77687,36126580.8784312
77688,36123107.701324955
77689,36119634.38481668
77690,36116160.932399705
77691,36112687.3445424
77692,36109213.618819386
77693,36105739.7572607
77694,36102265.757422216
77695,36098791.62441929
77696,36095317.35482127
77697,36091842.94950812
77698,36088368.41061875
77699,36084893.73578779
77700,36081418.92762179
77701,36077943.98722665
77702,36074468.91283477
77703,36070993.707957715
77704,36067518.368265
77705,36064042.89397168
77706,36060567.29309387
77707,36057091.556724876
77708,36053615.69207471
77709,36050139.69806117
77710,36046663.569368556
77711,36043187.31375633
77712,36039710.92865959
77713,36036234.41356909
77714,36032757.770483546
77715,36029281.00024925
77716,36025804.0990472
77717,36022327.07330773
77718,36018849.919162855
77719,36015372.638648845
77720,36011895.23109035
77721,36008417.694944784
77722,36004940.03542849
77723,36001462.25045106
77724,35997984.342723265
77725,35994506.307779714
77726,35991028.14835975
77727,35987549.86495423
77728,35984071.460267246
77729,35980592.93235722
77730,35977114.280457854
77731,35973635.50351524
77732,35970156.60994181
77733,35966677.58969473
77734,35963198.45189738
77735,35959719.192087345
77736,35956239.8127517
77737,35952760.3113129
77738,35949280.6925821
77739,35945800.95227858
77740,35942321.095510915
77741,35938841.117483705
77742,35935361.02373148
77743,35931880.81171147
77744,35928400.481671035
77745,35924920.03599948
77746,35921439.46953429
77747,35917958.79239745
77748,35914477.995999575
77749,35910997.086591564
77750,35907516.06015322
77751,35904034.92067095
77752,35900553.66453718
77753,35897072.29730602
77754,35893590.814033926
77755,35890109.21728229
77756,35886627.50974305
77757,35883145.68962321
77758,35879663.75804102
77759,35876181.71499664
77760,35872699.559723616
77761,35869217.29403059
77762,35865734.91650211
77763,35862252.43203564
77764,35858769.83557713
77765,35855287.131396435
77766,35851804.315455586
77767,35848321.395314
77768,35844838.36417111
77769,35841355.22582426
77770,35837871.982826665
77771,35834388.63002083
77772,35830905.1728255
77773,35827421.607135035
77774,35823937.94033323
77775,35820454.163139045
77776,35816970.2829117
77777,35813486.30005911
77778,35810002.210636035
77779,35806518.02190436
77780,35803033.724684834
77781,35799549.32499248
77782,35796064.82505217
77783,35792580.222523525
77784,35789095.51725066
77785,35785610.71420975
77786,35782125.8062914
77787,35778640.799846075
77788,35775155.6936659
77789,35771670.486270934
77790,35768185.18192749
77791,35764699.776938036
77792,35761214.274289906
77793,35757728.67393642
77794,35754242.97510892
77795,35750757.17884443
77796,35747271.288375475
77797,35743785.29733965
77798,35740299.21284663
77799,35736813.03506771
77800,35733326.75962517
77801,35729840.39012107
77802,35726353.926261626
77803,35722867.36544686
77804,35719380.71513857
77805,35715893.97054854
77806,35712407.13387702
77807,35708920.20409957
77808,35705433.18192373
77809,35701946.06939454
77810,35698458.86507495
77811,35694971.569828704
77812,35691484.18599371
77813,35687996.70921593
77814,35684509.14766336
77815,35681021.49594206
77816,35677533.752764575
77817,35674045.92564265
77818,35670558.00695748
77819,35667070.00330944
77820,35663581.91087456
77821,35660093.73323801
77822,35656605.46900693
77823,35653117.11787228
77824,35649628.682870924
77825,35646140.16523139
77826,35642651.56116821
77827,35639162.87358194
77828,35635674.10177567
77829,35632185.24996406
77830,35628696.31099165
77831,35625207.29186942
77832,35621718.192145556
77833,35618229.01095642
77834,35614739.74753633
77835,35611250.402328
77836,35607760.97895565
77837,35604271.47732603
77838,35600781.894063845
77839,35597292.23228845
77840,35593802.49186076
77841,35590312.67367785
77842,35586822.78015564
77843,35583332.806741945
77844,35579842.75652847
77845,35576352.63167986
77846,35572862.42944564
77847,35569372.15144841
77848,35565881.80043968
77849,35562391.374894634
77850,35558900.87463982
77851,35555410.30060226
77852,35551919.65359182
77853,35548428.9357381
77854,35544938.14408049
77855,35541447.27946472
77856,35537956.340423875
77857,35534465.33704911
77858,35530974.25949538
77859,35527483.11134436
77860,35523991.89378038
77861,35520500.607579455
77862,35517009.25363164
77863,35513517.829374164
77864,35510026.33858433
77865,35506534.77902547
77866,35503043.1534081
77867,35499551.45971038
77868,35496059.698842056
77869,35492567.87351829
77870,35489075.98558285
77871,35485584.0304785
77872,35482092.00976845
77873,35478599.927151605
77874,35475107.779424526
77875,35471615.56926185
77876,35468123.295545235
77877,35464630.9620406
77878,35461138.56473704
77879,35457646.10757883
77880,35454153.586529955
77881,35450661.009552985
77882,35447168.36913748
77883,35443675.669771366
77884,35440182.912516885
77885,35436690.09486167
77886,35433197.22150736
77887,35429704.28954685
77888,35426211.29986084
77889,35422718.253804594
77890,35419225.14997839
77891,35415731.99262573
77892,35412238.77796579
77893,35408745.50937672
77894,35405252.18654418
77895,35401758.80557725
77896,35398265.37536454
77897,35394771.89043523
77898,35391278.35607703
77899,35387784.76502433
77900,35384291.12340864
77901,35380797.431676954
77902,35377303.68697771
77903,35373809.89350093
77904,35370316.04869271
77905,35366822.15440525
77906,35363328.214256406
77907,35359834.22141883
77908,35356340.18404016
77909,35352846.097644605
77910,35349351.96040635
77911,35345857.78307016
77912,35342363.55540414
77913,35338869.281519115
77914,35335374.96276955
77915,35331880.60160669
77916,35328386.194281764
77917,35324891.74441773
77918,35321397.24880625
77919,35317902.71008898
77920,35314408.12954664
77921,35310913.50912895
77922,35307418.84529762
77923,35303924.14182438
77924,35300429.39459388
77925,35296934.60992929
77926,35293439.784118526
77927,35289944.9170785
77928,35286450.01728893
77929,35282955.074675664
77930,35279460.09650137
77931,35275965.07943889
77932,35272470.02487106
77933,35268974.93591517
77934,35265479.81040386
77935,35261984.64955894
77936,35258489.4538991
77937,35254994.2229797
77938,35251498.96028799
77939,35248003.66148462
77940,35244508.3307327
77941,35241012.96712529
77942,35237517.570893295
77943,35234022.14449998
77944,35230526.686885655
77945,35227031.19703218
77946,35223535.6791108
77947,35220040.1282805
77948,35216544.553058214
77949,35213048.94490398
77950,35209553.309911616
77951,35206057.64879005
77952,35202561.959928825
77953,35199066.24399556
77954,35195570.50266608
77955,35192074.73279755
77956,35188578.94173181
77957,35185083.12371102
77958,35181587.28000234
77959,35178091.41288697
77960,35174595.526860856
77961,35171099.61396083
77962,35167603.6779956
77963,35164107.720209
77964,35160611.744648926
77965,35157115.74508156
77966,35153619.72786972
77967,35150123.68872672
77968,35146627.62907623
77969,35143131.55283834
77970,35139635.45827073
77971,35136139.34785517
77972,35132643.2154115
77973,35129147.0668001
77974,35125650.90555011
77975,35122154.72633411
77976,35118658.53369645
77977,35115162.32430147
77978,35111666.09783015
77979,35108169.86205901
77980,35104673.61166253
77981,35101177.34713738
77982,35097681.07150999
77983,35094184.78470786
77984,35090688.48486246
77985,35087192.175413445
77986,35083695.856036246
77987,35080199.52429004
77988,35076703.18636954
77989,35073206.83720441
77990,35069710.48254597
77991,35066214.11693341
77992,35062717.74684113
77993,35059221.36831163
77994,35055724.98505284
77995,35052228.59385328
77996,35048732.19947223
77997,35045235.80008233
77998,35041739.39529366
77999,35038242.98835709
78000,35034746.576800734
78001,35031250.16568889
78002,35027753.75088996
78003,35024257.331918895
78004,35020760.91430237
78005,35017264.49614582
78006,35013768.07744961
78007,35010271.66124825
78008,35006775.243311405
78009,35003278.82895756
78010,34999782.41473592
78011,34996286.00451381
78012,34992789.59838143
78013,34989293.19231814
78014,34985796.79320918
78015,34982300.39917789
78016,34978804.00864858
78017,34975307.6251069
78018,34971811.24714252
78019,34968314.874655716
78020,34964818.51391082
78021,34961322.15661831
78022,34957825.81090472
78023,34954329.471156985
78024,34950833.143092215
78025,34947336.82373376
78026,34943840.51538789
78027,34940344.21642826
78028,34936847.932508186
78029,34933351.65643136
78030,34929855.396095425
78031,34926359.148607805
78032,34922862.91664758
78033,34919366.69455556
78034,34915870.48771481
78035,34912374.2986206
78036,34908878.122985095
78037,34905381.96819085
78038,34901885.82293297
78039,34898389.70271616
78040,34894893.59994464
78041,34891397.51194256
78042,34887901.44422254
78043,34884405.39475053
78044,34880909.36968622
78045,34877413.36060237
78046,34873917.37506568
78047,34870421.41359539
78048,34866925.46999956
78049,34863429.5510982
78050,34859933.656693846
78051,34856437.78697354
78052,34852941.93998809
78053,34849446.12114309
78054,34845950.32387692
78055,34842454.55335061
78056,34838958.81025466
78057,34835463.09789153
78058,34831967.410049684
78059,34828471.7515601
78060,34824976.120725855
78061,34821480.52106223
78062,34817984.95196417
78063,34814489.41131161
78064,34810993.90191598
78065,34807498.42732586
78066,34804002.9821355
78067,34800507.57223306
78068,34797012.19353601
78069,34793516.850638255
78070,34790021.54113307
78071,34786526.26791978
78072,34783031.02928847
78073,34779535.82499902
78074,34776040.65924458
78075,34772545.53325774
78076,34769050.44412083
78077,34765555.391512245
78078,34762060.38050322
78079,34758565.40795031
78080,34755070.47520081
78081,34751575.58317318
78082,34748080.73269941
78083,34744585.9280566
78084,34741091.1578343
78085,34737596.43618467
78086,34734101.76115629
78087,34730607.12289228
78088,34727112.53354361
78089,34723617.990353495
78090,34720123.49168361
78091,34716629.039712824
78092,34713134.63594766
78093,34709640.27636954
78094,34706145.96864934
78095,34702651.70841798
78096,34699157.49702042
78097,34695663.337441914
78098,34692169.22792964
78099,34688675.169159636
78100,34685181.162606865
78101,34681687.20680068
78102,34678193.30406143
78103,34674699.455422685
78104,34671205.66217862
78105,34667711.92180255
78106,34664218.23822858
78107,34660724.609398365
78108,34657231.03801158
78109,34653737.525570735
78110,34650244.06640959
78111,34646750.66906631
78112,34643257.32767981
78113,34639764.04580715
78114,34636270.825465865
78115,34632777.66368407
78116,34629284.56592965
78117,34625791.52765158
78118,34622298.55463424
78119,34618805.64164234
78120,34615312.79338084
78121,34611820.00903767
78122,34608327.29088809
78123,34604834.63499636
78124,34601342.04678986
78125,34597849.52651177
78126,34594357.072845206
78127,34590864.685448505
78128,34587372.36903472
78129,34583880.11662047
78130,34580387.93567646
78131,34576895.828805536
78132,34573403.78943385
78133,34569911.82272819
78134,34566419.92779119
78135,34562928.102705166
78136,34559436.3544665
78137,34555944.679699175
78138,34552453.078176886
78139,34548961.5516137
78140,34545470.10206902
78141,34541978.72815458
78142,34538487.42783396
78143,34534996.21170327
78144,34531505.0672777
78145,34528014.00621625
78146,34524523.021774784
78147,34521032.11982734
78148,34517541.296361595
78149,34514050.554518804
78150,34510559.89428133
78151,34507069.31611414
78152,34503578.82133749
78153,34500088.410327405
78154,34496598.084797844
78155,34493107.84500323
78156,34489617.68733619
78157,34486127.61999957
78158,34482637.635049134
78159,34479147.74065421
78160,34475657.93410103
78161,34472168.21622429
78162,34468678.5857255
78163,34465189.04744456
78164,34461699.59865549
78165,34458210.24091327
78166,34454720.97471807
78167,34451231.80329787
78168,34447742.723128654
78169,34444253.73680161
78170,34440764.84566982
78171,34437276.049610555
78172,34433787.34653243
78173,34430298.74316581
78174,34426810.23520421
78175,34423321.82535283
78176,34419833.513783276
78177,34416345.30288106
78178,34412857.18885871
78179,34409369.17434419
78180,34405881.2633688
78181,34402393.45281549
78182,34398905.74334411
78183,34395418.13648916
78184,34391930.634167284
78185,34388443.235203445
78186,34384955.94516659
78187,34381468.75288874
78188,34377981.67095824
78189,34374494.696440406
78190,34371007.8261967
78191,34367521.06638777
78192,34364034.41580055
78193,34360547.87329948
78194,34357061.44084407
78195,34353575.1190723
78196,34350088.907480896
78197,34346602.807896964
78198,34343116.822667636
78199,34339630.950444795
78200,34336145.190396816
78201,34332659.544182755
78202,34329174.016133346
78203,34325688.60241975
78204,34322203.303497955
78205,34318718.124574825
78206,34315233.063311785
78207,34311748.12037484
78208,34308263.29423484
78209,34304778.58895962
78210,34301294.00699818
78211,34297809.54352171
78212,34294325.20316873
78213,34290840.98482935
78214,34287356.88972152
78215,34283872.91799092
78216,34280389.07271496
78217,34276905.34961125
78218,34273421.75530142
78219,34269938.28660385
78220,34266454.944475405
78221,34262971.73188023
78222,34259488.64567646
78223,34256005.69281245
78224,34252522.865127355
78225,34249040.17118779
78226,34245557.60726319
78227,34242075.176275745
78228,34238592.87615376
78229,34235110.71182892
78230,34231628.6809033
78231,34228146.783278175
78232,34224665.02132049
78233,34221183.39905338
78234,34217701.90931339
78235,34214220.55900123
78236,34210739.34707114
78237,34207258.27283867
78238,34203777.340420395
78239,34200296.547218785
78240,34196815.894678906
78241,34193335.38416546
78242,34189855.01597544
78243,34186374.790904105
78244,34182894.71091804
78245,34179414.77390984
78246,34175934.98320102
78247,34172455.33632311
78248,34168975.839174815
78249,34165496.48747251
78250,34162017.28290882
78251,34158538.22779858
78252,34155059.323822014
78253,34151580.5665607
78254,34148101.96351665
78255,34144623.51156732
78256,34141145.2107878
78257,34137667.06250925
78258,34134189.07002305
78259,34130711.2297087
78260,34127233.546879835
78261,34123756.0179912
78262,34120278.646575645
78263,34116801.431508526
78264,34113324.37672354
78265,34109847.47814473
78266,34106370.73933518
78267,34102894.161897145
78268,34099417.74658109
78269,34095941.489616126
78270,34092465.39712222
78271,34088989.4642542
78272,34085513.699268065
78273,34082038.09657134
78274,34078562.6603915
78275,34075087.38944588
78276,34071612.28749468
78277,34068137.35033639
78278,34064662.58043096
78279,34061187.98117326
78280,34057713.55207015
78281,34054239.29301903
78282,34050765.20467742
78283,34047291.28760226
78284,34043817.544671744
78285,34040343.97247233
78286,34036870.57482512
78287,34033397.35245595
78288,34029924.305709004
78289,34026451.4353553
78290,34022978.744017966
78291,34019506.229457594
78292,34016033.89098493
78293,34012561.73495743
78294,34009089.7553883
78295,34005617.95892909
78296,34002146.34117992
78297,33998674.91024265
78298,33995203.65844025
78299,33991732.59328537
78300,33988261.711598076
78301,33984791.01371665
78302,33981320.5029329
78303,33977850.17845264
78304,33974380.04231131
78305,33970910.095143214
78306,33967440.3338991
78307,33963970.76444888
78308,33960501.38344123
78309,33957032.19787834
78310,33953563.200975254
78311,33950094.39868552
78312,33946625.7900794
78313,33943157.37306171
78314,33939689.15534292
78315,33936221.131219335
78316,33932753.30442232
78317,33929285.67326115
78318,33925818.2433931
78319,33922351.009938195
78320,33918883.976020455
78321,33915417.14297721
78322,33911950.51271427
78323,33908484.08510439
78324,33905017.85850292
78325,33901551.83335899
78326,33898086.017021365
78327,33894620.40451173
78328,33891154.999291144
78329,33887689.79841012
78330,33884224.80421251
78331,33880760.020153314
78332,33877295.443287976
78333,33873831.07658592
78334,33870366.92404837
78335,33866902.982140124
78336,33863439.25025782
78337,33859975.73130611
78338,33856512.4287758
78339,33853049.3400873
78340,33849586.46265128
78341,33846123.80614446
78342,33842661.364726834
78343,33839199.142169274
78344,33835737.13713426
78345,33832275.35524693
78346,33828813.78739926
78347,33825352.44388232
78348,33821891.3216151
78349,33818430.4206644
78350,33814969.74600022
78351,33811509.29241799
78352,33808049.068807155
78353,33804589.066848785
78354,33801129.29094665
78355,33797669.744380206
78356,33794210.426853344
78357,33790751.33644794
78358,33787292.474752404
78359,33783833.84749557
78360,33780375.45084572
78361,33776917.282185055
78362,33773459.352558054
78363,33770001.65344662
78364,33766544.19219204
78365,33763086.96271466
78366,33759629.97127701
78367,33756173.218570195
78368,33752716.70082319
78369,33749260.42467605
78370,33745804.38746397
78371,33742348.59012575
78372,33738893.03352701
78373,33735437.72067396
78374,33731982.65116359
78375,33728527.82301423
78376,33725073.24330588
78377,33721618.90680094
78378,33718164.81784681
78379,33714710.97533699
78380,33711257.37901733
78381,33707804.0339507
78382,33704350.93758958
78383,33700898.09259589
78384,33697445.49887451
78385,33693993.15849213
78386,33690541.06810826
78387,33687089.23485327
78388,33683637.65426643
78389,33680186.33105555
78390,33676735.26145248
78391,33673284.450450726
78392,33669833.899039455
78393,33666383.603944086
78394,33662933.572242536
78395,33659483.799916126
78396,33656034.28930158
78397,33652585.03990548
78398,33649136.053954154
78399,33645687.3347957
78400,33642238.87662298
78401,33638790.685232446
78402,33635342.76265868
78403,33631895.10535778
78404,33628447.7179484
78405,33625000.60124134
78406,33621553.75169527
78407,33618107.17549825
78408,33614660.869981416
78409,33611214.83913752
78410,33607769.07981617
78411,33604323.59714732
78412,33600878.38858417
78413,33597433.45465176
78414,33593988.80188224
78415,33590544.423854716
78416,33587100.32480495
78417,33583656.50822391
78418,33580212.972132534
78419,33576769.71427816
78420,33573326.73939442
78421,33569884.05188346
78422,33566441.6466901
78423,33562999.52331163
78424,33559557.68888477
78425,33556116.14190554
78426,33552674.87991763
78427,33549233.9125985
78428,33545793.2287082
78429,33542352.837513734
78430,33538912.737910412
78431,33535472.92963903
78432,33532033.41488818
78433,33528594.194029473
78434,33525155.26832173
78435,33521716.640298817
78436,33518278.308403794
78437,33514840.27283048
78438,33511402.53499677
78439,33507965.097981196
78440,33504527.96307064
78441,33501091.125231862
78442,33497654.591150284
78443,33494218.362980183
78444,33490782.437525623
78445,33487346.813078158
78446,33483911.500721492
78447,33480476.490732513
78448,33477041.78967833
78449,33473607.39866139
78450,33470173.315187294
78451,33466739.5424233
78452,33463306.083535068
78453,33459872.934922677
78454,33456440.098021187
78455,33453007.577263076
78456,33449575.373152442
78457,33446143.483249307
78458,33442711.90705426
78459,33439280.65329464
78460,33435849.718144454
78461,33432419.10206449
78462,33428988.80614753
78463,33425558.832052946
78464,33422129.178999003
78465,33418699.85166218
78466,33415270.84729162
78467,33411842.168704506
78468,33408413.815654565
78469,33404985.7926308
78470,33401558.09406373
78471,33398130.727081265
78472,33394703.691584975
78473,33391276.984436996
78474,33387850.611367658
78475,33384424.568654023
78476,33380998.86102446
78477,33377573.49018623
78478,33374148.451924816
78479,33370723.7526761
78480,33367299.39004521
78481,33363875.366843905
78482,33360451.682683345
78483,33357028.340591677
78484,33353605.33818291
78485,33350182.678741574
78486,33346760.36381139
78487,33343338.390986055
78488,33339916.767985873
78489,33336495.486339428
78490,33333074.555460714
78491,33329653.97232991
78492,33326233.73904398
78493,33322813.856757965
78494,33319394.323820204
78495,33315975.141255293
78496,33312556.315047927
78497,33309137.84198989
78498,33305719.724777482
78499,33302301.96439211
78500,33298884.56239938
78501,33295467.515141048
78502,33292050.828746207
78503,33288634.50273427
78504,33285218.53636861
78505,33281802.934191935
78506,33278387.694609985
78507,33274972.821063917
78508,33271558.308908388
78509,33268144.16514603
78510,33264730.386180148
78511,33261316.977467116
78512,33257903.937126353
78513,33254491.265144534
78514,33251078.965686448
78515,33247667.040393326
78516,33244255.48929253
78517,33240844.308355566
78518,33237433.505411915
78519,33234023.07801432
78520,33230613.024709355
78521,33227203.354972877
78522,33223794.059076723
78523,33220385.14703036
78524,33216976.61442887
78525,33213568.466312576
78526,33210160.699797235
78527,33206753.318979762
78528,33203346.3227707
78529,33199939.713330388
78530,33196533.489899542
78531,33193127.655807618
78532,33189722.20986732
78533,33186317.15596995
78534,33182912.49383717
78535,33179508.222235367
78536,33176104.34816618
78537,33172700.865127146
78538,33169297.779363714
78539,33165895.088290423
78540,33162492.797857136
78541,33159090.90631172
78542,33155689.41295778
78543,33152288.321364276
78544,33148887.630148865
78545,33145487.343570784
78546,33142087.4603486
78547,33138687.983234238
78548,33135288.911108553
78549,33131890.245958395
78550,33128491.98754677
78551,33125094.143373143
78552,33121696.705009937
78553,33118299.682312895
78554,33114903.06990433
78555,33111506.867813442
78556,33108111.08606509
78557,33104715.717417292
78558,33101320.7656727
78559,33097926.230065826
78560,33094532.116695035
78561,33091138.419870585
78562,33087745.14779728
78563,33084352.295659967
78564,33080959.866234064
78565,33077567.862624638
78566,33074176.282266773
78567,33070785.13012912
78568,33067394.40686908
78569,33064004.110475324
78570,33060614.24161336
78571,33057224.806254722
78572,33053835.802373305
78573,33050447.232028663
78574,33047059.09494586
78575,33043671.394654643
78576,33040284.12944466
78577,33036897.30162399
78578,33033510.912350886
78579,33030124.958543308
78580,33026739.45052831
78581,33023354.38238339
78582,33019969.75741001
78583,33016585.57892412
78584,33013201.842228383
78585,33009818.550704952
78586,33006435.71267932
78587,33003053.314479806
78588,32999671.37168261
78589,32996289.87851302
78590,32992908.835447177
78591,32989528.248165697
78592,32986148.112038687
78593,32982768.433645908
78594,32979389.209637642
78595,32976010.440524697
78596,32972632.133769773
78597,32969254.28808923
78598,32965876.90032407
78599,32962499.97346398
78600,32959123.51141407
78601,32955747.513746947
78602,32952371.97885535
78603,32948996.916629724
78604,32945622.3144268
78605,32942248.185199358
78606,32938874.52645553
78607,32935501.335216053
78608,32932128.618482366
78609,32928756.373255894
78610,32925384.60415834
78611,32922013.30986701
78612,32918642.494901706
78613,32915272.153682437
78614,32911902.29338786
78615,32908532.913261436
78616,32905164.015866384
78617,32901795.59995617
78618,32898427.664959423
78619,32895060.21946281
78620,32891693.258154936
78621,32888326.78490442
78622,32884960.79627757
78623,32881595.299908217
78624,32878230.295897335
78625,32874865.78129255
78626,32871501.761877045
78627,32868138.234967716
78628,32864775.202915967
78629,32861412.667922698
78630,32858050.630947746
78631,32854689.09313877
78632,32851328.055425584
78633,32847967.520301446
78634,32844607.482866026
78635,32841247.954204485
78636,32837888.929439202
78637,32834530.409325324
78638,32831172.397614043
78639,32827814.89390621
78640,32824457.901771642
78641,32821101.417040177
78642,32817745.4458133
78643,32814389.989665087
78644,32811035.045184977
78645,32807680.61807872
78646,32804326.70656813
78647,32800973.314808015
78648,32797620.44204104
78649,32794268.088210188
78650,32790916.258526836
78651,32787564.951261945
78652,32784214.165067848
78653,32780863.90812749
78654,32777514.17968628
78655,32774164.973136514
78656,32770816.29977089
78657,32767468.15420536
78658,32764120.541043103
78659,32760773.46221681
78660,32757426.91639425
78661,32754080.903456204
78662,32750735.428876396
78663,32747390.491943486
78664,32744046.09472338
78665,32740702.239221223
78666,32737358.922036644
78667,32734016.14979194
78668,32730673.918105956
78669,32727332.23384551
78670,32723991.096593075
78671,32720650.50709957
78672,32717310.465414036
78673,32713970.97519283
78674,32710632.03529761
78675,32707293.64846563
78676,32703955.815725345
78677,32700618.538429625
78678,32697281.813660912
78679,32693945.652658172
78680,32690610.04909219
78681,32687275.006651938
78682,32683940.521477975
78683,32680606.599675626
78684,32677273.247714058
78685,32673940.454884317
78686,32670608.233052287
78687,32667276.577576816
78688,32663945.49085251
78689,32660614.972804703
78690,32657285.030597966
78691,32653955.65851333
78692,32650626.86404731
78693,32647298.64189967
78694,32643970.996826146
78695,32640643.93409694
78696,32637317.446119927
78697,32633991.54238982
78698,32630666.21855312
78699,32627341.480662346
78700,32624017.325899407
78701,32620693.75667065
78702,32617370.775073856
78703,32614048.38218829
78704,32610726.578883223
78705,32607405.36828432
78706,32604084.750776056
78707,32600764.727636065
78708,32597445.29691421
78709,32594126.464319527
78710,32590808.228680566
78711,32587490.59374634
78712,32584173.55607862
78713,32580857.12441462
78714,32577541.29598462
78715,32574226.070714056
78716,32570911.450062133
78717,32567597.43714825
78718,32564284.034812987
78719,32560971.240793563
78720,32557659.05977132
78721,32554347.48973944
78722,32551036.534739267
78723,32547726.19375137
78724,32544416.468463782
78725,32541107.363181345
78726,32537798.87831361
78727,32534491.010032345
78728,32531183.766825724
78729,32527877.146288365
78730,32524571.150736503
78731,32521265.78042133
78732,32517961.04069307
78733,32514656.925437327
78734,32511353.44543218
78735,32508050.594053116
78736,32504748.3744993
78737,32501446.790456593
78738,32498145.841621928
78739,32494845.53154188
78740,32491545.860128064
78741,32488246.825828344
78742,32484948.43671743
78743,32481650.687670514
78744,32478353.581982683
78745,32475057.123766422
78746,32471761.30976994
78747,32468466.146516964
78748,32465171.634396024
78749,32461877.769952513
78750,32458584.558256708
78751,32455292.000650555
78752,32452000.098558154
78753,32448708.853288524
78754,32445418.26527088
78755,32442128.338877067
78756,32438839.07231519
78757,32435550.466344323
78758,32432262.526085865
78759,32428975.24902777
78760,32425688.64036092
78761,32422402.69821149
78762,32419117.426843207
78763,32415832.826010942
78764,32412548.897554964
78765,32409265.64106495
78766,32405983.061981548
78767,32402701.1569123
78768,32399419.93252124
78769,32396139.388161484
78770,32392859.520177204
78771,32389580.3361075
78772,32386301.838970076
78773,32383024.024177928
78774,32379746.896804214
78775,32376470.458158072
78776,32373194.706255455
78777,32369919.64735976
78778,32366645.282112274
78779,32363371.610045437
78780,32360098.63205386
78781,32356826.35139215
78782,32353554.76973503
78783,32350283.887863863
78784,32347013.704639405
78785,32343744.226765223
78786,32340475.45351925
78787,32337207.385811515
78788,32333940.025945127
78789,32330673.370931342
78790,32327407.42866224
78791,32324142.19670996
78792,32320877.6800621
78793,32317613.874897704
78794,32314350.78862626
78795,32311088.41787386
78796,32307826.76593694
78797,32304565.840504654
78798,32301305.630409785
78799,32298046.145750307
78800,32294787.38622424
78801,32291529.35365982
78802,32288272.04737013
78803,32285015.472612113
78804,32281759.62685493
78805,32278504.515384167
78806,32275250.136327963
78807,32271996.495995708
78808,32268743.590339378
78809,32265491.424479265
78810,32262239.99937699
78811,32258989.314504825
78812,32255739.374136508
78813,32252490.176199436
78814,32249241.727169633
78815,32245994.02399515
78816,32242747.071693044
78817,32239500.869724497
78818,32236255.419648938
78819,32233010.72489595
78820,32229766.78609316
78821,32226523.60191667
78822,32223281.178146306
78823,32220039.516245816
78824,32216798.6143815
78825,32213558.475084506
78826,32210319.102136374
78827,32207080.49441824
78828,32203842.6536038
78829,32200605.58590024
78830,32197369.28683813
78831,32194133.759293508
78832,32190899.007997353
78833,32187665.031332888
78834,32184431.833593454
78835,32181199.412855152
78836,32177967.775151376
78837,32174736.9200523
78838,32171506.84553364
78839,32168277.558911886
78840,32165049.059409715
78841,32161821.346739758
78842,32158594.426506735
78843,32155368.296623703
78844,32152142.958226074
78845,32148918.416772377
78846,32145694.672172304
78847,32142471.724539988
78848,32139249.579685353
78849,32136028.231866032
78850,32132807.690410253
78851,32129587.94983302
78852,32126369.01861678
78853,32123150.89421252
78854,32119933.579433862
78855,32116717.076638915
78856,32113501.386724453
78857,32110286.511446428
78858,32107072.449253093
78859,32103859.2067003
78860,32100646.783378236
78861,32097435.17962755
78862,32094224.400186963
78863,32091014.446334668
78864,32087805.314498752
78865,32084597.013537243
78866,32081389.537939303
78867,32078182.89453976
78868,32074977.08588271
78869,32071772.109874394
78870,32068567.96763731
78871,32065364.665435962
78872,32062162.20102444
78873,32058960.5764699
78874,32055759.7957054
78875,32052559.860087797
78876,32049360.770468853
78877,32046162.526632257
78878,32042965.130444944
78879,32039768.586615287
78880,32036572.895721488
78881,32033378.058661513
78882,32030184.077616315
78883,32026990.952896837
78884,32023798.688142736
78885,32020607.28462239
78886,32017416.744860306
78887,32014227.071137596
78888,32011038.26317158
78889,32007850.31892006
78890,32004663.243929774
78891,32001477.040842365
78892,31998291.711992837
78893,31995107.257953648
78894,31991923.68156943
78895,31988740.978219505
78896,31985559.1586641
78897,31982378.219674136
78898,31979198.16359637
78899,31976018.99070496
78900,31972840.70811981
78901,31969663.311111804
78902,31966486.80894375
78903,31963311.19328034
78904,31960136.4734824
78905,31956962.646484494
78906,31953789.719016593
78907,31950617.69244578
78908,31947446.562958267
78909,31944276.33623226
78910,31941107.015132867
78911,31937938.599589307
78912,31934771.09060593
78913,31931604.49098269
78914,31928438.80307429
78915,31925274.026512958
78916,31922110.16664158
78917,31918947.223192785
78918,31915785.197134994
78919,31912624.091641076
78920,31909463.90711554
78921,31906304.644225314
78922,31903146.312697917
78923,31899988.904349174
78924,31896832.425533026
78925,31893676.87951017
78926,31890522.26210292
78927,31887368.579710536
78928,31884215.83610546
78929,31881064.02834126
78930,31877913.161951732
78931,31874763.234369002
78932,31871614.25164164
78933,31868466.214581728
78934,31865319.12304759
78935,31862172.98280257
78936,31859027.793922573
78937,31855883.553151675
78938,31852740.26834576
78939,31849597.94110611
78940,31846456.571724165
78941,31843316.160399653
78942,31840176.712467235
78943,31837038.22734375
78944,31833900.70707907
78945,31830764.154105026
78946,31827628.572053514
78947,31824493.957389507
78948,31821360.316023972
78949,31818227.65170458
78950,31815095.961414963
78951,31811965.25032053
78952,31808835.52014776
78953,31805706.77133645
78954,31802579.003559075
78955,31799452.22684563
78956,31796326.433048725
78957,31793201.630514704
78958,31790077.818358343
78959,31786955.002127398
78960,31783833.177070733
78961,31780712.353127174
78962,31777592.527208913
78963,31774473.6989746
78964,31771355.876758784
78965,31768239.056698263
78966,31765123.242613576
78967,31762008.439865947
78968,31758894.64555581
78969,31755781.864793353
78970,31752670.095758907
78971,31749559.344827715
78972,31746449.609374795
78973,31743340.89677373
78974,31740233.20401324
78975,31737126.535160664
78976,31734020.892196152
78977,31730916.27625514
78978,31727812.6905072
78979,31724710.135354966
78980,31721608.613068655
78981,31718508.126477458
78982,31715408.678193297
78983,31712310.268410236
78984,31709212.896834046
78985,31706116.573989898
78986,31703021.295277167
78987,31699927.059793614
78988,31696833.873844348
78989,31693741.73895465
78990,31690650.656630293
78991,31687560.63254428
78992,31684471.662145004
78993,31681383.74925525
78994,31678296.90090385
78995,31675211.112885747
78996,31672126.38811413
78997,31669042.731847443
78998,31665960.144341618
78999,31662878.627181813
79000,31659798.1806457
79001,31656718.811984666
79002,31653640.517715007
79003,31650563.303562596
79004,31647487.168568555
79005,31644412.115778815
79006,31641338.149119224
79007,31638265.265749287
79008,31635193.474526614
79009,31632122.772169717
79010,31629053.16344491
79011,31625984.648925915
79012,31622917.230381317
79013,31619850.913429726
79014,31616785.694770332
79015,31613721.57769507
79016,31610658.565042466
79017,31607596.662717104
79018,31604535.867885634
79019,31601476.184892133
79020,31598417.611505114
79021,31595360.156561162
79022,31592303.81562129
79023,31589248.596320212
79024,31586194.497321796
79025,31583141.521050595
79026,31580089.66872909
79027,31577038.94585644
79028,31573989.35272723
79029,31570940.88793534
79030,31567893.561207704
79031,31564847.365710232
79032,31561802.30975566
79033,31558758.394519567
79034,31555715.62015539
79035,31552673.990739875
79036,31549633.506561145
79037,31546594.17021008
79038,31543555.98320699
79039,31540518.951750852
79040,31537483.071360342
79041,31534448.34948497
79042,31531414.7821301
79043,31528382.38154726
79044,31525351.139858194
79045,31522321.065554395
79046,31519292.15800754
79047,31516264.415661402
79048,31513237.84960085
79049,31510212.453487378
79050,31507188.2331174
79051,31504165.19450896
79052,31501143.33381892
79053,31498122.654489942
79054,31495103.157160357
79055,31492084.84614075
79056,31489067.726493202
79057,31486051.796245433
79058,31483037.059794895
79059,31480023.5158625
79060,31477011.168000914
79061,31474000.02405825
79062,31470990.078175012
79063,31467981.337172493
79064,31464973.80034123
79065,31461967.47243626
79066,31458962.35342122
79067,31455958.44753124
79068,31452955.75452958
79069,31449954.280554015
79070,31446954.023494866
79071,31443954.98857022
79072,31440957.17441035
79073,31437960.589811064
79074,31434965.228983793
79075,31431971.099556994
79076,31428978.200705405
79077,31425986.53735534
79078,31422996.10688237
79079,31420006.9199315
79080,31417018.970908932
79081,31414032.265973903
79082,31411046.807166684
79083,31408062.591792613
79084,31405079.63100906
79085,31402097.919478416
79086,31399117.46314855
79087,31396138.25898428
79088,31393160.31941466
79089,31390183.637664
79090,31387208.219007526
79091,31384234.06746488
79092,31381261.178433757
79093,31378289.565002244
79094,31375319.22230515
79095,31372350.150392607
79096,31369382.35993942
79097,31366415.845854096
79098,31363450.610707287
79099,31360486.66463834
79100,31357523.99902367
79101,31354562.62581453
79102,31351602.539357252
79103,31348643.746139426
79104,31345686.248704057
79105,31342730.04752129
79106,31339775.142979275
79107,31336821.543215208
79108,31333869.248726767
79109,31330918.258014824
79110,31327968.579540245
79111,31325020.206560474
79112,31322073.150502954
79113,31319127.409355033
79114,31316182.987394433
79115,31313239.882413603
79116,31310298.0993745
79117,31307357.644113816
79118,31304418.514950424
79119,31301480.714977283
79120,31298544.245251738
79121,31295609.114251494
79122,31292675.313432947
79123,31289742.85656739
79124,31286811.737373292
79125,31283881.96450151
79126,31280953.535608545
79127,31278026.45438899
79128,31275100.723654464
79129,31272176.35036438
79130,31269253.327544075
79131,31266331.664509285
79132,31263411.36244876
79133,31260492.419935353
79134,31257574.839836773
79135,31254658.63207262
79136,31251743.791539516
79137,31248830.3245364
79138,31245918.23138231
79139,31243007.517175917
79140,31240098.177674156
79141,31237190.22054638
79142,31234283.64803191
79143,31231378.461740103
79144,31228474.661874678
79145,31225572.25567375
79146,31222671.244501043
79147,31219771.626934886
79148,31216873.408456422
79149,31213976.591744944
79150,31211081.174618952
79151,31208187.165725786
79152,31205294.565170325
79153,31202403.372526772
79154,31199513.59497512
79155,31196625.235384107
79156,31193738.289095856
79157,31190852.76451096
79158,31187968.663544513
79159,31185085.985078692
79160,31182204.737483993
79161,31179324.918314647
79162,31176446.532872014
79163,31173569.57899064
79164,31170694.0663447
79165,31167819.99264878
79166,31164947.360979836
79167,31162076.175740123
79168,31159206.4344731
79169,31156338.148738347
79170,31153471.30912813
79171,31150605.925418127
79172,31147742.001329396
79173,31144879.536063362
79174,31142018.53192801
79175,31139158.995082248
79176,31136300.921941716
79177,31133444.322292674
79178,31130589.192702796
79179,31127735.539024096
79180,31124883.36223253
79181,31122032.665152617
79182,31119183.452626254
79183,31116335.72048978
79184,31113489.47814928
79185,31110644.72668528
79186,31107801.468417604
79187,31104959.702536903
79188,31102119.43539671
79189,31099280.668011185
79190,31096443.403855782
79191,31093607.646414246
79192,31090773.394065417
79193,31087940.653502673
79194,31085109.424567323
79195,31082279.713519447
79196,31079451.51946866
79197,31076624.843415648
79198,31073799.692705624
79199,31070976.06777037
79200,31068153.97297774
79201,31065333.40521038
79202,31062514.373542927
79203,31059696.876692284
79204,31056880.921823047
79205,31054066.503312856
79206,31051253.63307651
79207,31048442.30541118
79208,31045632.52802733
79209,31042824.30406786
79210,31040017.63225219
79211,31037212.51961094
79212,31034408.96339608
79213,31031606.970693603
79214,31028806.542965207
79215,31026007.684307054
79216,31023210.392954133
79217,31020414.674231596
79218,31017620.5310604
79219,31014827.96813222
79220,31012036.98294671
79221,31009247.581262883
79222,31006459.769094575
79223,31003673.54022699
79224,31000888.904257454
79225,30998105.86427943
79226,30995324.418936104
79227,30992544.57229013
79228,30989766.329083964
79229,30986989.68871219
79230,30984214.658465683
79231,30981441.233119812
79232,30978669.421552293
79233,30975899.227784283
79234,30973130.65035721
79235,30970363.69264717
79236,30967598.35753481
79237,30964834.652862195
79238,30962072.57076817
79239,30959312.124926455
79240,30956553.311287522
79241,30953796.132461995
79242,30951040.595782902
79243,30948286.700127963
79244,30945534.44718723
79245,30942783.84638816
79246,30940034.892184447
79247,30937287.589633286
79248,30934541.947670694
79249,30931797.961050957
79250,30929055.637389313
79251,30926314.97556974
79252,30923575.98151518
79253,30920838.656468123
79254,30918103.00524526
79255,30915369.02796788
79256,30912636.727535237
79257,30909906.10775265
79258,30907177.17182876
79259,30904449.922412723
79260,30901724.358642366
79261,30899000.488143064
79262,30896278.31231742
79263,30893557.832932886
79264,30890839.054404285
79265,30888121.979977738
79266,30885406.60591103
79267,30882692.94427511
79268,30879980.993039753
79269,30877270.75395551
79270,30874562.232905746
79271,30871855.42886043
79272,30869150.348474476
79273,30866446.993028384
79274,30863745.366154414
79275,30861045.471057303
79276,30858347.304402545
79277,30855650.87643078
79278,30852956.186955586
79279,30850263.242728107
79280,30847572.03831406
79281,30844882.583269354
79282,30842194.879169498
79283,30839508.929835662
79284,30836824.732065454
79285,30834142.29603693
79286,30831461.618647844
79287,30828782.711760476
79288,30826105.567475345
79289,30823430.195874233
79290,30820756.59587294
79291,30818084.771610934
79292,30815414.72601476
79293,30812746.463206127
79294,30810079.98301528
79295,30807415.293200787
79296,30804752.392431974
79297,30802091.284024376
79298,30799431.972084615
79299,30796774.458475366
79300,30794118.74776832
79301,30791464.84038438
79302,30788812.742086843
79303,30786162.45634353
79304,30783513.97940889
79305,30780867.321144693
79306,30778222.481175713
79307,30775579.46392261
79308,30772938.271670498
79309,30770298.906913236
79310,30767661.374222472
79311,30765025.673166186
79312,30762391.809353136
79313,30759759.78761618
79314,30757129.607679356
79315,30754501.270544983
79316,30751874.785039183
79317,30749250.14935441
79318,30746627.368977718
79319,30744006.44527024
79320,30741387.380177166
79321,30738770.17882012
79322,30736154.84277279
79323,30733541.379878372
79324,30730929.786569156
79325,30728320.066702604
79326,30725712.226786617
79327,30723106.265803568
79328,30720502.19052059
79329,30717900.000953685
79330,30715299.703546707
79331,30712701.296706915
79332,30710104.787995405
79333,30707510.17541675
79334,30704917.465758197
79335,30702326.6604191
79336,30699737.76476507
79337,30697150.77818892
79338,30694565.703891512
79339,30691982.548467774
79340,30689401.313477356
79341,30686821.997577306
79342,30684244.6115567
79343,30681669.152233083
79344,30679095.627230205
79345,30676524.034330934
79346,30673954.377998404
79347,30671386.66617751
79348,30668820.898805883
79349,30666257.076088883
79350,30663695.201971482
79351,30661135.28291426
79352,30658577.32095456
79353,30656021.3169553
79354,30653467.275084257
79355,30650915.19851826
79356,30648365.09021742
79357,30645816.956304744
79358,30643270.791347437
79359,30640726.60620075
79360,30638184.403060623
79361,30635644.181764845
79362,30633105.94694409
79363,30630569.703377042
79364,30628035.452167585
79365,30625503.197177466
79366,30622972.9405814
79367,30620444.68486114
79368,30617918.437269185
79369,30615394.196603205
79370,30612871.96504668
79371,30610351.750214938
79372,30607833.553242594
79373,30605317.376724094
79374,30602803.223613758
79375,30600291.097038418
79376,30597780.99935889
79377,30595272.938609682
79378,30592766.909627836
79379,30590262.924325727
79380,30587760.97895438
79381,30585261.077065874
79382,30582763.227632917
79383,30580267.429581538
79384,30577773.684721462
79385,30575281.996455148
79386,30572792.373382457
79387,30570304.813909106
79388,30567819.321944125
79389,30565335.89799494
79390,30562854.548160713
79391,30560375.280693088
79392,30557898.0871972
79393,30555422.9808734
79394,30552949.957735173
79395,30550479.026725918
79396,30548010.186457843
79397,30545543.44339758
79398,30543078.801918045
79399,30540616.259391535
79400,30538155.822242584
79401,30535697.49567839
79402,30533241.27837628
79403,30530787.17838751
79404,30528335.196029037
79405,30525885.334108297
79406,30523437.597509097
79407,30520991.987828895
79408,30518548.511054087
79409,30516107.170339473
79410,30513667.960613623
79411,30511230.89683001
79412,30508795.975294665
79413,30506363.20018425
79414,30503932.576828625
79415,30501504.10464386
79416,30499077.79150049
79417,30496653.636609048
79418,30494231.643328413
79419,30491811.820800535
79420,30489394.16384702
79421,30486978.679687828
79422,30484565.37529898
79423,30482154.24715679
79424,30479745.30419535
79425,30477338.544533707
79426,30474933.972400222
79427,30472531.596355766
79428,30470131.412304297
79429,30467733.427678034
79430,30465337.647050858
79431,30462944.069919206
79432,30460552.70332939
79433,30458163.54914207
79434,30455776.60619668
79435,30453391.883790676
79436,30451009.381111413
79437,30448629.105205234
79438,30446251.05804167
79439,30443875.240574956
79440,30441501.6577453
79441,30439130.315247953
79442,30436761.21140522
79443,30434394.35486599
79444,30432029.742831677
79445,30429667.381505307
79446,30427307.277622692
79447,30424949.428865395
79448,30422593.845629904
79449,30420240.52048531
79450,30417889.468034126
79451,30415540.68422154
79452,30413194.173141062
79453,30410849.94222702
79454,30408507.991060354
79455,30406168.324688364
79456,30403830.94454562
79457,30401495.854994375
79458,30399163.061619114
79459,30396832.564443998
79460,30394504.366521597
79461,30392178.472799584
79462,30389854.89075849
79463,30387533.616344456
79464,30385214.65628405
79465,30382898.014466383
79466,30380583.6920716
79467,30378271.69463163
79468,30375962.02370211
79469,30373654.683427706
79470,30371349.676550608
79471,30369047.01129984
79472,30366746.682361685
79473,30364448.698966637
79474,30362153.064756054
79475,30359859.77773368
79476,30357568.848545395
79477,30355280.275997892
79478,30352994.06430476
79479,30350710.219592966
79480,30348428.73799974
79481,30346149.62896775
79482,30343872.89555669
79483,30341598.54030613
79484,30339326.5626202
79485,30337056.97432097
79486,30334789.771421324
79487,30332524.961182732
79488,30330262.543562934
79489,30328002.526468836
79490,30325744.90998575
79491,30323489.697250813
79492,30321236.89710355
79493,30318986.50408622
79494,30316738.528136395
79495,30314492.968915913
79496,30312249.833451636
79497,30310009.121317506
79498,30307770.83988211
79499,30305534.98975376
79500,30303301.576615896
79501,30301070.60264011
79502,30298842.068810068
79503,30296615.982465956
79504,30294392.343385965
79505,30292171.157558993
79506,30289952.426791325
79507,30287736.158062387
79508,30285522.35016399
79509,30283311.010668434
79510,30281102.137401663
79511,30278895.740732417
79512,30276691.81952341
79513,30274490.37997617
79514,30272291.41930247
79515,30270094.950517833
79516,30267900.96952289
79517,30265709.481558386
79518,30263520.492544413
79519,30261334.00285396
79520,30259150.018180184
79521,30256968.541519
79522,30254789.576897305
79523,30252613.123338893
79524,30250439.188530546
79525,30248267.77695362
79526,30246098.886148944
79527,30243932.5274526
79528,30241768.699917424
79529,30239607.40596877
79530,30237448.652247705
79531,30235292.43900027
79532,30233138.77279435
79533,30230987.656259134
79534,30228839.090474993
79535,30226693.08269615
79536,30224549.632820312
79537,30222408.74607507
79538,30220270.424739324
79539,30218134.67568581
79540,30216001.497772824
79541,30213870.896950547
79542,30211742.87667582
79543,30209617.439694833
79544,30207494.591903057
79545,30205374.33311309
79546,30203256.66718089
79547,30201141.60095849
79548,30199029.13480267
79549,30196919.27671611
79550,30194812.02118062
79551,30192707.38144017
79552,30190605.356847934
79553,30188505.947016366
79554,30186409.15958873
79555,30184315.003067233
79556,30182223.470362656
79557,30180134.572092943
79558,30178048.312551167
79559,30175964.68704806
79560,30173883.710448485
79561,30171805.376042355
79562,30169729.691756446
79563,30167656.66543161
79564,30165586.290334065
79565,30163518.58118403
79566,30161453.532352872
79567,30159391.154038146
79568,30157331.446572907
79569,30155274.412449192
79570,30153220.0565376
79571,30151168.3833065
79572,30149119.393442716
79573,30147073.093064055
79574,30145029.48561062
79575,30142988.57243207
79576,30140950.3609652
79577,30138914.849940166
79578,30136882.04662957
79579,30134851.95157768
79580,30132824.571412534
79581,30130799.907576002
79582,30128777.961249955
79583,30126758.742050756
79584,30124742.250603948
79585,30122728.489613965
79586,30120717.464061223
79587,30118709.174264587
79588,30116703.626869574
79589,30114700.82546204
79590,30112700.771437194
79591,30110703.467289038
79592,30108708.923392326
79593,30106717.135281585
79594,30104728.110365447
79595,30102741.85250928
79596,30100758.36384956
79597,30098777.649571583
79598,30096799.711119175
79599,30094824.554560024
79600,30092852.18126367
79601,30090882.59235169
79602,30088915.795842428
79603,30086951.79667837
79604,30084990.593852147
79605,30083032.19175498
79606,30081076.59340167
79607,30079123.80635346
79608,30077173.831675883
79609,30075226.671011746
79610,30073282.329984263
79611,30071340.81527506
79612,30069402.120613553
79613,30067466.261176508
79614,30065533.232153524
79615,30063603.041074835
79616,30061675.690825783
79617,30059751.18225707
79618,30057829.523482192
79619,30055910.71621024
79620,30053994.760505293
79621,30052081.668824308
79622,30050171.43385604
79623,30048264.0646511
79624,30046359.567369714
79625,30044457.939422794
79626,30042559.18757994
79627,30040663.317675024
79628,30038770.325831898
79629,30036880.22654818
79630,30034993.015495993
79631,30033108.695038468
79632,30031227.273446787
79633,30029348.754723035
79634,30027473.13745121
79635,30025600.43200362
79636,30023730.63219498
79637,30021863.750384614
79638,30019999.78738112
79639,30018138.743290886
79640,30016280.628929272
79641,30014425.44280208
79642,30012573.187008858
79643,30010723.86748508
79644,30008877.489418697
79645,30007034.052375715
79646,30005193.565195628
79647,30003356.02809141
79648,30001521.44169042
79649,29999689.815725826
79650,29997861.147174
79651,29996035.448622085
79652,29994212.71395567
79653,29992392.949947346
79654,29990576.16180275
79655,29988762.353912465
79656,29986951.528142646
79657,29985143.688068375
79658,29983338.833211195
79659,29981536.977618758
79660,29979738.114049368
79661,29977942.249829933
79662,29976149.389000293
79663,29974359.539131045
79664,29972572.697078176
79665,29970788.868058838
79666,29969008.058887377
79667,29967230.27032283
79668,29965455.502746258
79669,29963683.765327953
79670,29961915.062320534
79671,29960149.390039682
79672,29958386.75923052
79673,29956627.168454703
79674,29954870.62639787
79675,29953117.12943761
79676,29951366.689003896
79677,29949619.303605907
79678,29947874.977374412
79679,29946133.714483935
79680,29944395.52131234
79681,29942660.395081654
79682,29940928.342032947
79683,29939199.36702787
79684,29937473.477307625
79685,29935750.666238606
79686,29934030.946493566
79687,29932314.31723439
79688,29930600.78309392
79689,29928890.345249858
79690,29927183.012692682
79691,29925478.78461062
79692,29923777.665142767
79693,29922079.658977423
79694,29920384.767488137
79695,29918692.996327836
79696,29917004.346843407
79697,29915318.827208795
79698,29913636.433270574
79699,29911957.17544325
79700,29910281.05377403
79701,29908608.07314272
79702,29906938.23690328
79703,29905271.54534366
79704,29903608.00845268
79705,29901947.624255985
79706,29900290.39752025
79707,29898636.332823586
79708,29896985.431596894
79709,29895337.700956594
79710,29893693.139801607
79711,29892051.75716318
79712,29890413.55199185
79713,29888778.52754312
79714,29887146.691903062
79715,29885518.0447205
79716,29883892.588356204
79717,29882270.328949485
79718,29880651.268897604
79719,29879035.413381588
79720,29877422.762163103
79721,29875813.32098075
79722,29874207.098688655
79723,29872604.088747483
79724,29871004.29778201
79725,29869407.732400294
79726,29867814.396240342
79727,29866224.289258227
79728,29864637.417289853
79729,29863053.781084344
79730,29861473.388629347
79731,29859896.237863854
79732,29858322.33789002
79733,29856751.68651986
79734,29855184.29072419
79735,29853620.154396933
79736,29852059.280335054
79737,29850501.67009914
79738,29848947.32844357
79739,29847396.257998094
79740,29845848.465059575
79741,29844303.949390404
79742,29842762.716551237
79743,29841224.771089625
79744,29839690.111281976
79745,29838158.74567855
79746,29836630.677175853
79747,29835105.905617036
79748,29833584.438364215
79749,29832066.27934259
79750,29830551.425259024
79751,29829039.887016658
79752,29827531.66606787
79753,29826026.760650538
79754,29824525.18094763
79755,29823026.92716475
79756,29821532.00279497
79757,29820040.412731774
79758,29818552.158506114
79759,29817067.24381934
79760,29815585.67494559
79761,29814107.448389616
79762,29812632.576362196
79763,29811161.055661533
79764,29809692.891280524
79765,29808228.089461062
79766,29806766.647836626
79767,29805308.57531934
79768,29803853.873519465
79769,29802402.54147074
79770,29800954.591958568
79771,29799510.018548388
79772,29798068.829532884
79773,29796631.026605017
79774,29795196.61643088
79775,29793765.598260496
79776,29792337.97753872
79777,29790913.755459383
79778,29789492.937386315
79779,29788075.527916495
79780,29786661.526383873
79781,29785250.940247957
79782,29783843.76822021
79783,29782440.01957815
79784,29781039.69312757
79785,29779642.790937297
79786,29778249.321820658
79787,29776859.283780426
79788,29775472.682387415
79789,29774089.520808615
79790,29772709.802070968
79791,29771333.531899273
79792,29769960.709344447
79793,29768591.33777489
79794,29767225.425491948
79795,29765862.97046125
79796,29764503.980242968
79797,29763148.45485335
79798,29761796.395966217
79799,29760447.81320232
79800,29759102.70503489
79801,29757761.07482894
79802,29756422.92868088
79803,29755088.262742873
79804,29753757.0915707
79805,29752429.406931214
79806,29751105.2181846
79807,29749784.531285554
79808,29748467.34280801
79809,29747153.659527007
79810,29745843.484189004
79811,29744536.819375433
79812,29743233.66756889
79813,29741934.035486933
79814,29740637.91971722
79815,29739345.33235891
79816,29738056.2711365
79817,29736770.737849794
79818,29735488.738339014
79819,29734210.274998467
79820,29732935.3522277
79821,29731663.970774326
79822,29730396.136640046
79823,29729131.84937878
79824,29727871.11737416
79825,29726613.93754531
79826,29725360.31829016
79827,29724110.25702249
79828,29722863.764142543
79829,29721620.83485128
79830,29720381.480839137
79831,29719145.697910737
79832,29717913.493065894
79833,29716684.86870483
79834,29715459.826948646
79835,29714238.37156287
79836,29713020.504967656
79837,29711806.231499985
79838,29710595.55260329
79839,29709388.472641356
79840,29708184.995570086
79841,29706985.120092545
79842,29705788.857262056
79843,29704596.20313805
79844,29703407.16217771
79845,29702221.737139694
79846,29701039.93183723
79847,29699861.753636446
79848,29698687.19728122
79849,29697516.27088252
79850,29696348.979242682
79851,29695185.318096645
79852,29694025.298474975
79853,29692868.92065369
79854,29691716.182467356
79855,29690567.093343735
79856,29689421.6561906
79857,29688279.870260794
79858,29687141.738475375
79859,29686007.269299533
79860,29684876.461415797
79861,29683749.317460697
79862,29682625.83940627
79863,29681506.034496292
79864,29680389.902543657
79865,29679277.447612073
79866,29678168.670645118
79867,29677063.578615777
79868,29675962.168545127
79869,29674864.450290818
79870,29673770.419931725
79871,29672680.084654506
79872,29671593.44955018
79873,29670510.51425768
79874,29669431.276741516
79875,29668355.74696233
79876,29667283.92766715
79877,29666215.81660292
79878,29665151.42013394
79879,29664090.744775403
79880,29663033.78725206
79881,29661980.550463796
79882,29660931.04089397
79883,29659885.258658208
79884,29658843.20905337
79885,29657804.893468566
79886,29656770.314214837
79887,29655739.474828664
79888,29654712.37477419
79889,29653689.02649481
79890,29652669.421497524
79891,29651653.57065752
79892,29650641.472232755
79893,29649633.129134353
79894,29648628.543992974
79895,29647627.7227979
79896,29646630.666730564
79897,29645637.378233608
79898,29644647.859112523
79899,29643662.11210206
79900,29642680.140010595
79901,29641701.949709997
79902,29640727.537110798
79903,29639756.909083568
79904,29638790.067781616
79905,29637827.01466778
79906,29636867.757030476
79907,29635912.29004457
79908,29634960.62088662
79909,29634012.75343048
79910,29633068.68734889
79911,29632128.4237132
79912,29631191.97367169
79913,29630259.331447043
79914,29629330.499493383
79915,29628405.48548226
79916,29627484.291791648
79917,29626566.91337548
79918,29625653.362535752
79919,29624743.638344157
79920,29623837.74232267
79921,29622935.675915226
79922,29622037.443632144
79923,29621143.05073821
79924,29620252.493444853
79925,29619365.77900978
79926,29618482.909595564
79927,29617603.886471406
79928,29616728.710681893
79929,29615857.38810018
79930,29614989.920070782
79931,29614126.306935683
79932,29613266.55399157
79933,29612410.663288284
79934,29611558.636080332
79935,29610710.475969445
79936,29609866.1885226
79937,29609025.76630752
79938,29608189.222491786
79939,29607356.553723898
79940,29606527.7654651
79941,29605702.856595766
79942,29604881.833817527
79943,29604064.69456362
79944,29603251.4459287
79945,29602442.088561293
79946,29601636.623674486
79947,29600835.055598557
79948,29600037.385269064
79949,29599243.614181172
79950,29598453.750036106
79951,29597667.78955314
79952,29596885.73513545
79953,29596107.592081156
79954,29595333.362072747
79955,29594563.048021615
79956,29593796.647215396
79957,29593034.168990336
79958,29592275.610813115
79959,29591520.97825837
79960,29590770.26940321
79961,29590023.49412274
79962,29589280.64524889
